family	posterior	model_sd	tree_sd	share_of_clade_tips_today	description
HMGL-like	1.0000	0.0000	0.0000	1.0000	HMGL-like
MMM1	1.0000	0.0000	0.0022	1.0000	Maintenance of mitochondrial morphology protein 1
WH2	1.0000	0.0000	0.0022	1.0000	WH2 motif
FMN_red	1.0000	0.0000	0.0022	1.0000	NADPH-dependent FMN reductase
N_BRCA1_IG	1.0000	0.0000	0.0022	1.0000	Ig-like domain from next to BRCA1 gene
Ribonuc_L-PSP	1.0000	0.0000	0.0022	1.0000	Endoribonuclease L-PSP
Ras	0.9999	0.0000	0.0000	1.0000	Ras family
Ribosomal_60s	0.9999	0.0000	0.0000	1.0000	60s Acidic ribosomal protein
Lyase_1	0.9999	0.0000	0.0000	1.0000	Lyase
MMR_HSR1	0.9999	0.0000	0.0000	1.0000	50S ribosome-binding GTPase
Ribosomal_L6e	0.9999	0.0000	0.0000	1.0000	Ribosomal protein L6e
Ribosomal_L7Ae	0.9999	0.0000	0.0000	1.0000	Ribosomal protein L7Ae/L30e/S12e/Gadd45 family
ADH_zinc_N	0.9999	0.0000	0.0000	1.0000	Zinc-binding dehydrogenase
Ribosomal_L10	0.9999	0.0000	0.0000	1.0000	Ribosomal protein L10
Ribosomal_L5_C	0.9999	0.0000	0.0000	1.0000	ribosomal L5P family C-terminus
zf-RING_UBOX	0.9999	0.0000	0.0000	1.0000	RING-type zinc-finger
NUDIX	0.9999	0.0000	0.0000	1.0000	NUDIX domain
TrmO_N	0.9999	0.0000	0.0000	1.0000	tRNA-methyltransferase O N-terminal domain
RRM_1	0.9999	0.0000	0.0000	1.0000	RNA recognition motif
RabGAP-TBC	0.9999	0.0000	0.0000	1.0000	Rab-GTPase-TBC domain
Ribosomal_S5	0.9999	0.0000	0.0000	1.0000	Ribosomal protein S5, N-terminal domain
Ribosomal_S4e	0.9999	0.0000	0.0000	1.0000	Ribosomal family S4e
Transket_pyr	0.9999	0.0000	0.0000	1.0000	Transketolase, pyrimidine binding domain
Ribosomal_S4	0.9999	0.0000	0.0000	1.0000	Ribosomal protein S4/S9 N-terminal domain
PALP	0.9999	0.0000	0.0000	1.0000	Pyridoxal-phosphate dependent enzyme
HGTP_anticodon	0.9999	0.0000	0.0000	1.0000	Anticodon binding domain
IF-2	0.9999	0.0000	0.0000	1.0000	Translation-initiation factor 2
HD_3	0.9999	0.0000	0.0000	1.0000	HD domain
PAP2	0.9999	0.0000	0.0000	1.0000	PAP2 superfamily
ADK	0.9999	0.0000	0.0000	1.0000	Adenylate kinase
Ribosomal_S19	0.9999	0.0000	0.0000	1.0000	Ribosomal protein S19
Ribosomal_L1	0.9999	0.0000	0.0000	1.0000	Ribosomal protein L1p/L10e family
Toprim	0.9999	0.0000	0.0000	1.0000	Toprim domain
Thioredoxin	0.9999	0.0000	0.0000	1.0000	Thioredoxin
TTL	0.9999	0.0000	0.0000	1.0000	Tubulin-tyrosine ligase family
UCH	0.9999	0.0000	0.0000	1.0000	Ubiquitin carboxyl-terminal hydrolase
Ribosomal_S5_C	0.9999	0.0000	0.0000	1.0000	Ribosomal protein S5, C-terminal domain
Ribosomal_L2_C	0.9999	0.0000	0.0000	1.0000	Ribosomal Proteins L2, C-terminal domain
polyprenyl_synt	0.9999	0.0000	0.0000	1.0000	Polyprenyl synthetase
Ribosomal_L3	0.9999	0.0000	0.0000	1.0000	Ribosomal protein L3
tRNA-synt_1g	0.9999	0.0000	0.0000	1.0000	tRNA synthetases class I (M)
tRNA-synt_1c	0.9999	0.0000	0.0000	1.0000	tRNA synthetases class I (E and Q), catalytic domain
tRNA-synt_1	0.9999	0.0000	0.0000	1.0000	tRNA synthetases class I (I, L, M and V)
tRNA-synt_1b	0.9999	0.0000	0.0000	1.0000	tRNA synthetases class I (W and Y)
DnaJ	0.9999	0.0000	0.0000	1.0000	DnaJ domain
Ribosomal_S17	0.9999	0.0000	0.0000	1.0000	Ribosomal protein S17
DnaJ_CXXCXGXG	0.9999	0.0000	0.0000	1.0000	DnaJ central domain
DnaJ_C	0.9999	0.0000	0.0000	1.0000	DnaJ C terminal domain
Topoisom_bac	0.9999	0.0000	0.0000	1.0000	DNA topoisomerase
HATPase_c_3	0.9999	0.0000	0.0000	1.0000	Histidine kinase-, DNA gyrase B-, and HSP90-like ATPase
HATPase_c	0.9999	0.0000	0.0000	1.0000	Histidine kinase-, DNA gyrase B-, and HSP90-like ATPase
Ribosomal_S11	0.9999	0.0000	0.0000	1.0000	Ribosomal protein S11
Dus	0.9999	0.0000	0.0000	1.0000	Dihydrouridine synthase (Dus)
Ribosomal_S8e	0.9999	0.0000	0.0000	1.0000	Ribosomal protein S8e
S4	0.9999	0.0000	0.0000	1.0000	S4 domain
RrnaAD	0.9999	0.0000	0.0000	1.0000	Ribosomal RNA adenine dimethylase
Biotin_lipoyl	0.9999	0.0000	0.0000	1.0000	Biotin-requiring enzyme
Dynamin_N	0.9999	0.0000	0.0000	1.0000	Dynamin family
Dynamin_M	0.9999	0.0000	0.0000	1.0000	Dynamin central region
Bromodomain	0.9999	0.0000	0.0000	1.0000	Bromodomain
NIF	0.9999	0.0000	0.0000	1.0000	NLI interacting factor-like phosphatase
Helicase_C	0.9999	0.0000	0.0000	1.0000	Helicase conserved C-terminal domain
Tubulin	0.9999	0.0000	0.0000	1.0000	Tubulin/FtsZ family, GTPase domain
Ribosomal_L5	0.9999	0.0000	0.0000	1.0000	Ribosomal protein L5
GTP_EFTU	0.9999	0.0000	0.0000	1.0000	Elongation factor Tu GTP binding domain
DNA_topoisoIV	0.9999	0.0000	0.0000	1.0000	DNA gyrase/topoisomerase IV, subunit A
SNase	0.9999	0.0000	0.0000	1.0000	Staphylococcal nuclease homologue
TPR_16	0.9999	0.0000	0.0000	1.0000	Tetratricopeptide repeat
TatD_DNase	0.9999	0.0000	0.0000	1.0000	TatD related DNase
PH	0.9999	0.0000	0.0000	1.0000	PH domain
CDP-OH_P_transf	0.9999	0.0000	0.0000	1.0000	CDP-alcohol phosphatidyltransferase
TPR_8	0.9999	0.0000	0.0000	1.0000	Tetratricopeptide repeat
adh_short	0.9999	0.0000	0.0000	1.0000	short chain dehydrogenase
PP2C	0.9999	0.0000	0.0000	1.0000	Protein phosphatase 2C
ELFV_dehydrog	0.9999	0.0000	0.0000	1.0000	Glutamate/Leucine/Phenylalanine/Valine dehydrogenase
tRNA-synt_2	0.9999	0.0000	0.0000	1.0000	tRNA synthetases class II (D, K and N)
AMP-binding_C	0.9999	0.0000	0.0000	1.0000	AMP-binding enzyme C-terminal domain
AMP-binding	0.9999	0.0000	0.0000	1.0000	AMP-binding enzyme
AMP_N	0.9999	0.0000	0.0000	1.0000	Aminopeptidase P, N-terminal domain
E1-E2_ATPase	0.9999	0.0000	0.0000	1.0000	P-type ATPase actuator domain
Aminotran_5	0.9999	0.0000	0.0000	1.0000	Aminotransferase class-V
Lactamase_B_2	0.9999	0.0000	0.0000	1.0000	Beta-lactamase superfamily domain
Ldh_1_C	0.9999	0.0000	0.0000	1.0000	lactate/malate dehydrogenase, alpha/beta C-terminal domain
Ldh_1_N	0.9999	0.0000	0.0000	1.0000	lactate/malate dehydrogenase, NAD binding domain
EF-hand_7	0.9999	0.0000	0.0000	1.0000	EF-hand domain pair
EF-hand_5	0.9999	0.0000	0.0000	1.0000	EF hand
EFG_C	0.9999	0.0000	0.0000	1.0000	Elongation factor G C-terminus
EFG_III	0.9999	0.0000	0.0000	1.0000	Elongation Factor G, domain III
Anticodon_1	0.9999	0.0000	0.0000	1.0000	Anticodon-binding domain of tRNA ligase
EFG_IV	0.9999	0.0000	0.0000	1.0000	Elongation factor G, domain IV
RNB	0.9999	0.0000	0.0000	1.0000	RNB domain
Aminotran_4	0.9999	0.0000	0.0000	1.0000	Amino-transferase class IV
Ank_2	0.9999	0.0000	0.0000	1.0000	Ankyrin repeats (3 copies)
PK	0.9999	0.0000	0.0000	1.0000	Pyruvate kinase, barrel domain
TOPRIM_C	0.9999	0.0000	0.0000	1.0000	C-terminal associated domain of TOPRIM
Lactamase_B	0.9999	0.0000	0.0000	1.0000	Metallo-beta-lactamase superfamily
GTP_EFTU_D2	0.9999	0.0000	0.0000	1.0000	Elongation factor Tu domain 2
CTP_transf_1	0.9999	0.0000	0.0000	1.0000	Cytidylyltransferase family
PTH2	0.9999	0.0000	0.0000	1.0000	Peptidyl-tRNA hydrolase PTH2
RL10P_insert	0.9999	0.0000	0.0000	1.0000	Insertion domain in 60S ribosomal protein L10P
Cation_ATPase	0.9999	0.0000	0.0000	1.0000	P-type ATPase, cytoplasmic domain N
GED	0.9999	0.0000	0.0000	1.0000	Dynamin GTPase effector domain
Aminotran_1_2	0.9999	0.0000	0.0000	1.0000	Aminotransferase class I and II
DNA_gyraseB	0.9999	0.0000	0.0000	1.0000	DNA gyrase B
Methyltransf_16	0.9999	0.0000	0.0000	1.0000	Lysine methyltransferase
Methyltransf_11	0.9999	0.0000	0.0000	1.0000	Methyltransferase domain
DNA_pol_A	0.9999	0.0000	0.0000	1.0000	DNA polymerase family A
Maf	0.9999	0.0000	0.0000	1.0000	Maf-like protein
PP-binding	0.9999	0.0000	0.0000	1.0000	Phosphopantetheine attachment site
LRR_6	0.9999	0.0000	0.0000	1.0000	Leucine Rich repeat
Epimerase	0.9999	0.0000	0.0000	1.0000	NAD dependent epimerase/dehydratase family
DEAD	0.9999	0.0000	0.0000	1.0000	DEAD/DEAH box helicase
Ala_racemase_N	0.9999	0.0000	0.0000	1.0000	Alanine racemase, N-terminal domain
Peptidase_M24	0.9999	0.0000	0.0000	1.0000	Metallopeptidase family M24
TAP42	0.9999	0.0000	0.0000	1.0000	TAP42-like family
DNA_ligase_A_M	0.9999	0.0000	0.0000	1.0000	ATP dependent DNA ligase domain
Peptidase_M16	0.9999	0.0000	0.0000	1.0000	Insulinase (Peptidase family M16)
ParA	0.9999	0.0000	0.0000	1.0000	NUBPL iron-transfer P-loop NTPase
ClpB_D2-small	0.9999	0.0000	0.0000	1.0000	C-terminal, D2-small domain, of ClpB protein
Peptidase_M16_C	0.9999	0.0000	0.0000	1.0000	Peptidase M16 inactive domain
Acyltransferase	0.9999	0.0000	0.0000	1.0000	Acyltransferase
MutS_III	0.9999	0.0000	0.0000	1.0000	MutS domain III
Aldedh	0.9999	0.0000	0.0000	1.0000	Aldehyde dehydrogenase family
WD40	0.9999	0.0000	0.0000	1.0000	WD domain, G-beta repeat
TGT	0.9999	0.0000	0.0000	1.0000	Queuine tRNA-ribosyltransferase
Gtr1_RagA	0.9999	0.0000	0.0000	1.0000	Gtr1/RagA G protein conserved region
IPPT	0.9999	0.0000	0.0000	1.0000	IPP transferase
Beach	0.9999	0.0000	0.0000	1.0000	Beige/BEACH domain
UVB_sens_prot	0.9999	0.0000	0.0000	1.0000	Vitamin B6 photo-protection and homoeostasis domain
HSP20	0.9999	0.0000	0.0000	1.0000	Hsp20/alpha crystallin family
HSP70	0.9999	0.0000	0.0000	1.0000	Hsp70 protein
HSP90	0.9999	0.0000	0.0000	1.0000	Hsp90 protein
AAA_lid_9	0.9999	0.0000	0.0000	1.0000	AAA lid domain
HhH-GPD	0.9999	0.0000	0.0000	1.0000	HhH-GPD superfamily base excision DNA repair protein
BPL_LplA_LipB	0.9999	0.0000	0.0000	1.0000	Biotin/lipoate A/B protein ligase family
Ribosomal_L4	0.9999	0.0000	0.0000	1.0000	Ribosomal protein L4/L1 family
ABC_membrane	0.9999	0.0000	0.0000	1.0000	ABC transporter transmembrane region
AAA	0.9999	0.0000	0.0000	1.0000	ATPase family associated with various cellular activities (AAA)
Ribosomal_L24e	0.9999	0.0000	0.0000	1.0000	Ribosomal protein L24e
Ribos_L4_asso_C	0.9999	0.0000	0.0000	1.0000	60S ribosomal protein L4 C-terminal domain
Ribosomal_L35Ae	0.9999	0.0000	0.0000	1.0000	Ribosomal protein L35Ae
Ribosomal_L36e	0.9999	0.0000	0.0000	1.0000	Ribosomal protein L36e
Ribosomal_L32e	0.9999	0.0000	0.0000	1.0000	Ribosomal protein L32
tRNA_anti-codon	0.9999	0.0000	0.0000	1.0000	OB-fold nucleic acid binding domain
AAA_2	0.9999	0.0000	0.0000	1.0000	AAA domain (Cdc48 subfamily)
ABC_tran	0.9999	0.0000	0.0000	1.0000	ABC transporter
zf-C3HC4_2	0.9999	0.0000	0.0000	1.0000	Zinc finger, C3HC4 type (RING finger)
LRR_1	0.9999	0.0000	0.0000	1.0000	Leucine Rich Repeat
DHHC	0.9999	0.0000	0.0000	1.0000	DHHC palmitoyltransferase
DJ-1_PfpI	0.9999	0.0000	0.0000	1.0000	DJ-1/PfpI family
RCC1	0.9999	0.0000	0.0000	1.0000	Regulator of chromosome condensation (RCC1) repeat
LRR_8	0.9999	0.0000	0.0000	1.0000	Leucine rich repeat
Cpn60_TCP1	0.9999	0.0000	0.0000	1.0000	TCP-1/cpn60 chaperonin family
Cyclin_N	0.9999	0.0000	0.0000	1.0000	Cyclin, N-terminal domain
PseudoU_synth_2	0.9999	0.0000	0.0000	1.0000	RNA pseudouridylate synthase
Exo_endo_phos	0.9999	0.0000	0.0000	1.0000	Endonuclease/Exonuclease/phosphatase family
Mito_carr	0.9999	0.0000	0.0000	1.0000	Mitochondrial carrier protein
KOW	0.9999	0.0000	0.0000	1.0000	KOW motif
LIDHydrolase	0.9999	0.0000	0.0000	1.0000	Lipid-droplet associated hydrolase
Peptidase_M3	0.9999	0.0000	0.0000	1.0000	Peptidase family M3
ADH_N	0.9999	0.0000	0.0000	1.0000	Alcohol dehydrogenase GroES-like domain
PolyA_pol	0.9999	0.0000	0.0000	1.0000	Poly A polymerase head domain
Pro_isomerase	0.9999	0.0000	0.0000	1.0000	Cyclophilin type peptidyl-prolyl cis-trans isomerase/CLD
ATP-synt_ab	0.9999	0.0000	0.0000	1.0000	ATP synthase alpha/beta family, nucleotide-binding domain
Peptidase_S9	0.9999	0.0000	0.0000	1.0000	Prolyl oligopeptidase family
Acetyltransf_1	0.9999	0.0000	0.0000	1.0000	Acetyltransferase (GNAT) family
Sod_Fe_N	0.9999	0.0000	0.0000	1.0000	Iron/manganese superoxide dismutases, alpha-hairpin domain
Sod_Fe_C	0.9999	0.0000	0.0000	1.0000	Iron/manganese superoxide dismutases, C-terminal domain
Pyr_redox_2	0.9999	0.0000	0.0000	1.0000	Pyridine nucleotide-disulphide oxidoreductase
PhoLip_ATPase_N	0.9999	0.0000	0.0000	1.0000	Phospholipid-translocating ATPase N-terminal
PfkB	0.9999	0.0000	0.0000	1.0000	pfkB family carbohydrate kinase
PhoLip_ATPase_C	0.9999	0.0000	0.0000	1.0000	Phospholipid-translocating P-type ATPase C-terminal
Pyrophosphatase	0.9999	0.0000	0.0000	1.0000	Inorganic pyrophosphatase
ATP-synt_VA_C	0.9999	0.0000	0.0000	1.0000	C-terminal domain of V and A type ATP synthase
Methyltr_RsmB-F	0.9999	0.0000	0.0000	1.0000	16S rRNA methyltransferase RsmB/F
DAO	0.9999	0.0000	0.0000	1.0000	FAD dependent oxidoreductase
tRNA-synt_2b	0.9999	0.0000	0.0000	1.0000	tRNA synthetase class II core domain (G, H, P, S and T)
Proteasome	0.9999	0.0000	0.0000	1.0000	Proteasome subunit
Aa_trans	0.9999	0.0000	0.0000	1.0000	Transmembrane amino acid transporter protein
Abhydrolase_1	0.9999	0.0000	0.0000	1.0000	alpha/beta hydrolase fold
ATP_bind_3	0.9999	0.0000	0.0000	1.0000	PP-loop domain
ATP-synt_ab_N	0.9999	0.0000	0.0000	1.0000	ATP synthase alpha/beta family, beta-barrel domain
Ribosomal_L22	0.9999	0.0000	0.0000	1.0000	Ribosomal protein L22p/L17e
Rhodanese	0.9999	0.0000	0.0000	1.0000	Rhodanese-like domain
tRNA_SAD	0.9999	0.0000	0.0000	1.0000	Threonyl and Alanyl tRNA synthetase second additional domain
Ribosomal_L27A	0.9999	0.0000	0.0000	1.0000	Ribosomal proteins 50S-L15, 50S-L18e, 60S-L27A
Ribosomal_L14	0.9999	0.0000	0.0000	1.0000	Ribosomal protein L14p/L23e
ubiquitin	0.9999	0.0000	0.0000	1.0000	Ubiquitin family
tRNA-synt_His	0.9999	0.0000	0.0000	1.0000	Histidyl-tRNA synthetase
tRNA_U5-meth_tr	0.9999	0.0000	0.0000	1.0000	tRNA (Uracil-5-)-methyltransferase
MutS_V	0.9999	0.0000	0.0000	1.0000	MutS domain V
Pkinase	0.9999	0.0000	0.0000	1.0000	Protein kinase domain
Ribosomal_L16	0.9999	0.0000	0.0000	1.0000	Ribosomal protein L16p/L10e
AAA_lid_3	0.9999	0.0000	0.0000	1.0000	AAA+ lid domain
TPK_catalytic	0.9999	0.0000	0.0026	1.0000	Thiamin pyrophosphokinase, catalytic domain
RNase_P_p30	0.9999	0.0000	0.0026	1.0000	RNase P subunit p30
RNase_P-MRP_p29	0.9999	0.0000	0.0038	0.9167	Ribonuclease P/MRP, subunit p29
Indigoidine_A	0.9997	0.0001	0.0026	0.9167	Indigoidine synthase A like protein
Alpha-amylase	0.9994	0.0001	0.0028	1.0000	Alpha amylase, catalytic domain
DIL	0.9994	0.0001	0.0028	1.0000	DIL domain
Anti-Pycsar_Apyc1	0.9994	0.0001	0.0028	1.0000	Anti-Pycsar protein Apyc1
dNK	0.9994	0.0001	0.0028	1.0000	Deoxynucleoside kinase
MutS_IV	0.9990	0.0019	0.0000	1.0000	MutS family domain IV
40S_S4_C	0.9990	0.0019	0.0000	1.0000	40S ribosomal protein S4 C-terminus
Ribosom_S12_S23	0.9990	0.0019	0.0000	1.0000	Ribosomal protein S12/S23
tRNA-synt_2d	0.9990	0.0019	0.0000	1.0000	tRNA synthetases class II core domain (F)
PARG_cat_C	0.9990	0.0003	0.0171	1.0000	Poly (ADP-ribose) glycohydrolase (PARG), Macro domain fold
PARP	0.9990	0.0003	0.0171	1.0000	Poly(ADP-ribose) polymerase catalytic domain
Peptidase_M48	0.9990	0.0020	0.0000	1.0000	Peptidase family M48
AAA_28	0.9989	0.0020	0.0000	1.0000	AAA domain
Ribosomal_L13	0.9989	0.0020	0.0000	1.0000	Ribosomal protein L13
Ribosomal_L14e	0.9989	0.0020	0.0000	1.0000	Ribosomal protein L14
Ribosomal_S15	0.9989	0.0020	0.0000	1.0000	Ribosomal protein S15
Ribosomal_S13_N	0.9989	0.0020	0.0000	1.0000	Ribosomal S13/S15 N-terminal domain
DNA_ligase_A_C	0.9989	0.0020	0.0000	1.0000	ATP dependent DNA ligase C terminal region
Ribosomal_S17_N	0.9989	0.0020	0.0000	1.0000	Ribosomal_S17 N-terminal
Ribosomal_L2_N	0.9989	0.0020	0.0000	1.0000	Ribosomal Proteins L2, RNA binding N-terminal domain
DNA_ligase_A_N	0.9989	0.0020	0.0000	1.0000	DNA ligase N terminus
Ribosomal_L15e	0.9989	0.0020	0.0000	1.0000	Ribosomal L15
Ribosomal_L18	0.9989	0.0020	0.0000	1.0000	Ribosomal protein 60S L18 and 50S L18e
Metallophos_2	0.9989	0.0020	0.0000	1.0000	Calcineurin-like phosphoesterase superfamily domain
Sel1	0.9989	0.0020	0.0000	1.0000	Sel1 repeat
PH_BEACH	0.9989	0.0020	0.0000	1.0000	PH domain associated with Beige/BEACH
Myb_DNA-binding	0.9989	0.0020	0.0000	1.0000	Myb-like DNA-binding domain
Phospholip_B	0.9989	0.0003	0.0014	1.0000	Phospholipase B
TOP6A-Spo11_Toprim	0.9989	0.0002	0.0063	0.4167	Topoisomerase 6 subunit A/Spo11, Toprim domain
Peptidase_C2	0.9989	0.0002	0.0063	0.4167	Calpain family cysteine protease
Ribosomal_L11	0.9989	0.0021	0.0000	0.9167	Ribosomal protein L11, RNA binding domain
Ribosomal_S8	0.9989	0.0021	0.0000	0.9167	Ribosomal protein S8
Ribosomal_L11_N	0.9989	0.0021	0.0000	0.9167	Ribosomal protein L11, N-terminal domain
TRM5-TYW2_MTfase	0.9989	0.0021	0.0000	0.9167	TRM5/TYW2 methyltransferase domain
PRELI	0.9988	0.0000	0.0028	1.0000	PRELI-like family
AAA_18	0.9987	0.0024	0.0001	0.9167	AAA domain
ABC2_membrane_3	0.9987	0.0024	0.0001	0.9167	ABC-2 family transporter protein
KH_2	0.9987	0.0024	0.0001	0.9167	KH domain
MutS_I	0.9987	0.0024	0.0001	0.9167	MutS domain I
DALR_1	0.9987	0.0024	0.0001	0.9167	DALR anticodon binding domain
tRNA-synt_2c	0.9987	0.0024	0.0001	0.9167	tRNA synthetases class II (A)
SpoU_methylase	0.9987	0.0024	0.0001	0.9167	SpoU rRNA Methylase family
adh_short_C2	0.9987	0.0024	0.0001	0.9167	Enoyl-(Acyl carrier protein) reductase
tRNA-synt_1d	0.9987	0.0024	0.0001	0.9167	tRNA synthetases class I (R), catalytic domain
tRNA-synt_1e	0.9987	0.0024	0.0001	0.9167	tRNA synthetases class I (C) catalytic domain
U-box	0.9987	0.0024	0.0001	0.9167	U-box domain
NDK	0.9987	0.0024	0.0001	0.9167	Nucleoside diphosphate kinase
Iso_dh	0.9987	0.0024	0.0001	0.9167	Isocitrate/isopropylmalate dehydrogenase
YchF-GTPase_C	0.9987	0.0024	0.0001	0.9167	Protein of unknown function (DUF933)
HIT	0.9987	0.0024	0.0001	0.9167	HIT domain
Ribosomal_S24e	0.9987	0.0024	0.0001	0.9167	Ribosomal protein S24e
Ribosomal_L27e	0.9986	0.0027	0.0000	0.9167	Ribosomal L27e protein family
P21-Arc	0.9984	0.0005	0.0022	1.0000	ARP2/3 complex ARPC3 (21 kDa) subunit
P34-Arc	0.9984	0.0005	0.0022	1.0000	Arp2/3 complex, 34 kD subunit p34-Arc
FumaraseC_C	0.9984	0.0000	0.0076	0.9167	Fumarase C C-terminus
Carb_kinase	0.9981	0.0036	0.0003	1.0000	NAD(P)H-hydrate dehydratase
Ribosomal_L31e	0.9981	0.0036	0.0003	1.0000	Ribosomal protein L31e
LZ3wCH	0.9978	0.0009	0.0032	0.9167	Leucine zipper with capping helix domain
SprT-like	0.9977	0.0004	0.0190	0.9167	SprT-like family
A_thal_3526	0.9977	0.0004	0.0190	0.9167	Plant protein 1589 of unknown function (A_thal_3526)
Ribonuclease_T2	0.9977	0.0004	0.0190	0.9167	Ribonuclease T2 family
Beta-prop_ELP1_2nd	0.9977	0.0005	0.0190	1.0000	ELP1 N-terminal second beta-propeller
Glyco_hydro_14	0.9976	0.0005	0.0190	0.7500	Glycosyl hydrolase family 14
BP28CT	0.9976	0.0005	0.0190	0.9167	BP28CT (NUC211) domain
DUF1765	0.9976	0.0005	0.0190	0.9167	Protein of unknown function (DUF1765)
DWNN	0.9976	0.0005	0.0195	0.9167	DWNN domain
Far-17a_AIG1	0.9976	0.0005	0.0195	0.9167	FAR-17a/AIG1-like protein
2_5_RNA_ligase2	0.9976	0.0005	0.0195	0.9167	2'-5' RNA ligase superfamily
DAD	0.9976	0.0005	0.0194	0.9167	DAD family
NOPCHAP1	0.9976	0.0005	0.0194	0.9167	NOP protein chaperone 1
TFIID-18kDa	0.9976	0.0005	0.0194	0.9167	Transcription initiation factor IID, 18kD subunit
RRN3	0.9975	0.0005	0.0189	1.0000	RNA polymerase I specific transcription initiation factor RRN3
DUF2921	0.9975	0.0005	0.0189	1.0000	Transmembrane E3 ligase/DUF2921 transmembrane domain
CYRIA-B_Rac1-bd	0.9972	0.0002	0.0205	1.0000	CYRIA/CYRIB Rac1 binding domain
CRAL_TRIO_2	0.9972	0.0002	0.0205	1.0000	Divergent CRAL/TRIO domain
Med7	0.9972	0.0002	0.0205	1.0000	MED7 protein
ASMase_C	0.9972	0.0002	0.0205	1.0000	Acid sphingomyelin phosphodiesterase C-terminal region
Ssu72	0.9972	0.0002	0.0205	1.0000	Ssu72-like protein
DHR-2_Lobe_C	0.9972	0.0002	0.0205	1.0000	DHR-2, Lobe C
EH	0.9972	0.0002	0.0205	1.0000	EH domain
ZZ_ADA2	0.9972	0.0002	0.0205	1.0000	ADA2 ZZ-type zing finger
RGS	0.9972	0.0002	0.0205	1.0000	Regulator of G protein signaling domain
TADA2A-like_3rd	0.9972	0.0002	0.0205	1.0000	Transcriptional adapter 2-alpha-like domain
TAFII28	0.9972	0.0002	0.0205	1.0000	hTAFII28-like protein conserved region
TAF8_C	0.9972	0.0002	0.0205	1.0000	Transcription factor TFIID complex subunit 8 C-term
Prp31_C	0.9972	0.0002	0.0205	1.0000	Prp31 C terminal domain
SapB_2	0.9972	0.0002	0.0205	1.0000	Saposin-like type B, region 2
SWIRM	0.9972	0.0002	0.0205	1.0000	SWIRM domain
SYF2	0.9972	0.0002	0.0205	1.0000	SYF2 splicing factor
Ribonuc_2-5A	0.9972	0.0002	0.0205	1.0000	Ribonuclease 2-5A
WH_KIN17	0.9972	0.0002	0.0205	1.0000	KIN17 WH-like domain
KTI12	0.9972	0.0002	0.0205	1.0000	Chromatin associated protein KTI12
UNC-93	0.9972	0.0002	0.0205	1.0000	Ion channel regulatory protein UNC-93
Nse4_C	0.9972	0.0002	0.0205	1.0000	Nse4 C-terminal
Rho_GDI	0.9972	0.0002	0.0205	1.0000	RHO protein GDP dissociation inhibitor
Cwf_Cwc_15	0.9972	0.0002	0.0205	1.0000	Cwf15/Cwc15 cell cycle control protein
F_actin_bund_C	0.9972	0.0002	0.0205	1.0000	F actin bundling C terminal
TPR_TAF2_C	0.9972	0.0002	0.0205	1.0000	TAF2-like, TPR repeats
SANT_DAMP1_like	0.9972	0.0002	0.0205	1.0000	SANT/Myb-like domain of DAMP1
TPR_XPO6_C	0.9972	0.0002	0.0205	1.0000	Exportin-6, C-terminal TPR repeats
Drf_GBD	0.9972	0.0002	0.0205	1.0000	Diaphanous GTPase-binding Domain
PBD	0.9972	0.0002	0.0205	1.0000	P21-Rho-binding domain
PC4	0.9972	0.0002	0.0205	1.0000	Transcriptional Coactivator p15 (PC4)
NXF_NTF2	0.9972	0.0002	0.0205	1.0000	Nuclear RNA export factor, NTF2 domain
Bromo_TP	0.9972	0.0002	0.0205	1.0000	Bromodomain associated
IRS	0.9972	0.0002	0.0205	1.0000	PTB domain (IRS-1 type)
IQGAP_C	0.9972	0.0002	0.0205	1.0000	IQGAP, C-terminal domain
IQGAP_helical	0.9972	0.0002	0.0205	1.0000	IQGAP, helical domain
C2H2-zf_KIN17	0.9972	0.0002	0.0205	1.0000	KIN17 C2H2-type zinc finger domain
GlfB_C	0.9972	0.0002	0.0205	1.0000	GlfB-like, C-terminal domain
Filamin	0.9972	0.0002	0.0205	1.0000	Filamin/ABP280 repeat
Drf_FH3	0.9972	0.0002	0.0205	1.0000	Diaphanous FH3 Domain
Glyco_hydro_15	0.9972	0.0002	0.0205	1.0000	Glycosyl hydrolases family 15
Rad52_Rad22	0.9972	0.0002	0.0205	1.0000	Rad52/22 family double-strand break repair protein
DUF92	0.9972	0.0002	0.0205	1.0000	Integral membrane protein DUF92
Rap_GAP	0.9972	0.0002	0.0205	1.0000	Rap/ran-GAP
NT-C2	0.9972	0.0002	0.0205	1.0000	N-terminal C2 in EEIG1 and EHBP1 proteins
DUF3591	0.9972	0.0002	0.0205	1.0000	Protein of unknown function (DUF3591)
Med21	0.9972	0.0002	0.0205	1.0000	Subunit 21 of Mediator complex
HEAT_GCN1	0.9972	0.0002	0.0205	1.0000	Stalled ribosome sensor GCN1-like, HEAT repeats
HHH_7	0.9972	0.0002	0.0205	1.0000	Helix-hairpin-helix motif
C1_4	0.9972	0.0002	0.0205	1.0000	TFIIH C1-like domain
OST3_OST6	0.9972	0.0002	0.0205	1.0000	OST3 / OST6 family, transporter family
VWA_4	0.9972	0.0002	0.0205	1.0000	von Willebrand factor A domain
BAR	0.9972	0.0002	0.0205	1.0000	BAR domain
RWP-RK	0.9972	0.0002	0.0205	1.0000	RWP-RK domain
Hat1_N	0.9972	0.0002	0.0205	1.0000	Histone acetyl transferase HAT1 N-terminus
Beta-prop_WDR75_2nd	0.9972	0.0002	0.0205	1.0000	WD repeat-containing protein 75 second beta-propeller
PAC2	0.9972	0.0002	0.0205	1.0000	PAC2 family
WHD_Rad26_CSB	0.9972	0.0002	0.0205	1.0000	Rad26/CSB winged helix DNA-binding domain
VHP	0.9972	0.0002	0.0205	1.0000	Villin headpiece domain
Homeobox_KN	0.9972	0.0002	0.0205	1.0000	Homeobox KN domain
KOW5_SPT5	0.9972	0.0002	0.0205	1.0000	Transcription elongation factor SPT5, fifth KOW domain
WHD_MCM8	0.9972	0.0002	0.0205	1.0000	MCM8 winged helix domain
A-sol_ELP1	0.9972	0.0002	0.0205	1.0000	ELP1 alpha-solenoid
TFIID-31kDa	0.9972	0.0002	0.0205	1.0000	Transcription initiation factor IID, 31kD subunit
SRF-TF	0.9972	0.0002	0.0205	1.0000	SRF-type transcription factor (DNA-binding and dimerisation domain)
G-alpha	0.9972	0.0002	0.0205	1.0000	G-protein alpha subunit
PRP6_TPR	0.9972	0.0002	0.0205	1.0000	PRP6, TPR-like domain
Mac	0.9968	0.0009	0.0192	1.0000	Maltose acetyltransferase hexapeptide capping motif
TFIID_20kDa	0.9968	0.0009	0.0192	1.0000	Transcription initiation factor TFIID subunit A
YhhN	0.9968	0.0009	0.0192	1.0000	YhhN family
MAGE	0.9968	0.0009	0.0192	1.0000	MAGE homology domain
dUTPase	0.9967	0.0052	0.0043	0.9167	dUTPase
POP1_N	0.9965	0.0063	0.0038	0.8333	Ribonucleases P/MRP protein subunit POP1, N-terminal
SMC_Nse1	0.9962	0.0016	0.0281	0.9167	Nse1 non-SMC component of SMC5-6 complex
dDENN	0.9962	0.0016	0.0281	0.9167	dDENN domain
GATA	0.9962	0.0016	0.0281	0.9167	GATA zinc finger
Alpha_adaptin_C	0.9962	0.0016	0.0281	0.9167	Alpha adaptin AP2, C-terminal domain
SNRNP27	0.9962	0.0016	0.0281	0.9167	U4/U6.U5 small nuclear ribonucleoproteins
TOF-1-like_helical	0.9962	0.0016	0.0281	0.9167	TOF1-like, helical domain
LIG3_BRCT	0.9962	0.0016	0.0281	0.9167	DNA ligase 3 BRCT domain
SRP14	0.9962	0.0016	0.0281	0.9167	Signal recognition particle 14kD protein
TAFII55_N	0.9962	0.0016	0.0281	0.9167	TAFII55 protein conserved region
CCDC47	0.9962	0.0016	0.0281	0.9167	PAT complex subunit CCDC47
Ig_TRAPPC9-Trs120_1st	0.9962	0.0016	0.0281	0.9167	Trs120/TRAPPC9, first Ig-like domain
DCP1	0.9962	0.0016	0.0281	0.9167	Dcp1-like decapping family
Exo84_C	0.9962	0.0016	0.0281	0.9167	Exocyst component 84 C-terminal
DCP2	0.9962	0.0016	0.0281	0.9167	Dcp2, box A domain
BORCS6	0.9962	0.0016	0.0281	0.9167	BLOC-1-related complex sub-unit 6 C-terminal helix
CwfJ_C_1	0.9962	0.0016	0.0281	0.9167	Protein similar to CwfJ C-terminal
Gpi16	0.9962	0.0016	0.0281	0.9167	Gpi16 subunit, GPI transamidase component
EFTUD2	0.9962	0.0016	0.0281	0.9167	116 kDa U5 small nuclear ribonucleoprotein component N-terminus
Med6	0.9962	0.0016	0.0281	0.9167	MED6 mediator sub complex component
E2_bind	0.9962	0.0016	0.0281	0.9167	E2 binding domain
LisH_WDR26	0.9962	0.0016	0.0281	0.9167	WDR26 Lis-homology domain
zf-C2H2_jaz	0.9949	0.0093	0.0001	1.0000	Zinc-finger double-stranded RNA-binding
Methyltransf_23	0.9943	0.0002	0.0061	0.7500	Methyltransferase domain
ETF_alpha	0.9943	0.0002	0.0061	0.7500	Electron transfer flavoprotein FAD-binding domain
E3_binding	0.9943	0.0002	0.0061	0.7500	e3 binding domain
SCO1-SenC	0.9943	0.0002	0.0061	0.7500	SCO1/SenC
ETF	0.9943	0.0002	0.0061	0.7500	Electron transfer flavoprotein domain
ETFQO_UQ-bd	0.9943	0.0002	0.0061	0.7500	ETF-QO, ubiquinone-binding
Carboxyl_trans	0.9943	0.0002	0.0061	0.7500	Carboxyl transferase domain
NADH_4Fe-4S	0.9943	0.0002	0.0061	0.7500	NADH-ubiquinone oxidoreductase-F iron-sulfur binding region
NAD_binding_11	0.9943	0.0002	0.0061	0.7500	NAD-binding of NADP-dependent 3-hydroxyisobutyrate dehydrogenase
NAD_binding_2	0.9943	0.0002	0.0061	0.7500	NAD binding domain of 6-phosphogluconate dehydrogenase
THF_DHG_CYH	0.9943	0.0002	0.0061	0.7500	Tetrahydrofolate dehydrogenase/cyclohydrolase, catalytic domain
GCV_T_C	0.9943	0.0002	0.0061	0.7500	Glycine cleavage T-protein C-terminal barrel domain
GDC-P	0.9943	0.0002	0.0061	0.7500	Glycine cleavage system P-protein
LETM1_RBD	0.9943	0.0002	0.0061	0.7500	LETM1-like, RBD
Peptidase_M41	0.9943	0.0002	0.0061	0.7500	Peptidase family M41
Ion_trans	0.9943	0.0002	0.0061	0.7500	Ion transport protein
SLBB_2	0.9943	0.0002	0.0061	0.7500	SLBB domain
Methyltransf_28	0.9943	0.0002	0.0061	0.7500	Putative S-adenosyl-L-methionine-dependent methyltransferase
CPSase_L_D2	0.9943	0.0002	0.0061	0.7500	Carbamoyl-phosphate synthase L chain, ATP binding domain
Amidase	0.9943	0.0002	0.0061	0.7500	Amidase
PPR	0.9943	0.0002	0.0061	0.7500	PPR repeat
GCV_T	0.9943	0.0002	0.0061	0.7500	GCVT N-terminal domain
Cytochrom_C1	0.9943	0.0002	0.0061	0.7500	Cytochrome C1 family
SQS_PSY	0.9943	0.0002	0.0061	0.7500	Squalene/phytoene synthase
Pterin_4a	0.9943	0.0002	0.0061	0.7500	Pterin 4 alpha carbinolamine dehydratase
ATP-grasp_2	0.9943	0.0002	0.0061	0.7500	ATP-grasp domain
Peptidase_S9_N	0.9943	0.0002	0.0061	0.7500	Prolyl oligopeptidase, N-terminal beta-propeller domain
Complex1_LYR	0.9943	0.0002	0.0061	0.7500	Complex 1 protein (LYR family)
Aconitase	0.9943	0.0002	0.0061	0.7500	Aconitase family (aconitate hydratase)
Aconitase_C	0.9943	0.0002	0.0061	0.7500	Aconitase C-terminal domain
Abhydrolase_6	0.9943	0.0002	0.0061	0.7500	Alpha/beta hydrolase family
ATP12	0.9943	0.0002	0.0061	0.7500	ATP12 chaperone protein
ATP11	0.9943	0.0002	0.0061	0.7500	ATP11 protein
Pro_dh	0.9943	0.0002	0.0061	0.7500	Proline dehydrogenase
ABC1	0.9943	0.0002	0.0061	0.7500	ABC1 atypical kinase-like domain
UbiA	0.9943	0.0002	0.0061	0.7500	UbiA prenyltransferase family
2-oxoacid_dh	0.9943	0.0002	0.0061	0.7500	2-oxoacid dehydrogenases acyltransferase (catalytic domain)
2-oxogl_dehyd_N	0.9943	0.0002	0.0061	0.7500	2-oxoglutarate dehydrogenase N-terminus
Ribosomal_L21p	0.9943	0.0002	0.0061	0.7500	Ribosomal prokaryotic L21 protein
Ribosomal_L9_N	0.9943	0.0002	0.0061	0.7500	Ribosomal protein L9, N-terminal domain
MCD	0.9943	0.0002	0.0061	0.7500	Malonyl-CoA decarboxylase C-terminal domain
Band_7	0.9943	0.0002	0.0061	0.7500	SPFH domain / Band 7 family
Pyr_redox_dim	0.9943	0.0002	0.0061	0.7500	Pyridine nucleotide-disulphide oxidoreductase, dimerisation domain
FAD-oxidase_C	0.9943	0.0002	0.0061	0.7500	FAD linked oxidases, C-terminal domain
FAD_binding_3	0.9943	0.0002	0.0061	0.7500	FAD binding domain
FAD_binding_4	0.9943	0.0002	0.0061	0.7500	FAD binding domain
Complex1_51K	0.9943	0.0002	0.0061	0.7500	Nuo51 FMN-binding domain
FAD_binding_2	0.9943	0.0002	0.0061	0.7500	FAD binding domain
GMC_oxred_N	0.9943	0.0002	0.0061	0.7500	GMC oxidoreductase
GMC_oxred_C	0.9943	0.0002	0.0061	0.7500	GMC oxidoreductase
RF-1	0.9943	0.0002	0.0061	0.7500	RF-1 domain
Pep_deformylase	0.9943	0.0002	0.0061	0.7500	Polypeptide deformylase
Fer2	0.9943	0.0002	0.0061	0.7500	2Fe-2S iron-sulfur cluster binding domain
KH_dom-like	0.9943	0.0002	0.0061	0.7500	KH-domain-like of EngA bacterial GTPase enzymes, C-terminal
Guanylate_cyc	0.9943	0.0002	0.0061	0.7500	Adenylate and Guanylate cyclase catalytic domain
ECH_1	0.9943	0.0002	0.0061	0.7500	Enoyl-CoA hydratase/isomerase
PK_C	0.9943	0.0002	0.0061	0.7500	Pyruvate kinase, alpha/beta domain
PPR_3	0.9943	0.0002	0.0061	0.7500	Pentatricopeptide repeat domain
3HCDH_N	0.9943	0.0002	0.0061	0.7500	3-hydroxyacyl-CoA dehydrogenase, NAD binding domain
Ligase_CoA	0.9943	0.0002	0.0061	0.7500	CoA-ligase
RNase_T	0.9943	0.0002	0.0061	0.7500	Exonuclease
LepA_C	0.9943	0.0002	0.0061	0.7500	GTP-binding protein LepA C-terminus
HAGH_C	0.9943	0.0002	0.0061	0.7500	Hydroxyacylglutathione hydrolase C-terminus
Thiolase_N	0.9943	0.0002	0.0061	0.7500	Thiolase, N-terminal domain
Rieske	0.9943	0.0002	0.0061	0.7500	Rieske [2Fe-2S] domain
MRP-L47	0.9943	0.0002	0.0061	0.7500	Mitochondrial 39-S ribosomal protein L47 (MRP-L47)
Biotin_carb_C	0.9943	0.0002	0.0061	0.7500	Biotin carboxylase C-terminal domain
PCRF	0.9943	0.0002	0.0061	0.7500	PCRF domain
Tim17	0.9943	0.0002	0.0061	0.7500	Tim17/Tim22/Tim23/Pmp24 family
Biotin_carb_N	0.9943	0.0002	0.0061	0.7500	Biotin carboxylase, N-terminal domain
IQ	0.9943	0.0002	0.0061	0.7500	IQ calmodulin-binding motif
THF_DHG_CYH_C	0.9943	0.0002	0.0061	0.7500	Tetrahydrofolate dehydrogenase/cyclohydrolase, NAD(P)-binding domain
AOX	0.9943	0.0002	0.0061	0.7500	Alternative oxidase
E1_dh	0.9943	0.0002	0.0061	0.7500	Dehydrogenase E1 component
Glutaredoxin	0.9943	0.0002	0.0061	0.7500	Glutaredoxin
NDH2_C	0.9943	0.0002	0.0061	0.7500	NDH2 C-terminal domain
PS_Dcarbxylase	0.9943	0.0002	0.0061	0.7500	Phosphatidylserine decarboxylase
GTP1_OBG	0.9943	0.0002	0.0061	0.7500	GTP1/OBG
ECH_2	0.9943	0.0002	0.0061	0.7500	Enoyl-CoA hydratase/isomerase
OxoGdeHyase_C	0.9943	0.0002	0.0061	0.7500	2-oxoglutarate dehydrogenase C-terminal
HMG-CoA_red	0.9943	0.0002	0.0061	0.7500	Hydroxymethylglutaryl-coenzyme A reductase
Oxidored_FMN	0.9943	0.0002	0.0061	0.7500	NADH:flavin oxidoreductase / NADH oxidase family
Transketolase_C	0.9943	0.0002	0.0061	0.7500	Transketolase, C-terminal domain
ketoacyl-synt	0.9943	0.0002	0.0061	0.7500	Beta-ketoacyl synthase, N-terminal domain
ADK_lid	0.9943	0.0002	0.0061	0.7500	Adenylate kinase, active site lid
AFG1_ATPase	0.9943	0.0002	0.0061	0.7500	AFG1-like ATPase
LplA-B_cat	0.9943	0.0002	0.0061	0.7500	Lipoyl protein ligase A/B catalytic domain
LysM	0.9943	0.0002	0.0061	0.7500	LysM domain
2Fe-2S_thioredx	0.9943	0.0002	0.0061	0.7500	Thioredoxin-like [2Fe-2S] ferredoxin
3HCDH	0.9943	0.0002	0.0061	0.7500	3-hydroxyacyl-CoA dehydrogenase, C-terminal domain
60KD_IMP	0.9943	0.0002	0.0061	0.7500	60Kd inner membrane protein
4HBT	0.9943	0.0002	0.0061	0.7500	Thioesterase superfamily
Rogdi_lz	0.9938	0.0081	0.0441	0.7500	Rogdi leucine zipper containing protein
SMC_hinge	0.9937	0.0113	0.0011	1.0000	SMC proteins Flexible Hinge Domain
ERAP1_C	0.9937	0.0113	0.0011	1.0000	ERAP1-like C-terminal domain
RNA_pol_Rpb2_4	0.9937	0.0113	0.0011	1.0000	RNA polymerase Rpb2, domain 4
RNA_pol_Rpb2_5	0.9937	0.0113	0.0011	1.0000	RNA polymerase Rpb2, domain 5
RNA_pol_Rpb2_6	0.9937	0.0113	0.0011	1.0000	RNA polymerase Rpb2, domain 6
RNA_pol_Rpb2_7	0.9937	0.0113	0.0011	1.0000	RNA polymerase Rpb2, domain 7
RNA_pol_Rpb5_C	0.9937	0.0113	0.0011	1.0000	RNA polymerase Rpb5, C-terminal domain
RNA_pol_Rpb5_N	0.9937	0.0113	0.0011	1.0000	RNA polymerase Rpb5, N-terminal domain
SMC_N	0.9937	0.0113	0.0011	1.0000	RecF/RecN/SMC N terminal domain
EMP24_GP25L	0.9937	0.0113	0.0011	1.0000	emp24/gp25L/p24 family/GOLD
SH2_2	0.9937	0.0113	0.0011	1.0000	SH2 domain
DSPc	0.9937	0.0113	0.0011	1.0000	Dual specificity phosphatase, catalytic domain
CPSF_A	0.9937	0.0113	0.0011	1.0000	CPSF A subunit region
WHD_HA2	0.9937	0.0113	0.0011	1.0000	Helicase associated domain (HA2), winged-helix
Amidohydro_1	0.9937	0.0113	0.0011	1.0000	Amidohydrolase family
NAD_binding_4	0.9937	0.0113	0.0011	1.0000	Male sterility protein
Inositol_P	0.9937	0.0113	0.0011	1.0000	Inositol monophosphatase family
Myosin_head	0.9937	0.0113	0.0011	1.0000	Myosin head (motor domain)
SNF2-rel_dom	0.9937	0.0113	0.0011	1.0000	SNF2-related domain
ERGIC_N	0.9937	0.0113	0.0011	1.0000	Endoplasmic Reticulum-Golgi Intermediate Compartment (ERGIC)
ERCC4	0.9937	0.0113	0.0011	1.0000	ERCC4 domain
RNA_pol_L	0.9937	0.0113	0.0011	1.0000	RNA polymerase Rpb3/Rpb11 dimerisation domain
RNA_pol_A_bac	0.9937	0.0113	0.0011	1.0000	RNA polymerase Rpb3/RpoA insert domain
CPSF100_C	0.9937	0.0113	0.0011	1.0000	Cleavage and polyadenylation factor 2 C-terminal
GHMP_kinases_N	0.9937	0.0113	0.0011	1.0000	GHMP kinases N terminal domain
GHMP_kinases_C	0.9937	0.0113	0.0011	1.0000	GHMP kinases C terminal
GDPD	0.9937	0.0113	0.0011	1.0000	Glycerophosphoryl diester phosphodiesterase family
PUF	0.9937	0.0113	0.0011	1.0000	Pumilio-family RNA binding repeat
PUA	0.9937	0.0113	0.0011	1.0000	PUA domain
PTPLA	0.9937	0.0113	0.0011	1.0000	Protein tyrosine phosphatase-like protein, PTPLA
CTP_transf_like	0.9937	0.0113	0.0011	1.0000	Cytidylyltransferase-like
CS	0.9937	0.0113	0.0011	1.0000	CS domain
PX	0.9937	0.0113	0.0011	1.0000	PX domain
ATP-synt_C	0.9937	0.0113	0.0011	1.0000	ATP synthase subunit C
Synaptobrevin	0.9937	0.0113	0.0011	1.0000	Synaptobrevin
Cation_efflux	0.9937	0.0113	0.0011	1.0000	Cation efflux transmembrane domain
Choline_kinase	0.9937	0.0113	0.0011	1.0000	Choline/ethanolamine kinase
Y_phosphatase	0.9937	0.0113	0.0011	1.0000	Protein-tyrosine phosphatase
Yip1	0.9937	0.0113	0.0011	1.0000	Yip1 domain
YjeF_N	0.9937	0.0113	0.0011	1.0000	YjeF-related protein N-terminus
ATP-synt_F	0.9937	0.0113	0.0011	1.0000	ATP synthase (F/14-kDa) subunit
ATG8	0.9937	0.0113	0.0011	1.0000	Autophagy protein Atg8 ubiquitin like
Syja_N	0.9937	0.0113	0.0011	1.0000	SacI homology domain
LRR_4	0.9937	0.0113	0.0011	1.0000	Leucine Rich repeats (2 copies)
LSM	0.9937	0.0113	0.0011	1.0000	LSM domain
LIM	0.9937	0.0113	0.0011	1.0000	LIM domain
LMBR1	0.9937	0.0113	0.0011	1.0000	LMBR1-like membrane protein
RIO1	0.9937	0.0113	0.0011	1.0000	RIO domain
RMI1_N_C	0.9937	0.0113	0.0011	1.0000	RMI1, N-terminal OB-fold domain
RMMBL	0.9937	0.0113	0.0011	1.0000	Zn-dependent metallo-hydrolase RNA specificity domain
PRP38	0.9937	0.0113	0.0011	1.0000	PRP38 family
GCP_N_terminal	0.9937	0.0113	0.0011	1.0000	Gamma tubulin complex component N-terminal
Choline_transpo	0.9937	0.0113	0.0011	1.0000	Plasma-membrane choline transporter
Peptidase_M1	0.9937	0.0113	0.0011	1.0000	Peptidase family M1 domain
Peptidase_C97	0.9937	0.0113	0.0011	1.0000	PPPDE putative peptidase domain
TGS	0.9937	0.0113	0.0011	1.0000	TGS domain
Calpain_III	0.9937	0.0113	0.0011	1.0000	Calpain large subunit, domain III
TBP	0.9937	0.0113	0.0011	1.0000	Transcription factor TFIID (or TATA-binding protein, TBP)
Cation_ATPase_N	0.9937	0.0113	0.0011	1.0000	Cation transporter/ATPase, N-terminus
Cation_ATPase_C	0.9937	0.0113	0.0011	1.0000	Cation transporting ATPase, C-terminus
Sybindin	0.9937	0.0113	0.0011	1.0000	Sybindin-like family
Surp	0.9937	0.0113	0.0011	1.0000	Surp module
Inhibitor_I29	0.9937	0.0113	0.0011	1.0000	Cathepsin propeptide inhibitor domain (I29)
Importin_rep_4	0.9937	0.0113	0.0011	1.0000	Importin repeat
NAC	0.9937	0.0113	0.0011	1.0000	NAC domain
Myotub-related	0.9937	0.0113	0.0011	1.0000	Myotubularin-like phosphatase domain
ArfGap	0.9937	0.0113	0.0011	1.0000	Putative GTPase activating protein for Arf
RPN1_RPN2_N	0.9937	0.0113	0.0011	1.0000	RPN1 N-terminal domain
DUF2009	0.9937	0.0113	0.0011	1.0000	Non-canonical E2 ubiquitin-conjugating enzyme, DUF2009 family
PNP_UDP_1	0.9937	0.0113	0.0011	1.0000	Phosphorylase superfamily
Vps26	0.9937	0.0113	0.0011	1.0000	Vacuolar protein sorting-associated protein 26
Vps35	0.9937	0.0113	0.0011	1.0000	Vacuolar protein sorting-associated protein 35
Vps4_C	0.9937	0.0113	0.0011	1.0000	Vps4 C terminal oligomerisation domain
Vta1	0.9937	0.0113	0.0011	1.0000	Vta1 like
Arf	0.9937	0.0113	0.0011	1.0000	ADP-ribosylation factor family
RPN1_C	0.9937	0.0113	0.0011	1.0000	26S proteasome non-ATPase regulatory subunit RPN1 C-terminal
Voltage_CLC	0.9937	0.0113	0.0011	1.0000	Voltage gated chloride channel
NAP	0.9937	0.0113	0.0011	1.0000	Nucleosome assembly protein (NAP)
NFACT-R_1	0.9937	0.0113	0.0011	1.0000	NFACT protein RNA binding domain
Ank	0.9937	0.0113	0.0011	1.0000	Ankyrin repeat
Ank_4	0.9937	0.0113	0.0011	1.0000	Ankyrin repeats (many copies)
NOT2_3_5_C	0.9937	0.0113	0.0011	1.0000	NOT2/NOT3/NOT5 C-terminal
GRAM	0.9937	0.0113	0.0011	1.0000	GRAM domain
SIR2	0.9937	0.0113	0.0011	1.0000	Sir2 family
EIF_2_alpha	0.9937	0.0113	0.0011	1.0000	Eukaryotic translation initiation factor 2 alpha subunit
EMC3_TMCO1	0.9937	0.0113	0.0011	1.0000	Integral membrane protein EMC3/TMCO1-like
EMC1_C	0.9937	0.0113	0.0011	1.0000	ER membrane protein complex subunit 1, second beta-propeller
DTW	0.9937	0.0113	0.0011	1.0000	DTW domain
SHQ1	0.9937	0.0113	0.0011	1.0000	SHQ1 protein, Shq1 domain
Glyco_hydro_31_2nd	0.9937	0.0113	0.0011	1.0000	Glycosyl hydrolases family 31 TIM-barrel domain
CLP1_P	0.9937	0.0113	0.0011	1.0000	mRNA cleavage and polyadenylation factor CLP1 P-loop
CK_II_beta	0.9937	0.0113	0.0011	1.0000	Casein kinase II regulatory subunit
TPR_1	0.9937	0.0113	0.0011	1.0000	Tetratricopeptide repeat
PRA1	0.9937	0.0113	0.0011	1.0000	PRA1 family protein
PQ-loop	0.9937	0.0113	0.0011	1.0000	PQ loop repeat
PPTA	0.9937	0.0113	0.0011	1.0000	Protein prenyltransferase alpha subunit repeat
TPR_2	0.9937	0.0113	0.0011	1.0000	Tetratricopeptide repeat
PIGA	0.9937	0.0113	0.0011	1.0000	PIGA (GPI anchor biosynthesis)
PIG-L	0.9937	0.0113	0.0011	1.0000	GlcNAc-PI de-N-acetylase
PSD13_N	0.9937	0.0113	0.0011	1.0000	PSD13 N-terminal repeats
Gelsolin	0.9937	0.0113	0.0011	1.0000	Gelsolin repeat
CN_hydrolase	0.9937	0.0113	0.0011	1.0000	Carbon-nitrogen hydrolase
GTP_EFTU_D4	0.9937	0.0113	0.0011	1.0000	Elongation factor Tu domain 4
Gal_mutarotas_2	0.9937	0.0113	0.0011	1.0000	Glycosyl hydrolase 31 N-terminal galactose mutarotase-like domain
Gar1	0.9937	0.0113	0.0011	1.0000	Gar1/Naf1 RNA binding region
COP-gamma_platf	0.9937	0.0113	0.0011	1.0000	Coatomer gamma subunit appendage platform subdomain
COPIIcoated_ERV	0.9937	0.0113	0.0011	1.0000	Endoplasmic reticulum vesicle transporter
PRP8_domainIV	0.9937	0.0113	0.0011	1.0000	PRP8 domain IV core
PSS	0.9937	0.0113	0.0011	1.0000	Phosphatidyl serine synthase
PSMD12-CSN4_N	0.9937	0.0113	0.0011	1.0000	PSMD12/CSN4, N-terminal
PSME4_C	0.9937	0.0113	0.0011	1.0000	Proteasome activator complex subunit 4-like, C-terminal
TIP49	0.9937	0.0113	0.0011	1.0000	TIP49 P-loop domain
PRMT_C	0.9937	0.0113	0.0011	1.0000	Arginine methyltransferase oligomerization subdomain
PRO8NT	0.9937	0.0113	0.0011	1.0000	PRO8NT (NUC069), PrP8 N-terminal domain
PROCN	0.9937	0.0113	0.0011	1.0000	PROCN (NUC071) domain
PROCT	0.9937	0.0113	0.0011	1.0000	PROCT (NUC072) domain
Patatin	0.9937	0.0113	0.0011	1.0000	Patatin-like phospholipase
GTP-eEF1A_C	0.9937	0.0113	0.0011	1.0000	GTP-eEF1A C-terminal domain-like
SET	0.9937	0.0113	0.0011	1.0000	SET domain
SEP	0.9937	0.0113	0.0011	1.0000	SEP domain
Zn_ribbon_ZPR1	0.9937	0.0113	0.0011	1.0000	ZPR1 zinc-finger domain
Zn_ribbon_TFIIS	0.9937	0.0113	0.0011	1.0000	Transcription factor S-II (TFIIS)
ASF1_hist_chap	0.9937	0.0113	0.0011	1.0000	ASF1 like histone chaperone
1-cysPrx_C	0.9937	0.0113	0.0011	1.0000	C-terminal domain of 1-Cys peroxiredoxin
dCMP_cyt_deam_1	0.9937	0.0113	0.0011	1.0000	Cytidine and deoxycytidylate deaminase zinc-binding region
Methyltransf_4	0.9937	0.0113	0.0011	1.0000	Putative methyltransferase
Methyltransf_31	0.9937	0.0113	0.0011	1.0000	Methyltransferase domain
Zip	0.9937	0.0113	0.0011	1.0000	ZIP Zinc transporter
DNA_primase_S	0.9937	0.0113	0.0011	1.0000	DNA primase small subunit
DNA_pol_B_exo1	0.9937	0.0113	0.0011	1.0000	DNA polymerase family B, exonuclease domain
DNA_pol_B	0.9937	0.0113	0.0011	1.0000	DNA polymerase family B
SIS	0.9937	0.0113	0.0011	1.0000	SIS domain
PseudoU_synth_1	0.9937	0.0113	0.0011	1.0000	tRNA pseudouridine synthase
Cyclin_C	0.9937	0.0113	0.0011	1.0000	Cyclin, C-terminal domain
Cys_Met_Meta_PP	0.9937	0.0113	0.0011	1.0000	Cys/Met metabolism PLP-dependent enzyme
Pus10_C	0.9937	0.0113	0.0011	1.0000	Pus10, C-terminal
DEAD_2	0.9937	0.0113	0.0011	1.0000	DEAD_2
DENN	0.9937	0.0113	0.0011	1.0000	DENN (AEX-3) domain
DER1	0.9937	0.0113	0.0011	1.0000	Der1-like family
SPRY	0.9937	0.0113	0.0011	1.0000	SPRY domain
SPT16	0.9937	0.0113	0.0011	1.0000	FACT complex subunit (SPT16/CDC68)
Pyridoxal_deC	0.9937	0.0113	0.0011	1.0000	Pyridoxal-dependent decarboxylase conserved domain
Profilin	0.9937	0.0113	0.0011	1.0000	Profilin
Prot_ATP_ID_OB_C	0.9937	0.0113	0.0011	1.0000	Proteasomal ATPase OB C-terminal domain
Proteasome_A_N	0.9937	0.0113	0.0011	1.0000	Proteasome subunit A N-terminal signature
FAT	0.9937	0.0113	0.0011	1.0000	FAT domain
FATC	0.9937	0.0113	0.0011	1.0000	FATC domain
Pribosyltran_N	0.9937	0.0113	0.0011	1.0000	N-terminal domain of ribose phosphate pyrophosphokinase
XPC-binding	0.9937	0.0113	0.0011	1.0000	XPC-binding domain
XPG_I	0.9937	0.0113	0.0011	1.0000	XPG I-region
DAGK_cat	0.9937	0.0113	0.0011	1.0000	Diacylglycerol kinase catalytic domain
Prenyltrans	0.9937	0.0113	0.0011	1.0000	Prenyltransferase alpha-alpha toroid domain
Prefoldin_2	0.9937	0.0113	0.0011	1.0000	Prefoldin subunit
Prefoldin	0.9937	0.0113	0.0011	1.0000	Prefoldin subunit
START	0.9937	0.0113	0.0011	1.0000	START domain
Ku	0.9937	0.0113	0.0011	1.0000	Ku70/Ku80 beta-barrel domain
FGGY_C	0.9937	0.0113	0.0011	1.0000	FGGY family of carbohydrate kinases, C-terminal domain
Sec23_trunk	0.9937	0.0113	0.0011	1.0000	Sec23/Sec24 trunk domain
Sec23_helical	0.9937	0.0113	0.0011	1.0000	Sec23/Sec24 helical domain
Sec23_BS	0.9937	0.0113	0.0011	1.0000	Sec23/Sec24 beta-sandwich domain
Sec1	0.9937	0.0113	0.0011	1.0000	Sec1 family
FYVE	0.9937	0.0113	0.0011	1.0000	FYVE zinc finger
Phosphodiest	0.9937	0.0113	0.0011	1.0000	Type I phosphodiesterase / nucleotide pyrophosphatase
Seryl_tRNA_N	0.9937	0.0113	0.0011	1.0000	Seryl-tRNA synthetase N-terminal domain
Serinc	0.9937	0.0113	0.0011	1.0000	Serine incorporator (Serinc)
MCM_N	0.9937	0.0113	0.0011	1.0000	MCM N-terminal domain
Hist_deacetyl	0.9937	0.0113	0.0011	1.0000	Histone deacetylase domain
Histone	0.9937	0.0113	0.0011	1.0000	Core histone H2A/H2B/H3/H4 domain
Histone_H2A_C	0.9937	0.0113	0.0011	1.0000	C-terminus of histone H2A
ResIII	0.9937	0.0113	0.0011	1.0000	Type III restriction enzyme, res subunit
tRNA_synthFbeta	0.9937	0.0113	0.0011	1.0000	Phenylalanyl tRNA synthetase beta chain CLM domain
MIF4G	0.9937	0.0113	0.0011	1.0000	MIF4G domain
MIP	0.9937	0.0113	0.0011	1.0000	Major intrinsic protein
MCM	0.9937	0.0113	0.0011	1.0000	MCM P-loop domain
VASt	0.9937	0.0113	0.0011	1.0000	VAD1 Analog of StAR-related lipid transfer domain
MCM_OB	0.9937	0.0113	0.0011	1.0000	MCM OB domain
MCM_lid	0.9937	0.0113	0.0011	1.0000	MCM AAA-lid domain
MFS_1	0.9937	0.0113	0.0011	1.0000	Major Facilitator Superfamily
zf-rbx1	0.9937	0.0113	0.0011	1.0000	RING-H2 zinc finger domain
zf-RING_2	0.9937	0.0113	0.0011	1.0000	Ring finger domain
14-3-3	0.9937	0.0113	0.0011	1.0000	14-3-3 protein
zf-Sec23_Sec24	0.9937	0.0113	0.0011	1.0000	Sec23/Sec24 zinc finger
Cullin_Nedd8	0.9937	0.0113	0.0011	1.0000	Cullin protein neddylation domain
IBN_N	0.9937	0.0113	0.0011	1.0000	Importin-beta N-terminal domain
Hydrolase_4	0.9937	0.0113	0.0011	1.0000	Serine aminopeptidase, S33
Hydrolase	0.9937	0.0113	0.0011	1.0000	haloacid dehalogenase-like hydrolase
Hus1	0.9937	0.0113	0.0011	1.0000	Hus1-like protein
HlyIII	0.9937	0.0113	0.0011	1.0000	Haemolysin-III related
Nas2_N	0.9937	0.0113	0.0011	1.0000	Nas2 N_terminal domain
Na_H_Exchanger	0.9937	0.0113	0.0011	1.0000	Sodium/hydrogen exchanger, transmembrane
BOP1NT	0.9937	0.0113	0.0011	1.0000	BOP1NT (NUC169) domain
BING4CT	0.9937	0.0113	0.0011	1.0000	BING4CT (NUC141) domain
AAA_12	0.9937	0.0113	0.0011	1.0000	AAA domain
AAA_11	0.9937	0.0113	0.0011	1.0000	AAA domain
zf-met	0.9937	0.0113	0.0011	1.0000	Zinc-finger of C2H2 type
ABC2_membrane	0.9937	0.0113	0.0011	1.0000	ABC-2 type transporter
AA_permease_2	0.9937	0.0113	0.0011	1.0000	Amino acid permease
zf-UBP	0.9937	0.0113	0.0011	1.0000	Zn-finger in ubiquitin-hydrolases and other protein
Phos_pyr_kin	0.9937	0.0113	0.0011	1.0000	Phosphomethylpyrimidine kinase
AhpC-TSA	0.9937	0.0113	0.0011	1.0000	AhpC/TSA family
JAB	0.9937	0.0113	0.0011	1.0000	JAB1/Mov34/MPN/PAD-1 ubiquitin protease
Mob1_phocein	0.9937	0.0113	0.0011	1.0000	Mob1/phocein family
Mpp10	0.9937	0.0113	0.0011	1.0000	Mpp10 protein
Adap_comp_sub	0.9937	0.0113	0.0011	1.0000	Adaptor complexes medium subunit family
Ion_trans_2	0.9937	0.0113	0.0011	1.0000	Ion channel
Sec7-like_HUS	0.9937	0.0113	0.0011	1.0000	Mon2/Sec7/BIG1-like, HUS domain
PhetRS_B1	0.9937	0.0113	0.0011	1.0000	Phe-tRNA synthetase beta subunit B1 domain
Adaptin_N	0.9937	0.0113	0.0011	1.0000	Adaptin N terminal region
Sof1	0.9937	0.0113	0.0011	1.0000	Sof1-like domain
Cofilin_ADF	0.9937	0.0113	0.0011	1.0000	Cofilin/tropomyosin-type actin-binding protein
CorA	0.9937	0.0113	0.0011	1.0000	CorA-like Mg2+ transporter protein
Exo_endo_phos2	0.9937	0.0113	0.0011	1.0000	Endonuclease/Exonuclease/phosphatase family 2
SUI1	0.9937	0.0113	0.0011	1.0000	Translation initiation factor SUI1
SNAP	0.9937	0.0113	0.0011	1.0000	Soluble NSF attachment protein, SNAP
SNAPC3	0.9937	0.0113	0.0011	1.0000	snRNA-activating protein complex (SNAPc), subunit 3
SNARE	0.9937	0.0113	0.0011	1.0000	SNARE domain
Alg14	0.9937	0.0113	0.0011	1.0000	Oligosaccharide biosynthesis protein Alg14 like
Aldose_epim	0.9937	0.0113	0.0011	1.0000	Aldose 1-epimerase
Aldo_ket_red	0.9937	0.0113	0.0011	1.0000	Aldo/keto reductase family
Peptidase_M20	0.9937	0.0113	0.0011	1.0000	Peptidase family M20/M25/M40
Peptidase_M1_N	0.9937	0.0113	0.0011	1.0000	Peptidase M1 N-terminal domain
Steroid_dh	0.9937	0.0113	0.0011	1.0000	3-oxo-5-alpha-steroid 4-dehydrogenase
CoaE	0.9937	0.0113	0.0011	1.0000	Dephospho-CoA kinase
Clat_adaptor_s	0.9937	0.0113	0.0011	1.0000	Clathrin adaptor complex small chain
Flavodoxin_1	0.9937	0.0113	0.0011	1.0000	Flavodoxin
Fer4_RLI	0.9937	0.0113	0.0011	1.0000	Possible Fer4-like domain in RNase L inhibitor, RLI
Sld5	0.9937	0.0113	0.0011	1.0000	GINS complex protein helical bundle domain
Skp1_POZ	0.9937	0.0113	0.0011	1.0000	Skp1 family, tetramerisation domain
Skp1	0.9937	0.0113	0.0011	1.0000	Skp1 family, dimerisation domain
GCP_C_terminal	0.9937	0.0113	0.0011	1.0000	Gamma tubulin complex component C-terminal
Peptidase_A22B	0.9937	0.0113	0.0011	1.0000	Signal peptide peptidase
Pescadillo_N	0.9937	0.0113	0.0011	1.0000	Pescadillo N-terminus
Cullin_AB	0.9937	0.0113	0.0011	1.0000	Cullin alpha+beta domain
Cullin	0.9937	0.0113	0.0011	1.0000	Cullin alpha solenoid domain
FRB_dom	0.9937	0.0113	0.0011	1.0000	FKBP12-rapamycin binding domain
FKBP_C	0.9937	0.0113	0.0011	1.0000	FKBP-type peptidyl-prolyl cis-trans isomerase
FHA	0.9937	0.0113	0.0011	1.0000	FHA domain
FGGY_N	0.9937	0.0113	0.0011	1.0000	FGGY family of carbohydrate kinases, N-terminal domain
KH_6	0.9937	0.0113	0.0011	1.0000	KH domain
KH-I_KHDC4-BBP	0.9937	0.0113	0.0011	1.0000	KHDC4/BBP-like, KH-domain type I
YIF1	0.9937	0.0113	0.0011	1.0000	YIF1
Xpo1	0.9937	0.0113	0.0011	1.0000	Exportin 1-like protein
KOW1_SPT5	0.9937	0.0113	0.0011	1.0000	Transcription elongation factor SPT5, KOW1 domain
KH_KRR1_2nd	0.9937	0.0113	0.0011	1.0000	KRR1 small subunit processome component, second KH domain
KH_KRR1_1st	0.9937	0.0113	0.0011	1.0000	Krr1 KH1 domain
WHD_SNRNP200	0.9937	0.0113	0.0011	1.0000	Winged Helix-turn-helix domain
Actin	0.9937	0.0113	0.0011	1.0000	Actin
ZT_dimer	0.9937	0.0113	0.0011	1.0000	Cation efflux protein, cytoplasmic domain
Peptidase_M8	0.9937	0.0113	0.0011	1.0000	Leishmanolysin
Snf7	0.9937	0.0113	0.0011	1.0000	Snf7
Peptidase_C13	0.9937	0.0113	0.0011	1.0000	Peptidase C13 family
Peptidase_C12	0.9937	0.0113	0.0011	1.0000	Ubiquitin carboxyl-terminal hydrolase, family 1
Peptidase_C1	0.9937	0.0113	0.0011	1.0000	Papain family cysteine protease
Sec7	0.9937	0.0113	0.0011	1.0000	Sec7 domain
Sec63	0.9937	0.0113	0.0011	1.0000	Sec63 Brl domain
EXOC6_Sec15_N	0.9937	0.0113	0.0011	1.0000	Exocyst complex component EXOC6/Sec15, N-terminal
RNA_pol_L_2	0.9937	0.0113	0.0011	1.0000	RNA polymerase Rpb3/Rpb11 dimerisation domain
SRP54	0.9937	0.0113	0.0011	1.0000	SRP54-type protein, GTPase domain
RIBIOP_C	0.9937	0.0113	0.0011	1.0000	40S ribosome biogenesis protein Tsr1 and BMS1 C-terminal
RFC1	0.9937	0.0113	0.0011	1.0000	Replication factor RFC1 C terminal domain
SRPRB	0.9937	0.0113	0.0011	1.0000	Signal recognition particle receptor beta subunit
SRP68	0.9937	0.0113	0.0011	1.0000	RNA-binding signal recognition particle 68
SRP54_N	0.9937	0.0113	0.0011	1.0000	SRP54-type protein, helical bundle domain
HD	0.9937	0.0113	0.0011	1.0000	HD domain
HEAT_2	0.9937	0.0113	0.0011	1.0000	HEAT repeats
RRM_4	0.9937	0.0113	0.0011	1.0000	RNA recognition motif of the spliceosomal PrP8
Radical_SAM	0.9937	0.0113	0.0011	1.0000	Radical SAM superfamily
Glyco_tran_28_C	0.9937	0.0113	0.0011	1.0000	Glycosyltransferase family 28 C-terminal domain
Lectin_leg-like	0.9937	0.0113	0.0011	1.0000	Legume-like lectin family
Mannosyl_trans2	0.9937	0.0113	0.0011	1.0000	Mannosyltransferase (PIG-V)
Lipase_3	0.9937	0.0113	0.0011	1.0000	Lipase (class 3)
tRNA-synt_1c_C2	0.9937	0.0113	0.0011	1.0000	tRNA synthetases class I (E and Q), anti-codon binding domain
tRNA-synt_1c_C	0.9937	0.0113	0.0011	1.0000	tRNA synthetases class I (E and Q), anti-codon binding domain
RRP40_S1	0.9937	0.0113	0.0011	1.0000	Exosome complex component RRP40, S1 domain
RRP36	0.9937	0.0113	0.0011	1.0000	rRNA biogenesis protein RRP36
RRM_ESF1	0.9937	0.0113	0.0011	1.0000	ESF1 RRM domain
Ribul_P_3_epim	0.9937	0.0113	0.0011	1.0000	Ribulose-phosphate 3 epimerase family
RNase_HII	0.9937	0.0113	0.0011	1.0000	Ribonuclease HII
HEAT_ATR	0.9937	0.0113	0.0011	1.0000	Serine/threonine-protein kinase ATR-like, HEAT repeats
IF4E	0.9937	0.0113	0.0011	1.0000	Eukaryotic initiation factor 4E
IF-2B	0.9937	0.0113	0.0011	1.0000	Initiation factor 2 subunit family
ICMT	0.9937	0.0113	0.0011	1.0000	Isoprenylcysteine carboxyl methyltransferase (ICMT) family
NTP_transferase	0.9937	0.0113	0.0011	1.0000	Nucleotidyl transferase
NTF2	0.9937	0.0113	0.0011	1.0000	Nuclear transport factor 2 (NTF2) domain
B5	0.9937	0.0113	0.0011	1.0000	tRNA synthetase B5 domain
B-prop_COPA_B_2nd	0.9937	0.0113	0.0011	1.0000	COPA/B second beta-propeller
V_ATPase_I	0.9937	0.0113	0.0011	1.0000	V-type ATPase 116kDa subunit family
NUDIX_2	0.9937	0.0113	0.0011	1.0000	Nucleotide hydrolase
V-SNARE_C	0.9937	0.0113	0.0011	1.0000	Snare region anchored in the vesicle membrane C-terminus
Utp14	0.9937	0.0113	0.0011	1.0000	Utp14 protein
HMG_box	0.9937	0.0113	0.0011	1.0000	HMG (high mobility group) box
PAP_assoc	0.9937	0.0113	0.0011	1.0000	Cid1 family poly A polymerase
PAP_NTPase	0.9937	0.0113	0.0011	1.0000	Poly(A) polymerase nucleotidyltransferase domain
PCI	0.9937	0.0113	0.0011	1.0000	PCI domain
S-AdoMet_synt_N	0.9937	0.0113	0.0011	1.0000	S-adenosylmethionine synthetase, N-terminal domain
ANTH	0.9937	0.0113	0.0011	1.0000	ANTH domain
IPK	0.9937	0.0113	0.0011	1.0000	Inositol polyphosphate kinase
NMT_C	0.9937	0.0113	0.0011	1.0000	Myristoyl-CoA:protein N-myristoyltransferase, C-terminal domain
NMT	0.9937	0.0113	0.0011	1.0000	Myristoyl-CoA:protein N-myristoyltransferase, N-terminal domain
NLE	0.9937	0.0113	0.0011	1.0000	NLE (NUC135) domain
NOP5NT	0.9937	0.0113	0.0011	1.0000	NOP5NT (NUC127) domain
NOGCT	0.9937	0.0113	0.0011	1.0000	NOGCT (NUC087) domain
NOG1_N	0.9937	0.0113	0.0011	1.0000	NOG1 N-terminal helical domain
VWA_2	0.9937	0.0113	0.0011	1.0000	von Willebrand factor type A domain
VTT_dom	0.9937	0.0113	0.0011	1.0000	VTT domain
VPS9	0.9937	0.0113	0.0011	1.0000	Vacuolar sorting protein 9 (VPS9) domain
VPS28	0.9937	0.0113	0.0011	1.0000	VPS28 protein
Autophagy_act_C	0.9937	0.0113	0.0011	1.0000	Autophagocytosis associated protein, active-site domain
HECT	0.9937	0.0113	0.0011	1.0000	HECT-domain (ubiquitin-transferase)
CAF1	0.9937	0.0113	0.0011	1.0000	CAF1 family ribonuclease
TruD	0.9937	0.0113	0.0011	1.0000	tRNA pseudouridine synthase D (TruD)
CBF	0.9937	0.0113	0.0011	1.0000	CBF/Mak21 family
CAF1C_H4-bd	0.9937	0.0113	0.0011	1.0000	Histone-binding protein RBBP4 or subunit C of CAF1 complex
Got1	0.9937	0.0113	0.0011	1.0000	Got1/Sft2-like family
PHF5	0.9937	0.0113	0.0011	1.0000	PHF5-like protein
UBA_4	0.9937	0.0113	0.0011	1.0000	UBA-like domain
UBA	0.9937	0.0113	0.0011	1.0000	UBA/TS-N domain
UAA	0.9937	0.0113	0.0011	1.0000	UAA transporter family
U6-snRNA_bdg	0.9937	0.0113	0.0011	1.0000	U6-snRNA interacting domain of PrP8
U5_2-snRNA_bdg	0.9937	0.0113	0.0011	1.0000	U5-snRNA binding site 2 of PrP8
Brix	0.9937	0.0113	0.0011	1.0000	Brix domain
Beta_helix	0.9937	0.0113	0.0011	1.0000	Right handed beta helix region
C2	0.9937	0.0113	0.0011	1.0000	C2 domain
Beta-prop_NOL10_N	0.9937	0.0113	0.0011	1.0000	Nucleolar protein 10-like, N-terminal domain
MOZ_SAS	0.9937	0.0113	0.0011	1.0000	MOZ/SAS family
ABC_tran_Xtn	0.9937	0.0113	0.0011	1.0000	ABC transporter
zf-UBP_var	0.9937	0.0113	0.0011	1.0000	Variant UBP zinc finger
zf-CCHC	0.9937	0.0113	0.0011	1.0000	Zinc knuckle
MLLE	0.9937	0.0113	0.0011	1.0000	MLLE domain
Kinesin	0.9937	0.0113	0.0011	1.0000	Kinesin motor domain
Kelch_KLHDC2_KLHL20_DRC7	0.9937	0.0113	0.0011	1.0000	KLHDC2/KLHL20/DRC7 Kelch-repeats domain
Metallophos	0.9937	0.0113	0.0011	1.0000	Calcineurin-like phosphoesterase
ATP_bind_1	0.9937	0.0113	0.0011	1.0000	Conserved hypothetical ATP binding protein
ATP-synt_ab_Xtn	0.9937	0.0113	0.0011	1.0000	ATPsynthase alpha/beta subunit barrel-sandwich domain
XRN_N	0.9937	0.0113	0.0011	1.0000	XRN 5'-3' exonuclease N-terminus
XRN_M	0.9937	0.0113	0.0011	1.0000	Xrn1 helical domain
XPG_N	0.9937	0.0113	0.0011	1.0000	XPG N-terminal domain
Beta-prop_RSE1_1st	0.9937	0.0113	0.0011	1.0000	RSE1/DDB1/CPSF1 first beta-propeller
zf-B_box	0.9937	0.0113	0.0011	1.0000	B-box zinc finger
UDPGP	0.9937	0.0113	0.0011	1.0000	UTP--glucose-1-phosphate uridylyltransferase
Not1	0.9937	0.0113	0.0011	1.0000	CCR4-Not complex component, Not1
Nop	0.9937	0.0113	0.0011	1.0000	snoRNA binding domain, fibrillarin
His_Phos_1	0.9937	0.0113	0.0011	1.0000	Histidine phosphatase superfamily (branch 1)
His_Phos_2	0.9937	0.0113	0.0011	1.0000	Histidine phosphatase superfamily (branch 2)
Not3	0.9937	0.0113	0.0011	1.0000	Not1 N-terminal domain, CCR4-Not complex component
UQ_con	0.9937	0.0113	0.0011	1.0000	Ubiquitin-conjugating enzyme
Ribo_biogen_C	0.9937	0.0113	0.0011	1.0000	Ribosome biogenesis protein, C-terminal
Rhomboid	0.9937	0.0113	0.0011	1.0000	Rhomboid domain
Rft-1	0.9937	0.0113	0.0011	1.0000	Rft protein
Raptor_N	0.9937	0.0113	0.0011	1.0000	Raptor N-terminal CASPase like domain
Radical_SAM_C	0.9937	0.0113	0.0011	1.0000	Radical_SAM C-terminal domain
Rep_fac_C	0.9937	0.0113	0.0011	1.0000	Replication factor C C-terminal domain
Rce1-like	0.9937	0.0113	0.0011	1.0000	Type II CAAX prenyl endopeptidase Rce1-like
mTOR_dom	0.9937	0.0113	0.0011	1.0000	Serine/threonine-protein kinase mTOR domain
Beta-prop_RSE1_2nd	0.9937	0.0113	0.0011	1.0000	RSE1/DDB1/CPSF1 second beta-propeller
PAP_central	0.9937	0.0113	0.0011	1.0000	Poly(A) polymerase central domain
Tudor-knot	0.9937	0.0113	0.0011	1.0000	RNA binding activity-knot of a chromodomain
Tubulin_C	0.9937	0.0113	0.0011	1.0000	Tubulin C-terminal domain
Beta-prop_WDR3_2nd	0.9937	0.0113	0.0011	1.0000	WDR3 second beta-propeller domain
OB_NTP_bind	0.9937	0.0113	0.0011	1.0000	Oligonucleotide/oligosaccharide-binding (OB)-fold
OB_Dis3	0.9937	0.0113	0.0011	1.0000	Dis3-like cold-shock domain 2 (CSD2)
Nucleoside_tran	0.9937	0.0113	0.0011	1.0000	Nucleoside transporter
UBX	0.9937	0.0113	0.0011	1.0000	UBX domain
UBQLN1	0.9937	0.0113	0.0011	1.0000	Ubiquilin-1-like domain
Longin	0.9937	0.0113	0.0011	1.0000	Regulated-SNARE-like domain
MMR_HSR1_Xtn	0.9937	0.0113	0.0011	1.0000	C-terminal region of MMR_HSR1 domain
MA3	0.9937	0.0113	0.0011	1.0000	MA3 domain
M20_dimer	0.9937	0.0113	0.0011	1.0000	Peptidase dimerisation domain
Mannosyl_trans	0.9937	0.0113	0.0011	1.0000	Mannosyltransferase (PIG-M)
mRNA_G-N7_MeTrfase	0.9937	0.0113	0.0011	1.0000	mRNA (guanine-N(7))-methyltransferase domain
jr-ZPR1	0.9937	0.0113	0.0011	1.0000	ZPR1 jelly-roll domain
Rad51	0.9937	0.0113	0.0011	1.0000	Rad51
RWD	0.9937	0.0113	0.0011	1.0000	RWD domain
DcpS_C	0.9937	0.0113	0.0011	1.0000	Scavenger mRNA decapping enzyme C-term binding
Beta-prop_IFT122_1st	0.9937	0.0113	0.0011	1.0000	IFT122 first beta-propeller
Beta-Casp	0.9937	0.0113	0.0011	1.0000	Beta-Casp domain
tRNA_bind	0.9937	0.0113	0.0011	1.0000	Putative tRNA binding domain
MTPAP-like_central	0.9937	0.0113	0.0011	1.0000	Poly(A) RNA polymerase, mitochondrial-like, central palm domain
vATP-synt_AC39	0.9937	0.0113	0.0011	1.0000	ATP synthase (C/AC39) subunit
Helicase_C_2	0.9937	0.0113	0.0011	1.0000	Helicase C-terminal domain
zf-CCCH	0.9937	0.0113	0.0011	1.0000	Zinc finger C-x8-C-x5-C-x3-H type (and similar)
zf-C3HC4_3	0.9937	0.0113	0.0011	1.0000	Zinc finger, C3HC4 type (RING finger)
zf-C3HC4	0.9937	0.0113	0.0011	1.0000	Zinc finger, C3HC4 type (RING finger)
TRAP_beta	0.9937	0.0113	0.0011	1.0000	Translocon-associated protein beta (TRAPB)
EF1G	0.9937	0.0113	0.0011	1.0000	Elongation factor 1 gamma, conserved domain
EF-hand_8	0.9937	0.0113	0.0011	1.0000	EF-hand domain pair
RNA_pol_Rpb2_3	0.9937	0.0113	0.0011	1.0000	RNA polymerase Rpb2, domain 3
RNA_pol_Rpb2_2	0.9937	0.0113	0.0011	1.0000	RNA polymerase Rpb2, domain 2
RNA_pol_Rpb2_1	0.9937	0.0113	0.0011	1.0000	RNA polymerase beta subunit
RNA_pol_Rpb1_5	0.9937	0.0113	0.0011	1.0000	RNA polymerase Rpb1, domain 5
RNA_pol_Rpb1_4	0.9937	0.0113	0.0011	1.0000	RNA polymerase Rpb1, domain 4
RNA_pol_Rpb1_3	0.9937	0.0113	0.0011	1.0000	RNA polymerase Rpb1, domain 3
RNA_pol_Rpb1_2	0.9937	0.0113	0.0011	1.0000	RNA polymerase Rpb1, domain 2
RNA_pol_Rpb1_1	0.9937	0.0113	0.0011	1.0000	RNA polymerase Rpb1, domain 1
CDC48_2	0.9937	0.0113	0.0011	1.0000	Cell division protein 48 (CDC48), domain 2
EF1_GNE	0.9937	0.0113	0.0011	1.0000	EF-1 guanine nucleotide exchange domain
TRAPP	0.9937	0.0113	0.0011	1.0000	Transport protein particle (TRAPP) component
HA2_C	0.9937	0.0113	0.0011	1.0000	Helicase associated domain (HA2), ratchet-like
Guanylate_kin	0.9937	0.0113	0.0011	1.0000	Guanylate kinase
ThiF	0.9937	0.0113	0.0011	1.0000	ThiF family
Glycos_transf_1	0.9937	0.0113	0.0011	1.0000	Glycosyl transferases group 1
TUDOR	0.9937	0.0113	0.0011	1.0000	Tudor domain
IU_nuc_hydro	0.9937	0.0113	0.0011	1.0000	Inosine-uridine preferring nucleoside hydrolase
Diphthamide_syn	0.9937	0.0113	0.0011	1.0000	Putative diphthamide synthesis protein
RTC	0.9937	0.0113	0.0011	1.0000	RNA 3'-terminal phosphate cyclase
Rpn13_ADRM1_Pru	0.9937	0.0113	0.0011	1.0000	Proteasome complex subunit Rpn13, Pru domain
TRAM_LAG1_CLN8	0.9937	0.0113	0.0011	1.0000	TLC domain
TRM	0.9937	0.0113	0.0011	1.0000	N2,N2-dimethylguanosine tRNA methyltransferase
PIP5K	0.9937	0.0113	0.0011	1.0000	Phosphatidylinositol-4-phosphate 5-Kinase
TPR_PSMD3_N	0.9937	0.0113	0.0011	1.0000	PSMD3-like, N-terminal TPR repeats
Glucosamine_iso	0.9937	0.0113	0.0011	1.0000	Glucosamine-6-phosphate isomerases/6-phosphogluconolactonase
TPR_IPO5	0.9937	0.0113	0.0011	1.0000	IPO5-like, TPR repeats
TPR_COPA_B	0.9937	0.0113	0.0011	1.0000	COPA/B TPR domain
PGM_PMM_I	0.9937	0.0113	0.0011	1.0000	Phosphoglucomutase/phosphomannomutase, alpha/beta/alpha domain I
PGK	0.9937	0.0113	0.0011	1.0000	Phosphoglycerate kinase
PI3_PI4_kinase	0.9937	0.0113	0.0011	1.0000	Phosphatidylinositol 3- and 4-kinase
PI3Ka	0.9937	0.0113	0.0011	1.0000	Phosphoinositide 3-kinase family, accessory domain (PIK domain)
PH_SPT16	0.9937	0.0113	0.0011	1.0000	FACT complex subunit SPT16 PH-like domain
SAC3_GANP	0.9937	0.0113	0.0011	1.0000	SAC3/GANP family
TP_methylase	0.9937	0.0113	0.0011	1.0000	Tetrapyrrole (Corrin/Porphyrin) Methylases
CDC50	0.9937	0.0113	0.0011	1.0000	LEM3 (ligand-effect modulator 3) family / CDC50 family
AMP_deaminase	0.9937	0.0113	0.0011	1.0000	AMP deaminase
eIF-6	0.9937	0.0113	0.0011	1.0000	eIF-6 family
eIF-5_eIF-2B	0.9937	0.0113	0.0011	1.0000	Domain found in IF2B/IF5
eRF1_3	0.9937	0.0113	0.0011	1.0000	eRF1 domain 3
eRF1_2	0.9937	0.0113	0.0011	1.0000	eRF1 domain 2
eIF2A	0.9937	0.0113	0.0011	1.0000	Eukaryotic translation initiation factor eIF2A
Lactamase_B_6	0.9937	0.0113	0.0011	1.0000	Metallo-beta-lactamase superfamily domain
La	0.9937	0.0113	0.0011	1.0000	La domain
RPN7	0.9937	0.0113	0.0011	1.0000	26S proteasome subunit RPN7
S-AdoMet_synt_C	0.9937	0.0113	0.0011	1.0000	S-adenosylmethionine synthetase, C-terminal domain
RNase_PH_C	0.9937	0.0113	0.0011	1.0000	3' exoribonuclease family, domain 2
RNase_PH	0.9937	0.0113	0.0011	1.0000	3' exoribonuclease family, domain 1
S-AdoMet_synt_M	0.9937	0.0113	0.0011	1.0000	S-adenosylmethionine synthetase, central domain
Rttp106-like_middle	0.9937	0.0113	0.0011	1.0000	Histone chaperone Rttp106-like, middle domain
Spindle_Spc25	0.9936	0.0084	0.0247	0.8333	Chromosome segregation protein Spc25
Tmemb_14	0.9935	0.0004	0.0095	0.7500	Transmembrane proteins 14C
ATP-synt_10	0.9932	0.0005	0.1227	0.7500	ATP10 protein
Lip_prot_lig_C	0.9932	0.0005	0.1227	0.7500	Bacterial lipoate protein ligase C-terminus
Ubiq_cyt_C_chap	0.9932	0.0005	0.1227	0.7500	Ubiquinol-cytochrome C chaperone
LON_substr_bdg	0.9932	0.0005	0.1227	0.7500	ATP-dependent protease La (LON) substrate-binding domain
Tam41_Mmp37	0.9932	0.0005	0.1227	0.7500	Phosphatidate cytidylyltransferase, mitochondrial
Pept_tRNA_hydro	0.9932	0.0005	0.1227	0.7500	Peptidyl-tRNA hydrolase
MRS2-like	0.9932	0.0005	0.1227	0.7500	Magnesium transporter MRS2-like
tRNA-synt_1_2	0.9932	0.0005	0.1227	0.7500	Leucyl-tRNA synthetase, editing domain
FDX-ACB	0.9932	0.0005	0.1227	0.7500	Ferredoxin-fold anticodon binding domain
Lon_C	0.9932	0.0005	0.1227	0.7500	Lon protease (S16) C-terminal proteolytic domain
Lon_lid	0.9932	0.0005	0.1227	0.7500	Lon protease AAA+ ATPase lid domain
GIDA	0.9932	0.0005	0.1227	0.7500	Glucose inhibited division protein A
TrmE_N	0.9932	0.0005	0.1227	0.7500	GTP-binding protein TrmE N-terminus
Ribosomal_S18	0.9932	0.0005	0.1227	0.7500	Ribosomal protein S18
NDUS4	0.9932	0.0005	0.1227	0.7500	NADH dehydrogenase ubiquinone Fe-S protein 4
Nudix_hydro	0.9932	0.0005	0.1227	0.7500	Nudix hydrolase domain
Zn_clus	0.9932	0.0005	0.1227	0.7500	Fungal Zn(2)-Cys(6) binuclear cluster domain
DUF829	0.9932	0.0005	0.1227	0.7500	Eukaryotic protein of unknown function (DUF829)
Ribosomal_L23eN	0.9932	0.0005	0.1227	0.7500	Ribosomal protein L23, N-terminal domain
Trehalose_PPase	0.9932	0.0005	0.1227	0.7500	Trehalose-phosphatase
MnmE_helical	0.9932	0.0005	0.1227	0.7500	MnmE helical domain
Glyco_transf_20	0.9932	0.0005	0.1227	0.7500	Glycosyltransferase family 20
CAP_N-CM	0.9923	0.0035	0.0187	0.9167	CAP N-terminal conserved motif
EMARD_N	0.9923	0.0035	0.0187	0.9167	EMARD, N-terminal domain
Anticodon_3	0.9921	0.0144	0.0003	0.9167	Anticodon binding domain of methionyl tRNA ligase
Med31	0.9920	0.0104	0.0245	0.9167	SOH1
RQC	0.9918	0.0109	0.0253	0.9167	RQC domain
NUC153	0.9918	0.0109	0.0253	0.9167	NUC153 domain
RasGEF	0.9912	0.0159	0.0178	1.0000	RasGEF domain
PARP_reg	0.9904	0.0169	0.0171	0.9167	Poly(ADP-ribose) polymerase, regulatory domain
WGR	0.9904	0.0169	0.0171	0.9167	WGR domain
SLU7_N	0.9903	0.0047	0.0414	0.9167	SLU7_N
U1snRNP70_N	0.9903	0.0047	0.0414	0.9167	U1 small nuclear ribonucleoprotein of 70kDa MW N terminal
MRNIP	0.9903	0.0047	0.0414	0.9167	MRN-interacting protein
Med14	0.9903	0.0047	0.0414	0.9167	Mediator complex subunit MED14
DCD	0.9903	0.0047	0.0414	0.9167	dCTP deaminase-like
Stealth_CR4	0.9903	0.0047	0.0414	0.9167	Stealth protein CR4, conserved region 4
GBP	0.9903	0.0047	0.0414	0.9167	Guanylate-binding protein, N-terminal domain
Tfb4	0.9903	0.0047	0.0414	0.9167	Transcription factor Tfb4
OST48_N	0.9903	0.0047	0.0414	0.9167	OST48, N-terminal domain
Ribophorin_I	0.9903	0.0047	0.0414	0.9167	Ribophorin I
RdRP	0.9903	0.0047	0.0414	0.9167	RNA dependent RNA polymerase
OST48_MD	0.9903	0.0047	0.0414	0.9167	OST48 middle domain
ELP3_N	0.9903	0.0047	0.0414	0.9167	ELP3 N-terminal domain
Exo70_C	0.9903	0.0047	0.0414	0.9167	Exo70 exocyst complex subunit C-terminal
VPS13_C	0.9903	0.0047	0.0414	0.9167	Intermembrane lipid transfer protein VPS13, C-terminal
Peptidase_S28	0.9902	0.0008	0.0051	1.0000	Serine carboxypeptidase S28
UPF0004	0.9900	0.0176	0.0020	0.9167	Uncharacterized protein family UPF0004
NifU_N	0.9896	0.0190	0.0004	0.9167	NifU-like N terminal domain
Ribosomal_S6e	0.9896	0.0190	0.0004	0.9167	Ribosomal protein S6e
RALGAPB_N	0.9895	0.0013	0.0196	0.9167	RALGAPB N-terminal domain
TP6A_N	0.9895	0.0118	0.0063	0.4167	Type IIB DNA topoisomerase
rRNA_processing	0.9893	0.0190	0.0197	0.8333	rRNA processing
EXS	0.9891	0.0027	0.0197	1.0000	EXS family
VIT	0.9891	0.0027	0.0197	1.0000	Vault protein inter-alpha-trypsin domain
SPC25	0.9891	0.0027	0.0197	1.0000	Microsomal signal peptidase 25 kDa subunit (SPC25)
RPN11_C	0.9891	0.0027	0.0197	1.0000	26S proteasome regulatory subunit RPN11 C-terminal domain
PIG-S	0.9891	0.0027	0.0197	1.0000	Phosphatidylinositol-glycan biosynthesis class S protein
PHAF1	0.9891	0.0027	0.0197	1.0000	Phagosome assembly factor 1
TRM82_WD	0.9891	0.0027	0.0197	1.0000	tRNA methyltransferase TRM82 WD40 domain
AlaDh_PNT_N	0.9891	0.0027	0.0197	1.0000	Alanine dehydrogenase/PNT, N-terminal domain
PLDc	0.9891	0.0027	0.0197	1.0000	Phospholipase D
GWT1	0.9891	0.0027	0.0197	1.0000	GWT1
E1_DerP2_DerF2	0.9891	0.0027	0.0197	1.0000	ML domain
TMEM144	0.9891	0.0027	0.0197	1.0000	Transmembrane family, TMEM144 of transporters
MIR	0.9891	0.0027	0.0197	1.0000	MIR domain
Fer4_20	0.9891	0.0027	0.0197	1.0000	Dihydroprymidine dehydrogenase domain II, 4Fe-4S cluster
Fer4_21	0.9891	0.0027	0.0197	1.0000	4Fe-4S dicluster domain
TPR_XPO7	0.9891	0.0027	0.0197	1.0000	Exportin-7-like, TPR domain
Tmrp11_N	0.9890	0.0020	0.0167	0.9167	Tmrp11 THUMP N-terminal domain
Acetyltransf_9	0.9889	0.0125	0.0309	0.5000	Acetyltransferase (GNAT) domain
DUF547	0.9888	0.0196	0.0022	1.0000	Protein of unknown function, DUF547
PRP4	0.9888	0.0196	0.0023	1.0000	pre-mRNA processing factor 4 (PRP4) like
RhoGEF	0.9881	0.0092	0.0115	1.0000	RhoGEF domain
Acyltransf_C	0.9881	0.0093	0.0117	1.0000	Acyltransferase C-terminus
GalKase_gal_bdg	0.9881	0.0036	0.0036	1.0000	Galactokinase galactose-binding signature
DUF34_NIF3	0.9881	0.0036	0.0036	1.0000	Duf34/NIF3 (NGG1p interacting factor 3)
G-patch_2	0.9877	0.0064	0.0327	0.8333	G-patch domain
RING_ZNF598	0.9877	0.0064	0.0327	0.7500	ZNF598 RING finger domain
PRP21_like_P	0.9876	0.0064	0.0327	0.9167	Pre-mRNA splicing factor PRP21 like protein
Scramblase	0.9874	0.0090	0.0765	0.5833	Scramblase
TAF6_C	0.9872	0.0067	0.0326	0.8333	TAF6 C-terminal HEAT repeat domain
SWIM	0.9872	0.0067	0.0326	0.8333	SWIM zinc finger
Sterol-sensing	0.9870	0.0016	0.0274	0.9167	Sterol-sensing domain of SREBP cleavage-activation
PH1_SSRP1-like	0.9870	0.0016	0.0274	0.9167	SSRP1 PH domain
WDR55	0.9870	0.0016	0.0274	0.9167	WDR55
Rpr2	0.9870	0.0070	0.0115	0.8333	RNAse P Rpr2/Rpp21/SNM1 subunit domain
Lyase_aromatic	0.9869	0.0064	0.0091	1.0000	Aromatic amino acid lyase
zf-Tim10_DDP	0.9865	0.0158	0.0059	0.7500	Tim10/DDP family zinc finger
COX17	0.9863	0.0162	0.0059	0.6667	Cytochrome C oxidase copper chaperone (COX17)
PCNA_N	0.9860	0.0064	0.0139	1.0000	Proliferating cell nuclear antigen, N-terminal domain
PCNA_C	0.9860	0.0064	0.0139	1.0000	Proliferating cell nuclear antigen, C-terminal domain
Sep15_SelM	0.9857	0.0034	0.0171	0.9167	Sep15/SelM redox domain
TPR_10	0.9852	0.0179	0.0058	0.6667	Tetratricopeptide repeat
NAD_binding_8	0.9847	0.0111	0.0077	0.8333	NAD(P)-binding Rossmann-like domain
MutS_II	0.9837	0.0008	0.0096	1.0000	MutS domain II
DDE_3	0.9835	0.0010	0.0418	0.5833	DDE superfamily endonuclease
Ribonucleas_3_3	0.9835	0.0010	0.0418	0.5833	Ribonuclease-III-like
Evr1_Alr	0.9835	0.0200	0.0060	0.7500	Erv1 / Alr family
Ribosomal_L12	0.9835	0.0200	0.0060	0.7500	Ribosomal protein L7/L12 C-terminal domain
Fer4_ETF_QO	0.9834	0.0209	0.0058	0.6667	Electron transfer flavoprotein-ubiquinone oxidoreductase, 4Fe-4S
Ketoacyl-synt_C	0.9824	0.0206	0.0160	0.7500	Beta-ketoacyl synthase, C-terminal domain
EF_TS	0.9824	0.0206	0.0160	0.7500	Elongation factor TS
NHL	0.9822	0.0139	0.0058	0.4167	NHL repeat
Tau95_N	0.9818	0.0087	0.0368	0.8333	Tau95 Triple barrel domain
PWI	0.9818	0.0087	0.0368	0.8333	PWI domain
NUFIP1	0.9818	0.0087	0.0368	0.8333	FMR1-interacting protein 1 (NUFIP1)
Ribophorin_II_C	0.9818	0.0087	0.0368	0.8333	Ribophorin_II, C-terminal domain
CwfJ_C_2	0.9818	0.0087	0.0368	0.8333	Protein similar to CwfJ C-terminus 2
Ribosomal_S3Ae	0.9818	0.0363	0.0000	1.0000	Ribosomal S3Ae family
Ribosomal_S26e	0.9818	0.0363	0.0007	1.0000	Ribosomal protein S26e
Ribosomal_S27	0.9818	0.0363	0.0007	1.0000	Ribosomal protein S27a
malic	0.9818	0.0363	0.0000	1.0000	Malic enzyme, N-terminal domain
Malic_M	0.9818	0.0363	0.0000	1.0000	Malic enzyme, NAD binding domain
Ribosomal_L29	0.9818	0.0363	0.0007	1.0000	Ribosomal L29 protein
Ribosomal_L6	0.9818	0.0363	0.0007	1.0000	Ribosomal protein L6
Ribosomal_S13	0.9818	0.0363	0.0007	1.0000	Ribosomal protein S13/S18
zf-C2H2_13	0.9818	0.0087	0.0361	0.8333	C2H2-type zinc finger
SAGA-Tad1	0.9818	0.0087	0.0361	0.8333	Transcriptional regulator of RNA polII, SAGA, subunit
DHR-2_Lobe_B	0.9818	0.0087	0.0361	0.8333	DHR-2, Lobe B
Ribosomal_S9	0.9818	0.0363	0.0000	1.0000	Ribosomal protein S9/S16
Ribosomal_L23	0.9818	0.0363	0.0000	1.0000	Ribosomal protein L23
Ribosomal_L13e	0.9818	0.0363	0.0000	1.0000	Ribosomal protein L13e
TPR_12	0.9818	0.0363	0.0001	0.9167	Tetratricopeptide repeat
FtsJ	0.9818	0.0363	0.0001	0.9167	FtsJ-like methyltransferase
Ribosomal_L28e	0.9818	0.0363	0.0001	0.9167	Ribosomal L28e protein family
Glyco_hydro_38C	0.9814	0.0084	0.0262	0.7500	Glycosyl hydrolases family 38 C-terminal domain
Ctf8	0.9814	0.0084	0.0262	0.7500	Ctf8
Glyco_hydro_38N	0.9814	0.0084	0.0262	0.7500	Glycosyl hydrolases family 38 N-terminal domain
Alpha-mann_mid	0.9814	0.0084	0.0262	0.7500	Alpha mannosidase middle domain
Img2	0.9811	0.0095	0.1190	0.6667	Mitochondrial large subunit ribosomal protein (Img2)
PRKCSH-like	0.9806	0.0050	0.0058	1.0000	Glucosidase II beta subunit-like
DNA_alkylation	0.9804	0.0273	0.0249	0.8333	DNA alkylation repair enzyme
CBFB_NFYA	0.9803	0.0274	0.0249	0.8333	CCAAT-binding transcription factor (CBF-B/NF-YA) subunit B
Mo25	0.9803	0.0033	0.0260	0.7500	Mo25-like
ribosomal_L24	0.9797	0.0028	0.0744	0.7500	Large ribosomal subunit protein uL24, C-terminal domain
Sacchrp_dh_C	0.9797	0.0028	0.0744	0.7500	Saccharopine dehydrogenase C-terminal domain
Aminotran_3	0.9797	0.0028	0.0744	0.7500	Aminotransferase class-III
NAD_binding_10	0.9797	0.0028	0.0744	0.7500	NAD(P)H-binding
Med10	0.9794	0.0103	0.0334	0.9167	Transcription factor subunit Med10 of Mediator complex
W2	0.9794	0.0103	0.0334	0.9167	eIF4-gamma/eIF5/eIF2-epsilon
Beta-prop_WDR11_1st	0.9792	0.0051	0.0361	0.7500	WDR11 first beta-propeller
Bax1-I	0.9790	0.0251	0.0037	0.9167	Inhibitor of apoptosis-promoting Bax1
Saposin	0.9787	0.0044	0.0263	0.7500	Saposin-like domain
FAM192A_Fyv6_N	0.9781	0.0057	0.0367	0.7500	FAM192A/Fyv6, N-terminal domain
Suf	0.9780	0.0056	0.0069	1.0000	Suppressor of forked protein (Suf)
Macro	0.9780	0.0056	0.0271	1.0000	Macro domain
Pep3_Vps18	0.9777	0.0163	0.0161	0.8333	Pep3/Vps18/deep orange beta-propeller domain
ATP-synt_D	0.9775	0.0068	0.0071	0.9167	ATP synthase subunit D
EMG1	0.9775	0.0068	0.0071	0.9167	EMG1/NEP1 methyltransferase
Sua5_yciO_yrdC	0.9775	0.0068	0.0071	0.9167	Telomere recombination
TPR_IMB1	0.9775	0.0068	0.0071	0.9167	Importin subunit beta-1-like, TPR repeats
UDG	0.9775	0.0068	0.0071	0.9167	Uracil DNA glycosylase superfamily
GDI	0.9775	0.0068	0.0071	0.9167	GDP dissociation inhibitor
UBA_E1_SCCH	0.9775	0.0068	0.0071	0.9167	Ubiquitin-activating enzyme, SCCH domain
SRP19	0.9775	0.0068	0.0071	0.9167	SRP19 protein
TIP49_C	0.9775	0.0068	0.0071	0.9167	TIP49 AAA-lid domain
V-ATPase_H_N	0.9775	0.0068	0.0071	0.9167	V-ATPase subunit H
V-ATPase_H_C	0.9775	0.0068	0.0071	0.9167	V-ATPase subunit H
ESCRT-II	0.9775	0.0068	0.0071	0.9167	ESCRT-II complex subunit
BRCA-2_OB1	0.9775	0.0068	0.0071	0.9167	BRCA2, oligonucleotide/oligosaccharide-binding, domain 1
G-patch	0.9775	0.0068	0.0071	0.9167	G-patch domain
AARP2CN	0.9775	0.0068	0.0071	0.9167	AARP2CN (NUC121) domain
TK	0.9775	0.0068	0.0071	0.9167	Thymidine kinase
ATG7_N	0.9775	0.0068	0.0071	0.9167	Ubiquitin-like modifier-activating enzyme ATG7 N-terminus
Thioredoxin_6	0.9775	0.0068	0.0071	0.9167	Thioredoxin-like domain
MIT	0.9775	0.0068	0.0071	0.9167	MIT (microtubule interacting and transport) domain
PPFR1_M	0.9775	0.0068	0.0071	0.9167	Protein phosphatase 4 regulatory subunit 1 middle domain
Glycos_transf_2	0.9775	0.0068	0.0071	0.9167	Glycosyl transferase family 2
Torus	0.9775	0.0068	0.0071	0.9167	Torus domain
Hydrolase_6	0.9775	0.0068	0.0071	0.9167	Haloacid dehalogenase-like hydrolase
Hydrolase_like	0.9775	0.0068	0.0071	0.9167	HAD-hyrolase-like
HRDC	0.9775	0.0068	0.0071	0.9167	HRDC domain
S1	0.9775	0.0068	0.0071	0.9167	S1 RNA binding domain
VHS	0.9775	0.0068	0.0071	0.9167	VHS domain
PFU	0.9775	0.0068	0.0071	0.9167	PFU (PLAA family ubiquitin binding)
MitMem_reg	0.9775	0.0068	0.0071	0.9167	Maintenance of mitochondrial structure and function
SecY	0.9775	0.0068	0.0071	0.9167	SecY
ZUO1-like_ZHD	0.9775	0.0068	0.0071	0.9167	Zuotin-like, zuotin homology domain
Laminin_G_3	0.9775	0.0068	0.0071	0.9167	Concanavalin A-like lectin/glucanases superfamily
FAM91_N	0.9775	0.0068	0.0071	0.9167	FAM91 N-terminus
FAM91_C	0.9775	0.0068	0.0071	0.9167	FAM91 C-terminus
E1_UFD	0.9775	0.0068	0.0071	0.9167	Ubiquitin fold domain
AHSA1	0.9775	0.0068	0.0071	0.9167	Activator of Hsp90 ATPase homolog 1-like protein
DS	0.9775	0.0068	0.0071	0.9167	Deoxyhypusine synthase
Cnd3	0.9775	0.0068	0.0071	0.9167	Nuclear condensing complex subunits, C-term domain
PTPA	0.9775	0.0068	0.0071	0.9167	Phosphotyrosyl phosphate activator (PTPA) protein
Vps54	0.9775	0.0068	0.0071	0.9167	Vps54-like protein
KH_1	0.9775	0.0068	0.0071	0.9167	KH domain
PEX11	0.9775	0.0068	0.0071	0.9167	Peroxisomal biogenesis factor 11 (PEX11)
VPS51_Exo84_N	0.9775	0.0068	0.0071	0.9167	Vps51/EXO84/COG1 N-terminal
TCTP	0.9775	0.0068	0.0071	0.9167	Translationally controlled tumour protein
Methyltransf_PK	0.9775	0.0068	0.0071	0.9167	AdoMet dependent proline di-methyltransferase
DNA_pol_E_B	0.9775	0.0068	0.0071	0.9167	DNA polymerase alpha/epsilon subunit B
SHQ1-like_CS	0.9775	0.0068	0.0071	0.9167	SHQ1-like, CS domain
EMP70	0.9775	0.0068	0.0071	0.9167	Endomembrane protein 70
Methyltransf_8	0.9775	0.0068	0.0071	0.9167	Hypothetical methyltransferase
Pribosyl_synth	0.9775	0.0068	0.0071	0.9167	Phosphoribosyl synthetase-associated domain
Mago_nashi	0.9775	0.0068	0.0071	0.9167	Mago nashi protein
EMC4	0.9775	0.0068	0.0071	0.9167	ER membrane protein complex subunit 4
Sas10_Utp3	0.9775	0.0068	0.0071	0.9167	Sas10/Utp3/C1D family
DNA_pol_A_exo1	0.9775	0.0068	0.0071	0.9167	3'-5' exonuclease
SLC35F	0.9775	0.0068	0.0071	0.9167	Solute carrier family 35
IMS	0.9775	0.0068	0.0071	0.9167	impB/mucB/samB family
Prp3_C	0.9775	0.0068	0.0071	0.9167	Small nuclear ribonucleoprotein Prp3, C-terminal domain
NOL10_2nd	0.9775	0.0068	0.0071	0.9167	Nucleolar protein 10-like, second domain
CTE_SPB4	0.9775	0.0068	0.0071	0.9167	ATP-dependent rRNA helicase SPB4-like, C-terminal extension
DNA_mis_repair	0.9775	0.0068	0.0071	0.9167	DNA mismatch repair protein, C-terminal domain
NAD_binding_6	0.9773	0.0341	0.0059	0.7500	Ferric reductase NAD binding domain
Kelch_1	0.9773	0.0341	0.0059	0.7500	Kelch motif
NBCH_WD40	0.9773	0.0341	0.0059	0.7500	Neurobeachin beta propeller domain
GcvP2_C	0.9773	0.0341	0.0059	0.7500	Glycine dehydrogenase, C-terminal domain
RasGAP	0.9764	0.0043	0.0426	1.0000	GTPase-activator protein for Ras-like GTPase
uDENN	0.9764	0.0043	0.0426	1.0000	uDENN domain
TRAPPC13_C	0.9763	0.0023	0.0556	0.9167	Trafficking protein particle complex subunit 13, C-terminal
SGT1	0.9763	0.0023	0.0556	0.9167	SGT1 protein
NPR2	0.9763	0.0023	0.0556	0.9167	Nitrogen permease regulator 2
OCD_Mu_crystall	0.9762	0.0042	0.0427	1.0000	Ornithine cyclodeaminase/mu-crystallin family
RPN5_C	0.9762	0.0042	0.0427	1.0000	26S proteasome regulatory subunit RPN5 C-terminal domain
RNA_pol_Rpb4	0.9762	0.0042	0.0427	1.0000	RNA polymerase Rpb4
Telomere_reg-2	0.9762	0.0023	0.0546	0.9167	Telomere length regulation protein
Glycohydro_20b2	0.9762	0.0042	0.0427	1.0000	beta-acetyl hexosaminidase like
KOW4_SPT5	0.9762	0.0042	0.0427	1.0000	Transcription elongation factor SPT5, fourth KOW domain
PPP2R1A-like_HEAT	0.9762	0.0042	0.0427	1.0000	PPP2R1A-like HEAT repeat
Bap31	0.9762	0.0042	0.0427	1.0000	Bap31/Bap29 transmembrane region
Cir_N	0.9762	0.0023	0.0557	0.9167	N-terminal domain of CBF1 interacting co-repressor CIR
ZGRF1-like_N	0.9753	0.0345	0.0325	0.7500	DNA helicase ZGRF1-like, N-terminal domain
ATG27	0.9753	0.0180	0.0146	0.9167	Autophagy-related protein 27
AlaDh_PNT_C	0.9736	0.0376	0.0539	0.9167	Alanine dehydrogenase/PNT, C-terminal domain
Nuf2	0.9735	0.0083	0.0368	0.8333	Nuf2 family
Presenilin	0.9723	0.0349	0.0036	1.0000	Presenilin
Anticodon_2	0.9723	0.0100	0.1182	0.7500	Anticodon binding domain
SAM_GIDA_C	0.9723	0.0100	0.1182	0.7500	tRNA modifying enzyme MnmG/GidA C-terminal helical bundle
UPF0203	0.9723	0.0100	0.1182	0.7500	Uncharacterised protein family (UPF0203)
TFIIF_beta	0.9722	0.0401	0.0583	0.9167	TFIIF, beta subunit HTH domain
CNOT11	0.9722	0.0401	0.0583	0.9167	CCR4-NOT transcription complex subunit 11
ATG5_HBR	0.9722	0.0401	0.0583	0.9167	Autophagy protein ATG5, alpha-helical bundle region
IMS_C	0.9720	0.0055	0.0068	0.2500	impB/mucB/samB family C-terminal domain
PDCD2_N	0.9720	0.0355	0.0036	1.0000	Programmed cell death protein 2, N-terminal domain
COX24_C	0.9717	0.0094	0.0730	0.6667	Mitochondrial mRNA-processing protein COX24, C-terminal
Bystin	0.9694	0.0270	0.0058	1.0000	Bystin
Cnd1	0.9694	0.0270	0.0058	1.0000	non-SMC mitotic condensation complex subunit 1
Las1	0.9694	0.0270	0.0058	1.0000	Las1-like
PRKCSH_1	0.9694	0.0270	0.0058	1.0000	Glucosidase II beta subunit-like protein
Calreticulin	0.9694	0.0270	0.0058	1.0000	Calreticulin family
HBB	0.9694	0.0270	0.0058	1.0000	Helical and beta-bridge domain
zf-CCHC_3	0.9694	0.0270	0.0058	1.0000	Zinc knuckle
B3_4	0.9694	0.0270	0.0058	1.0000	B3/4 domain
ENTH	0.9694	0.0270	0.0058	1.0000	ENTH domain
Peptidase_M48_N	0.9692	0.0271	0.0059	1.0000	CAAX prenyl protease N-terminal, five membrane helices
CDC45	0.9690	0.0271	0.0060	1.0000	CDC45
TFIIB	0.9690	0.0271	0.0060	1.0000	Transcription factor TFIIB repeat
Ssl1	0.9690	0.0271	0.0060	1.0000	Ssl1-like
N6-adenineMlase	0.9690	0.0271	0.0060	1.0000	Probable N6-adenine methyltransferase
Roc	0.9690	0.0271	0.0060	1.0000	Ras of Complex, Roc, domain of DAPkinase
Glyco_hydro_31_3rd	0.9690	0.0271	0.0060	1.0000	Glycosyl hydrolase family 31 C-terminal domain
ATG9	0.9690	0.0271	0.0060	1.0000	Autophagy protein ATG9
TLD	0.9690	0.0271	0.0060	1.0000	TLDc domain
COG3_N	0.9690	0.0271	0.0060	1.0000	Conserved oligomeric Golgi complex subunit 3, N-terminal
SLIDE	0.9690	0.0271	0.0060	1.0000	SLIDE
COG3_C	0.9690	0.0271	0.0060	1.0000	Conserved oligomeric Golgi complex subunit 3, C-terminal
PIK3R4-like_middle	0.9690	0.0271	0.0060	1.0000	PIK3R4-like, middle domain
NADAR	0.9690	0.0271	0.0060	1.0000	NADAR domain
WD40_CDC20-Fz	0.9690	0.0271	0.0060	1.0000	CDC20/Fizzy WD40 domain
CH	0.9690	0.0271	0.0060	1.0000	Calponin homology (CH) domain
PDCD2_C	0.9690	0.0271	0.0060	1.0000	Programmed cell death protein 2, C-terminal putative domain
Rrp44_CSD1	0.9690	0.0271	0.0060	1.0000	Rrp44-like cold shock domain
MMS19_N	0.9690	0.0271	0.0060	1.0000	Dos2-interacting transcription regulator of RNA-Pol-II
RecQ_Zn_bind	0.9690	0.0271	0.0060	1.0000	RecQ zinc-binding
WWE	0.9690	0.0271	0.0060	1.0000	WWE domain
Fuz_longin_2	0.9690	0.0271	0.0060	1.0000	Second Longin domain of FUZ, MON1 and HPS1
Cnd2	0.9690	0.0271	0.0060	1.0000	Condensin complex subunit 2
REPA_OB_2	0.9690	0.0271	0.0060	1.0000	Replication protein A OB domain
WW	0.9690	0.0271	0.0060	1.0000	WW domain
APC1_5th	0.9690	0.0271	0.0060	1.0000	APC1 fifth domain
ERCC3_RAD25_C	0.9690	0.0271	0.0060	1.0000	ERCC3/RAD25/XPB C-terminal helicase
Rad60-SLD	0.9690	0.0271	0.0060	1.0000	Ubiquitin-2 like Rad60 SUMO-like
SH3_9	0.9690	0.0271	0.0060	1.0000	Variant SH3 domain
PK_Tyr_Ser-Thr	0.9690	0.0271	0.0060	1.0000	Protein tyrosine and serine/threonine kinase
FH2	0.9690	0.0271	0.0060	1.0000	Formin Homology 2 Domain
Rio2_N	0.9690	0.0271	0.0060	1.0000	Rio2, N-terminal
SBDS_N	0.9690	0.0271	0.0060	1.0000	Shwachman-Bodian-Diamond syndrome (SBDS) N-terminal domain
AATF-Che1	0.9690	0.0271	0.0060	1.0000	Apoptosis antagonizing transcription factor
UFD1_N1	0.9690	0.0271	0.0060	1.0000	Ubiquitin fusion degradation protein UFD1, N-terminal subdomain 1
BRCT	0.9690	0.0271	0.0060	1.0000	BRCA1 C Terminus (BRCT) domain
UFD1_N2	0.9690	0.0271	0.0060	1.0000	Ubiquitin fusion degradation protein UFD1, N-terminal subdomain 2
Kri1_C	0.9690	0.0271	0.0060	1.0000	KRI1-like family C-terminal
Ham1p_like	0.9690	0.0271	0.0060	1.0000	Ham1 family
PTEN_C2	0.9690	0.0273	0.0060	1.0000	C2 domain of PTEN tumour-suppressor protein
2-Hacid_dh_C	0.9690	0.0273	0.0060	1.0000	D-isomer specific 2-hydroxyacid dehydrogenase, NAD binding domain
EVH1_PP4R3	0.9690	0.0273	0.0060	1.0000	EVH1-like domain in PP4R3 protein
DUF1899	0.9690	0.0273	0.0060	1.0000	Domain of unknown function (DUF1899)
FtsX	0.9690	0.0273	0.0060	1.0000	FtsX-like permease C-terminal
WD40_4	0.9690	0.0273	0.0060	1.0000	Type of WD40 repeat
NMD3_N	0.9690	0.0273	0.0060	1.0000	NMD3, N-terminal domain
Arrestin_N	0.9690	0.0273	0.0060	1.0000	Arrestin (or S-antigen), N-terminal domain
Sec7-like_HDS	0.9690	0.0273	0.0060	1.0000	Mon2/Sec7/BIG1-like, HDS
PWWP	0.9690	0.0273	0.0060	1.0000	PWWP domain
CLPTM1	0.9690	0.0273	0.0060	1.0000	Cleft lip and palate transmembrane protein 1 (CLPTM1)
NMD3	0.9690	0.0273	0.0060	1.0000	NMD3, second domain
OB_NMD3	0.9690	0.0273	0.0060	1.0000	NMD3 OB-fold domain
SH3_1	0.9690	0.0273	0.0060	1.0000	SH3 domain
PGM_PMM_III	0.9690	0.0273	0.0060	1.0000	Phosphoglucomutase/phosphomannomutase, alpha/beta/alpha domain III
Gln-synt_C	0.9690	0.0273	0.0060	1.0000	Glutamine synthetase, catalytic domain
PGM_PMM_II	0.9690	0.0273	0.0060	1.0000	Phosphoglucomutase/phosphomannomutase, alpha/beta/alpha domain II
TsaD	0.9689	0.0272	0.0060	1.0000	tRNA N6-adenosine threonylcarbamoyltransferase
SAM_2	0.9688	0.0161	0.0108	0.8333	SAM domain (Sterile alpha motif)
Nitroreductase	0.9686	0.0242	0.0241	0.4167	Nitroreductase family
Metalloenzyme	0.9684	0.0524	0.0018	0.8333	Metalloenzyme superfamily
SCAI	0.9684	0.0159	0.0315	0.8333	Protein SCAI
NPC1_MLD	0.9684	0.0159	0.0315	0.8333	NPC1, middle luminal domain
SRP_SPB	0.9682	0.0296	0.0058	1.0000	Signal peptide binding domain
TruB_N	0.9682	0.0296	0.0058	1.0000	TruB family pseudouridylate synthase (N terminal domain)
DKCLD	0.9682	0.0296	0.0058	1.0000	DKCLD (NUC011) domain
TruB_C_2	0.9682	0.0296	0.0058	1.0000	tRNA pseudouridylate synthase B C-terminal domain
BRO1	0.9682	0.0296	0.0058	1.0000	BRO1-like domain
HHH_5	0.9682	0.0296	0.0092	1.0000	SAM-like Helix-hairpin-helix tandem
Enolase_C	0.9682	0.0296	0.0058	1.0000	Enolase, C-terminal TIM barrel domain
eRF1_1	0.9682	0.0296	0.0058	1.0000	eRF1 domain 1
Enolase_N	0.9682	0.0296	0.0058	1.0000	Enolase, N-terminal domain
CAP_C	0.9682	0.0296	0.0058	1.0000	Adenylate cyclase associated (CAP) C terminal
TRM10_TRM10A	0.9682	0.0296	0.0058	1.0000	tRNA (guanine(9)-N(1))-methyltransferase TRM10/TRM10A
V-ATPase_C	0.9682	0.0296	0.0058	1.0000	V-ATPase subunit C
Rtf2	0.9682	0.0296	0.0058	1.0000	Rtf2 RING-finger
RRS1	0.9682	0.0296	0.0058	1.0000	Ribosome biogenesis regulatory protein (RRS1)
Tyr-DNA_phospho	0.9682	0.0296	0.0058	1.0000	Tyrosyl-DNA phosphodiesterase
AMMECR1	0.9682	0.0296	0.0058	1.0000	AMMECR1
ADP_ribosyl_GH	0.9682	0.0296	0.0058	1.0000	ADP-ribosylglycohydrolase
UTP15_C	0.9682	0.0296	0.0058	1.0000	UTP15 C terminal
vATP-synt_E	0.9682	0.0296	0.0058	1.0000	ATP synthase (E/31 kDa) subunit
ER_lumen_recept	0.9682	0.0296	0.0058	1.0000	ER lumen protein retaining receptor
HEAT	0.9682	0.0296	0.0058	1.0000	HEAT repeat
Tfb2	0.9682	0.0296	0.0058	1.0000	Transcription factor Tfb2
Syntaxin	0.9682	0.0296	0.0058	1.0000	Syntaxin
MBOAT	0.9682	0.0296	0.0058	1.0000	MBOAT, membrane-bound O-acyltransferase family
CitMHS	0.9681	0.0295	0.0058	0.9167	Citrate transporter
PARG_cat_N	0.9680	0.0269	0.0180	1.0000	Poly (ADP-ribose) glycohydrolase (PARG), helical domain
Fibrillarin	0.9674	0.0294	0.0057	0.9167	Fibrillarin
eIF2_C	0.9673	0.0291	0.0063	0.9167	Initiation factor eIF2 gamma, C terminal
TIM	0.9673	0.0291	0.0063	0.9167	Triosephosphate isomerase
Spb1_C	0.9673	0.0291	0.0063	0.9167	Spb1 C-terminal domain
Coatomer_E	0.9673	0.0291	0.0063	0.9167	Coatomer epsilon subunit
DUF3381	0.9673	0.0291	0.0063	0.9167	Ribosomal RNA methyltransferase Spb1, DUF3381
RNA_pol_Rpb6	0.9673	0.0291	0.0063	0.9167	RNA polymerase Rpb6
Aha1_N	0.9673	0.0291	0.0064	0.9167	Activator of Hsp90 ATPase, N-terminal
RTC_insert	0.9673	0.0291	0.0064	0.9167	RNA 3'-terminal phosphate cyclase (RTC), insert domain
Mak16	0.9673	0.0291	0.0064	0.9167	Mak16 protein C-terminal region
Cullin_binding	0.9673	0.0291	0.0064	0.9167	Cullin binding
Rpn3_C	0.9673	0.0291	0.0064	0.9167	Proteasome regulatory subunit C-terminal
CSN8_PSD8_EIF3K	0.9673	0.0291	0.0064	0.9167	CSN8/PSMD8/EIF3K family
STL11_N	0.9670	0.0468	0.0698	0.9167	STL11, N-terminal
RNA_pol_Rpb8	0.9668	0.0296	0.0057	0.9167	RNA polymerase Rpb8
Lipase_GDSL	0.9663	0.0087	0.0115	1.0000	GDSL-like Lipase/Acylhydrolase
Fuz_longin_1	0.9663	0.0087	0.0115	1.0000	First Longin domain of FUZ, MON1 and HPS1
PTCB-BRCT	0.9661	0.0382	0.0337	0.9167	twin BRCT domain
ATP-synt_DE_N	0.9656	0.0351	0.0077	0.7500	ATP synthase, Delta/Epsilon chain, beta-sandwich domain
5_3_exonuc_N	0.9656	0.0351	0.0077	0.7500	5'-3' exonuclease, N-terminal resolvase-like domain
5_3_exonuc	0.9656	0.0351	0.0077	0.7500	5'-3' exonuclease, C-terminal SAM fold
MRP-L27	0.9651	0.0013	0.0728	0.6667	Mitochondrial ribosomal protein L27
TPR_11	0.9645	0.0370	0.0062	0.9167	TPR repeat
Cu-oxidase_3	0.9643	0.0139	0.0093	0.1667	Multicopper oxidase
Cu-oxidase_2	0.9643	0.0139	0.0093	0.1667	Multicopper oxidase
BCDHK_Adom3	0.9643	0.0139	0.0093	0.1667	Mitochondrial branched-chain alpha-ketoacid dehydrogenase kinase
DUF1681	0.9641	0.0421	0.0207	1.0000	Protein of unknown function (DUF1681)
PIG-U	0.9641	0.0421	0.0207	1.0000	GPI transamidase subunit PIG-U
SDE2	0.9641	0.0421	0.0207	1.0000	Splicing regulator SDE2, SDE2 domain
GCV_H	0.9638	0.0367	0.0151	0.8333	Glycine cleavage H-protein
RCC1_2	0.9638	0.0367	0.0145	0.8333	Regulator of chromosome condensation (RCC1) repeat
PMI_typeI_cat	0.9637	0.0150	0.0124	1.0000	Phosphomannose isomerase type I, catalytic domain
CLP1_N	0.9637	0.0150	0.0124	1.0000	N-terminal beta-sandwich domain of polyadenylation factor
EAP30	0.9637	0.0150	0.0124	1.0000	EAP30/Vps36 family
Transketolase_N	0.9637	0.0150	0.0124	1.0000	Transketolase, thiamine diphosphate binding domain
DIM1	0.9637	0.0150	0.0124	1.0000	Mitosis protein DIM1
RFC_C	0.9637	0.0150	0.0124	1.0000	Replication factor C subunit 3, C-terminal domain
UTP25_NTPase-like	0.9637	0.0150	0.0124	1.0000	UTP25, NTP hydrolase-like domain
RhoGAP	0.9637	0.0150	0.0124	1.0000	RhoGAP domain
Sas10	0.9637	0.0150	0.0124	1.0000	Sas10 C-terminal domain
Utp25_C	0.9637	0.0150	0.0124	1.0000	Utp25, C-terminal domain
V-ATPase_G	0.9637	0.0150	0.0124	1.0000	Vacuolar (H+)-ATPase G subunit
Peptidase_M18	0.9637	0.0150	0.0124	1.0000	Aminopeptidase I zinc metalloprotease (M18)
Transketolase_C_1	0.9637	0.0150	0.0124	1.0000	Transketolase-like TK C-terminal domain
ANAPC4_WD40	0.9629	0.0086	0.0119	0.9167	Anaphase-promoting complex subunit 4 WD40 domain
TRM13	0.9616	0.0253	0.0068	1.0000	Methyltransferase TRM13
UNC-50	0.9616	0.0253	0.0068	1.0000	UNC-50 family
Asp_protease	0.9616	0.0253	0.0068	1.0000	Aspartyl protease
Peptidase_C54	0.9616	0.0253	0.0068	1.0000	Peptidase C54 catalytic domain
Tyr_Deacylase	0.9616	0.0253	0.0068	1.0000	D-Tyr-tRNA(Tyr) deacylase
MutL_C	0.9616	0.0253	0.0068	1.0000	MutL C terminal dimerisation domain
PIF1	0.9616	0.0253	0.0068	1.0000	PIF1-like helicase
zf-HIT	0.9616	0.0253	0.0068	1.0000	HIT zinc finger
TmcA_N	0.9609	0.0642	0.0403	0.8333	tRNA(Met) cytidine acetyltransferase TmcA, N-terminal
NGP1NT	0.9609	0.0642	0.0403	0.8333	NGP1NT (NUC091) domain
GNAT_acetyltr_2	0.9609	0.0642	0.0403	0.8333	GNAT acetyltransferase 2
tRNA_bind_2	0.9609	0.0642	0.0403	0.8333	Possible tRNA binding domain
Rer1	0.9609	0.0642	0.0403	0.8333	Rer1 family
Clathrin	0.9607	0.0256	0.0084	1.0000	Region in Clathrin and VPS
Zn_ribbon_NOB1	0.9607	0.0256	0.0084	1.0000	Nin one binding (NOB1) Zn-ribbon like
PMM	0.9607	0.0256	0.0084	1.0000	Eukaryotic phosphomannomutase
PFK	0.9607	0.0256	0.0084	1.0000	Phosphofructokinase
PIN_6	0.9607	0.0256	0.0084	1.0000	PIN domain of ribonuclease
Ist1	0.9607	0.0256	0.0084	1.0000	Regulator of Vps4 activity in the MVB pathway
RPN2_N	0.9607	0.0256	0.0084	1.0000	26S proteasome subunit RPN2, N-terminal domain
zf-MIZ	0.9605	0.0298	0.0053	0.9167	MIZ/SP-RING zinc finger
zf-C4pol	0.9605	0.0298	0.0053	0.9167	C4-type zinc-finger of DNA polymerase delta
Plus-3	0.9605	0.0298	0.0053	0.9167	Plus-3 domain
NOG1	0.9605	0.0298	0.0053	0.9167	Nucleolar GTP-binding protein 1 (NOG1)
Pex19	0.9605	0.0298	0.0053	0.9167	Pex19 protein family
DAO_C	0.9602	0.0417	0.0209	0.6667	C-terminal domain of alpha-glycerophosphate oxidase
SURF1	0.9602	0.0417	0.0209	0.6667	SURF1 family
zf-CHCC	0.9601	0.0076	0.1230	0.7500	Zinc-finger domain
LCAT	0.9587	0.0100	0.0080	0.7500	Lecithin:cholesterol acyltransferase
Trypsin_2	0.9586	0.0026	0.0150	0.7500	Trypsin-like peptidase domain
LAMTOR5	0.9582	0.0389	0.0369	0.7500	Ragulator complex protein LAMTOR5
RNase_P_Rpp14	0.9578	0.0138	0.0181	1.0000	Rpp14/Pop5 family
AI-2E_transport	0.9576	0.0050	0.0424	0.3333	AI-2E family transporter
Glyco_hydro_18	0.9575	0.0105	0.0159	1.0000	Glycosyl hydrolases family 18
Tc-R-P	0.9575	0.0105	0.0159	1.0000	Polymorphic toxin system, DSP-PTPase phosphatase
A_deaminase	0.9575	0.0105	0.0159	1.0000	Adenosine deaminase
Mre11_DNA_bind	0.9574	0.0444	0.0314	0.9167	Mre11 DNA-binding presumed domain
DUF3819	0.9574	0.0444	0.0314	0.9167	CCR4-Not complex, Not1 subunit, domain of unknown function DUF3819
Nrap_D5	0.9574	0.0444	0.0314	0.9167	Nrap protein PAP/OAS1-like domain 5
Vps52_CC	0.9570	0.0379	0.0383	0.7500	Vps52/Sac2 family, coiled-coil
AAA_6	0.9570	0.0379	0.0383	0.7500	Hydrolytic ATP binding site of dynein motor region
AAA_7	0.9570	0.0379	0.0383	0.7500	P-loop containing dynein motor region
Vps16_N	0.9570	0.0379	0.0383	0.7500	Vps16, N-terminal region
ELO	0.9570	0.0379	0.0383	0.7500	GNS1/SUR4 family
MVD-like_N	0.9570	0.0379	0.0383	0.7500	Diphosphomevalonate decarboxylase-like N-terminal domain
E3_UFM1_ligase	0.9570	0.0379	0.0383	0.7500	E3 UFM1-protein ligase 1
DUF1771	0.9570	0.0379	0.0383	0.7500	Domain of unknown function (DUF1771)
DYN_lid	0.9570	0.0379	0.0383	0.7500	Dynein heavy chain, ATPase lid domain
Pex2_Pex12	0.9570	0.0379	0.0383	0.7500	Pex2 / Pex12 amino terminal region
Oxidored_q6	0.9570	0.0379	0.0383	0.7500	NADH ubiquinone oxidoreductase, 20 Kd subunit
Topoisom_I_N	0.9570	0.0379	0.0383	0.7500	Eukaryotic DNA topoisomerase I, DNA binding fragment
Glyco_transf_22	0.9570	0.0379	0.0383	0.7500	Alg9-like mannosyltransferase family
CNNM	0.9570	0.0379	0.0383	0.7500	Cyclin M transmembrane N-terminal domain
DUF1744	0.9570	0.0379	0.0383	0.7500	Domain of unknown function (DUF1744)
PMC2NT	0.9570	0.0379	0.0383	0.7500	PMC2NT (NUC016) domain
PI-PLC-X	0.9570	0.0379	0.0383	0.7500	Phosphatidylinositol-specific phospholipase C, X domain
TBCC	0.9570	0.0379	0.0383	0.7500	Tubulin binding cofactor C
CLU	0.9570	0.0379	0.0383	0.7500	Clustered mitochondria
Vps52_C	0.9570	0.0379	0.0383	0.7500	Vps52, C-terminal
Vps16_C	0.9570	0.0379	0.0383	0.7500	Vps16, C-terminal region
GST_N	0.9570	0.0379	0.0383	0.7500	Glutathione S-transferase, N-terminal domain
DNA_pol_B_thumb	0.9570	0.0379	0.0383	0.7500	DNA polymerase beta thumb
GST_C	0.9570	0.0379	0.0383	0.7500	Glutathione S-transferase, C-terminal domain
GSH_synthase	0.9570	0.0379	0.0383	0.7500	Eukaryotic glutathione synthase
CRAL_TRIO	0.9570	0.0379	0.0383	0.7500	CRAL/TRIO domain
cNMP_binding	0.9570	0.0379	0.0383	0.7500	Cyclic nucleotide-binding domain
ARD	0.9570	0.0379	0.0383	0.7500	ARD/ARD' family
TPR_ANAPC2	0.9570	0.0379	0.0383	0.7500	ANAPC2-like, TPR repeats
GCS	0.9570	0.0379	0.0383	0.7500	Glutamate-cysteine ligase
SM-ATX	0.9570	0.0379	0.0383	0.7500	Ataxin 2 SM domain
CTP_synth_N	0.9570	0.0379	0.0383	0.7500	CTP synthase N-terminus
ERG4_ERG24	0.9570	0.0379	0.0383	0.7500	Ergosterol biosynthesis ERG4/ERG24 family
RNA_pol	0.9570	0.0379	0.0383	0.7500	DNA-dependent RNA polymerase
PI-PLC-Y	0.9570	0.0379	0.0383	0.7500	Phosphatidylinositol-specific phospholipase C, Y domain
CIAPIN1	0.9570	0.0379	0.0383	0.7500	Cytokine-induced anti-apoptosis inhibitor 1, Fe-S biogenesis
TPR_PEP5_VPS11	0.9570	0.0379	0.0383	0.7500	PEP5/VPS11 Clathrin repeat
GTP_EFTU_D3	0.9570	0.0379	0.0383	0.7500	Elongation factor Tu C-terminal domain
DNA_pol_B_palm	0.9570	0.0379	0.0383	0.7500	DNA polymerase beta palm
GMPPB_C	0.9570	0.0379	0.0383	0.7500	GMPPB C-terminal domain
PPR_2	0.9570	0.0379	0.0383	0.7500	PPR repeat family
COX15-CtaA	0.9570	0.0379	0.0383	0.7500	Cytochrome oxidase assembly protein
COPI_C	0.9570	0.0379	0.0383	0.7500	Coatomer (COPI) alpha subunit C-terminus
SAM_decarbox	0.9570	0.0379	0.0383	0.7500	Adenosylmethionine decarboxylase
Glyco_hydro_65m	0.9570	0.0379	0.0383	0.7500	Glycosyl hydrolase family 65 central catalytic domain
CBS	0.9570	0.0379	0.0383	0.7500	CBS domain
Topoisom_I	0.9570	0.0379	0.0383	0.7500	Eukaryotic DNA topoisomerase I, catalytic core
LRR_9	0.9570	0.0379	0.0383	0.7500	Leucine-rich repeat
Dymeclin	0.9570	0.0379	0.0383	0.7500	Dyggve-Melchior-Clausen syndrome protein
PEPCK_ATP	0.9570	0.0379	0.0383	0.7500	Phosphoenolpyruvate carboxykinase
Methyltransf_5	0.9570	0.0379	0.0383	0.7500	MraW methylase family
ACBP	0.9570	0.0379	0.0383	0.7500	Acyl CoA binding protein
Ribonuc_red_lgC	0.9570	0.0379	0.0383	0.7500	Ribonucleotide reductase, barrel domain
Reticulon	0.9570	0.0379	0.0383	0.7500	Reticulon
Ribonuc_red_lgN	0.9570	0.0379	0.0383	0.7500	Ribonucleotide reductase, all-alpha domain
ELMO_CED12	0.9570	0.0379	0.0383	0.7500	ELMO/CED-12 family
AAA_8	0.9570	0.0379	0.0383	0.7500	P-loop containing dynein motor region D4
ABC_membrane_2	0.9570	0.0379	0.0383	0.7500	ABC transporter transmembrane region 2
MATH_2	0.9570	0.0379	0.0383	0.7500	MATH domain
cobW	0.9570	0.0379	0.0383	0.7500	CobW/HypB/UreG, nucleotide-binding domain
GSH_synth_ATP	0.9570	0.0379	0.0383	0.7500	Eukaryotic glutathione synthase, ATP binding domain
ADH_zinc_N_2	0.9570	0.0379	0.0383	0.7500	Zinc-binding dehydrogenase
LsmAD	0.9570	0.0379	0.0383	0.7500	LsmAD domain
AIRS_C	0.9570	0.0379	0.0383	0.7500	AIR synthase related protein, C-terminal domain
zf-AN1	0.9570	0.0379	0.0383	0.7500	AN1-like Zinc finger
MORN	0.9570	0.0379	0.0383	0.7500	MORN repeat
ALG3	0.9570	0.0379	0.0383	0.7500	ALG3 protein
zf-MYND	0.9570	0.0379	0.0383	0.7500	MYND finger
Ribonuc_red_sm	0.9570	0.0379	0.0383	0.7500	Ribonucleotide reductase, small chain
AAA_9	0.9570	0.0379	0.0383	0.7500	ATP-binding dynein motor region
OTCace_N	0.9570	0.0379	0.0383	0.7500	Aspartate/ornithine carbamoyltransferase, carbamoyl-P binding domain
Beta-prop_EIPR1	0.9570	0.0379	0.0383	0.7500	EIPR1 beta-propeller
AIRS	0.9570	0.0379	0.0383	0.7500	AIR synthase related protein, N-terminal domain
Dcc1	0.9570	0.0379	0.0383	0.7500	Sister chromatid cohesion protein Dcc1
Dabb	0.9570	0.0379	0.0383	0.7500	Stress responsive A/B Barrel Domain
2OG-FeII_Oxy_2	0.9570	0.0379	0.0383	0.7500	2OG-Fe(II) oxygenase superfamily
2OG-FeII_Oxy_3	0.9570	0.0379	0.0383	0.7500	2OG-Fe(II) oxygenase superfamily
2OG-FeII_Oxy	0.9570	0.0379	0.0383	0.7500	2OG-Fe(II) oxygenase superfamily
6PGD	0.9570	0.0379	0.0383	0.7500	6-phosphogluconate dehydrogenase, C-terminal domain
BD-FAE	0.9570	0.0379	0.0383	0.7500	BD-FAE
BCS1_N	0.9570	0.0379	0.0383	0.7500	BCS1 N terminal
Lysine_decarbox	0.9570	0.0379	0.0383	0.7500	Possible lysine decarboxylase
6PF2K	0.9570	0.0379	0.0383	0.7500	6-phosphofructo-2-kinase
MDD_C	0.9570	0.0379	0.0383	0.7500	Mevalonate 5-diphosphate decarboxylase C-terminal domain
PhyH	0.9570	0.0379	0.0383	0.7500	Phytanoyl-CoA dioxygenase (PhyH)
FA_desaturase	0.9570	0.0379	0.0383	0.7500	Fatty acid desaturase
OTCace	0.9570	0.0379	0.0383	0.7500	Aspartate/ornithine carbamoyltransferase, Asp/Orn binding domain
FA_hydroxylase	0.9570	0.0379	0.0383	0.7500	Fatty acid hydroxylase
Dynein_AAA_lid	0.9570	0.0379	0.0383	0.7500	Dynein heavy chain AAA lid domain
Dynein_C	0.9570	0.0379	0.0383	0.7500	Dynein heavy chain C-terminal domain
Atx10homo_assoc	0.9570	0.0379	0.0383	0.7500	Spinocerebellar ataxia type 10 protein domain
GATase	0.9570	0.0379	0.0383	0.7500	Glutamine amidotransferase class-I
Spermine_synt_N	0.9570	0.0379	0.0383	0.7500	Spermidine synthase tetramerisation domain
NAD_binding_1	0.9570	0.0379	0.0383	0.7500	Oxidoreductase NAD-binding domain
Iml2-TPR_39	0.9570	0.0379	0.0383	0.7500	Iml2/Tetratricopeptide repeat protein 39
Suc_Fer-like	0.9570	0.0379	0.0383	0.7500	Sucrase/ferredoxin-like
Peptidase_M14	0.9570	0.0379	0.0383	0.7500	Zinc carboxypeptidase
Spermine_synth	0.9570	0.0379	0.0383	0.7500	Spermine/spermidine synthase domain
Peptidase_M17	0.9570	0.0379	0.0383	0.7500	Cytosol aminopeptidase family, catalytic domain
CAS_CSE1	0.9570	0.0379	0.0383	0.7500	CAS/CSE protein, C-terminus
MaoC_dehydratas	0.9570	0.0379	0.0383	0.7500	MaoC like domain
CAP_GLY	0.9570	0.0379	0.0383	0.7500	CAP-Gly domain
MatE	0.9570	0.0379	0.0383	0.7500	MatE
eIF-3_zeta	0.9570	0.0379	0.0383	0.7500	Eukaryotic translation initiation factor 3 subunit 7 (eIF-3)
eIF3_p135	0.9570	0.0379	0.0383	0.7500	Translation initiation factor eIF3 subunit 135
euk_SelB_III	0.9570	0.0379	0.0383	0.7500	Selenocysteine-specific elongation factor, eukaryotes, 3rd domain
DHC_N2	0.9570	0.0379	0.0383	0.7500	Dynein heavy chain, N-terminal region 2
DHC_N1	0.9570	0.0379	0.0383	0.7500	Dynein heavy chain, N-terminal region 1
HORMA	0.9570	0.0379	0.0383	0.7500	HORMA domain
Nucleoporin_N	0.9570	0.0379	0.0383	0.7500	Nup133 N terminal like
Nic96	0.9570	0.0379	0.0383	0.7500	Nup93/Nic96
PDEase_I	0.9570	0.0379	0.0383	0.7500	3'5'-cyclic nucleotide phosphodiesterase
IMPDH	0.9570	0.0379	0.0383	0.7500	IMP dehydrogenase / GMP reductase domain
VPS18_solenoid_2nd	0.9570	0.0379	0.0383	0.7500	VPS18, alpha-solenoid domain, second half
Arm_3	0.9570	0.0379	0.0383	0.7500	Atypical Arm repeat
Dynein_heavy	0.9570	0.0379	0.0383	0.7500	Dynein heavy chain region D6 P-loop domain
S-methyl_trans	0.9570	0.0379	0.0383	0.7500	Homocysteine S-methyltransferase
Beta-sand_DEX1	0.9570	0.0379	0.0383	0.7500	DEX1 beta-sandwich
OB_POLE2	0.9570	0.0379	0.0383	0.7500	DNA polymerase epsilon subunit 2-like, OB-fold domain
PAP_RNA-bind	0.9570	0.0379	0.0383	0.7500	Poly(A) polymerase predicted RNA binding domain
Tctex-1	0.9570	0.0379	0.0383	0.7500	Tctex-1 family
PEP5_VPS11_N	0.9570	0.0379	0.0383	0.7500	PEP5/VPS11 N-terminal
HAD_Pex22	0.9570	0.0379	0.0383	0.7500	Peroxisome biogenesis protein 22, Haloacid dehydrogenase-like domain
MT	0.9570	0.0379	0.0383	0.7500	Microtubule-binding stalk of dynein motor
Cupin_8	0.9570	0.0379	0.0383	0.7500	Cupin-like domain
Peptidase_S8	0.9570	0.0379	0.0383	0.7500	Subtilase family
OMPdecase	0.9570	0.0379	0.0383	0.7500	Orotidine 5'-phosphate decarboxylase / HUMPS family
p450	0.9570	0.0379	0.0383	0.7500	Cytochrome P450
Cyt-b5	0.9570	0.0379	0.0383	0.7500	Cytochrome b5-like Heme/Steroid binding domain
FAD_binding_1	0.9570	0.0379	0.0383	0.7500	FAD binding domain
Ku_N	0.9570	0.0379	0.0383	0.7500	Ku70/Ku80 N-terminal alpha/beta domain
FAD_binding_6	0.9570	0.0379	0.0383	0.7500	Oxidoreductase FAD-binding domain
Abhydrolase_2	0.9570	0.0379	0.0383	0.7500	Phospholipase/Carboxylesterase
Prp19	0.9570	0.0379	0.0383	0.7500	Prp19/Pso4-like
Adenylsucc_synt	0.9570	0.0379	0.0383	0.7500	Adenylosuccinate synthetase
Motile_Sperm	0.9570	0.0379	0.0383	0.7500	MSP (Major sperm protein) domain
Lys-1	0.9567	0.0076	0.0193	0.9167	Lysozyme-like protein 1
Synapsin_C	0.9564	0.0034	0.0253	0.4167	Synapsin, ATP binding domain
Synapsin	0.9564	0.0034	0.0253	0.4167	Synapsin pre-ATP-grasp domain
Serpin	0.9564	0.0034	0.0253	0.4167	Serpin (serine protease inhibitor)
HEAT_PSME4_mid	0.9564	0.0374	0.0301	0.7500	Proteasome activator complex subunit 4, mid HEAT repeats region
UBL_ZFAND1	0.9558	0.0075	0.0212	0.3333	ZFAND1-like ubiquitin-like domain
BPL_N	0.9558	0.0075	0.0212	0.3333	Biotin-protein ligase, N terminal
zf-MYST	0.9546	0.0512	0.0425	0.9167	MYST family zinc finger domain
TPP_enzyme_C	0.9538	0.0456	0.0101	1.0000	Thiamine pyrophosphate enzyme, C-terminal TPP binding domain
HTH_3	0.9538	0.0456	0.0101	1.0000	Helix-turn-helix
Stealth_CR3	0.9532	0.0378	0.0041	0.9167	Stealth protein CR3, conserved region 3
Mdm34_N	0.9522	0.0234	0.1110	0.6667	Mdm34, N-terminal domain
Pam16	0.9522	0.0234	0.1110	0.6667	Pam16
AcetylCoA_hydro	0.9522	0.0234	0.1110	0.6667	Acetyl-CoA hydrolase/transferase N-terminal domain
Mgm101p	0.9522	0.0234	0.1110	0.6667	Mitochondrial genome maintenance MGM101
Ribosomal_L22e	0.9518	0.0355	0.0078	0.9167	Ribosomal L22e protein family
MPC	0.9517	0.0463	0.0069	0.6667	Mitochondrial pyruvate carriers
SE	0.9517	0.0463	0.0069	0.6667	Squalene epoxidase
Ribosomal_L5e	0.9513	0.0361	0.0080	0.9167	Ribosomal large subunit proteins 60S L5, and 50S L18
Ribosomal_L18_c	0.9513	0.0361	0.0080	0.9167	Ribosomal L18 C-terminal region
SYY_C-terminal	0.9504	0.0307	0.0727	0.4167	Tyrosine--tRNA ligase SYY-like C-terminal domain
F-actin_cap_A	0.9501	0.0254	0.0204	0.9167	F-actin capping protein alpha subunit
Ins134_P3_kin	0.9479	0.0497	0.0449	1.0000	Inositol 1,3,4-trisphosphate 5/6-kinase ATP-grasp domain
Sec10_N	0.9464	0.0260	0.0336	0.9167	Exocyst complex component Sec10, N-terminal
BolA	0.9461	0.0289	0.0370	0.7500	BolA-like protein
Pex14_N	0.9452	0.0129	0.0118	0.9167	Pex14 N-terminal domain
NifU	0.9445	0.0358	0.0051	0.9167	NifU-like domain
DUF676	0.9440	0.0228	0.0044	0.9167	Putative serine esterase (DUF676)
DNA_pol3_delta2	0.9440	0.0228	0.0044	0.9167	DNA polymerase III, delta subunit
EMC6	0.9440	0.0228	0.0044	0.9167	EMC6
mRNA_cap_C	0.9440	0.0228	0.0044	0.9167	mRNA capping enzyme, C-terminal domain
AdoHcyase_NAD	0.9440	0.0228	0.0044	0.9167	S-adenosyl-L-homocysteine hydrolase, NAD binding domain
AdoHcyase	0.9440	0.0228	0.0044	0.9167	S-adenosyl-L-homocysteine hydrolase
RTE1	0.9436	0.0680	0.0586	0.4167	RTE1-like
Formyl_trans_C	0.9436	0.0019	0.0706	0.4167	Formyl transferase, C-terminal domain
Redoxin	0.9436	0.0447	0.0552	0.7500	Redoxin
CPL	0.9435	0.0336	0.0308	0.8333	CPL (NUC119) domain
TCR	0.9435	0.0336	0.0308	0.8333	Tesmin/TSO1-like CXC domain, cysteine-rich domain
RPAP1_C	0.9435	0.0336	0.0308	0.8333	RPAP1-like, C-terminal
Rrp44_S1	0.9435	0.0336	0.0308	0.8333	S1 domain
WD40_Gbeta	0.9435	0.0336	0.0308	0.8333	G protein beta WD-40 repeat protein
BLOC1_2	0.9432	0.0438	0.0465	0.9167	Biogenesis of lysosome-related organelles complex-1 subunit 2
OGG_N	0.9432	0.0417	0.0204	0.7500	8-oxoguanine DNA glycosylase, N-terminal domain
SFXNs	0.9432	0.0417	0.0204	0.7500	Sideroflexins
Acyl-CoA_dh_N	0.9432	0.0417	0.0204	0.7500	Acyl-CoA dehydrogenase, N-terminal domain
Sacchrp_dh_NADP	0.9432	0.0417	0.0204	0.7500	Saccharopine dehydrogenase NADP binding domain
ACAS_N	0.9432	0.0417	0.0204	0.7500	Acetyl-coenzyme A synthetase N-terminus
3Beta_HSD	0.9432	0.0417	0.0204	0.7500	3-beta hydroxysteroid dehydrogenase/isomerase family
Acyl-CoA_dh_1	0.9432	0.0417	0.0204	0.7500	Acyl-CoA dehydrogenase, C-terminal domain
Amino_oxidase	0.9432	0.0417	0.0204	0.7500	Flavin containing amine oxidoreductase
FAA_hydrolase	0.9432	0.0417	0.0204	0.7500	Fumarylacetoacetate (FAA) hydrolase C-terminal
Acyl-CoA_dh_M	0.9432	0.0417	0.0204	0.7500	Acyl-CoA dehydrogenase, middle domain
BipA_C	0.9431	0.0417	0.0135	0.7500	TypA/BipA C-terminal domain
MCU	0.9431	0.0417	0.0135	0.7500	Mitochondrial calcium uniporter
POPLD	0.9427	0.0069	0.0155	0.8333	POPLD (NUC188) domain
AAA_25	0.9425	0.0175	0.0660	0.5833	AAA domain
DUF229	0.9422	0.0814	0.0497	0.6667	Protein of unknown function (DUF229)
NopRA1	0.9417	0.0171	0.0144	0.8333	Nucleolar pre-ribosomal-associated protein 1
Beta-prop_EMC1_N	0.9399	0.0818	0.0264	0.6667	EMC1 N-terminal beta-propeller domain
B-block_TFIIIC	0.9398	0.0294	0.0388	0.9167	B-block binding subunit of TFIIIC
DUF1604	0.9398	0.0294	0.0388	0.9167	G patch domain-containing protein, N-terminal
PADR1_N	0.9398	0.0294	0.0388	0.9167	PADR1, N-terminal helical domain
POP1_C	0.9398	0.0294	0.0388	0.9167	POP1 C-terminal domain
Succ_DH_flav_C	0.9393	0.0561	0.0079	0.6667	Fumarate reductase flavoprotein C-term
Peptidase_M76	0.9393	0.0561	0.0079	0.6667	Peptidase M76 family
RRF	0.9393	0.0561	0.0079	0.6667	Ribosome recycling factor
Alba	0.9393	0.0561	0.0079	0.6667	Alba
AAA_23	0.9392	0.0290	0.0051	1.0000	AAA domain
M16C_assoc	0.9392	0.0290	0.0030	1.0000	Peptidase M16C associated
Ribosomal_L37ae	0.9391	0.0260	0.0039	1.0000	Ribosomal L37ae protein family
Clp1	0.9387	0.0053	0.0244	1.0000	Pre-mRNA cleavage complex II protein Clp1
TPR_28	0.9384	0.0286	0.0230	1.0000	GBF1-like, tetratrico peptide repeat region
Y_phosphatase3	0.9371	0.0172	0.0158	0.9167	Tyrosine phosphatase family
AAA_22	0.9369	0.0238	0.0050	1.0000	AAA domain
Solute_trans_a	0.9364	0.0181	0.0132	0.8333	Organic solute transporter Ostalpha
MINDY_DUB	0.9362	0.0262	0.0166	0.6667	MINDY deubiquitinase
NFACT_N	0.9361	0.0321	0.0026	0.8333	NFACT N-terminal and middle domains
Sua5_C	0.9361	0.0321	0.0026	0.8333	Threonylcarbamoyl-AMP synthase, C-terminal domain
Methyltrans_RNA	0.9360	0.0693	0.0755	0.5000	RNA methyltransferase domain
DDB_G0273449	0.9353	0.0398	0.0284	0.8333	Uncharacterised protein DDB_G0273449
Cob_adeno_trans	0.9350	0.0116	0.0248	0.7500	Cobalamin adenosyltransferase
Peptidase_C48	0.9348	0.0314	0.0059	1.0000	Ulp1 protease family, C-terminal catalytic domain
Pmp3	0.9348	0.0901	0.0363	0.7500	Proteolipid membrane potential modulator
Act-Frag_cataly	0.9340	0.0138	0.1588	0.6667	Actin-fragmin kinase, catalytic
RPN6_C_helix	0.9340	0.0138	0.1588	0.6667	26S proteasome subunit RPN6 C-terminal helix domain
FANCL_d3	0.9340	0.0138	0.1588	0.6667	FANCL UBC-like domain 3
LisH_TPL	0.9340	0.0138	0.1588	0.6667	LisH-like dimerisation domain
Med18	0.9340	0.0138	0.1588	0.6667	Med18 protein
PI4KB-PIK1_PIK	0.9340	0.0138	0.1588	0.6667	PI4KB/PIK1, accessory (PIK) domain
DUF8412	0.9338	0.0137	0.1593	0.5000	Domain of unknown function (DUF8412)
TYW2_N_2	0.9335	0.0316	0.0068	0.9167	TYW2 N-terminal domain
TPR_Sec16	0.9332	0.0255	0.0038	0.9167	Sec16 Sec23-binding domain
COG4_C	0.9332	0.0255	0.0038	0.9167	Conserved oligomeric Golgi complex subunit 4, C-terminal
PDS5	0.9332	0.0255	0.0038	0.9167	Sister chromatid cohesion protein PDS5 protein
Ebp2	0.9332	0.0255	0.0038	0.9167	Eukaryotic rRNA processing protein EBP2
DUF846	0.9332	0.0255	0.0038	0.9167	Eukaryotic protein of unknown function (DUF846)
U3_assoc_6	0.9332	0.0255	0.0038	0.9167	U3 small nucleolar RNA-associated protein 6
NMD_SH3	0.9330	0.0256	0.0039	0.9167	NMD3 SH3 domain
Isy1	0.9330	0.0256	0.0039	0.9167	Isy1-like splicing family
POLO_box	0.9330	0.0256	0.0039	0.9167	POLO box duplicated region
Nrap_D6	0.9328	0.0253	0.0392	0.9167	Nrap protein domain 6
Pelota_N	0.9328	0.0255	0.0037	0.9167	Pelota N-terminal domain
zf-PARP	0.9328	0.0255	0.0037	0.9167	Poly(ADP-ribose) polymerase and DNA-Ligase Zn-finger region
F-box-like	0.9328	0.0270	0.0037	1.0000	F-box-like
MTR4_beta-barrel	0.9328	0.0271	0.0037	1.0000	Mtr4-like, beta-barrel domain
DSHCT	0.9328	0.0271	0.0037	1.0000	DSHCT (NUC185) domain
ANAPC3	0.9326	0.0258	0.0041	1.0000	Anaphase-promoting complex, cyclosome, subunit 3
Ran_BP1	0.9324	0.0264	0.0037	0.9167	RanBP1 domain
NPL4	0.9324	0.0264	0.0038	0.9167	NPL4 family
Strumpellin	0.9324	0.0264	0.0037	0.9167	Hereditary spastic paraplegia protein strumpellin
mRNA_cap_enzyme	0.9324	0.0264	0.0037	0.9167	mRNA capping enzyme, catalytic domain
dsDNA_bind	0.9323	0.0264	0.0037	0.9167	Double-stranded DNA-binding domain
Pre-PUA_NSUN2	0.9322	0.0097	0.0262	1.0000	NSUN2 Pre-PUA domain
Coatomer_b_Cpla	0.9321	0.0269	0.0037	1.0000	Coatomer beta subunit appendage platform
Coatamer_beta_C	0.9321	0.0269	0.0037	1.0000	Coatomer beta C-terminal region
Avl9	0.9320	0.0091	0.0542	1.0000	Transport protein Avl9
GCN5L1	0.9318	0.0115	0.0232	0.9167	GCN5-like protein 1 (GCN5L1)
AKAP7_NLS	0.9315	0.0255	0.0037	0.8333	AKAP7 2'5' RNA ligase-like domain
R3H	0.9315	0.0255	0.0037	0.8333	R3H domain
BTB_2	0.9315	0.0255	0.0037	0.8333	BTB/POZ domain
Fcf1	0.9315	0.0255	0.0037	0.8333	Fcf1
zf-CCCH_2	0.9315	0.0255	0.0037	0.8333	RNA-binding, Nab2-type zinc finger
AAA_33	0.9315	0.0255	0.0037	0.8333	AAA domain
TPR_19	0.9315	0.0254	0.0039	0.8333	Tetratricopeptide repeat
Arm	0.9315	0.0254	0.0039	0.8333	Armadillo/beta-catenin-like repeat
Mod_r	0.9315	0.0254	0.0039	0.8333	Modifier of rudimentary (Mod(r)) protein
Dynein_light	0.9315	0.0254	0.0039	0.8333	Dynein light chain type 1
Rrp15p	0.9302	0.0242	0.0037	0.9167	Rrp15p
B2-adapt-app_C	0.9302	0.0311	0.0317	0.8333	Beta2-adaptin appendage, C-terminal sub-domain
MS_channel_2nd	0.9301	0.0175	0.0179	1.0000	Mechanosensitive ion channel, beta-domain
RCF1-5-like_lid	0.9299	0.0246	0.0044	1.0000	RCF1/5-like, AAA+ ATPase lid domain
Ribosomal_S25	0.9298	0.0331	0.0000	0.9167	S25 ribosomal protein
CDC73_C	0.9298	0.0272	0.0032	0.8333	RNA pol II accessory factor, Cdc73 family, C-terminal
DUF155	0.9295	0.0399	0.0207	0.7500	RMND1/Sif2-Sif3/Mrx10, DUF155
Ada3	0.9294	0.0320	0.0349	0.7500	Histone acetyltransferases subunit 3
zf-CCHH	0.9293	0.0320	0.0138	0.9167	PBZ domain
Plug_translocon	0.9292	0.0273	0.0031	0.8333	Plug domain of Sec61p
NMO	0.9290	0.0141	0.0241	0.6667	Nitronate monooxygenase
PEMT	0.9281	0.0235	0.0051	1.0000	Phospholipid methyltransferase
SRR1	0.9279	0.0300	0.0202	0.6667	SRR1 domain
Rotamase	0.9277	0.0282	0.0098	1.0000	PPIC-type PPIASE domain
Saf4_Yju2	0.9275	0.0228	0.0047	1.0000	Saf4/Yju2 protein
Myb_DNA-bind_7	0.9275	0.0228	0.0047	1.0000	Myb DNA-binding like
Diphthami_syn_2_N	0.9275	0.0228	0.0047	1.0000	Diphthamide synthase N-terminal domain
RNA_pol_Rpa2_4	0.9275	0.0228	0.0047	1.0000	RNA polymerase I, Rpa2 specific domain
ABA_GPCR	0.9273	0.0341	0.0134	0.9167	Abscisic acid G-protein coupled receptor
PP4R3	0.9271	0.0235	0.0050	1.0000	Phosphatase 4 regulatory subunit 3
Pif1_2B_dom	0.9270	0.0268	0.0031	0.9167	DNA helicase Pif1, 2B domain
SGS	0.9270	0.0268	0.0031	0.9167	SGS domain
Erv26	0.9270	0.0268	0.0031	0.9167	Transmembrane adaptor Erv26
DLIC	0.9268	0.0342	0.0315	0.7500	Dynein light intermediate chain (DLIC)
LigB	0.9268	0.0240	0.0481	0.7500	Catalytic LigB subunit of aromatic ring-opening dioxygenase
Ribosomal_S7e	0.9262	0.0343	0.0000	1.0000	Ribosomal protein S7e
Peptidase_S26	0.9262	0.0342	0.0000	1.0000	Signal peptidase, peptidase S26
Ribosomal_L21e	0.9262	0.0342	0.0000	1.0000	Ribosomal protein L21e
DUF455	0.9261	0.0066	0.0650	0.1667	Protein of unknown function (DUF455)
DUF4246	0.9261	0.0066	0.0650	0.1667	Protein of unknown function (DUF4246)
SH2	0.9261	0.0271	0.0317	1.0000	SH2 domain
DDB_G0292058_C	0.9261	0.0271	0.0317	1.0000	DDB_G0292058-like C-terminal domain
HVSL	0.9260	0.0218	0.0463	0.9167	Uncharacterised conserved protein
NAD_kinase_C	0.9260	0.0218	0.0463	0.9167	ATP-NAD kinase C-terminal domain
OGFOD2-like	0.9260	0.0147	0.0948	0.6667	OGFOD2-like domain
eIF3g	0.9260	0.0147	0.0948	0.6667	Eukaryotic translation initiation factor 3 subunit G
UPF1_Zn_bind	0.9258	0.0633	0.0204	1.0000	RNA helicase (UPF2 interacting domain)
tRNA_Me_trans	0.9255	0.0312	0.0173	0.7500	tRNA methyl transferase HUP domain
Ribosomal_S10	0.9255	0.0082	0.0323	1.0000	Ribosomal protein S10p/S20e
XMAP215_CLASP_TOG	0.9253	0.0209	0.0083	1.0000	XMAP215/Dis1/CLASP, TOG domain
Leuk-A4-hydro_C	0.9252	0.0151	0.0948	0.7500	Leukotriene A4 hydrolase, C-terminal
NOC3p	0.9251	0.0219	0.0706	0.9167	Nucleolar complex-associated protein
GPI2	0.9251	0.0081	0.0038	0.9167	Phosphatidylinositol N-acetylglucosaminyltransferase
Ribosomal_S30	0.9251	0.0010	0.0049	0.9167	Ribosomal protein S30
PH_FAN	0.9250	0.0400	0.0208	0.9167	FAN protein N-terminal PH domain
AIF_C	0.9248	0.0303	0.1077	0.6667	Apoptosis-inducing factor, mitochondrion-associated, C-term
GatB_N	0.9248	0.0303	0.1077	0.6667	GatB/GatE catalytic domain
Pet127	0.9248	0.0303	0.1077	0.6667	Mitochondrial protein Pet127
GatB_Yqey	0.9248	0.0303	0.1077	0.6667	GatB domain
Ribosomal_L28	0.9248	0.0303	0.1077	0.6667	Ribosomal L28 family
D123	0.9245	0.0141	0.0309	1.0000	D123
RRM_2	0.9244	0.0172	0.1546	0.6667	RNA recognition motif 2
ING	0.9244	0.0172	0.1522	0.6667	Inhibitor of growth proteins N-terminal histone-binding
SARAF	0.9244	0.0154	0.0943	0.6667	SOCE-associated regulatory factor of calcium homoeostasis
Alg6_Alg8	0.9244	0.0154	0.0943	0.6667	ALG6, ALG8 glycosyltransferase family
Bin3	0.9244	0.0172	0.1579	0.6667	Bicoid-interacting protein 3 (Bin3)
GFO_IDH_MocA_C	0.9244	0.0172	0.1579	0.6667	Oxidoreductase family, C-terminal alpha/beta domain
LUC7	0.9244	0.0172	0.1579	0.6667	LUC7 N_terminus
KxDL	0.9244	0.0172	0.1579	0.6667	Uncharacterized conserved protein
Vma22_CCDC115	0.9244	0.0172	0.1579	0.6667	Vma22/CCDC115
SPT2	0.9244	0.0172	0.1579	0.6667	SPT2 chromatin protein
WHD_CHMP7_1st	0.9244	0.0172	0.1579	0.6667	CHMP7 N-terminal winged helix domain
Ribosomal_L20	0.9244	0.0172	0.1579	0.6667	Ribosomal protein L20
EXOSC1	0.9244	0.0172	0.1590	0.6667	Exosome component EXOSC1/CSL4
SPase_CTS	0.9244	0.0172	0.1590	0.6667	Signal peptidase C-terminal short helix
WKF	0.9244	0.0172	0.1590	0.6667	WKF domain
HEAT_IPO9_c	0.9244	0.0172	0.1590	0.6667	Importin-9 central HEAT repeats
ASTER	0.9244	0.0172	0.1590	0.6667	PAT complex subunit Asterix
PDDEXK_1	0.9244	0.0172	0.1579	0.6667	PD-(D/E)XK nuclease superfamily
Acetyltransf_CG	0.9244	0.0172	0.1579	0.6667	GCN5-related N-acetyl-transferase
Oxysterol_BP	0.9242	0.0200	0.0295	1.0000	Oxysterol-binding protein
Rad10	0.9242	0.0200	0.0295	1.0000	Binding domain of DNA repair protein Ercc1 (rad10/Swi10)
PH_3	0.9242	0.0200	0.0295	1.0000	PH domain
FERM_M	0.9242	0.0200	0.0295	1.0000	FERM central domain
RasGEF_N	0.9242	0.0200	0.0295	1.0000	RasGEF N-terminal motif
Myosin_TH1	0.9242	0.0200	0.0295	1.0000	Unconventional myosin tail, actin- and lipid-binding
zf-LYAR	0.9241	0.0361	0.0137	0.7500	LYAR-type C2HC zinc finger
zf-DNA_Pol	0.9240	0.0174	0.1579	0.7500	DNA Polymerase alpha zinc finger
INTS5_C	0.9240	0.0174	0.1579	0.7500	Integrator complex subunit 5 C-terminus
TPR_ELP1	0.9240	0.0174	0.1579	0.7500	ELP1 TPR domain
Beta-prop_ELP1_1st	0.9240	0.0174	0.1579	0.7500	ELP1 first N-terminal beta-propeller
HB_ELP1	0.9240	0.0174	0.1579	0.7500	ELP1 three-helix bundle
TPR_PATROL1	0.9240	0.0174	0.1579	0.7500	PATROL1-like, TPR repeats
HHH_8	0.9234	0.0285	0.0000	0.7500	Helix-hairpin-helix domain
ACOX	0.9234	0.0285	0.0000	0.7500	Acyl-CoA oxidase
DHHA1	0.9233	0.0285	0.0000	0.7500	DHHA1 domain
DPPIV_N	0.9233	0.0285	0.0000	0.7500	Dipeptidyl peptidase IV (DPP IV) N-terminal region
LRR_CARMIL	0.9230	0.0029	0.2302	1.0000	CARMIL family, LRR domain
CBM_48	0.9230	0.0029	0.2302	1.0000	Carbohydrate-binding module 48 (Isoamylase N-terminal domain)
Erf4	0.9230	0.0029	0.2302	1.0000	Golgin subfamily A member 7/ERF4 family
HSF_DNA-bind	0.9230	0.0029	0.2302	1.0000	HSF-type DNA-binding
Pus10_N_euk	0.9230	0.0029	0.2302	1.0000	Eukaryotic Pus10, N-terminal
I_LWEQ	0.9230	0.0029	0.2302	1.0000	I/LWEQ domain
Akirin	0.9230	0.0029	0.2302	1.0000	Akirin
Phosphorylase	0.9230	0.0029	0.2302	1.0000	Carbohydrate phosphorylase
RNase_Zc3h12a	0.9230	0.0029	0.2302	1.0000	Zc3h12a-like Ribonuclease NYN domain
ANKRD13_C	0.9230	0.0029	0.2302	1.0000	ANKRD13 C-terminal
Peptidase_S74	0.9230	0.0029	0.2302	1.0000	Chaperone of endosialidase
CBM_20	0.9230	0.0029	0.2302	1.0000	Starch binding domain
FCH	0.9230	0.0029	0.2302	1.0000	Fes/CIP4, and EFC/F-BAR homology domain
Ndc80_HEC	0.9230	0.0029	0.2302	1.0000	HEC/Ndc80p family
Alpha-amylase_C	0.9230	0.0029	0.2302	1.0000	Alpha amylase, C-terminal all-beta domain
DG1062_N	0.9230	0.0029	0.2302	1.0000	DG1062 N-terminal domain
Ig_TMEM131_2	0.9228	0.0183	0.1583	0.6667	Transmembrane protein 131 second Ig-like domain
Proteasom_PSMB	0.9228	0.0183	0.1583	0.6667	Proteasome non-ATPase 26S subunit
Fuz_longin_3	0.9228	0.0183	0.1583	0.6667	Third Longin domain of FUZ, MON1 and HPS1
DP	0.9228	0.0183	0.1583	0.6667	Transcription factor DP
AcetylCoA_hyd_C	0.9223	0.0147	0.0638	0.7500	Acetyl-CoA hydrolase/transferase C-terminal domain
PTP-SAK	0.9220	0.0258	0.0027	0.8333	Swiss Army Knife protein, DSP-PTPase phosphatase domain
Nucleoporin2	0.9218	0.0213	0.0041	1.0000	Nup98-96 autopeptidase S59
AAA_lid_5	0.9217	0.0183	0.0035	1.0000	Midasin AAA lid domain
PNK3P	0.9216	0.0033	0.0038	1.0000	Polynucleotide kinase 3 phosphatase
Porin_3	0.9215	0.0010	0.0062	0.9167	Eukaryotic porin
Orn_Arg_deC_N	0.9211	0.0169	0.0060	1.0000	Pyridoxal-dependent decarboxylase, pyridoxal binding domain
UBC_like	0.9211	0.0023	0.0048	0.9167	Ubiquitin conjugating domain-like
Acetyltransf_13	0.9211	0.0023	0.0048	0.9167	ESCO1/2 acetyl-transferase
RNA_pol_Rpc4	0.9211	0.0023	0.0048	0.9167	RNA polymerase III RPC4
Omp85	0.9211	0.0023	0.0022	0.8333	Omp85 superfamily domain
HEAT_EF3_GNC1	0.9208	0.0375	0.0093	1.0000	Elongation factor 3/GNC1 HEAT repeat
AAA_5	0.9208	0.0375	0.0093	1.0000	AAA domain (dynein-related subfamily)
Coatomer_g_Cpla	0.9208	0.0375	0.0093	1.0000	Coatomer subunit gamma-1 C-terminal appendage platform
NAD_binding_5	0.9208	0.0375	0.0093	1.0000	Myo-inositol-1-phosphate synthase
Inos-1-P_synth	0.9208	0.0375	0.0093	1.0000	Myo-inositol-1-phosphate synthase
AAA_lid_7	0.9208	0.0375	0.0093	1.0000	Midasin AAA lid domain
Nrap_D4	0.9208	0.0375	0.0093	1.0000	Nrap protein nucleotidyltransferase domain 4
HEAT_EF3_N	0.9208	0.0375	0.0093	1.0000	EF3 N-terminal HEAT repeat
CNOT1_CAF1_bind	0.9208	0.0375	0.0093	1.0000	CCR4-NOT transcription complex subunit 1 CAF1-binding domain
CNOT1_TTP_bind	0.9208	0.0375	0.0093	1.0000	CCR4-NOT transcription complex subunit 1 TTP binding domain
VPS35L_C	0.9208	0.0099	0.0294	0.9167	VPS35L C-terminal domain
COMM_HN	0.9208	0.0099	0.0294	0.9167	COMMD2-7/10, HN domain
COMM_domain	0.9208	0.0099	0.0294	0.9167	COMM domain
MTR4-like_stalk	0.9204	0.0057	0.0037	0.9167	Exosome RNA helicase MTR4-like, stalk
Glycos_transf_4	0.9204	0.0057	0.0043	1.0000	Glycosyl transferase family 4
Sec8_N	0.9203	0.0056	0.0040	0.9167	Exocyst complex component Sec8 N-terminal
tRNA_int_endo	0.9203	0.0056	0.0041	1.0000	tRNA intron endonuclease, catalytic C-terminal domain
JmjC	0.9202	0.0325	0.0270	0.7500	JmjC domain, hydroxylase
DHO_dh	0.9202	0.0056	0.0040	1.0000	Dihydroorotate dehydrogenase
HAT_Syf1_CNRKL1_N	0.9202	0.0056	0.0040	1.0000	Pre-mRNA-splicing factor Syf1/CNRKL1 N-terminal HAT repeat
POLQ_helical	0.9202	0.0056	0.0040	1.0000	DNA_pol_Q helicase like region helical domain
TIP120	0.9202	0.0056	0.0040	1.0000	TATA-binding protein interacting (TIP20)
PRMT5_C	0.9202	0.0056	0.0040	1.0000	PRMT5 oligomerisation domain
PRMT5	0.9202	0.0056	0.0040	1.0000	PRMT5 arginine-N-methyltransferase
IBR	0.9202	0.0056	0.0040	1.0000	IBR domain, a half RING-finger domain
SRP-alpha_N	0.9201	0.0056	0.0040	1.0000	Signal recognition particle, alpha subunit, N-terminal
BCCIP	0.9201	0.0056	0.0040	1.0000	BCCIP
Stealth_CR1	0.9201	0.0961	0.0072	0.9167	Stealth protein CR1, conserved region 1
Zn_ribbon_CSL	0.9200	0.0326	0.0283	0.7500	CSL zinc finger
HMG_CoA_synt_N	0.9197	0.0213	0.0000	0.7500	Hydroxymethylglutaryl-coenzyme A synthase N terminal
DUF498	0.9197	0.0213	0.0000	0.7500	Protein of unknown function (DUF498/DUF598)
L51_S25_CI-B8	0.9197	0.0213	0.0000	0.7500	Mitochondrial ribosomal protein L51 / S25 / CI-B8 domain
TauE	0.9197	0.0046	0.0042	1.0000	Sulfite exporter TauE/SafE
SPA	0.9197	0.0046	0.0042	1.0000	Stabilization of polarity axis
DUF382	0.9197	0.0046	0.0042	1.0000	Domain of unknown function (DUF382)
Vps5	0.9195	0.0330	0.0285	0.7500	Vps5 C terminal like
Ins_P5_2-kin	0.9195	0.0330	0.0285	0.7500	Inositol-pentakisphosphate 2-kinase
Prp18	0.9195	0.0330	0.0285	0.7500	Prp18 domain
Cyclin	0.9195	0.0330	0.0285	0.7500	Cyclin
VRR_NUC	0.9195	0.0330	0.0285	0.7500	VRR-NUC domain
PIN_4	0.9195	0.0330	0.0285	0.7500	PIN domain
Nucleoporin_C	0.9195	0.0330	0.0285	0.7500	Non-repetitive/WGA-negative nucleoporin C-terminal
YegS_C	0.9195	0.0330	0.0285	0.7500	YegS C-terminal NAD kinase beta sandwich-like domain
RNA_lig_T4_1	0.9195	0.0330	0.0285	0.7500	RNA ligase
COG5_C	0.9195	0.0330	0.0285	0.7500	Conserved oligomeric Golgi complex subunit 5, C-terminal
Exportin-T	0.9195	0.0330	0.0285	0.7500	Exportin-T
Vac14_Fig4_bd	0.9195	0.0330	0.0285	0.7500	Vacuolar protein 14 C-terminal Fig4p binding
Med26	0.9195	0.0330	0.0285	0.7500	TFIIS helical bundle-like domain
DENR_N	0.9195	0.0330	0.0285	0.7500	DENR, N-terminal
ACCA_BT	0.9195	0.0330	0.0285	0.7500	Acetyl-CoA carboxylase, BT domain
ACC_central	0.9195	0.0330	0.0285	0.7500	Acetyl-CoA carboxylase, central region
GRASP55_65	0.9195	0.0330	0.0285	0.7500	GRASP55/65 PDZ-like domain
SepSecS	0.9195	0.0330	0.0285	0.7500	O-phosphoseryl-tRNA(Sec) selenium transferase, SepSecS
Beta-prop_Vps41	0.9195	0.0330	0.0285	0.7500	Vps42 beta-propeller
COG2_C	0.9195	0.0330	0.0285	0.7500	COG complex component, COG2, C-terminal
UPF0220	0.9195	0.0330	0.0285	0.7500	Uncharacterised protein family (UPF0220)
Zn_ribbon_Elf1	0.9195	0.0330	0.0285	0.7500	Transcription elongation factor Elf1 like
Lipin_N	0.9195	0.0330	0.0285	0.7500	lipin, N-terminal conserved region
WD40_RLD	0.9195	0.0330	0.0285	0.7500	RCC1-like domain
LNS2	0.9195	0.0330	0.0285	0.7500	LNS2 (Lipin/Ned1/Smp2)
LSM14	0.9195	0.0330	0.0285	0.7500	Scd6-like Sm domain
Y_phosphatase2	0.9195	0.0330	0.0285	0.7500	Tyrosine phosphatase family
TPR_Vps41	0.9195	0.0330	0.0285	0.7500	Vps41 TPR-like region
APC1_4th	0.9195	0.0330	0.0285	0.7500	APC1 fourth domain
TPR_Trm732_C	0.9195	0.0330	0.0285	0.7500	Trm732, C-terminal TPR repeats
THU_Piezo1	0.9194	0.0121	0.0279	0.9167	Piezo1-like, transmembrane helical unit
TNFAIP8	0.9194	0.0015	0.1965	0.9167	Tumor necrosis factor alpha-induced protein 8-like
GPHR_N	0.9192	0.0387	0.0118	0.9167	The Golgi pH Regulator (GPHR) Family N-terminal
PGI	0.9191	0.0051	0.0044	1.0000	Phosphoglucose isomerase
PPR_long	0.9190	0.0333	0.0274	0.6667	Pentacotripeptide-repeat region of PRORP
Diphthami_syn_2_C	0.9189	0.0050	0.0045	1.0000	Diphthamide synthase C-terminal domain
WBS_methylT	0.9188	0.0027	0.0047	0.9167	Methyltransferase involved in Williams-Beuren syndrome
Sec5	0.9187	0.0038	0.0051	1.0000	Exocyst complex component Sec5
Yippee-Mis18	0.9187	0.0049	0.0044	0.9167	Yippee zinc-binding/DNA-binding /Mis18, centromere assembly
TFIIS_M	0.9187	0.0049	0.0044	0.9167	Transcription factor S-II (TFIIS), central domain
SH3_12	0.9187	0.0335	0.0280	0.6667	Xrn1 SH3-like domain
XRN1_D1	0.9187	0.0335	0.0280	0.6667	Exoribonuclease Xrn1 D1 domain
SF3b10	0.9185	0.0048	0.0045	1.0000	Splicing factor 3B subunit 10 (SF3b10)
zf-C2H2_2	0.9185	0.0278	0.0179	1.0000	C2H2 type zinc-finger (2 copies)
DAGK_acc	0.9185	0.0278	0.0179	1.0000	Diacylglycerol kinase accessory domain
LMWPc	0.9185	0.0037	0.0047	1.0000	Low molecular weight phosphotyrosine protein phosphatase
PROPPIN	0.9184	0.0037	0.0047	1.0000	PROPPIN
Acetyltransf_3	0.9184	0.0037	0.0047	1.0000	Acetyltransferase (GNAT) domain
HAT_Syf1_M	0.9182	0.0690	0.0072	0.9167	Pre-mRNA-splicing factor SYF1 middle HAT repeat
PAZ	0.9181	0.0046	0.0053	1.0000	PAZ domain
Peptidase_S10	0.9179	0.0333	0.0180	0.7500	Serine carboxypeptidase
PLDc_2	0.9179	0.0333	0.0180	0.7500	Cardiolipin synthase, PLD-like domain
MtN3_slv	0.9179	0.0333	0.0180	0.7500	Sugar efflux transporter for intercellular exchange
PTR2	0.9179	0.0333	0.0180	0.7500	POT family
TPT	0.9179	0.0333	0.0180	0.7500	Triose-phosphate Transporter family
Vps54_N	0.9179	0.0333	0.0180	0.7500	Vacuolar-sorting protein 54, of GARP complex
HpcH_HpaI	0.9179	0.0333	0.0180	0.7500	HpcH/HpaI aldolase/citrate lyase
Maf1	0.9179	0.0333	0.0180	0.7500	Maf1 regulator
Dak1	0.9179	0.0333	0.0180	0.7500	Dak1 domain
VID27	0.9179	0.0333	0.0180	0.7500	VID27 C-terminal WD40-like domain
Prenyltransf	0.9179	0.0333	0.0180	0.7500	Putative undecaprenyl diphosphate synthase
YGR210-like_G4	0.9179	0.0333	0.0180	0.7500	Obg-like GTPase YGR210-like, G4 motif-containing domain
Mpo1-like	0.9179	0.0333	0.0180	0.7500	2-hydroxy-palmitic acid dioxygenase Mpo1-like
Ig_NUP210_13th	0.9177	0.0018	0.2038	0.9167	NUP210 Ig-like domain 13
NatB_MDM20	0.9177	0.0043	0.0036	0.9167	N-acetyltransferase B complex (NatB) non catalytic subunit
dsrm	0.9177	0.0008	0.0052	0.7500	Double-stranded RNA binding motif
DUF525	0.9177	0.0341	0.0280	0.6667	ApaG domain
NTP_transf_7	0.9177	0.0018	0.2025	0.9167	Nucleotidyltransferase
RIC1	0.9177	0.0070	0.0029	1.0000	RIC1 C-terminal alpha solenoid region
CKS	0.9176	0.0037	0.0049	0.9167	Cyclin-dependent kinase regulatory subunit
IBB	0.9176	0.0187	0.0944	0.7500	Importin beta binding domain
MR_MLE_C	0.9176	0.0187	0.0944	0.7500	Enolase C-terminal domain-like
RPN2_C	0.9176	0.0044	0.0036	1.0000	26S proteasome regulatory subunit RPN2 C-terminal domain
Alpha_adaptinC2	0.9175	0.0069	0.0034	1.0000	Adaptin C-terminal domain
SPC22	0.9175	0.0069	0.0033	0.9167	Signal peptidase subunit
Mnd1	0.9175	0.0069	0.0033	0.9167	Mnd1 HTH domain
PSP	0.9174	0.0044	0.0042	0.9167	PSP
SRP40_C	0.9174	0.0043	0.0030	0.8333	SRP40, C-terminal domain
Q_salvage	0.9174	0.0040	0.0052	1.0000	Queuosine salvage protein
UMP1	0.9172	0.0136	0.0317	0.8333	Proteasome maturation factor UMP1
CCDC22_N	0.9168	0.0140	0.0290	0.8333	CCDC22 protein N-terminal domain
Hydrolase_3	0.9168	0.0254	0.0094	0.9167	haloacid dehalogenase-like hydrolase
AA_kinase	0.9167	0.0060	0.0051	0.9167	Amino acid kinase family
ArsA_ATPase	0.9167	0.0052	0.0052	1.0000	Anion-transporting ATPase
tRNA_Me_trans_M	0.9165	0.0228	0.1135	0.7500	tRNA methyl transferase PRC-barrel domain
BLTP3A_B	0.9165	0.0228	0.1135	0.7500	Bridge-like lipid transfer protein family member 3A/B
Ribosomal_uL15_N	0.9165	0.0228	0.1135	0.7500	Ribosomal protein uL15, N-terminal region
Beta-prop_WDR11_2nd	0.9164	0.0487	0.1589	0.5833	WDR11 second beta-propeller
TREH_N	0.9158	0.0498	0.1592	0.5833	Trehalase-like, N-terminal
Copine	0.9156	0.0037	0.0059	1.0000	Copine
BTB	0.9155	0.0037	0.0056	1.0000	BTB/POZ domain
Glyco_transf_4	0.9155	0.0051	0.0056	1.0000	Glycosyltransferase Family 4
Kinetochor_Ybp2	0.9154	0.0503	0.1588	0.5000	Uncharacterised protein family, YAP/Alf4/glomulin
SF3A2	0.9152	0.0051	0.0024	0.9167	Pre-mRNA-splicing factor SF3a complex subunit 2 (Prp11)
DRMBL	0.9149	0.0072	0.0034	1.0000	DNA repair metallo-beta-lactamase
Intu_longin_1	0.9148	0.0070	0.0012	0.9167	First Longin domain of INTU, CCZ1 and HPS4
YEATS	0.9148	0.0070	0.0012	0.9167	YEATS family
Utp21	0.9148	0.0070	0.0012	0.9167	Utp21 specific WD40 associated putative domain
DUF2428	0.9148	0.0070	0.0012	0.9167	THADA/TRM732, DUF2428
RNA_pol_Rpc34	0.9148	0.0070	0.0012	0.9167	RNA polymerase Rpc34 subunit
COG4_m	0.9147	0.0069	0.0000	0.8333	COG4 transport protein, middle alpha-helical bundle
SYS1	0.9147	0.0069	0.0000	0.8333	Integral membrane protein S linking to the trans Golgi network
ANAPC10	0.9147	0.0069	0.0000	0.8333	Anaphase-promoting complex, subunit 10 (APC10)
Ig_TRAPPC11_2nd	0.9147	0.0335	0.0425	0.9167	TRAPPC11 second Ig-like domain
Piezo_THU9_anchor	0.9146	0.0047	0.0018	0.9167	Piezo, THU9 and anchor domain
Piezo_cap	0.9146	0.0047	0.0018	0.9167	Piezo non-specific cation channel, cap domain
PGM1_C_vert_fung	0.9145	0.0067	0.0021	0.9167	Phosphoglucomutase-1, C-terminal domain
GFO_IDH_MocA	0.9145	0.0067	0.0021	0.9167	Oxidoreductase family, NAD-binding Rossmann fold
Fer4	0.9145	0.0032	0.0039	0.9167	4Fe-4S binding domain
Sad1_UNC	0.9144	0.0066	0.0011	0.9167	Sad1 / UNC-like C-terminal
DUF747	0.9144	0.0066	0.0011	0.9167	Eukaryotic membrane protein family
TPR1-like_2nd	0.9144	0.0989	0.0418	0.7500	TPR1-like, CTLH-containing domain
Ank_3	0.9143	0.0156	0.0297	0.8333	Ankyrin repeat
TIG	0.9142	0.0099	0.0073	1.0000	IPT/TIG domain
FG-GAP_3	0.9142	0.0100	0.0306	0.9167	FG-GAP-like repeat
Endonuclease_5	0.9142	0.0268	0.0061	0.9167	Endonuclease V
SBDS_domain_II	0.9142	0.0268	0.0061	0.9167	SBDS protein, domain II
CID	0.9140	0.0041	0.0061	1.0000	CID domain
Ig_NUP210_2nd	0.9139	0.0367	0.0479	0.9167	NUP210 Ig-like domain 2
Ig_NUP210_7th	0.9139	0.0367	0.0479	0.9167	NUP210 Ig-like domain 7
SAP	0.9139	0.0084	0.0060	0.8333	SAP domain
Gly_kinase	0.9139	0.0049	0.0062	1.0000	Glycerate kinase family
EFP_N	0.9135	0.0304	0.0191	0.7500	Elongation factor P (EF-P) KOW-like domain
Romo1	0.9135	0.0160	0.0675	0.6667	Reactive mitochondrial oxygen species modulator 1
Toprim_2	0.9135	0.0160	0.0675	0.6667	Toprim-like
Glyoxalase	0.9135	0.0087	0.0010	0.8333	Glyoxalase/Bleomycin resistance protein/Dioxygenase superfamily
APH	0.9135	0.0087	0.0010	0.8333	Phosphotransferase enzyme family
A_deamin	0.9134	0.0054	0.0000	0.9167	Adenosine-deaminase (editase) domain
GST_N_4	0.9134	0.0305	0.0191	0.6667	Glutathione S-transferase N-terminal domain
KH_12	0.9131	0.0079	0.0368	0.9167	KH-domain
SRP9-21	0.9130	0.0542	0.1554	0.5833	Signal recognition particle 9 kDa protein (SRP9)
TPR_EMC2	0.9125	0.0188	0.0352	1.0000	EMC2 TPR-like repeat domain
F_actin_cap_B	0.9125	0.0188	0.0352	1.0000	F-actin capping protein, beta subunit
R1_ABCA1	0.9123	0.0307	0.0204	0.6667	ABCA1-like, C-terminal R1 regulatory domain
PI3K_C2	0.9122	0.0063	0.0000	1.0000	Phosphoinositide 3-kinase C2
Asparaginase_C	0.9122	0.0062	0.0000	1.0000	Glutaminase/Asparaginase C-terminal domain
Asparaginase	0.9122	0.0062	0.0000	1.0000	Asparaginase, N-terminal
LRR_14	0.9121	0.0178	0.0355	1.0000	Leucine-rich repeat region
Rad9	0.9121	0.0077	0.0399	0.9167	Rad9
Sec10_HB	0.9120	0.0058	0.0000	1.0000	Exocyst complex component Sec10-like, alpha-helical bundle
zf-UBR	0.9119	0.0056	0.0000	1.0000	Putative zinc finger in N-recognin (UBR box)
PRT6_C	0.9119	0.0056	0.0000	1.0000	Proteolysis_6 C-terminal
PHD	0.9118	0.0054	0.0000	1.0000	PHD-finger
MYCBP_helical	0.9118	0.0361	0.0327	0.7500	c-Myc-binding protein
VWA	0.9117	0.0177	0.0357	1.0000	von Willebrand factor type A domain
Clathrin_H_link	0.9117	0.0051	0.0000	1.0000	Clathrin-H-link
SNAPC1	0.9115	0.0142	0.0319	0.9167	Small nuclear RNA activating complex (SNAPc), subunit 1
COP9_hel_rpt	0.9114	0.0181	0.0357	1.0000	COP9 signalosome complex subunit 3, N-terminal helical repeats
Sec6	0.9114	0.0179	0.0357	1.0000	Exocyst complex component Sec6
EamA	0.9110	0.0043	0.0074	1.0000	EamA-like transporter family
UCH_C	0.9109	0.0036	0.0000	0.9167	Ubiquitin carboxyl-terminal hydrolases
AP_endonuc_2	0.9108	0.0259	0.1519	0.5833	Xylose isomerase-like TIM barrel
Fer4_8	0.9107	0.0568	0.0423	0.7500	4Fe-4S dicluster domain
CAP_N	0.9107	0.0043	0.0075	1.0000	CAP, N-terminal domain
Methyltransf_25	0.9106	0.0187	0.0289	0.8333	Methyltransferase domain
P5CR_dimer	0.9106	0.0187	0.0289	0.8333	Pyrroline-5-carboxylate reductase dimerisation
RNA_ligase	0.9106	0.0187	0.0289	0.8333	RNA ligase
Sugar_tr	0.9106	0.0187	0.0289	0.8333	Sugar (and other) transporter
PITH	0.9106	0.0187	0.0289	0.8333	PITH domain
Pribosyltran	0.9106	0.0187	0.0289	0.8333	Phosphoribosyl transferase domain
OTU	0.9106	0.0187	0.0289	0.8333	OTU-like cysteine protease
CPSF73-100_C	0.9106	0.0187	0.0289	0.8333	Pre-mRNA 3'-end-processing endonuclease polyadenylation factor C-term
RINGv	0.9106	0.0187	0.0289	0.8333	RING-variant domain
Isochorismatase	0.9106	0.0187	0.0289	0.8333	Isochorismatase domain
TPR_SYVN1_N	0.9106	0.0187	0.0289	0.8333	E3 ubiquitin-protein ligase synoviolin-like, TPR repeats
PMSR	0.9106	0.0187	0.0289	0.8333	Peptide methionine sulfoxide reductase
PPP5	0.9106	0.0187	0.0289	0.8333	PPP5 TPR repeat region
DLH	0.9105	0.0699	0.0178	0.8333	Dienelactone hydrolase family
zf-DNL	0.9105	0.0027	0.0000	0.7500	DNL zinc finger
Glyco_hydro_20	0.9104	0.0179	0.0362	1.0000	Glycosyl hydrolase family 20, catalytic domain
Utp12	0.9103	0.0042	0.0074	1.0000	Dip2/Utp12 Family
ELFV_dehydrog_N	0.9103	0.0024	0.0000	0.7500	Glu/Leu/Phe/Val dehydrogenase, dimerisation domain
DCB	0.9103	0.0179	0.0363	1.0000	Mon2/Sec7/BIG1-like, dimerisation and cyclophilin-binding domain
Arrestin_C	0.9103	0.0179	0.0363	1.0000	Arrestin (or S-antigen), C-terminal domain
Ephrin_rec_like	0.9103	0.0179	0.0363	1.0000	Tyrosine-protein kinase ephrin type A/B receptor-like
Ig_NUP210_9th	0.9101	0.0116	0.1145	0.8333	NUP210, Ig-like domain 9
HTH_CHD1_Hrp3	0.9100	0.0160	0.0513	0.8333	ATP-dependent helicase CHD1-2/hrp3 HTH domain
DDX23	0.9100	0.0160	0.0513	0.8333	DDX23-like domain
Pkinase_C	0.9099	0.0042	0.0076	1.0000	Protein kinase C terminal domain
BCAS3_WD40	0.9099	0.0042	0.0076	1.0000	BCAS3, WD40 repeat
GatC	0.9098	0.0138	0.0737	0.6667	Glu-tRNAGln amidotransferase C subunit
Alpha_kinase	0.9096	0.0025	0.0000	1.0000	Alpha-kinase family
Frag1	0.9095	0.0035	0.0017	1.0000	Frag1/DRAM/Sfk1/Cwh43P N-terminal domain
Ribosomal_L26	0.9094	0.0007	0.0000	0.9167	Ribosomal proteins L26 eukaryotic, L24P archaeal
SET_TTL	0.9092	0.0114	0.0787	0.4167	Tubulin tyrosine ligase SET-like domain
Ribosomal_S17e	0.9091	0.0000	0.0000	1.0000	Ribosomal S17
PreP_C	0.9091	0.0000	0.0000	1.0000	PreP C-terminal domain
Ferric_reduct	0.9091	0.0000	0.0000	1.0000	Ferric reductase like transmembrane component
Chromo	0.9091	0.0000	0.0000	1.0000	Chromo (CHRromatin Organisation MOdifier) domain
WASH-7_C	0.9091	0.0000	0.0000	0.9167	WASH complex subunit 7, C-terminal
PI3K_rbd	0.9091	0.0000	0.0000	1.0000	PI3-kinase family, ras-binding domain
WASH-7_mid	0.9091	0.0000	0.0000	0.9167	WASH complex subunit 7
P16-Arc	0.9091	0.0000	0.0000	1.0000	ARP2/3 complex 16 kDa subunit (p16-Arc)
STT3-PglB_core	0.9091	0.0000	0.0000	1.0000	STT3/PglB/AglB core domain
IBR_1	0.9091	0.0000	0.0000	1.0000	IBR domain
PRK	0.9091	0.0000	0.0000	1.0000	Phosphoribulokinase / Uridine kinase family
CBFD_NFYB_HMF	0.9091	0.0000	0.0000	1.0000	Histone-like transcription factor (CBF/NF-Y) and archaeal histone
Thioredoxin_14	0.9091	0.0000	0.0000	0.9167	Thioredoxin-like domain
Glyco_transf_24	0.9091	0.0000	0.0000	0.9167	Glucosyltransferase 24
PC_rep	0.9091	0.0000	0.0000	0.9167	Proteasome/cyclosome repeat
SH3_2	0.9091	0.0000	0.0000	1.0000	Variant SH3 domain
Beta-prop_CAF1B_HIR1	0.9091	0.0000	0.0000	1.0000	CAF1B/HIR1 beta-propeller domain
GDP_Man_Dehyd	0.9091	0.0000	0.0000	1.0000	GDP-mannose 4,6 dehydratase
Sedlin_N	0.9091	0.0000	0.0000	0.9167	Sedlin
STT3	0.9091	0.0000	0.0000	1.0000	Oligosaccharyl transferase STT3, N-terminal
F-box	0.9091	0.0000	0.0038	1.0000	F-box domain
Phosducin	0.9091	0.0000	0.0000	1.0000	Phosducin
SPX	0.9091	0.0000	0.0000	1.0000	SPX domain
GATase_6	0.9091	0.0000	0.0000	0.9167	Glutamine amidotransferase domain
TPR_NAA35	0.9091	0.0000	0.0000	1.0000	NAA35-like, TPR repeats
RHD3_GTPase	0.9091	0.0000	0.0000	1.0000	Root hair defective 3 GTP-binding protein (RHD3) GTPase domain
PTS_2-RNA	0.9091	0.0000	0.0000	1.0000	RNA 2'-phosphotransferase, Tpt1 / KptA family
TrkH	0.9091	0.0000	0.0000	1.0000	Cation transport protein
Sey1_3HB	0.9091	0.0000	0.0000	1.0000	Sey1 three-helix bundle domain
VWA_3	0.9091	0.0000	0.0000	1.0000	von Willebrand factor type A domain
Ribosomal_L19e	0.9091	0.0000	0.0000	0.9167	Ribosomal protein L19e, N-terminal domain
EF-hand_6	0.9091	0.0000	0.0000	1.0000	EF-hand domain
ALIX_LYPXL_bnd	0.9091	0.0000	0.0046	1.0000	ALIX V-shaped domain binding to HIV
Piwi	0.9091	0.0000	0.0000	1.0000	Piwi domain
HAT_Syf1_CNRKL1_C	0.9091	0.0000	0.0000	1.0000	Pre-mRNA-splicing factor Syf1/CRNKL1 C-terminal HAT repeat
DUF2039	0.9091	0.0000	0.0000	0.9167	Uncharacterized conserved protein (DUF2039)
DUF2838	0.9091	0.0000	0.0000	1.0000	Protein of unknown function (DUF2838)
CLN3	0.9091	0.0000	0.0000	1.0000	CLN3 protein
AMP-binding_C_3	0.9091	0.0000	0.0000	0.9167	AMP-binding enzyme C-terminal domain
ERp29	0.9091	0.0000	0.0000	0.9167	Endoplasmic reticulum protein ERp29, C-terminal domain
Hexapep	0.9091	0.0000	0.0000	1.0000	Bacterial transferase hexapeptide (six repeats)
Ribosomal_S21e	0.9091	0.0000	0.0000	1.0000	Ribosomal protein S21e
ECM10	0.9091	0.0000	0.0000	0.7500	ER membrane protein complex subunit 10
Ribosomal_L44	0.9091	0.0000	0.0000	0.7500	Ribosomal protein L44
mRNA_triPase	0.9091	0.0000	0.0000	0.8333	mRNA capping enzyme, beta chain
eIF-5a	0.9091	0.0000	0.0000	1.0000	Eukaryotic elongation factor 5A hypusine, DNA-binding OB fold
DNA_pol_D_N	0.9091	0.0000	0.0000	0.9167	DNA polymerase delta subunit OB-fold domain
Gcd10p	0.9091	0.0000	0.0300	1.0000	Gcd10p family
Urm1	0.9091	0.0000	0.0043	1.0000	Urm1 (Ubiquitin related modifier)
IF5A-like_N	0.9091	0.0000	0.0000	1.0000	Translation initiation factor 5A-like, N-terminal
ALG11_N	0.9091	0.0000	0.0000	1.0000	ALG11 mannosyltransferase N-terminus
TPR_Psidin_N	0.9091	0.0000	0.0000	0.8333	Psidin, N-terminal TPR repeats region
PIG-P	0.9091	0.0000	0.0000	1.0000	PIG-P
ProRS-C_1	0.9091	0.0000	0.0000	1.0000	Prolyl-tRNA synthetase, C-terminal
Gpi1	0.9091	0.0000	0.0000	0.8333	N-acetylglucosaminyl transferase component (Gpi1)
zf-C2H2	0.9091	0.0000	0.0000	1.0000	Zinc finger, C2H2 type
HTH_61	0.9091	0.0000	0.0000	0.8333	Helix-turn-helix domain
SKIP_SNW	0.9091	0.0000	0.0000	0.8333	SKIP/SNW domain
HHH	0.9091	0.0000	0.0000	0.9167	Helix-hairpin-helix motif
PPI_Ypi1	0.9091	0.0000	0.0000	0.7500	Protein phosphatase inhibitor
RsfS	0.9091	0.0000	0.0000	0.6667	Ribosomal silencing factor during starvation
ZZ	0.9091	0.0000	0.0000	0.7500	Zinc finger, ZZ type
ARM_TBCD_2nd	0.9091	0.0000	0.0000	0.7500	Tubulin-specific chaperone D-like, ARM repeats
HEAT_EZ	0.9091	0.0000	0.0000	0.7500	HEAT-like repeat
Sterile	0.9091	0.0000	0.0000	0.7500	Male sterility protein
NCA2	0.9091	0.0000	0.0000	0.6667	ATP synthase regulation protein NCA2
GST_N_3	0.9091	0.0000	0.0000	0.6667	Glutathione S-transferase, N-terminal domain
GST_N_2	0.9091	0.0000	0.0000	0.7500	Glutathione S-transferase, N-terminal domain
Ribosomal_L19e_C	0.9091	0.0000	0.0000	1.0000	Ribosomal protein L19e, C-terminal domain
Ribosomal_L17	0.9091	0.0000	0.0000	0.6667	Ribosomal protein L17
NDUF_B7	0.9091	0.0000	0.0000	0.7500	NADH-ubiquinone oxidoreductase B18 subunit (NDUFB7)
Cmc1	0.9091	0.0000	0.0000	0.7500	Cytochrome c oxidase biogenesis protein Cmc1 like
CoA_binding	0.9091	0.0000	0.0000	0.7500	CoA binding domain
TXD17-like_Trx	0.9091	0.0000	0.0000	0.7500	Thioredoxin domain-containing protein 17-like, thioredoxin domain
DIOX_N	0.9091	0.0000	0.0000	0.7500	non-haem dioxygenase in morphine synthesis N-terminal
GPAT_C	0.9091	0.0000	0.0000	0.7500	Glycerol-3-phosphate acyltransferase C-terminal region
UCR_14kD	0.9091	0.0000	0.0000	0.7500	Ubiquinol-cytochrome C reductase complex 14kD subunit
ATP-cone	0.9091	0.0000	0.0000	0.8333	ATP cone domain
Polyketide_cyc	0.9091	0.0000	0.0000	0.6667	Polyketide cyclase / dehydrase and lipid transport
UPF0020	0.9091	0.0000	0.0000	0.9167	RMKL-like, methyltransferase domain
UPRTase	0.9091	0.0000	0.0000	0.7500	Uracil phosphoribosyltransferase
FSH1	0.9091	0.0000	0.0000	0.7500	Serine hydrolase (FSH1)
Utp11	0.9091	0.0000	0.0000	0.8333	Utp11 protein
Citrate_synt	0.9091	0.0000	0.0000	0.7500	Citrate synthase, C-terminal domain
Peptidase_M24_C	0.9091	0.0000	0.0000	0.9167	C-terminal region of peptidase_M24
USP7_ICP0_bdg	0.9091	0.0000	0.0000	0.7500	ICP0-binding domain of Ubiquitin-specific protease 7
Frataxin_Cyay	0.9091	0.0000	0.0000	0.7500	Frataxin-like domain
ANAPC8	0.9091	0.0000	0.0000	0.7500	Anaphase promoting complex subunit 8 / Cdc23
Formyl_trans_N	0.9091	0.0000	0.0000	0.7500	Formyl transferase
TRAPPC13_N	0.9091	0.0000	0.0000	0.7500	Trafficking protein particle complex subunit 13, N-terminal
Glyco_transf_10	0.9091	0.0000	0.0000	0.7500	Glycosyltransferase family 10 (fucosyltransferase) C-term
CXXC_Zn-b_euk	0.9091	0.0000	0.0000	0.6667	CXXC motif containing zinc binding protein, eukaryotic
EF-G_D2	0.9091	0.0000	0.0000	0.7500	Elongation factor G domain 2
Sdh5	0.9091	0.0000	0.0000	0.7500	Flavinator of succinate dehydrogenase
SHMT	0.9091	0.0000	0.0000	0.7500	Serine hydroxymethyltransferase
DUF1674	0.9091	0.0000	0.0000	0.7500	Protein of unknown function (DUF1674)
EF-hand_1	0.9091	0.0000	0.0000	1.0000	EF hand domain
CoA_trans	0.9091	0.0000	0.0000	0.7500	Coenzyme A transferase
PCMT	0.9091	0.0000	0.0000	0.6667	Protein-L-isoaspartate(D-aspartate) O-methyltransferase (PCMT)
Peptidase_M16_M	0.9091	0.0000	0.0000	0.7500	Middle or third domain of peptidase_M16
PhosphMutase	0.9091	0.0000	0.0000	0.6667	2,3-bisphosphoglycerate-independent phosphoglycerate mutase
RNase_H2_suC	0.9091	0.0000	0.0000	0.7500	Ribonuclease H2 non-catalytic subunit (Ylr154p-like)
Complex1_LYR_2	0.9091	0.0000	0.0000	0.7500	Complex1_LYR-like
Fe-S_biosyn	0.9091	0.0000	0.0000	0.7500	Iron-sulphur cluster biosynthesis
Ku_PK_bind	0.9091	0.0000	0.0000	0.7500	Ku C terminal domain like
Nup54	0.9091	0.0000	0.0000	0.7500	Nucleoporin complex subunit 54
Ribosomal_L30_N	0.9091	0.0000	0.0000	0.6667	Ribosomal L30 N-terminal domain
DHR-2_Lobe_A	0.9091	0.0000	0.0000	1.0000	DHR-2, Lobe A
CPSase_L_D1	0.9091	0.0000	0.0000	0.7500	Carbamoyl phosphate synthase preATP-grasp domain
GRIM-19	0.9091	0.0000	0.0000	0.7500	GRIM-19 protein
CPSase_L_D3	0.9091	0.0000	0.0000	0.7500	Carbamoyl-phosphate synthetase large chain, oligomerisation domain
SUV3_C	0.9091	0.0000	0.0000	0.6667	ATP-dependent RNA helicase SUV3 C-terminal domain
RNase_H	0.9091	0.0000	0.0000	0.5000	RNase H
EIF3I	0.9091	0.0000	0.0000	0.7500	EIF3I
TRAP_alpha	0.9091	0.0000	0.0000	0.7500	Translocon-associated protein (TRAP), alpha subunit
Rubis-subs-bind	0.9091	0.0000	0.0000	0.7500	Rubisco LSMT substrate-binding
DDRGK	0.9091	0.0000	0.0000	0.7500	DDRGK domain
Cytochrom_B561	0.9091	0.0000	0.0000	0.7500	Eukaryotic cytochrome b561
IPP-2	0.9091	0.0000	0.0000	0.7500	Protein phosphatase inhibitor 2 (IPP-2)
DDAH_eukar	0.9091	0.0000	0.0000	0.7500	N,N dimethylarginine dimethylhydrolase, eukaryotic
FAD_binding_8	0.9091	0.0000	0.0000	0.7500	FAD-binding domain
VPS18_solenoid_1st	0.9091	0.0000	0.0000	0.7500	VPS18, alpha-solenoid domain, first half
VPS13_VAB	0.9091	0.0000	0.0000	0.7500	Vacuolar-sorting associated protein 13, adaptor binding domain
Robl_LC7	0.9091	0.0000	0.0000	0.7500	Roadblock/LC7 domain
TFCD_C	0.9091	0.0000	0.0000	0.7500	Tubulin folding cofactor D C terminal
CDK5RAP3	0.9091	0.0000	0.0000	0.7500	CDK5 regulatory subunit-associated protein 3
DOCK-C2	0.9091	0.0000	0.0000	1.0000	C2 domain in Dock180 and Zizimin proteins
CactinC_cactus	0.9091	0.0000	0.0000	0.9167	Cactus-binding C-terminus of cactin protein
G6PD_C	0.9091	0.0000	0.0000	0.7500	Glucose-6-phosphate dehydrogenase, C-terminal domain
Pentapeptide	0.9091	0.0000	0.0000	0.7500	Pentapeptide repeats (8 copies)
G6PD_N	0.9091	0.0000	0.0000	0.6667	Glucose-6-phosphate dehydrogenase, NAD binding domain
PLAC8	0.9091	0.0000	0.0000	0.7500	PLAC8 family
Nop14	0.9091	0.0000	0.0000	0.7500	Nop14-like family
Thiolase_C	0.9091	0.0000	0.0000	0.7500	Thiolase, C-terminal domain
PqqF-like_C_4	0.9091	0.0000	0.0000	0.7500	PQQ synthase PqqF-like, C-terminal lobe domain 4
Pex16	0.9091	0.0000	0.0000	0.7500	Peroxisomal membrane protein (Pex16)
CCDC53	0.9091	0.0000	0.0000	0.7500	Subunit CCDC53 of WASH complex
TANGO2	0.9091	0.0000	0.0000	0.7500	Transport and Golgi organisation 2
Topo_C_assoc	0.9091	0.0000	0.0000	0.7500	C-terminal topoisomerase domain
PA26	0.9091	0.0000	0.0000	0.7500	PA26 p53-induced protein (sestrin)
STPPase_N	0.9091	0.0000	0.0000	0.8333	Serine-threonine protein phosphatase N-terminal domain
JmjC_2	0.9091	0.0000	0.0000	0.7500	JmjC domain
CPSase_sm_chain	0.9091	0.0000	0.0000	0.7500	Carbamoyl-phosphate synthase small chain, CPSase domain
AAA_lid_BCS1	0.9091	0.0000	0.0000	0.7500	Mitochondrial chaperone BCS1-like, ATPase lid domain
DEXQc_Suv3	0.9091	0.0000	0.0000	0.7500	DEXQ-box helicase domain of Suv3
ABC2_membrane_7	0.9091	0.0000	0.0000	0.7500	ABC-2 type transporter
RICTOR_N	0.9091	0.0000	0.0000	0.8333	Rapamycin-insensitive companion of mTOR, N-term
Ribosomal_S7	0.9091	0.0000	0.0000	1.0000	Ribosomal protein S7p/S5e
Cpn10	0.9091	0.0000	0.0000	0.8333	Chaperonin 10 Kd subunit
Ribosomal_S2	0.9091	0.0000	0.0000	0.9167	Ribosomal protein S2
Ribosomal_L30	0.9091	0.0000	0.0246	0.9167	Ribosomal protein L30p/L7e
Creatinase_N_2	0.9091	0.0000	0.0000	0.9167	Creatinase/Prolidase N-terminal domain
C2_ITFG1	0.9091	0.0000	0.0000	0.8333	ITFG1, C2 domain
Creatinase_N	0.9091	0.0000	0.0000	0.9167	Creatinase/Prolidase N-terminal domain
Rad1	0.9090	0.0000	0.0000	0.8333	Repair protein Rad1/Rec1/Rad17
ARPC4	0.9090	0.0000	0.0000	0.9167	ARP2/3 complex 20 kDa subunit (ARPC4)
ATG5_UblA	0.9090	0.0000	0.0000	0.9167	Autophagy protein ATG5, UblA domain
RNA_pol_N	0.9090	0.0001	0.0000	0.7500	RNA polymerases N / 8 kDa subunit
tRNA_synt_1c_R1	0.9089	0.0122	0.0094	0.9167	Glutaminyl-tRNA synthetase, non-specific RNA binding region part 1
MCM_bind	0.9082	0.0017	0.0000	0.9167	Mini-chromosome maintenance replisome factor
Methyltransf_32	0.9082	0.0018	0.0011	1.0000	Methyltransferase domain
Beta-prop_WDR36-Utp21_1st	0.9082	0.0018	0.0000	0.8333	WDR36/Utp21 first beta-propeller
Beta-prop_WDR36-Utp21_2nd	0.9082	0.0018	0.0000	0.8333	WDR36/Utp21 second beta-propeller domain
zf-CCHC_2	0.9078	0.0485	0.0078	0.9167	Zinc knuckle
PF1765-like	0.9078	0.0485	0.0078	0.9167	PF1765 protein family
Rav1p_C	0.9078	0.0124	0.0035	1.0000	RAVE protein 1 C terminal
Pept_C14_Metacaspase	0.9077	0.0563	0.0211	0.5000	Metacaspase, peptidase C14 domain
STX6_10_61_N	0.9074	0.0241	0.0947	0.7500	Syntaxin 6/10/61, N-terminal
GSKIP_dom	0.9074	0.0241	0.0947	0.7500	GSKIP domain
DUF4326	0.9074	0.0241	0.0947	0.7500	Domain of unknown function (DUF4326)
Acyl-CoA_ox_N	0.9074	0.0241	0.0947	0.7500	Acyl-coenzyme A oxidase N-terminal
S10_plectin	0.9068	0.0036	0.0022	0.8333	Plectin/S10 domain
Rsm22	0.9065	0.0390	0.0236	0.7500	Mitochondrial small ribosomal subunit Rsm22
PUL	0.9062	0.0058	0.0069	1.0000	PUL domain
DNA_pol_phi	0.9062	0.0131	0.0448	1.0000	DNA polymerase phi
Vps55	0.9061	0.0149	0.0286	0.6667	Vacuolar protein sorting 55
CCDC93_N	0.9060	0.0184	0.0304	0.9167	CCDC93 protein N-terminal domain
CCDC93_CC	0.9060	0.0184	0.0304	0.9167	CCDC93 coiled-coil domain
Ribosomal_S3_C	0.9057	0.0043	0.0039	0.8333	Ribosomal protein S3, C-terminal domain
Ribosomal_L18A	0.9056	0.0036	0.0047	0.8333	Ribosomal proteins 50S-L18Ae/60S-L20/60S-L18A
Ribosomal_S19e	0.9056	0.0036	0.0047	0.8333	Ribosomal protein S19e
Cdc6-ORC-like_ATPase_lid	0.9055	0.0477	0.1543	0.5833	Cdc6/ORC-like, ATPase lid domain
RtcB	0.9055	0.0190	0.0049	0.9167	tRNA-splicing ligase RtcB
UPF0113	0.9054	0.0190	0.0049	0.9167	UPF0113 PUA domain
pre-PUA_NIP7	0.9054	0.0190	0.0049	0.9167	NIP7/UPF0113, pre-PUA domain
2-Hacid_dh	0.9054	0.0058	0.0048	1.0000	D-isomer specific 2-hydroxyacid dehydrogenase, catalytic domain
PB1	0.9053	0.0058	0.0415	1.0000	PB1 domain
RH_dom	0.9050	0.0142	0.0298	0.7500	Rubicon Homology Domain
RPN7_PSMD6_C	0.9046	0.0417	0.0260	0.6667	26S proteasome regulatory subunit RPN7/PSMD6 C-terminal helix
Tho2	0.9044	0.0460	0.0683	1.0000	Transcription factor/nuclear export subunit protein 2
TAF2_3rd	0.9044	0.0460	0.0683	1.0000	TAF2 Ig-like domain
CNOT1_HEAT	0.9044	0.0460	0.0683	1.0000	CCR4-NOT transcription complex subunit 1 HEAT repeat
MFAP1	0.9044	0.0460	0.0683	1.0000	Microfibril-associated/Pre-mRNA processing
RPC5	0.9044	0.0180	0.0051	0.8333	RPC5 protein
Vta1_C	0.9044	0.0180	0.0048	0.8333	Vta1 C-terminal domain
SERF-like_N	0.9042	0.0671	0.0178	0.8333	Small EDRK-rich factor 1/2-like, N-terminal
Nop16	0.9040	0.0048	0.0028	0.8333	Ribosome biogenesis protein Nop16
F420_oxidored	0.9040	0.0110	0.0296	0.7500	NADP oxidoreductase coenzyme F420-dependent
Spt5-NGN	0.9036	0.0251	0.0088	0.9167	Early transcription elongation factor of RNA pol II, NGN section
Flavokinase	0.9033	0.0201	0.0051	0.8333	Riboflavin kinase
Ribosomal_L38e	0.9033	0.0044	0.0039	0.8333	Ribosomal L38e protein family
NAT10_TcmA_helicase	0.9027	0.0607	0.0081	0.7500	RNA cytidine acetyltransferase NAT10/TcmA, helicase domain
Vps23_core	0.9022	0.0411	0.0297	0.7500	Vps23 core domain
FBPase_C	0.9022	0.0411	0.0297	0.7500	Fructose-1-6-bisphosphatase, C-terminal domain
AMPK1_CBM	0.9022	0.0411	0.0297	0.7500	Glycogen recognition site of AMP-activated protein kinase
PAPS_reduct	0.9022	0.0411	0.0297	0.7500	Phosphoadenosine phosphosulfate reductase domain
DUF423	0.9022	0.0411	0.0297	0.7500	Protein of unknown function (DUF423)
BCD1	0.9022	0.0411	0.0297	0.7500	BCD1 domain
LCM	0.9022	0.0411	0.0297	0.7500	Leucine carboxyl methyltransferase
NSUN5_N	0.9022	0.0411	0.0297	0.7500	NOL1/NOP2/Sun domain family member 5, N-terminal domain
COG6_C	0.9022	0.0411	0.0297	0.7500	Conserved Oligomeric Golgi complex subunit 6, C-terminal
FBPase	0.9022	0.0411	0.0297	0.7500	Fructose-1-6-bisphosphatase, N-terminal domain
HgmA_C	0.9022	0.0425	0.2178	0.7500	Homogentisate 1,2-dioxygenase C-terminal
CRT-like	0.9022	0.0425	0.2178	0.7500	CRT-like, chloroquine-resistance transporter-like
CO_deh_flav_C	0.9022	0.0425	0.2178	0.7500	CO dehydrogenase flavoprotein C-terminal domain
Ald_Xan_dh_C	0.9022	0.0425	0.2178	0.7500	Aldehyde oxidase and xanthine dehydrogenase, a/b hammerhead domain
Fer2_2	0.9022	0.0425	0.2178	0.7500	[2Fe-2S] binding domain
Sortilin_C	0.9022	0.0425	0.2178	0.7500	Sortilin, neurotensin receptor 3, C-terminal
ARTD15_N	0.9022	0.0425	0.2178	0.7500	ARTD15 N-terminal domain
Arb2	0.9022	0.0425	0.2178	0.7500	Arb2 domain
ER	0.9022	0.0425	0.2178	0.7500	Enhancer of rudimentary
Peptidase_C26	0.9022	0.0425	0.2178	0.7500	Peptidase C26
CoA_transf_3	0.9022	0.0425	0.2178	0.7500	CoA-transferase family III
FAD_binding_5	0.9022	0.0425	0.2178	0.7500	FAD binding domain in molybdopterin dehydrogenase
Ig_TPPC8_1st	0.9022	0.0425	0.2178	0.7500	TPPC8 first Ig-like domain
Ariadne	0.9022	0.0425	0.2178	0.7500	Ariadne domain
QRPTase_C	0.9022	0.0425	0.2178	0.7500	Quinolinate phosphoribosyl transferase, C-terminal domain
QRPTase_N	0.9022	0.0425	0.2178	0.7500	Quinolinate phosphoribosyl transferase, N-terminal domain
HEAT_Maestro	0.9022	0.0425	0.2178	0.7500	Maestro, HEAT repeats
HEAT_Maestro_2	0.9022	0.0425	0.2178	0.7500	MROH2B-like, HEAT repeats
ORMDL	0.9022	0.0425	0.2178	0.7500	ORMDL family
HEAT_MROH2B_1st	0.9022	0.0425	0.2178	0.7500	MROH2B-like, HEAT repeats
Sortilin-Vps10	0.9022	0.0425	0.2178	0.7500	Sortilin, neurotensin receptor 3,
CobW_C	0.9022	0.0425	0.2178	0.7500	Cobalamin synthesis protein cobW C-terminal domain
MoCoBD_2	0.9022	0.0425	0.2178	0.7500	Molybdopterin cofactor-binding domain
Glyco_hydro_5_C	0.9022	0.0425	0.2178	0.7500	Glycoside hydrolase family 5 C-terminal domain
CDO_I	0.9022	0.0425	0.2178	0.7500	Cysteine dioxygenase type I
Ku_C	0.9022	0.0425	0.2178	0.7500	Ku70/Ku80 C-terminal arm
LBP_BPI_CETP_C	0.9022	0.0425	0.2178	0.7500	LBP / BPI / CETP family, C-terminal domain
Metallophos_C	0.9022	0.0425	0.2178	0.7500	Iron/zinc purple acid phosphatase-like protein C
Abhydro_lipase	0.9022	0.0425	0.2178	0.7500	Partial alpha/beta-hydrolase lipase region
HgmA_N	0.9022	0.0425	0.2178	0.7500	Homogentisate 1,2-dioxygenase N-terminal
MoCoBD_1	0.9022	0.0425	0.2178	0.7500	Molybdopterin cofactor-binding domain
Pro-kuma_activ	0.9022	0.0425	0.2178	0.7500	Pro-kumamolisin, activation domain
CCDC22_CC	0.9022	0.0425	0.2178	0.7500	CCDC22 protein coiled-coil region
TAP_C	0.9022	0.0425	0.2178	0.7500	TAP C-terminal domain
REJ	0.9022	0.0425	0.2178	0.7500	REJ domain
Glyco_hydro_2_N2	0.9022	0.0425	0.2178	0.7500	Glycosyl hydrolase 2 galactose-binding domain-like
ACOX_C_alpha1	0.9022	0.0425	0.2178	0.7500	Acyl-CoA oxidase, C-alpha1 domain
HEAT_MROH2B_C	0.9022	0.0425	0.2178	0.7500	MROH2B-like, HEAT repeats
Amidohydro_2	0.9022	0.0425	0.2178	0.7500	Amidohydrolase
CAP	0.9022	0.0425	0.2178	0.7500	Cysteine-rich secretory protein family
DOMON	0.9022	0.0425	0.2178	0.7500	DOMON domain
BACK	0.9022	0.0425	0.2178	0.7500	BTB And C-terminal Kelch
DUF5601	0.9022	0.0425	0.2178	0.7500	Domain of unknown function (DUF5601)
3-HAO	0.9022	0.0425	0.2178	0.7500	3-hydroxyanthranilic acid dioxygenase
GPS	0.9022	0.0425	0.2178	0.7500	GAIN subdomain B
COesterase	0.9022	0.0425	0.2178	0.7500	Carboxylesterase family
MOSC	0.9022	0.0425	0.2178	0.7500	MOSC domain
MOSC_N	0.9022	0.0425	0.2178	0.7500	MOSC N-terminal beta barrel domain
Big_9	0.9022	0.0425	0.2178	0.7500	Bacterial Ig domain
ANAPC2	0.9022	0.0425	0.2178	0.7500	Anaphase promoting complex (APC) subunit 2
GNT-I	0.9022	0.0425	0.2178	0.7500	GNT-I family
Rit1_C	0.9022	0.0425	0.2178	0.7500	Rit1 N-terminal domain
Spt20_SEP	0.8994	0.0524	0.1485	0.6667	Spt20, SEP domain
Ltn1_1st	0.8992	0.0662	0.0093	0.9167	E3 ubiquitin-protein ligase listerin, N-terminal domain
Ribosomal_L34e	0.8989	0.0115	0.0047	0.8333	Ribosomal protein L34e
RS4NT	0.8979	0.0073	0.0071	0.8333	RS4NT (NUC023) domain
Fumble	0.8976	0.0077	0.0051	0.7500	Fumble
MRP-L20	0.8974	0.0354	0.0646	0.1667	Mitochondrial ribosomal protein subunit L20
DAP3	0.8965	0.0505	0.0112	0.5833	Mitochondrial ribosomal death-associated protein 3
Spt4	0.8963	0.0289	0.0069	0.9167	Spt4/RpoE2 zinc finger
Fip1	0.8963	0.0289	0.0069	0.9167	Fip1 motif
Nop52	0.8963	0.0289	0.0069	0.9167	Nucleolar protein,Nop52
FPL	0.8963	0.0289	0.0069	0.9167	Uncharacterised conserved protein
Nipped-B_C	0.8963	0.0289	0.0069	0.9167	Sister chromatid cohesion C-terminus
Tsr1_G-like	0.8962	0.0121	0.0411	0.9167	Tsr1, G-like domain
RRP7	0.8961	0.0121	0.0451	0.9167	Ribosomal RNA-processing protein 7 (RRP7) C-terminal domain
zf-Nse	0.8959	0.0121	0.0412	0.9167	Zinc-finger of the MIZ type in Nse subunit
bVLRF1	0.8956	0.0411	0.0424	0.7500	Bacteroidetes VLRF1 release factor
ChaC	0.8956	0.0411	0.0424	0.7500	ChaC-like protein
GMP_synt_C	0.8956	0.0411	0.0424	0.7500	GMP synthase C terminal domain
Lipid_desat	0.8956	0.0411	0.0424	0.7500	Lipid desaturase domain
Nkap_C	0.8956	0.0411	0.0424	0.7500	NF-kappa-B-activating protein C-terminal domain
UFC1	0.8956	0.0411	0.0424	0.7500	Ubiquitin-fold modifier-conjugating enzyme 1
FeS_assembly_P	0.8956	0.0411	0.0424	0.7500	Iron-sulfur cluster assembly protein
DnaJ-like_C11_C	0.8956	0.0411	0.0424	0.7500	DnaJ-like protein C11, C-terminal
ERG2_Sigma1R	0.8956	0.0411	0.0424	0.7500	ERG2 and Sigma1 receptor like protein
PUA_elF2D	0.8956	0.0411	0.0424	0.7500	elF2D, PUA domain
HROB	0.8956	0.0411	0.0424	0.7500	Homologous recombination OB-fold protein
TAL_FSA	0.8956	0.0411	0.0424	0.7500	Transaldolase/Fructose-6-phosphate aldolase
BSD	0.8956	0.0411	0.0424	0.7500	BSD domain
DFRP_C	0.8956	0.0411	0.0424	0.7500	DRG Family Regulatory Proteins, Tma46
Mlh1_C	0.8951	0.0325	0.0051	0.8333	DNA mismatch repair protein Mlh1 C-terminus
Rad21_Rec8_N	0.8951	0.0325	0.0051	0.8333	N terminus of Rad21 / Rec8 like protein
COG2_N	0.8951	0.0325	0.0051	0.8333	COG2 N-terminal
PSF2_N	0.8951	0.0325	0.0051	0.8333	PSF2 N-terminal domain
Flavoprotein	0.8951	0.0325	0.0051	0.8333	Flavoprotein
PrmA	0.8943	0.0305	0.0173	0.8333	Ribosomal protein L11 methyltransferase (PrmA)
MMADHC	0.8933	0.0500	0.1513	0.6667	Methylmalonic aciduria and homocystinuria type D protein
zf-NOSIP	0.8933	0.0500	0.1513	0.6667	Zinc-finger of nitric oxide synthase-interacting protein
G-gamma	0.8933	0.0799	0.0341	0.7500	GGL domain
S1_RRP4	0.8929	0.0290	0.0048	0.9167	RRP4, S1 domain
ACPS	0.8919	0.0560	0.0060	0.9167	4'-phosphopantetheinyl transferase superfamily
Ribosomal_S27e	0.8918	0.0557	0.0041	0.9167	Ribosomal protein S27
NFD4_C	0.8917	0.0262	0.1575	0.7500	NFD4, C-terminal domain
DDE_Tnp_1_7	0.8916	0.0263	0.1575	0.6667	Transposase IS4
PRP3	0.8915	0.0581	0.0050	0.9167	pre-mRNA processing factor 3 domain
DIE2_ALG10	0.8908	0.0809	0.0943	0.6667	DIE2/ALG10 family
Hydantoinase_B	0.8907	0.0408	0.0433	0.7500	Hydantoinase B/oxoprolinase
Hydantoinase_A	0.8907	0.0408	0.0433	0.7500	Hydantoinase/oxoprolinase
Hydant_A_N	0.8907	0.0408	0.0433	0.7500	Hydantoinase/oxoprolinase N-terminal region
UPF0172	0.8903	0.0287	0.0200	0.7500	Uncharacterised protein family (UPF0172)
NOMO1-like_2nd	0.8894	0.0545	0.1536	0.5000	BOS complex subunit NOMO1-like, second beta sandwich domain
TPK_B1_binding	0.8891	0.0574	0.0029	0.9167	Thiamin pyrophosphokinase, vitamin B1 binding domain
DNA_methylase	0.8890	0.0123	0.0208	0.9167	C-5 cytosine-specific DNA methylase
HSCB_C	0.8878	0.0247	0.0463	0.7500	HSCB C-terminal oligomerisation domain
Coq4	0.8877	0.0492	0.0146	0.6667	Coenzyme Q (ubiquinone) biosynthesis protein Coq4
Ubie_methyltran	0.8877	0.0492	0.0146	0.6667	ubiE/COQ5 methyltransferase family
Arg_tRNA_synt_N	0.8876	0.0233	0.0091	0.7500	Arginyl tRNA synthetase N terminal domain
CARME	0.8867	0.0320	0.0056	0.8333	Carnosine N-methyltransferase
Myosin_tail_1	0.8865	0.0122	0.0859	0.9167	Myosin tail
FERM_f0	0.8865	0.0122	0.0859	0.9167	N-terminal or F0 domain of Talin-head FERM
H_lectin	0.8865	0.0122	0.0859	0.9167	H-type lectin domain
AIG1	0.8865	0.0122	0.0859	0.9167	AIG1 family
RTT107_BRCT_5	0.8864	0.0950	0.0437	0.7500	Regulator of Ty1 transposition protein 107 BRCT domain
zf-CCCH_4	0.8863	0.0319	0.0077	0.8333	CCCH-type zinc finger
Na_Ca_ex	0.8860	0.0564	0.0055	0.9167	Sodium/calcium exchanger protein
HMA	0.8856	0.0577	0.0285	0.7500	Heavy-metal-associated domain
Beta-prop_ATRN-LZTR1	0.8853	0.0547	0.0000	0.9167	Attractin/LZTR1 beta-propeller
Ribosomal_L29e	0.8852	0.0530	0.0000	0.8333	Ribosomal L29e protein family
Separin_C	0.8849	0.0556	0.0000	0.9167	Separin, protease domain
OGFr_N	0.8849	0.0676	0.0334	0.7500	Opioid growth factor receptor (OGFr) conserved region
CENP-T_C	0.8842	0.0088	0.0584	0.9167	Centromere kinetochore component CENP-T histone fold
B12-binding	0.8840	0.0536	0.0087	0.7500	B12 binding domain
MM_CoA_mutase	0.8840	0.0536	0.0087	0.7500	Methylmalonyl-CoA mutase
EcKL	0.8839	0.0903	0.0936	0.5833	Ecdysteroid kinase-like family
TMEM234	0.8837	0.0577	0.0006	0.9167	Putative transmembrane family 234
GAF	0.8832	0.0577	0.0114	0.6667	GAF domain
Rcd1	0.8831	0.0604	0.0097	0.9167	Cell differentiation family, Rcd1-like
Utp13	0.8831	0.0604	0.0097	0.9167	Utp13 specific WD40 associated domain
NatA_aux_su	0.8831	0.0604	0.0097	0.9167	N-terminal acetyltransferase A, auxiliary subunit
DNA_primase_lrg	0.8831	0.0604	0.0097	0.9167	Eukaryotic and archaeal DNA primase, large subunit C-terminal domain
TMEM208_SND2	0.8831	0.0604	0.0097	0.9167	SRP-independent targeting protein 2/TMEM208
NAD_synthase	0.8831	0.0604	0.0097	0.9167	NAD synthase
Gp_dh_C	0.8831	0.0604	0.0097	0.9167	Glyceraldehyde 3-phosphate dehydrogenase, C-terminal domain
Gp_dh_N	0.8831	0.0604	0.0097	0.9167	Glyceraldehyde 3-phosphate dehydrogenase, NAD binding domain
Vps53_N	0.8831	0.0604	0.0097	0.9167	Vps53, N-terminal
Pre-PUA	0.8831	0.0604	0.0097	0.9167	Pre-PUA-like domain
VPS13_N	0.8831	0.0604	0.0097	0.9167	VPS13-like family N-terminal region
NPL	0.8831	0.0604	0.0097	0.9167	Nucleoplasmin-like domain
Clp_N	0.8831	0.0604	0.0097	0.9167	Clp repeat (R) N-terminal domain
eIF-1a	0.8831	0.0604	0.0097	0.9167	Translation initiation factor 1A / IF-1
DNA_primase_lrg_N	0.8831	0.0604	0.0097	0.9167	Eukaryotic and archaeal DNA primase, large subunit N-terminal domain
RRP12_HEAT	0.8831	0.0604	0.0097	0.9167	Ribosomal RNA-processing protein 12, HEAT repeats
GCD14	0.8831	0.0604	0.0097	0.9167	tRNA methyltransferase complex GCD14 subunit
SDA1_HEAT	0.8831	0.0604	0.0097	0.9167	SDA1, HEAT repeat
RPN6_N	0.8831	0.0604	0.0097	0.9167	26S proteasome regulatory subunit RPN6 N-terminal domain
Memo	0.8831	0.0604	0.0097	0.9167	Memo-like protein
eIF-3c_N	0.8831	0.0604	0.0097	0.9167	Eukaryotic translation initiation factor 3 subunit 8 N-terminus
Cornichon	0.8831	0.0604	0.0097	0.9167	Cornichon protein
KH_PNO1_2nd	0.8831	0.0604	0.0097	0.9167	Eukaryotic type KH-domain (KH-domain type I)
SF3a60_Prp9_C	0.8831	0.0604	0.0097	0.9167	SF3a60/Prp9 C-terminal
Noc2	0.8831	0.0604	0.0097	0.9167	Noc2p family
CRM1_C	0.8831	0.0604	0.0097	0.9167	CRM1 C terminal
CDC48_N	0.8831	0.0604	0.0097	0.9167	Cell division protein 48 (CDC48), N-terminal domain
OB_PRS7	0.8831	0.0604	0.0097	0.9167	26S proteasome regulatory subunit 7, OB domain
RNA_pol_Rpb1_6	0.8831	0.0604	0.0097	0.9167	RNA polymerase Rpb1, domain 6
RNA_pol_Rpb1_7	0.8831	0.0604	0.0097	0.9167	RNA polymerase Rpb1, domain 7
Fe_hyd_lg_C	0.8831	0.0604	0.0097	0.9167	Iron only hydrogenase large subunit, C-terminal domain
LisH	0.8830	0.0138	0.0328	0.9167	LisH
NFACT-C	0.8828	0.0256	0.0049	0.8333	NFACT protein C-terminal domain
EMC7_beta-sandw	0.8828	0.0256	0.0051	0.8333	ER membrane protein complex subunit 7, beta-sandwich domain
DFP	0.8827	0.0256	0.0049	0.8333	DNA/pantothenate metabolism flavoprotein C-terminal domain
SAM_1	0.8824	0.0560	0.0172	0.7500	SAM domain (Sterile alpha motif)
BRCT_3	0.8823	0.0533	0.0544	0.7500	BRCA1 C Terminus (BRCT) domain
Rad21_Rec8	0.8821	0.0300	0.0097	0.7500	Conserved region of Rad21 / Rec8 like protein
GBBH-like_N	0.8819	0.0544	0.0000	0.5833	Gamma-butyrobetaine hydroxylase-like, N-terminal
WHD_TBPIP	0.8816	0.0590	0.0085	0.7500	TBPIP/Hop2 winged helix domain
Dna2	0.8816	0.0179	0.0687	0.9167	DNA replication factor Dna2
SelR	0.8815	0.0563	0.0121	0.8333	SelR domain
Pcc1	0.8815	0.0553	0.0000	0.7500	Transcription factor Pcc1
Acetyltransf_7	0.8813	0.0087	0.0600	0.9167	Acetyltransferase (GNAT) domain
KOWx_SPT5	0.8812	0.0558	0.0060	0.7500	Transcription elongation factor SPT5, KOWx domain
Glyco_hydro_63N	0.8812	0.0558	0.0060	0.7500	Glycosyl hydrolase family 63 N-terminal domain
Tau95	0.8812	0.0558	0.0060	0.7500	RNA polymerase III transcription factor (TF)IIIC subunit HTH domain
Glyco_hydro_63	0.8812	0.0558	0.0060	0.7500	Glycosyl hydrolase family 63 C-terminal domain
Dak2	0.8812	0.0558	0.0000	0.7500	DAK2 domain
AMPKBI	0.8811	0.0563	0.0088	0.7500	5'-AMP-activated protein kinase beta subunit, interaction domain
TIP41	0.8809	0.0564	0.0000	0.7500	TIP41-like family
Meth_synt_2	0.8809	0.0564	0.0160	0.7500	Cobalamin-independent synthase, Catalytic domain
Meth_synt_1	0.8809	0.0564	0.0160	0.7500	Cobalamin-independent synthase, N-terminal domain
Mon2_C	0.8809	0.0565	0.0000	0.7500	C-terminal region of Mon2 protein
Tcf25	0.8809	0.0565	0.0000	0.7500	Transcriptional repressor TCF25
WASH_WAHD	0.8808	0.0566	0.0000	0.9167	WAHD domain of WASH complex
Beta-lactamase	0.8807	0.0569	0.0000	0.8333	Beta-lactamase
RasGEF_N_2	0.8806	0.0570	0.0000	0.8333	Rapamycin-insensitive companion of mTOR RasGEF_N domain
zn-ribbon_14	0.8806	0.0209	0.0054	0.8333	Zinc-ribbon
MTS	0.8805	0.0571	0.0000	0.8333	Methyltransferase small domain
Cytochrom_C	0.8804	0.0653	0.0047	0.7500	Cytochrome c
TAF10	0.8803	0.1359	0.0307	0.6667	Transcription initiation factor TFIID 23-30kDa subunit
Fe-ADH	0.8803	0.0576	0.0153	0.9167	Iron-containing alcohol dehydrogenase
Stealth_CR2	0.8801	0.0187	0.0053	0.9167	Stealth protein CR2, conserved region 2
PEX-1N	0.8801	0.0580	0.0000	0.6667	Peroxisome biogenesis factor 1, N-terminal
Telomerase_RBD	0.8801	0.0581	0.0162	0.6667	Telomerase ribonucleoprotein complex - RNA binding domain
Smr	0.8798	0.0590	0.0000	0.8333	Smr domain
Oxidored-like	0.8798	0.0586	0.0000	0.6667	Oxidoreductase-like protein, N-terminal
ARM_TBCD	0.8796	0.0590	0.0000	0.6667	Tubulin-specific chaperone D-like, ARM repeat
Slo-like_RCK	0.8796	0.0590	0.0000	0.7500	Calcium-activated potassium channel slowpoke-like RCK domain
SIP1	0.8794	0.0206	0.0540	1.0000	Survival motor neuron (SMN) interacting protein 1 (SIP1)
DUF1751	0.8793	0.0550	0.0073	0.7500	Eukaryotic integral membrane protein (DUF1751)
SecE	0.8793	0.0190	0.0232	0.8333	SecE/Sec61-gamma subunits of protein translocation complex
Myb_DNA-bind_6	0.8792	0.0206	0.0533	1.0000	Myb-like DNA-binding domain
Asn_synthase	0.8792	0.0205	0.0533	1.0000	Asparagine synthase
Methyltransf_12	0.8791	0.0205	0.0107	1.0000	Methyltransferase domain
OCRL-like_ASH	0.8791	0.0205	0.0534	1.0000	Inositol polyphosphate 5-phosphatase OCRL-like, ASH domain
CUE	0.8791	0.0205	0.0534	1.0000	CUE domain
TPR_DOCK9	0.8791	0.0205	0.0534	1.0000	DOCK6-11, TPR domain
zf-C2HC5	0.8791	0.0208	0.0413	0.9167	Putative zinc finger motif, C2HC5-type
UBA_ARI1	0.8790	0.0223	0.0425	0.9167	E3 ubiquitin-protein ligase ARIH1, UBA-like domain
SSrecog	0.8787	0.0545	0.0100	0.9167	Structure-specific recognition protein (SSRP1)
POL3_N	0.8783	0.0193	0.0504	0.8333	DNA polymerase delta catalytic subunit-like, N-terminal domain
Wheel	0.8782	0.0641	0.0083	1.0000	Cns1/TTC4 Wheel domain
PBP	0.8781	0.0047	0.0588	0.6667	Phosphatidylethanolamine-binding protein
Trm112p	0.8773	0.0636	0.0000	1.0000	Trm112p-like protein
PUF_NOP9	0.8773	0.0636	0.0000	0.9167	NOP9-like PUF repeat domain
zf-U1	0.8773	0.0636	0.0000	0.9167	U1 zinc finger
COG4_N	0.8773	0.0636	0.0000	0.9167	Conserved oligomeric Golgi complex subunit 4, N-terminal
Pro_CA	0.8773	0.0636	0.0000	1.0000	Carbonic anhydrase
Ank_5	0.8773	0.0636	0.0396	1.0000	Ankyrin repeats (many copies)
UEV	0.8773	0.0636	0.0000	1.0000	UEV domain
RVT_1	0.8773	0.0636	0.0173	0.8333	Reverse transcriptase (RNA-dependent DNA polymerase)
PGAP1	0.8773	0.0636	0.0000	0.7500	PGAP1-like alpha/beta domain
Mpv17_PMP22	0.8773	0.0636	0.0000	0.7500	Mpv17 / PMP22 family
Thioredoxin_13	0.8773	0.0636	0.0000	0.8333	Thioredoxin-like domain
Ribosomal_L40e	0.8773	0.0636	0.0000	0.7500	Ribosomal L40e family
zf-U11-48K	0.8773	0.0636	0.0000	0.8333	U11-48K-like CHHC zinc finger
Glyco_transf_61	0.8773	0.0636	0.0000	0.6667	Glycosyltransferase 61
HSP33	0.8773	0.0636	0.0000	0.6667	Hsp33 protein
FMO-like	0.8773	0.0636	0.0000	0.7500	Flavin-binding monooxygenase-like
Glyco_hydro_47	0.8773	0.0636	0.0000	0.7500	Glycosyl hydrolase family 47
LRR_FBXL15	0.8773	0.0636	0.0000	0.7500	F-box/LRR-repeat protein 15, leucine rich repeat domain
Suv3_C_1	0.8773	0.0636	0.0000	0.5833	Suv3 C-terminal domain 1
V-SNARE	0.8773	0.0636	0.0000	0.7500	Vesicle transport v-SNARE protein N-terminus
WASH-4_N	0.8773	0.0636	0.0000	0.7500	WASH complex subunit 4, N-terminal
UAE_UbL	0.8773	0.0636	0.0000	0.6667	Ubiquitin/SUMO-activating enzyme ubiquitin-like domain
DBR1	0.8773	0.0636	0.0000	0.7500	Lariat debranching enzyme, C-terminal domain
Clathrin_lg_ch	0.8773	0.0636	0.0000	0.7500	Clathrin light chain
NDUFA12	0.8773	0.0636	0.0000	0.7500	NADH ubiquinone oxidoreductase subunit NDUFA12
SPC12	0.8773	0.0636	0.0000	0.6667	Microsomal signal peptidase 12 kDa subunit (SPC12)
GST_C_6	0.8773	0.0636	0.0000	0.6667	Glutathione S-transferase, C-terminal domain
Nsp1_C	0.8773	0.0636	0.0000	0.7500	Nsp1-like C-terminal region
CRAL_TRIO_N	0.8773	0.0636	0.0000	0.7500	CRAL/TRIO, N-terminal domain
DUF4704	0.8773	0.0636	0.0000	0.7500	Neurobeachin/BDCP, DUF4704 alpha solenoid region
Hikeshi-like_N	0.8773	0.0636	0.0000	0.7500	Hikeshi-like, N-terminal domain
UDP-g_GGTase	0.8773	0.0636	0.0000	0.7500	UDP-glucose:Glycoprotein Glucosyltransferase
Ribosomal_S28e	0.8773	0.0636	0.0000	0.7500	Ribosomal protein S28e
Yos1	0.8773	0.0636	0.0000	0.7500	Yos1-like
Dopey_N	0.8772	0.0636	0.0000	0.9167	Dopey, N-terminal
zf-TRAF	0.8772	0.0636	0.0000	0.7500	TRAF-type zinc finger
DUF1242	0.8771	0.0639	0.0322	0.8333	Protein of unknown function (DUF1242)
PAS	0.8770	0.0579	0.0264	0.6667	PAS fold
Impact_N	0.8768	0.0457	0.0063	0.8333	Impact N-terminal domain
PRMT5_TIM	0.8767	0.0145	0.0858	1.0000	PRMT5 TIM barrel domain
SBF2	0.8767	0.0187	0.0697	0.9167	Myotubularin protein
TPR_WDR11	0.8765	0.0220	0.1385	0.6667	WDR11 TPR domain
Nodulin-like	0.8763	0.0656	0.0000	0.6667	Nodulin-like
DUF179	0.8763	0.0656	0.0000	0.6667	AlgH-like
STI1-HOP_DP	0.8759	0.0241	0.0059	0.8333	STI1/HOP, DP domain
Beta-prop_VPS8	0.8751	0.0679	0.0000	0.8333	Vps8 beta-propeller
DUF1764	0.8749	0.0682	0.0000	0.8333	Eukaryotic protein of unknown function (DUF1764)
Arginase	0.8749	0.0206	0.0095	0.6667	Arginase family
DUF4476	0.8749	0.0227	0.1381	0.5833	Domain of unknown function (DUF4476)
Thioredoxin_7	0.8746	0.0249	0.0263	0.6667	Thioredoxin-like
RAB3GAP2_N	0.8742	0.0697	0.0000	0.8333	Rab3 GTPase-activating protein regulatory subunit N-terminus
Transglut_core	0.8742	0.0417	0.1272	0.8333	Transglutaminase-like superfamily
PNPOx_N	0.8742	0.0417	0.1272	0.8333	Pyridoxamine 5'-phosphate oxidase
Cellulase	0.8742	0.0417	0.1272	0.8333	Cellulase (glycosyl hydrolase family 5)
Aldolase_II	0.8742	0.0528	0.0361	0.7500	Class II Aldolase and Adducin N-terminal domain
PMI_typeI_hel	0.8742	0.0528	0.0361	0.7500	Phosphomannose isomerase type I, helical insertion domain
MTHFR	0.8742	0.0528	0.0361	0.7500	Methylenetetrahydrofolate reductase
FTHFS	0.8742	0.0528	0.0361	0.7500	Formate--tetrahydrofolate ligase
DUF4187	0.8741	0.0351	0.1245	0.7500	Domain of unknown function (DUF4187)
Glucokinase	0.8741	0.0534	0.0295	0.7500	Glucokinase
TSEN34_N	0.8739	0.0531	0.1438	0.6667	TSEN34-like, N-terminal domain
FANCL_d2	0.8739	0.0531	0.1438	0.6667	FANCL UBC-like domain 2
COBRA1	0.8739	0.0531	0.1438	0.6667	Cofactor of BRCA1 (COBRA1)
Dor1	0.8736	0.0527	0.0299	0.7500	Dor1-like family
Sec20	0.8732	0.0717	0.0000	0.6667	Sec20
PI4K_N	0.8727	0.0726	0.0398	0.9167	PI4-kinase N-terminal region
BUD31	0.8726	0.0729	0.0000	0.7500	Pre-mRNA-splicing factor BUD31
RPAP3_C	0.8724	0.0694	0.0000	0.6667	Potential Monad-binding region of RPAP3
YqgF	0.8724	0.0340	0.0410	0.7500	Holliday-junction resolvase-like of SPT6
RSN1_7TM	0.8724	0.0340	0.0410	0.7500	Calcium-dependent channel, 7TM region, putative phosphate
TPR_AP5Z1_C	0.8718	0.0193	0.0937	0.8333	AP-5 complex subunit zeta-1, C-terminal TPR repeats
RRM_5	0.8717	0.0600	0.0652	0.8333	RNA recognition motif. (a.k.a. RRM, RBD, or RNP domain)
Ufd2P_core	0.8715	0.0501	0.0080	0.8333	Ubiquitin elongating factor core
GRIP	0.8711	0.0595	0.0254	0.5833	GRIP domain
Myb_DNA-binding_2	0.8708	0.0660	0.0008	0.8333	Myb-like DNA-binding domain
HMG_CoA_synt_C	0.8705	0.0281	0.0907	0.7500	Hydroxymethylglutaryl-coenzyme A synthase C terminal
zf-CDGSH	0.8695	0.0791	0.0412	0.5833	Iron-binding zinc finger CDGSH type
Syntaxin_2	0.8687	0.0602	0.0870	0.7500	Syntaxin-like protein
Nfu_N	0.8678	0.0579	0.0107	0.6667	Scaffold protein Nfu/NifU N terminal
Thymidylate_kin	0.8662	0.0274	0.0170	0.9167	Thymidylate kinase
tRNA_int_end_N2	0.8656	0.0411	0.1442	0.6667	tRNA-splicing endonuclease subunit sen54 N-term
KN17_SH3	0.8656	0.0411	0.1442	0.6667	KN17 SH3-like domain
Mu_AP3	0.8656	0.0411	0.1442	0.6667	AP3 Mu C-terminal domain
Methyltransf_15	0.8651	0.1053	0.0668	0.9167	RNA cap guanine-N2 methyltransferase
CutC	0.8645	0.0662	0.0834	0.6667	CutC family
Vac14_Fab1_bd	0.8642	0.0537	0.0586	0.7500	Vacuolar 14 Fab1-binding region
COG7	0.8642	0.0658	0.0858	0.7500	Golgi complex component 7 (COG7)
Urocanase_C	0.8642	0.0658	0.0858	0.7500	Urocanase C-terminal domain
Helicase_C_3	0.8636	0.0424	0.0076	0.8333	Helicase conserved C-terminal domain
YL1	0.8632	0.0493	0.0410	0.6667	YL1 nuclear protein
ELP6	0.8631	0.0275	0.1389	0.7500	Elongation complex protein 6
Foie-gras_1	0.8631	0.0275	0.1389	0.7500	Foie gras liver health family 1
BCAS2	0.8631	0.0275	0.1389	0.7500	Breast carcinoma amplified sequence 2 (BCAS2)
Glyco_hydr_116N	0.8631	0.0275	0.1389	0.7500	beta-glucosidase 2, glycosyl-hydrolase family 116 N-term
GH116_catalytic	0.8631	0.0275	0.1389	0.7500	Glycosyl-hydrolase family 116, catalytic region
zf-UBR_1	0.8631	0.0275	0.1389	0.7500	UBR box
TAF4	0.8631	0.0275	0.1389	0.7500	Transcription initiation factor TFIID component TAF4 family
U-box_ZFPL1	0.8626	0.0360	0.0936	0.7500	ZFPL1-like, U-box domain
Itfg2	0.8625	0.0286	0.1389	0.6667	Integrin-alpha FG-GAP repeat-containing protein 2
CGI-121	0.8621	0.0888	0.0396	0.7500	Kinase binding protein CGI-121
Pet191_N	0.8614	0.0459	0.0237	0.6667	Cytochrome c oxidase assembly protein PET191
MRP-S28	0.8606	0.0856	0.0755	0.7500	Mitochondrial ribosomal subunit protein
RNA_pol_Rbc25	0.8606	0.0614	0.0047	0.8333	RNA polymerase III subunit Rpc25
Beta-prop_RIC1_2nd	0.8606	0.0970	0.0000	0.6667	RIC1 second beta propeller domain
UCH_1	0.8606	0.0378	0.0392	0.7500	Ubiquitin carboxyl-terminal hydrolase
TBCA	0.8606	0.0378	0.0392	0.7500	Tubulin binding cofactor A
TUG-UBL1	0.8605	0.0413	0.1245	0.5833	TUG ubiquitin-like domain
Biopterin_H	0.8602	0.0465	0.0440	0.7500	Biopterin-dependent aromatic amino acid hydroxylase
Pirin	0.8600	0.0200	0.0501	0.7500	Pirin
Pirin_C	0.8600	0.0200	0.0501	0.7500	Pirin C-terminal cupin domain
HAT_PRP39_N	0.8589	0.0705	0.0398	0.6667	PRP39 N-terminal HAT repeat
ACDH-11_C	0.8587	0.0275	0.2676	0.7500	Acyl-CoA dehydrogenase 11 C-terminal domain-like
THOC2_N	0.8587	0.0275	0.2676	0.7500	THO complex subunit 2 N-terminus
TH1	0.8587	0.0275	0.2676	0.7500	TH1 protein
RPOL_N	0.8587	0.0275	0.2676	0.7500	DNA-directed RNA polymerase N-terminal
AD	0.8587	0.0275	0.2676	0.7500	Anticodon-binding domain
GTP_cyclohydroI	0.8587	0.0275	0.2676	0.7500	GTP cyclohydrolase I
GPKOW_C	0.8587	0.0275	0.2676	0.7500	GPKOW C-terminal domain
CLU_N	0.8587	0.0275	0.2676	0.7500	Mitochondrial function, CLU-N-term
GPR180-TMEM145_TM	0.8587	0.0275	0.2676	0.7500	GPR180/TMEM145, transmembrane domain
POB3_N	0.8587	0.0275	0.2676	0.7500	POB3-like N-terminal PH domain
CMFA_C	0.8587	0.0275	0.2676	0.7500	Conditioned medium factor C-terminal domain
COMMD1_N	0.8587	0.0275	0.2676	0.7500	COMMD1 N-terminal domain
ABI	0.8587	0.0275	0.2676	0.7500	Abl interactor protein
VPS11_C	0.8587	0.0275	0.2676	0.7500	Vacuolar protein sorting protein 11 C terminal
Cyclin_C_2	0.8587	0.0275	0.2676	0.7500	Cyclin C-terminal domain
Sec16	0.8587	0.0275	0.2676	0.7500	Vesicle coat trafficking protein Sec16 mid-region
ScaA_C	0.8587	0.0275	0.2676	0.7500	ScaA C-terminal domain
Nckap1	0.8587	0.0275	0.2676	0.7500	Nck-associated protein 1
Nbl1_Borealin_N	0.8587	0.0275	0.2676	0.7500	Nbl1 / Borealin N terminal
MJ1316	0.8587	0.0275	0.2676	0.7500	MJ1316 RNA cyclic group end recognition domain
MIOS_a-sol	0.8587	0.0275	0.2676	0.7500	MIOS, alpha-solenoid
Hira	0.8587	0.0275	0.2676	0.7500	TUP1-like enhancer of split
FANCI_S4	0.8587	0.0275	0.2676	0.7500	FANCI solenoid 4
Hemerythrin	0.8587	0.0275	0.2676	0.7500	Hemerythrin HHE cation binding domain
HisKA	0.8587	0.0275	0.2676	0.7500	His Kinase A (phospho-acceptor) domain
FF	0.8587	0.0275	0.2676	0.7500	FF domain
VID27_PH	0.8587	0.0275	0.2676	0.7500	VID27 PH-like domain
zf-4CXXC_R1	0.8587	0.0275	0.2676	0.7500	Zinc-finger domain of monoamine-oxidase A repressor R1
5_nucleotid	0.8587	0.0275	0.2676	0.7500	5' nucleotidase family
Beta-barrel_INTS6	0.8587	0.0275	0.2676	0.7500	INTS6 beta-barrel domain
BcrAD_BadFG	0.8587	0.0275	0.2676	0.7500	BadF/BadG/BcrA/BcrD ATPase family
BRAP2	0.8587	0.0275	0.2676	0.7500	BRCA1-associated protein 2
BRCA-2_helical	0.8587	0.0275	0.2676	0.7500	BRCA2, helical
Ctr	0.8587	0.0275	0.2676	0.7500	Ctr copper transporter family
SapB_1	0.8587	0.0275	0.2676	0.7500	Saposin-like type B, region 1
Countin_N	0.8587	0.0275	0.2676	0.7500	Countin N-terminal domain
Sgf11	0.8587	0.0275	0.2676	0.7500	Sgf11 (transcriptional regulation protein)
UVSSA_N	0.8587	0.0275	0.2676	0.7500	UVSSA N-terminal domain
BIG2_C	0.8587	0.0275	0.2676	0.7500	BIG2 C-terminal domain
HSA	0.8587	0.0275	0.2676	0.7500	HSA domain
BTG	0.8587	0.0275	0.2676	0.7500	BTG family
FNIP_C	0.8587	0.0275	0.2676	0.7500	Folliculin-interacting protein C-terminus
PigN	0.8587	0.0275	0.2676	0.7500	Phosphatidylinositolglycan class N (PIG-N)
Nucleopor_Nup85	0.8587	0.0275	0.2676	0.7500	Nup85 Nucleoporin
Use1	0.8587	0.0275	0.2676	0.7500	Membrane fusion protein Use1
Methyltransf_10	0.8587	0.0275	0.2676	0.7500	RNA methyltransferase
Phytochelatin	0.8587	0.0275	0.2676	0.7500	Phytochelatin synthase
Sod_Cu	0.8587	0.0275	0.2676	0.7500	Copper/zinc superoxide dismutase (SODC)
Countin_C	0.8587	0.0275	0.2676	0.7500	Countin C-terminal domain
DUF2053	0.8587	0.0275	0.2676	0.7500	Predicted membrane protein (DUF2053)
ATE_C	0.8587	0.0275	0.2676	0.7500	Arginine-tRNA-protein transferase, C terminus
Dsc3_C	0.8587	0.0275	0.2676	0.7500	DSC E3 ubiquitin ligase complex subunit 3, C-terminal domain
E2F_CC-MB	0.8587	0.0275	0.2676	0.7500	E2F transcription factor CC-MB domain
SGF29_Tudor	0.8587	0.0275	0.2676	0.7500	SGF29 tudor-like domain
cwf18	0.8587	0.0275	0.2676	0.7500	cwf18 pre-mRNA splicing factor
ZnF_RZ-type	0.8587	0.0275	0.2676	0.7500	RZ type zinc finger domain
ECR1_N	0.8587	0.0275	0.2676	0.7500	Exosome complex exonuclease RRP4 N-terminal region
FAN1_TPR	0.8587	0.0275	0.2676	0.7500	Fanconi-associated nuclease 1, TPR domain
Cystatin	0.8587	0.0275	0.2676	0.7500	Cystatin domain
DUF2340	0.8587	0.0275	0.2676	0.7500	Uncharacterized conserved protein (DUF2340)
Gad2	0.8587	0.0275	0.2676	0.7500	Gabija anti-defense 2 family protein
Ams1-like_1st	0.8587	0.0275	0.2676	0.7500	Alpha-mannosidase, jelly roll domain
Tup_N	0.8587	0.0275	0.2676	0.7500	Tup N-terminal
Translin	0.8587	0.0275	0.2676	0.7500	Translin family
C12orf66_like	0.8587	0.0275	0.2676	0.7500	KICSTOR complex C12orf66 like
PHM7_cyt	0.8587	0.0275	0.2676	0.7500	Cytosolic domain of 10TM putative phosphate transporter
HAMP	0.8587	0.0275	0.2676	0.7500	HAMP domain
CASP_C	0.8587	0.0275	0.2676	0.7500	CASP C terminal
FANCI_S1	0.8587	0.0275	0.2676	0.7500	FANCI solenoid 1
HEAT_ECM29	0.8587	0.0275	0.2676	0.7500	Proteasome adapter and scaffold protein ECM29, HEAT-repeat domain
Peroxin-3	0.8587	0.0275	0.2676	0.7500	Peroxin-3
Slu7	0.8587	0.0275	0.2676	0.7500	Pre-mRNA splicing Prp18-interacting factor
ATG17_like	0.8587	0.0275	0.2676	0.7500	Autophagy protein ATG17-like domain
Beta-prop_WDR5	0.8587	0.0275	0.2676	0.7500	WDR5 beta-propeller domain
SAPS	0.8587	0.0275	0.2676	0.7500	SIT4 phosphatase-associated protein
bZIP_1	0.8587	0.0275	0.2676	0.7500	bZIP transcription factor
EDC4_C	0.8587	0.0275	0.2676	0.7500	Enhancer of mRNA-decapping protein 4, C-terminal
ICAT	0.8587	0.0275	0.2676	0.7500	Beta-catenin-interacting protein ICAT
SWIB	0.8587	0.0275	0.2676	0.7500	SWIB/MDM2 domain
Exportin-5	0.8587	0.0275	0.2676	0.7500	Exportin-5 family
IFRD	0.8587	0.0275	0.2676	0.7500	Interferon-related developmental regulator (IFRD)
Es2	0.8587	0.0275	0.2676	0.7500	Nuclear protein Es2
SWIFT	0.8587	0.0275	0.2676	0.7500	SWIFT domain
RB_B	0.8587	0.0275	0.2676	0.7500	Retinoblastoma-associated protein B domain
RB_A	0.8587	0.0275	0.2676	0.7500	Retinoblastoma-associated protein A domain
DD3_N	0.8587	0.0275	0.2676	0.7500	DD3-3 N-terminal domain
PAH	0.8587	0.0275	0.2676	0.7500	Paired amphipathic helix repeat
OPT	0.8587	0.0275	0.2676	0.7500	OPT oligopeptide transporter protein
Prenylcys_lyase	0.8587	0.0275	0.2676	0.7500	Prenylcysteine lyase
VPS18_RING_C	0.8587	0.0275	0.2676	0.7500	VPS18 RING C-terminal domain
FACT-Spt16_Nlob	0.8587	0.0275	0.2676	0.7500	FACT complex subunit SPT16 N-terminal lobe domain
DD3_cupredoxin	0.8587	0.0275	0.2676	0.7500	DD3-3 cupredoxin-like domain
Mad3_BUB1_I	0.8587	0.0275	0.2676	0.7500	Mad3/BUB1 homology region 1
NARG2_C	0.8587	0.0275	0.2676	0.7500	NMDA receptor-regulated gene protein 2 C-terminus
FragX_IP	0.8587	0.0275	0.2676	0.7500	Cytoplasmic Fragile-X interacting family
Fy-3	0.8587	0.0275	0.2676	0.7500	Ferry endosomal RAB5 effector complex subunit 3
Fra10Ac1	0.8587	0.0275	0.2676	0.7500	Folate-sensitive fragile site protein Fra10Ac1
CABIN1_N	0.8587	0.0275	0.2676	0.7500	CABIN1 N-terminal domain
Ceramidase_alk	0.8587	0.0275	0.2676	0.7500	Neutral/alkaline non-lysosomal ceramidase, N-terminal
Sin3a_C	0.8587	0.0275	0.2676	0.7500	C-terminal domain of Sin3a protein
PDEase_II	0.8587	0.0275	0.2676	0.7500	cAMP phosphodiesterases class-II
Sin3_corepress	0.8587	0.0275	0.2676	0.7500	Sin3 family co-repressor
Stk19	0.8587	0.0275	0.2676	0.7500	Inactive serine-threonine protein kinase 19
FmiP_Thoc5	0.8587	0.0275	0.2676	0.7500	Fms-interacting protein/Thoc5
Ig_CMFA_3rd	0.8587	0.0275	0.2676	0.7500	Conditioned medium factor 3rd Ig-like domain
Ig_CMFA_2nd	0.8587	0.0275	0.2676	0.7500	Conditioned medium factor 2nd Ig-like domain
Ceramidase	0.8587	0.0275	0.2676	0.7500	Ceramidase
RSN1_TM	0.8587	0.0275	0.2676	0.7500	Late exocytosis, associated with Golgi transport
ApbA	0.8587	0.0275	0.2676	0.7500	Ketopantoate reductase PanE/ApbA
EME1-MUS81_C	0.8587	0.0275	0.2676	0.7500	EME1/MUS81, C-terminal
Aquarius_N_2nd	0.8587	0.0275	0.2676	0.7500	Intron-binding protein aquarius, beta-barrel
Aquarius_N_1st	0.8587	0.0275	0.2676	0.7500	Intron-binding protein aquarius N-terminal
ApbA_C	0.8587	0.0275	0.2676	0.7500	Ketopantoate reductase PanE/ApbA C terminal
Ig_TPPC8_2nd	0.8587	0.0275	0.2676	0.7500	TPPC8 second Ig-like domain
Ig_mannosidase	0.8587	0.0275	0.2676	0.7500	Ig-fold domain
SOR_SNZ	0.8587	0.0275	0.2676	0.7500	SOR/SNZ family
AidB_N	0.8587	0.0275	0.2676	0.7500	Adaptive response protein AidB N-terminal domain
DEP	0.8587	0.0275	0.2676	0.7500	Domain found in Dishevelled, Egl-10, and Pleckstrin (DEP)
Voldacs	0.8587	0.0275	0.2676	0.7500	Regulator of volume decrease after cellular swelling
WD40_RFWD3	0.8587	0.0275	0.2676	0.7500	E3 ubiquitin-protein ligase RFWD3 WD40 domain
INTS7_N	0.8587	0.0275	0.2676	0.7500	Integrator complex subunit 7, N-terminal
RA_2	0.8587	0.0275	0.2676	0.7500	RA like domain
RALGAPA1_N	0.8587	0.0275	0.2676	0.7500	RALGAPA1 N-terminal domain
Elongin_A	0.8587	0.0275	0.2676	0.7500	RNA polymerase II transcription factor SIII (Elongin) subunit A
Elong_Iki1	0.8587	0.0275	0.2676	0.7500	Elongator subunit Iki1
MIF4G_like	0.8587	0.0275	0.2676	0.7500	MIF4G like
MMS19_C	0.8587	0.0275	0.2676	0.7500	RNAPII transcription regulator C-terminal
RecA-like_ORC2	0.8587	0.0275	0.2676	0.7500	Origin recognition complex subunit 2 RecA-like domain
MAD	0.8587	0.0275	0.2676	0.7500	Mitotic checkpoint protein
zf-C2H2_OTU1_C	0.8587	0.0275	0.2676	0.7500	Ubiquitin thioesterase OTU1, C-terminal C2H2-type zinc finger
Response_reg	0.8587	0.0275	0.2676	0.7500	Response regulator receiver domain
Ribosomal_L27	0.8587	0.0275	0.2676	0.7500	Ribosomal L27 protein
MAPEG	0.8587	0.0275	0.2676	0.7500	MAPEG family
DUF4211	0.8587	0.0275	0.2676	0.7500	Domain of unknown function (DUF4211)
MSC	0.8587	0.0275	0.2676	0.7500	Man1-Src1p-C-terminal domain
DUSP	0.8587	0.0275	0.2676	0.7500	DUSP domain
GLE1	0.8587	0.0275	0.2676	0.7500	GLE1-like protein
ADH_N_2	0.8587	0.0275	0.2676	0.7500	N-terminal domain of oxidoreductase
WH1	0.8587	0.0275	0.2676	0.7500	WH1 domain
Alk_phosphatase	0.8587	0.0275	0.2676	0.7500	Alkaline phosphatase
SCP2	0.8587	0.0275	0.2676	0.7500	SCP-2 sterol transfer family
Ints3_N	0.8587	0.0275	0.2676	0.7500	Integrator complex subunit 3 N-terminal
JmjN	0.8587	0.0275	0.2676	0.7500	jmjN domain
MID_MedPIWI	0.8587	0.0275	0.2676	0.7500	MID domain of medPIWI
Ribophorin_II_3rd	0.8587	0.0275	0.2676	0.7500	Ribophorin II third domain
Josephin	0.8587	0.0275	0.2676	0.7500	Josephin
eIF3h_C	0.8587	0.0275	0.2676	0.7500	C-terminal region of eIF3h
Laa1_Sip1_HTR5	0.8587	0.0275	0.2676	0.7500	Laa1/Sip1/HEATR5 HEAT repeat region
efThoc1	0.8587	0.0275	0.2676	0.7500	THO complex subunit 1 transcription elongation factor
eEFSec_4th	0.8587	0.0275	0.2676	0.7500	eEFSec C-terminal RIFT domain
eIF3a_PCI_TPR-like	0.8587	0.0275	0.2676	0.7500	eIF3a, PCI domain, TPR-like region
SAC9_GBDL_1st	0.8587	0.0275	0.2676	0.7500	SAC9 first GBDL domain
SAC9_GBDL_2nd	0.8587	0.0275	0.2676	0.7500	SAC9 second GBDL domain
Ric8	0.8587	0.0275	0.2676	0.7500	Guanine nucleotide exchange factor synembryn
Med4	0.8587	0.0275	0.2676	0.7500	Vitamin-D-receptor interacting Mediator subunit 4
Med27	0.8587	0.0275	0.2676	0.7500	Mediator complex subunit 27
ARM_TANGO6	0.8587	0.0275	0.2676	0.7500	Transport and Golgi organization protein 6 homolog, ARM-like repeat
DUF1731	0.8587	0.0275	0.2676	0.7500	Domain of unknown function (DUF1731)
Thioredox_DsbH	0.8587	0.0275	0.2676	0.7500	Protein of unknown function, DUF255
GCFC	0.8587	0.0275	0.2676	0.7500	GC-rich sequence DNA-binding factor-like protein
Palm_thioest	0.8587	0.0275	0.2676	0.7500	Palmitoyl protein thioesterase
Cactin_mid	0.8587	0.0275	0.2676	0.7500	Conserved mid region of cactin
Pantoate_transf	0.8587	0.0275	0.2676	0.7500	Ketopantoate hydroxymethyltransferase
TRAPPC10-Trs130_NTS	0.8587	0.0275	0.2676	0.7500	TRAPPC10/Trs130, NTS-like domain
CWC25	0.8587	0.0275	0.2676	0.7500	Pre-mRNA splicing factor
TRAPPC9-Trs120	0.8587	0.0275	0.2676	0.7500	Trs120/TRAPPC9, N-terminal domain
KPTN	0.8587	0.0275	0.2676	0.7500	KICSTOR complex protein kaptin
PIG-F	0.8587	0.0275	0.2676	0.7500	GPI biosynthesis protein family Pig-F
eIF_4EBP	0.8587	0.0275	0.2676	0.7500	Eukaryotic translation initiation factor 4E binding protein (EIF4EBP)
ARID	0.8587	0.0275	0.2676	0.7500	ARID/BRIGHT DNA binding domain
ATG2_CAD	0.8587	0.0275	0.2676	0.7500	Autophagy-related protein 2
ARMH3_C	0.8587	0.0275	0.2676	0.7500	Armadillo-like helical domain-containing protein 3, C-terminal
Thg1	0.8587	0.0275	0.2676	0.7500	tRNAHis guanylyltransferase
GET4	0.8587	0.0275	0.2676	0.7500	Golgi to ER traffic protein 4
TPR_CAND1	0.8587	0.0275	0.2676	0.7500	CAND1-like, TPR repeats
TPR_IPO11	0.8587	0.0275	0.2676	0.7500	Importin-11-like, TPR repeats
Glutaminase	0.8587	0.0275	0.2676	0.7500	Glutaminase
zf-CHY	0.8587	0.0275	0.2676	0.7500	CHY zinc finger
Rgp1	0.8587	0.0275	0.2676	0.7500	Rgp1
CSN7_HB_subdom	0.8587	0.0275	0.2676	0.7500	CSN7 helical bundle subdomain
CTLH	0.8587	0.0275	0.2676	0.7500	CTLH/CRA C-terminal to LisH motif domain
WHD_E2F_TDP	0.8587	0.0275	0.2676	0.7500	E2F/DP family winged-helix DNA-binding domain
WHD_MCM2	0.8587	0.0275	0.2676	0.7500	DNA replication licensing factor MCM2-like, winged-helix domain
TFIID_NTD2	0.8587	0.0275	0.2676	0.7500	WD40 associated region in TFIID subunit, NTD2 domain
CSN5_C	0.8587	0.0275	0.2676	0.7500	Cop9 signalosome subunit 5 C-terminal domain
Init_tRNA_PT	0.8587	0.0275	0.2676	0.7500	Rit1 DUSP-like domain
KOW2_Spt5	0.8587	0.0275	0.2676	0.7500	Transcription elongation factor SPT5, second KOW domain
MyTH4	0.8587	0.0275	0.2676	0.7500	MyTH4 domain
KLRAQ	0.8587	0.0275	0.2676	0.7500	Predicted coiled-coil domain-containing protein
RTP1_C1	0.8587	0.0275	0.2676	0.7500	Required for nuclear transport of RNA pol II C-terminus 1
TPR_NUP160_120_M	0.8587	0.0275	0.2676	0.7500	NUP160/120 middle TPR
DOCK_N	0.8587	0.0275	0.2676	0.7500	DOCK N-terminus
TM2	0.8587	0.0275	0.2676	0.7500	TM2 domain
SMCR8_C	0.8587	0.0275	0.2676	0.7500	Guanine nucleotide exchange protein SMCR8, C-terminal domain
Ipi1_N	0.8587	0.0275	0.2676	0.7500	Rix1 complex component involved in 60S ribosome maturation
RUN	0.8587	0.0275	0.2676	0.7500	RUN domain
hSac2	0.8587	0.0275	0.2676	0.7500	Inositol phosphatase
PEP_mutase	0.8580	0.0312	0.0342	0.5833	Phosphoenolpyruvate phosphomutase
PKD_channel	0.8566	0.0706	0.0439	0.7500	Polycystin cation channel
Gln-synt_C-ter	0.8557	0.0278	0.0939	1.0000	Glutamine synthetase C-terminal domain
GSIII_N	0.8557	0.0278	0.0939	1.0000	Glutamine synthetase type III N terminal
SF1-HH	0.8557	0.0278	0.0939	1.0000	Splicing factor 1 helix-hairpin domain
SART-1	0.8557	0.0278	0.0939	1.0000	SART-1 family
RNA_pol_I_A49	0.8557	0.0278	0.0939	1.0000	A49-like RNA polymerase I associated factor
WGG	0.8555	0.0599	0.0049	0.9167	Pre-rRNA-processing protein TSR2
MTP18	0.8554	0.0131	0.0340	0.1667	Mitochondrial 18 KDa protein (MTP18)
DIRP	0.8549	0.0331	0.1389	0.6667	DIRP
DCTN5	0.8540	0.0693	0.0619	0.7500	Dynactin subunit 5
Adaptin_binding	0.8529	0.0567	0.1576	0.8333	Alpha and gamma adaptin binding protein p34
RICTOR_M	0.8499	0.0725	0.0162	0.6667	Rapamycin-insensitive companion of mTOR, middle domain
BCNT	0.8496	0.0735	0.1380	0.5833	Bucentaur or craniofacial development
ETC_C1_NDUFA5	0.8486	0.1108	0.0778	0.7500	ETC complex I subunit conserved region
PAN2_N	0.8485	0.0348	0.1362	0.7500	PAN2 N-terminal
CNH	0.8481	0.0303	0.0727	0.7500	CNH domain
DPM2	0.8480	0.0750	0.0352	0.5833	Dolichol phosphate-mannose biosynthesis regulatory protein (DPM2)
Costars	0.8479	0.0347	0.1365	0.7500	Costars
COG6_N	0.8479	0.0506	0.0697	0.7500	Conserved oligomeric complex COG6, N-terminal
WHD_MCM6	0.8479	0.0506	0.0697	0.7500	MCM6 C-terminal winged-helix domain
TARBP1	0.8479	0.0506	0.0697	0.7500	TARBP1 domain
Paf67	0.8479	0.0506	0.0697	0.7500	RNA polymerase I-associated factor PAF67
Glyco_hydro38C2	0.8477	0.0346	0.1366	0.7500	Glycosyl hydrolases family 38 C-terminal beta sandwich domain
HABP4_PAI-RBP1	0.8477	0.0346	0.1410	0.7500	Hyaluronan / mRNA binding family
ATG13	0.8477	0.0346	0.1410	0.7500	Autophagy-related protein 13
ATG16	0.8477	0.0346	0.1410	0.7500	Autophagy protein 16 (ATG16)
ATG101	0.8477	0.0346	0.1410	0.7500	Autophagy-related protein 101
Rrn7_cyclin_N	0.8477	0.0346	0.1410	0.7500	Rrn7/TAF1B, N-terminal cyclin domain
Ost5	0.8477	0.0346	0.1410	0.7500	Oligosaccharyltransferase subunit 5
PPP4R2	0.8477	0.0346	0.1366	0.7500	PPP4R2
BORCS7	0.8477	0.0346	0.1410	0.7500	BLOC-1-related complex sub-unit 7
GYF	0.8477	0.0346	0.1410	0.7500	GYF domain
CIA30	0.8477	0.0346	0.1410	0.7500	Complex I intermediate-associated protein 30 (CIA30)
Ap4A_phos_N	0.8477	0.0346	0.1410	0.7500	Ap4A phosphorylase N-terminal domain
DDB_G0286829	0.8477	0.0346	0.1410	0.7500	Uncharacterised protein DDB_G0286829
NOMO1-like_9th	0.8477	0.0346	0.1410	0.7500	BOS complex subunit NOMO1-like, beta sandwich domain
RRM_Nup35	0.8477	0.0346	0.1410	0.7500	Nup53/35/40-type RNA recognition motif
SPRING1	0.8477	0.0346	0.1410	0.7500	SREBP regulating gene protein
INTS2	0.8477	0.0346	0.1410	0.7500	Integrator complex subunit 2
Med22	0.8477	0.0346	0.1410	0.7500	Surfeit locus protein 5 subunit 22 of Mediator complex
AASDHPPT_N	0.8477	0.0346	0.1410	0.7500	4'-phosphopantetheinyl transferase, N-terminal
Intu_longin_3	0.8477	0.0346	0.1410	0.7500	Intu longin-like domain 3
DSS1_SEM1	0.8477	0.0346	0.1410	0.7500	DSS1/SEM1 family
ATP_transf	0.8477	0.0346	0.1410	0.7500	ATP adenylyltransferase C-terminal domain
XAP5	0.8477	0.0346	0.1410	0.7500	XAP5, circadian clock regulator C-terminal domain
Myb_Cef	0.8477	0.0346	0.1410	0.7500	pre-mRNA splicing factor component
CTNNBL	0.8477	0.0346	0.1410	0.7500	Catenin-beta-like, Arm-motif containing nuclear
AAR2	0.8477	0.0346	0.1410	0.7500	AAR2 C-terminal repeat region
WHD_POLR3C	0.8477	0.0319	0.0216	0.8333	POLR3C, C-terminal winged-helix domain
Sec3_CC	0.8475	0.0694	0.0072	0.8333	Exocyst complex component Sec3, coiled-coil
Zn_ribbon_GRF	0.8472	0.0758	0.0160	0.5833	GRF zinc finger
Snapin_Pallidin	0.8467	0.1089	0.0420	0.9167	Snapin/Pallidin
Zn_ribbon_RPB9	0.8458	0.0820	0.0350	1.0000	RNA polymerases M/15 Kd subunit
Fumerase	0.8457	0.0573	0.0334	0.2500	Fumarate hydratase (Fumerase)
GN3L_Grn1	0.8455	0.0779	0.0396	0.8333	GNL3L/Grn1 putative GTPase
WLS-like_TM	0.8446	0.0566	0.0070	0.9167	Wntless-like, transmembrane domain
BRCT_2	0.8439	0.0399	0.0137	0.9167	BRCT domain
MYG1_exonuc	0.8439	0.0399	0.0137	0.9167	Uncharacterised protein family (UPF0160)
PIG-X	0.8435	0.0153	0.0579	1.0000	PIG-X / PBN1
Ribophorin_II	0.8427	0.0812	0.1152	0.5833	Ribophorin II N-terminal domain
NADH-u_ox-rdase	0.8421	0.0733	0.0166	0.6667	NADH-ubiquinone oxidoreductase complex I, 21 kDa subunit
SF3A3	0.8411	0.0542	0.0141	0.8333	Pre-mRNA-splicing factor SF3A3, of SF3a complex, Prp9
zf-C2H2_3	0.8403	0.0569	0.0144	0.8333	zinc-finger of acetyl-transferase ESCO
NAD_Gly3P_dh_C	0.8386	0.0211	0.0321	0.1667	NAD-dependent glycerol-3-phosphate dehydrogenase C-terminus
Put_Phosphatase	0.8384	0.0212	0.0321	0.1667	Putative Phosphatase
DUF4139	0.8384	0.0212	0.0321	0.1667	Domain of unknown function (DUF4139)
zf-C2HC_2	0.8384	0.0212	0.0321	0.1667	zinc-finger of a C2HC-type
Carb_anhydrase	0.8384	0.0212	0.0321	0.1667	Eukaryotic-type carbonic anhydrase
TPMT	0.8384	0.0212	0.0321	0.1667	Thiopurine S-methyltransferase (TPMT)
UvrD_C	0.8384	0.0212	0.0321	0.1667	UvrD-like helicase C-terminal domain
Tubulin_3	0.8375	0.0700	0.2558	0.7500	Tubulin domain
RPAP2_Rtr1	0.8373	0.0700	0.2558	0.7500	Rtr1/RPAP2 family
APG12	0.8373	0.0700	0.2558	0.7500	Ubiquitin-like autophagy protein Apg12
Pantoate_ligase	0.8371	0.0699	0.2557	0.7500	Pantoate-beta-alanine ligase
NmrA	0.8371	0.0699	0.2557	0.7500	NmrA-like family
Methyltransf_3	0.8370	0.0698	0.2556	0.7500	O-methyltransferase
PAP2_3	0.8361	0.0810	0.0336	0.8333	PAP2 superfamily
EGF_TEN	0.8344	0.0902	0.1235	0.5000	Teneurin EGF domain
C9orf72-like	0.8343	0.0354	0.1744	0.8333	C9orf72-like protein family
BET	0.8343	0.0354	0.1744	0.8333	Bromodomain extra-terminal - transcription regulation
UBA_7	0.8343	0.0354	0.1744	0.8333	UBA-like domain
Paf1	0.8343	0.0354	0.1744	0.8333	Paf1
Tfb2_C	0.8343	0.0354	0.1744	0.8333	Transcription factor Tfb2 (p52) C-terminal domain
HTH_9	0.8343	0.0354	0.1744	0.8333	RNA polymerase III subunit RPC82 helix-turn-helix domain
HD_4	0.8321	0.0243	0.0361	0.9167	HD domain
Mog1	0.8320	0.0708	0.0259	0.5833	Ran-interacting Mog1 protein
Acyl_transf_1	0.8278	0.0592	0.0327	0.7500	Acyl transferase domain
POL2_thumb	0.8278	0.0592	0.0327	0.7500	DNA polymerase epsilon catalytic subunit A, thumb domain
UBA_HYPK	0.8268	0.0870	0.0400	0.5833	HYPK UBA domain
Rieske_4	0.8254	0.0271	0.0321	0.1667	Soluble Rieske-type ferredoxin
eIF3_subunit	0.8230	0.0724	0.0208	0.9167	Translation initiation factor eIF3 subunit
Nop53	0.8229	0.0345	0.0742	0.7500	Nop53 (60S ribosomal biogenesis)
CtaG_Cox11	0.8229	0.0345	0.0742	0.7500	Cytochrome c oxidase assembly protein CtaG/Cox11
DAGAT	0.8229	0.0345	0.0742	0.7500	Diacylglycerol acyltransferase
RMD1-3	0.8229	0.0345	0.0742	0.7500	Regulator of microtubule dynamics protein 1-3
Sulfate_transp	0.8229	0.0345	0.0742	0.7500	Sulfate permease family
Fer2_3	0.8229	0.0345	0.0742	0.7500	2Fe-2S iron-sulfur cluster binding domain
DUF4291	0.8226	0.0508	0.0792	0.5833	Domain of unknown function (DUF4291)
vWA_IML1	0.8223	0.0691	0.0420	0.9167	Vacuolar membrane-associated protein Iml1, vWA-like domain
DUF1295	0.8216	0.0436	0.0323	0.7500	Protein of unknown function (DUF1295)
Peptidase_C78	0.8197	0.0525	0.0322	0.7500	Peptidase family C78
Mcl1_mid	0.8197	0.0525	0.0322	0.7500	Minichromosome loss protein, Mcl1, middle region
CLASP_N	0.8197	0.0525	0.0322	0.7500	CLASP N terminal
YbjQ_2	0.8197	0.0525	0.0322	0.7500	C2 domain-containing protein 5, YbjQ-like domain
TRAPPC-Trs85	0.8197	0.0525	0.0322	0.7500	ER-Golgi trafficking TRAPP I complex 85 kDa subunit
UIM	0.8196	0.0731	0.0545	0.8333	Ubiquitin interaction motif
ADH_Fe_C	0.8194	0.0735	0.0403	0.8333	Fe-containing alcohol dehydrogenase family, C-terminal
Hikeshi-like_C	0.8191	0.0737	0.0229	0.6667	Hikeshi-like, C-terminal domain
UbiB_helical	0.8185	0.0268	0.0639	0.7500	UbiB helical domain
SGL_GH162	0.8171	0.0620	0.0791	0.6667	Endo-beta-1,2-glucanase SGL
Chal_sti_synt_N	0.8171	0.0620	0.0791	0.6667	Chalcone and stilbene synthases, N-terminal domain
Glyco_transf_49	0.8171	0.0620	0.0791	0.6667	Glycosyl-transferase for dystroglycan
Chal_sti_synt_C	0.8171	0.0620	0.0791	0.6667	Chalcone and stilbene synthases, C-terminal domain
GKRP_SIS_N	0.8171	0.0620	0.0791	0.6667	Glucokinase regulatory protein N-terminal SIS domain
Glyco_hydro_39	0.8171	0.0620	0.0791	0.6667	Glycosyl hydrolases family 39
UDPG_MGDP_dh	0.8148	0.0544	0.0691	0.1667	UDP-glucose/GDP-mannose dehydrogenase family, central domain
GlcNAc	0.8142	0.0794	0.0219	0.6667	Glycosyltransferase (GlcNAc)
zf-CRD	0.8142	0.0794	0.0219	0.6667	Cysteine rich domain with multizinc binding regions
MVP_shoulder	0.8142	0.0794	0.0219	0.6667	Shoulder domain
SQHop_cyclase_N	0.8142	0.0794	0.0219	0.6667	Squalene-hopene cyclase N-terminal domain
MKT1_N	0.8142	0.0794	0.0219	0.6667	Temperature dependent protein affecting M2 dsRNA replication
MKT1_C	0.8142	0.0794	0.0219	0.6667	Temperature dependent protein affecting M2 dsRNA replication
Esterase	0.8136	0.0779	0.0318	0.9167	Putative esterase
TPR_6	0.8136	0.0779	0.0344	0.7500	Tetratricopeptide repeat
TRAM	0.8135	0.0402	0.0866	0.5833	TRAM domain
Urocanase	0.8126	0.0305	0.0635	0.7500	Urocanase Rossmann-like domain
DNA_pol_lambd_f	0.8124	0.1046	0.0280	0.6667	Fingers domain of DNA polymerase lambda
DHFR_1	0.8121	0.0569	0.0326	0.7500	Dihydrofolate reductase
Nop25	0.8111	0.0548	0.0373	0.7500	Nucleolar protein 12 (25kDa)
Oxidored_molyb	0.8093	0.0251	0.0664	0.7500	Oxidoreductase molybdopterin binding domain
Mo-co_dimer	0.8093	0.0251	0.0664	0.7500	Mo-co oxidoreductase dimerisation domain
Zn_ribbon_PADR1	0.8091	0.0372	0.0572	0.9167	PADR1 domain, zinc ribbon fold
MTHFR_C	0.8087	0.0268	0.0661	0.7500	MTHFR, SAM-binding regulatory domain
Asparaginase_2	0.8087	0.0268	0.0661	0.7500	Asparaginase
Asp	0.8087	0.0268	0.0661	0.7500	Eukaryotic aspartyl protease
EI24	0.8085	0.0299	0.0641	0.6667	Sulfate transporter CysZ/Etoposide-induced protein 2.4
HTH_DNAJC9	0.8080	0.0656	0.0282	0.6667	DNAJC9 HTH domain
G_glu_transpept	0.8077	0.0288	0.1497	0.4167	Gamma-glutamyltranspeptidase
PAS_9	0.8072	0.0255	0.0665	0.7500	PAS domain
MRG	0.8054	0.0517	0.0353	0.9167	MRG
Trp_dioxygenase	0.8051	0.0261	0.0673	0.7500	Tryptophan 2,3-dioxygenase
DNA_repr_REX1B	0.8051	0.0261	0.0673	0.7500	DNA repair REX1-B
VPS35L_N	0.8051	0.0261	0.0673	0.7500	VPS35L
zf-DPOE	0.8043	0.0259	0.0676	0.7500	Zinc finger domain of DNA polymerase-epsilon
Abhydrolase_3	0.8043	0.0259	0.0676	0.7500	alpha/beta hydrolase fold
Herpes_UL52	0.8042	0.0926	0.0816	0.5000	Herpesviridae UL52/UL70 DNA primase
FMN_dh	0.8039	0.0941	0.0126	0.8333	FMN-dependent dehydrogenase
Tim44	0.8035	0.0456	0.0923	0.3333	Tim44-like domain
Ammonium_transp	0.8035	0.0257	0.0679	0.7500	Ammonium Transporter Family
LbH_EIF2B	0.8034	0.0257	0.0679	0.7500	EIF2B subunit epsilon LbH domain
MBTPS1_4th	0.8034	0.0257	0.0679	0.7500	MBTPS1, fourth GATase-like domain
EGF_2	0.8034	0.0257	0.0679	0.7500	EGF-like domain
AAA_16	0.8034	0.0257	0.0679	0.7500	AAA ATPase domain
Swi3	0.8030	0.0550	0.0406	0.8333	Replication Fork Protection Component Swi3
Glyco_hydro_2	0.8021	0.0280	0.0948	0.8333	Glycosyl hydrolases family 2
DDE_Tnp_4	0.8009	0.0454	0.0631	0.8333	DDE superfamily endonuclease
SLD5_C	0.8006	0.1016	0.0247	0.7500	DNA replication complex GINS protein SLD5 C-terminus
PheRS_DBD3	0.8006	0.0263	0.0500	1.0000	PheRS DNA binding domain 3
TMEM18	0.7992	0.0728	0.0321	0.1667	Transmembrane protein 18
DNA_photolyase	0.7992	0.0728	0.0321	0.1667	DNA photolyase
WHD	0.7992	0.0728	0.0321	0.1667	Winged helix domain, variant
NAD_Gly3P_dh_N	0.7992	0.0728	0.0321	0.1667	NAD-dependent glycerol-3-phosphate dehydrogenase N-terminus
SQHop_cyclase_C	0.7982	0.0623	0.0186	0.6667	Squalene-hopene cyclase C-terminal domain
MeaB	0.7980	0.0552	0.0109	0.7500	Methylmalonyl Co-A mutase-associated GTPase MeaB
Glyoxalase_4	0.7980	0.0552	0.0109	0.7500	Glyoxalase/Bleomycin resistance protein/Dioxygenase superfamily
rve	0.7966	0.0259	0.1337	0.6667	Integrase core domain
LINES_N	0.7963	0.0261	0.1337	0.6667	Lines N-terminus
SGL	0.7959	0.0566	0.0065	0.7500	SMP-30/Gluconolactonase/LRE-like region
Vault	0.7951	0.0641	0.0187	0.6667	Major Vault Protein repeat domain
KYNU_C	0.7950	0.0545	0.0072	0.7500	Kynureninase C-terminal domain
GrpE	0.7950	0.0874	0.0132	0.6667	GrpE
Fic	0.7949	0.1289	0.0813	0.5833	Fic/DOC family
TPR_7	0.7949	0.0559	0.0069	0.8333	Tetratricopeptide repeat
AP5B1_C	0.7943	0.0905	0.0358	0.7500	AP5B1, C-terminal
RPN13_C	0.7941	0.0575	0.0481	0.7500	UCH-binding domain
Nup84_Nup100	0.7939	0.0540	0.0176	0.7500	Nuclear pore protein 84 / 107
Helicase_PWI	0.7937	0.0577	0.0458	1.0000	N-terminal helicase PWI domain
NAPRTase_N	0.7932	0.0446	0.0285	0.9167	Nicotinate phosphoribosyltransferase (NAPRTase) N-terminal domain
OsmC	0.7928	0.0371	0.0703	0.7500	OsmC-like protein
WHD_RIOX1	0.7925	0.0583	0.0060	0.7500	Ribosomal oxygenase 1, C-terminal winged helix domain
SRI	0.7922	0.1328	0.1020	0.6667	SRI (Set2 Rpb1 interacting) domain
B12-binding_2	0.7917	0.0493	0.0061	0.7500	B12 binding domain
Pterin_bind	0.7917	0.0493	0.0061	0.7500	Pterin binding enzyme
Met_synt_B12	0.7917	0.0493	0.0061	0.7500	Vitamin B12 dependent methionine synthase, activation domain
Ferrochelatase	0.7916	0.0257	0.0541	0.7500	Ferrochelatase
Nicastrin	0.7891	0.0580	0.0274	1.0000	Nicastrin large lobe
BAG	0.7890	0.1091	0.0359	0.2500	BAG domain
IBR_2	0.7878	0.0357	0.0349	0.8333	IBR domain
Cupin_2	0.7874	0.1037	0.0297	0.5000	Cupin domain
SHS2_Rpb7-N	0.7872	0.0580	0.0087	0.7500	SHS2 domain found in N terminus of Rpb7p/Rpc25p/MJ0397
UCR_hinge	0.7869	0.0556	0.0038	0.6667	Ubiquinol-cytochrome C reductase hinge protein
Fumerase_C	0.7863	0.0956	0.0298	0.2500	Fumarase C-terminus
C1_1	0.7859	0.0091	0.1497	1.0000	Phorbol esters/diacylglycerol binding domain (C1 domain)
ATP-sulfurylase	0.7850	0.0423	0.2514	0.9167	ATP-sulfurylase
T1R_D3-like	0.7850	0.0423	0.2514	0.9167	Type I restriction enzyme subunit R domain 3
PUA_2	0.7850	0.0423	0.2514	0.9167	PUA-like domain
Ins145_P3_rec	0.7845	0.0624	0.0040	0.5833	Inositol 1,4,5-trisphosphate/ryanodine receptor
Methyltransf_ANTKMT	0.7843	0.0549	0.0487	0.5833	ANTKMT methyltransferase domain
PCC_BT	0.7843	0.0356	0.0069	0.7500	Propionyl-coenzyme A carboxylase BT domain
Bud13	0.7838	0.0627	0.0019	0.8333	Pre-mRNA-splicing factor of RES complex
Mak10	0.7836	0.0138	0.0649	0.7500	Mak10 subunit, NatC N(alpha)-terminal acetyltransferase
Pan3_CK	0.7832	0.0694	0.0465	0.5833	Pan3 C-terminal knob domain
DUF7932	0.7829	0.0361	0.1280	0.5000	Domain of unknown function (DUF7932)
Lactamase_B_4	0.7828	0.0059	0.1972	1.0000	tRNase Z endonuclease
ARMT1-like_dom	0.7826	0.1117	0.0321	0.1667	Damage-control phosphatase ARMT1-like domain
Kinesin_assoc	0.7821	0.0726	0.0752	0.6667	Kinesin-associated
GFA	0.7821	0.0726	0.0752	0.6667	Glutathione-dependent formaldehyde-activating enzyme
APEH_N	0.7821	0.0726	0.0752	0.6667	Acylamino-acid-releasing enzyme, N-terminal domain
THUMP	0.7819	0.0063	0.1858	1.0000	THUMP domain
Afi1	0.7818	0.0636	0.0000	0.7500	Docking domain of Afi1 for Arf3 in vesicle trafficking
GST_C_2	0.7818	0.0636	0.0000	0.7500	Glutathione S-transferase, C-terminal domain
RIH_assoc	0.7818	0.0636	0.0028	0.7500	RyR and IP3R Homology associated
Ribosomal_S14	0.7818	0.0636	0.0000	0.7500	Ribosomal protein S14p/S29e
Gaa1	0.7818	0.0636	0.0000	0.9167	Gaa1-like, GPI transamidase component
SAM_Ribosomal_mS41	0.7818	0.0636	0.0000	0.7500	Small ribosomal subunit protein mS41 SAM domain
zinc_ribbon_16	0.7818	0.0636	0.0000	0.7500	Zinc-ribbon like family
Exo_endo_phos_PGAP2IP	0.7818	0.0636	0.0000	0.5833	PGAP2IP, C-terminal nuclease-like domain
4HBT_2	0.7818	0.0636	0.0000	0.4167	Thioesterase-like superfamily
DNA_binding_1	0.7818	0.0636	0.0002	0.6667	6-O-methylguanine DNA methyltransferase, DNA binding domain
Fes1	0.7812	0.1457	0.0297	0.7500	Nucleotide exchange factor Fes1
ERO1	0.7798	0.0911	0.0172	0.6667	Endoplasmic Reticulum Oxidoreductin 1 (ERO1)
TPR_DNAAF5	0.7798	0.0911	0.0172	0.6667	Dynein axonemal assembly factor 5-like, TPR repeats
AAA_lid_11	0.7798	0.0911	0.0172	0.6667	Dynein heavy chain AAA lid domain
Endonuclease_NS	0.7798	0.0911	0.0172	0.6667	DNA/RNA non-specific endonuclease
CRM1_repeat_2	0.7798	0.0911	0.0172	0.6667	CRM1 / Exportin repeat 2
CRM1_repeat_3	0.7798	0.0911	0.0172	0.6667	CRM1 / Exportin repeat 3
NSUN5_fdxn-like	0.7798	0.0911	0.0172	0.6667	NOL1/NOP2/Sun domain family member 5, ferredoxin-like domain
Nup96	0.7798	0.0911	0.0172	0.6667	Nuclear protein 96
DUF202	0.7798	0.0911	0.0172	0.6667	Domain of unknown function (DUF202)
SCAMP	0.7798	0.0911	0.0172	0.6667	SCAMP family
EF-hand_13	0.7798	0.0911	0.0172	0.6667	EF-hand domain
Cse1	0.7798	0.0911	0.0172	0.6667	Cse1
MCM5_C	0.7798	0.0911	0.0172	0.6667	MCM5, C-terminal domain
zf-Vps39_C	0.7798	0.0911	0.0172	0.6667	Vacuolar sorting protein 39 C-terminal zinc finger domain
Glycolytic	0.7798	0.0911	0.0172	0.6667	Fructose-bisphosphate aldolase class-I
BHD_3	0.7798	0.0911	0.0172	0.6667	Rad4 beta-hairpin domain 3
Leo1	0.7798	0.0911	0.0172	0.6667	Leo1-like protein
BK_channel_a	0.7789	0.0727	0.0412	0.7500	Calcium-activated BK potassium channel alpha subunit
Rep_fac-A_3	0.7783	0.0497	0.0345	0.1667	Replication factor A protein 3
tRNA_edit	0.7781	0.0346	0.0408	0.5000	Aminoacyl-tRNA editing domain
USP7_C2	0.7772	0.0408	0.0359	0.6667	Ubiquitin-specific protease C-terminal
DHH	0.7772	0.0257	0.0299	0.5000	DHH family, N-terminal domain
UcrQ	0.7769	0.0378	0.0905	0.5000	UcrQ family
TPP_enzyme_N	0.7763	0.0201	0.0714	0.7500	Thiamine pyrophosphate enzyme, N-terminal TPP binding domain
EGF_Teneurin	0.7754	0.0270	0.0092	0.6667	Teneurin-like EGF domain
DREV	0.7751	0.0677	0.0282	0.6667	DREV methyltransferase
WHD_eIF2D	0.7750	0.0247	0.0202	0.7500	eIF2D winged helix domain
TM_HPP	0.7750	0.0216	0.0077	0.7500	HPP, transmembrane region
Thr_synth_N	0.7749	0.0765	0.0258	0.3333	Threonine synthase N terminus
Archease	0.7728	0.0492	0.1444	0.8333	Archease protein family (MTH1598/TM1083)
Rsa3	0.7728	0.0492	0.1444	0.8333	Ribosome-assembly protein 3
PGM_PMM_IV	0.7722	0.1184	0.0278	0.8333	Phosphoglucomutase/phosphomannomutase, C-terminal domain
NAD_kinase	0.7708	0.0772	0.0919	1.0000	ATP-NAD kinase N-terminal domain
AAR2_1st	0.7702	0.0707	0.1337	0.7500	AAR2 N-terminal domain
BRWD_AD	0.7702	0.0707	0.1337	0.7500	BRWD/PHIP ancillary domain-like domain
Integrase_H2C2	0.7702	0.0707	0.1337	0.7500	Integrase zinc binding domain
DUF383	0.7702	0.0707	0.1337	0.7500	Domain of unknown function (DUF383)
PANTS-like	0.7702	0.0707	0.1337	0.7500	Synaptic plasticity regulator PANTS-like
SCD	0.7702	0.0302	0.0223	0.5833	Stromalin conservative domain
FPN1	0.7690	0.0743	0.0946	0.7500	Ferroportin1 (FPN1)
Pur_ac_phosph_N	0.7690	0.0743	0.0946	0.7500	Purple acid Phosphatase, N-terminal domain
zf-RING_4	0.7690	0.0743	0.0946	0.7500	RING/Ubox like zinc-binding domain
CEMIP_beta-hel	0.7690	0.0743	0.0946	0.7500	CEMIP beta-helix
PAH_ZNF598	0.7683	0.0091	0.0716	0.7500	ZNF598 PAH domain
Ribosomal_L37e	0.7683	0.0417	0.0025	0.7500	Ribosomal protein L37e
SKICH	0.7678	0.0838	0.1265	0.6667	SKICH domain
5-FTHF_cyc-lig	0.7676	0.0533	0.0356	0.1667	5-formyltetrahydrofolate cyclo-ligase family
Fn3-like	0.7665	0.0582	0.0447	1.0000	Fibronectin type III-like domain
Glyco_hydro_3	0.7665	0.0582	0.0447	1.0000	Glycosyl hydrolase family 3 N terminal domain
ABM	0.7643	0.0016	0.0051	0.7500	Antibiotic biosynthesis monooxygenase
UTP20	0.7634	0.1176	0.0111	0.9167	U3 small nucleolar RNA-associated protein 20 domain
RYDR_ITPR	0.7634	0.0018	0.0059	0.7500	RIH domain
EBP	0.7629	0.0014	0.0046	0.6667	EXPERA (EXPanded EBP superfamily)
Nucleotid_trans	0.7629	0.1043	0.0513	0.6667	Nucleotide-diphospho-sugar transferase
Vps39_1	0.7628	0.0275	0.0212	0.6667	Vacuolar sorting protein 39 domain 1
Ufm1	0.7628	0.0284	0.0199	0.5833	Ubiquitin fold modifier 1 protein
HEAT_SCC3-SA	0.7624	0.0725	0.0160	0.6667	Cohesin subunit SCC3/SA, HEAT-repeats domain
COG5_N	0.7620	0.0760	0.0368	0.7500	Conserved oligomeric Golgi complex subunit 5, N-terminal
Cauli_VI	0.7619	0.0456	0.0445	0.5000	Ribonuclease H1 N-terminal domain
CNOT10_TPR	0.7619	0.0319	0.1303	0.7500	CNOT10 tetratricopeptide repeat domain
DCC1-like	0.7619	0.0319	0.1303	0.7500	DCC1-like thiol-disulfide oxidoreductase
XLF	0.7619	0.0319	0.1303	0.7500	XLF N-terminal domain
TPR_DOCK	0.7619	0.0319	0.1303	0.7500	Dedicator of cytokinesis (DOCK) TPR region
PAS_3	0.7619	0.0319	0.1303	0.7500	PAS fold
Clathrin_propel	0.7619	0.0319	0.1303	0.7500	Clathrin propeller repeat
HCO3_cotransp	0.7614	0.0145	0.1082	0.5833	HCO3- transporter integral membrane domain
AAA_lid_RFC1	0.7614	0.0243	0.0023	0.5833	RFC1-like, AAA+ ATPase lid domain
CytochromB561_N	0.7611	0.0013	0.0066	0.6667	Cytochrome B561, N terminal
COX6B	0.7607	0.0061	0.0077	0.7500	Cytochrome oxidase c subunit VIb
DUF4460	0.7604	0.0283	0.0182	0.6667	Domain of unknown function (DUF4460)
Glyco_hydro_85	0.7604	0.0283	0.0182	0.6667	Glycosyl hydrolase family 85
eIF3_N	0.7601	0.0314	0.0815	0.7500	eIF3 subunit 6 N terminal domain
Urocanase_N	0.7597	0.0203	0.0820	0.7500	Urocanase N-terminal domain
zf-met2	0.7597	0.0080	0.0068	0.7500	Zinc-binding
SH3BGR	0.7593	0.0201	0.0447	0.7500	SH3-binding, glutamic acid-rich protein
Ubiquitin_2	0.7589	0.0744	0.0161	0.6667	Ubiquitin-like domain
FH3_FHOD1-3	0.7584	0.1047	0.0162	0.9167	FHOD1/3 FH3 domain
G8	0.7578	0.0064	0.0069	0.7500	G8 domain
SAYSvFN	0.7577	0.0418	0.0695	0.5833	Uncharacterized conserved domain (SAYSvFN)
Fcf2	0.7572	0.0301	0.0824	0.7500	Fcf2 pre-rRNA processing
Catalase-rel	0.7572	0.0302	0.0824	0.7500	Catalase-related immune-responsive
Catalase	0.7572	0.0302	0.0824	0.7500	Catalase
RMC1_C	0.7568	0.0677	0.0240	0.9167	Regulator of MON1-CCZ1 complex, C-terminal
Rep_fac-A_C	0.7568	0.0530	0.0685	0.6667	Replication factor-A C terminal domain
HAT_PRP39_C	0.7568	0.1091	0.0337	0.6667	PRP39 C-terminal HAT repeat
SLX9	0.7567	0.0300	0.0826	0.7500	Ribosome biogenesis protein SLX9
MIOS_WD40	0.7566	0.0299	0.0826	0.7500	MIOS, WD40 repeat
zf_DPOE_2	0.7566	0.0299	0.0826	0.7500	Zinc finger domain of DNA polymerase-epsilon
Ribonuclease_3	0.7566	0.0299	0.0825	0.7500	Ribonuclease III domain
COQ9	0.7566	0.0032	0.0126	0.6667	COQ9
WSD	0.7565	0.0034	0.0038	0.5833	Williams-Beuren syndrome DDT (WSD), D-TOX E motif
CUX1_N	0.7563	0.0306	0.0586	0.5833	CUX1-like, N-terminal tRNA-binding arm
Fis1_TPR_C	0.7560	0.0445	0.0115	0.5000	Fis1 C-terminal tetratricopeptide repeat
M-HEAT_ATR	0.7546	0.0186	0.0072	0.7500	Serine/threonine-protein kinase ATR, M-HEAT region
Peptidase_S49	0.7538	0.0529	0.0595	0.5833	Peptidase family S49
Lipase_GDSL_2	0.7537	0.0046	0.0034	0.5000	GDSL-like Lipase/Acylhydrolase family
VPS53_C	0.7529	0.0159	0.0025	0.6667	Vacuolar protein sorting-associated protein 53 C-terminus
Golgin_A5	0.7526	0.0424	0.0390	0.1667	Golgin subfamily A member 5
EDR1_CTR1_ARMC3_pept	0.7526	0.0424	0.0390	0.1667	EDR1/CTR1/ARMC3, peptidase-like
CHD1-like_C	0.7525	0.0606	0.0459	0.7500	Chromodomain-helicase-DNA-binding protein 1-like, C-terminal
TMEM164	0.7505	0.0088	0.0031	0.9167	TMEM164 family
STAS	0.7504	0.0190	0.0503	0.7500	STAS domain
HSBP1	0.7503	0.0006	0.0000	0.6667	Heat shock factor binding protein 1
SIN1_PH	0.7501	0.0086	0.0034	0.5833	SAPK-interacting protein 1 (Sin1), Pleckstrin-homology
SF3b1	0.7500	0.0000	0.0000	0.7500	Splicing factor 3B subunit 1
MCM2_N	0.7500	0.0000	0.0000	0.5833	Mini-chromosome maintenance protein 2
Thioredoxin_12	0.7500	0.0000	0.0000	0.7500	Thioredoxin-like domain
GST_C_3	0.7500	0.0000	0.0000	0.7500	Glutathione S-transferase, C-terminal domain
SRP_TPR_like	0.7500	0.0000	0.0000	0.7500	Putative TPR-like repeat
FAM210A-B_dom	0.7500	0.0000	0.0000	0.7500	FAM210A/B-like domain
UTP20_N	0.7500	0.0000	0.0000	0.6667	U3 small nucleolar RNA-associated protein 20, N-terminal
XRN1_D2_D3	0.7500	0.0000	0.0000	0.6667	Exoribonuclease Xrn1 D2/D3 domain
zf-TRM13_CCCH	0.7500	0.0000	0.0000	0.4167	CCCH zinc finger in TRM13 protein
Peptidase_M28	0.7500	0.0000	0.0000	0.7500	Peptidase family M28
Syndetin_C	0.7500	0.0000	0.0000	0.7500	Syndetin, C-terminal
UDPGT	0.7500	0.0000	0.0000	0.2500	UDP-glucoronosyl and UDP-glucosyl transferase
PEN-2	0.7500	0.0000	0.0000	0.8333	Presenilin enhancer-2 subunit of gamma secretase
Tmemb_185A	0.7500	0.0000	0.0000	0.6667	Transmembrane Fragile-X-F protein
PRKCSH	0.7498	0.0638	0.0186	0.7500	Glucosidase II beta subunit-like protein
STAG	0.7493	0.0293	0.0139	0.5833	STAG domain
DeoC	0.7482	0.0480	0.0378	0.5833	DeoC/LacD family aldolase
AAA_lid_TRIP13_C	0.7482	0.0355	0.0043	0.4167	TRIP13-like, AAA+ ATPase lid C-terminal domain
RRM_11	0.7478	0.1179	0.0384	0.2500	RRM domain
TAF	0.7470	0.0723	0.0314	0.8333	TATA box binding protein associated factor (TAF)
IML1_small	0.7467	0.0034	0.0022	0.5833	IML1 small domain
ATP-synt_Eps	0.7461	0.0254	0.0065	0.7500	Mitochondrial ATP synthase epsilon chain
COPI_assoc	0.7422	0.1789	0.0567	0.6667	COPI associated protein
SAM_MT	0.7416	0.0377	0.1041	0.5833	Putative SAM-dependent methyltransferase
WAC_Acf1_DNA_bd	0.7416	0.0377	0.1041	0.5833	ATP-utilising chromatin assembly and remodelling N-terminal
PAP2_C	0.7411	0.0680	0.0870	0.3333	PAP2 superfamily C-terminal
GOST_TM	0.7409	0.0635	0.1229	0.8333	GOST, seven transmembrane domain
TMF_TATA_bd	0.7403	0.0918	0.0732	0.6667	TATA element modulatory factor 1 TATA binding
BORCS8	0.7403	0.0918	0.0732	0.6667	BLOC-1-related complex sub-unit 8
Str_synth	0.7400	0.0387	0.0956	0.5000	Strictosidine synthase
ATG5_UblB	0.7395	0.1128	0.0285	0.9167	Autophagy protein ATG5, UblB domain
Glyco_hydro_16	0.7381	0.0135	0.1025	0.6667	Glycosyl hydrolases family 16
Anoctamin	0.7375	0.0234	0.0302	0.6667	Calcium-activated chloride channel
zf-ANAPC11	0.7372	0.0365	0.0024	0.6667	Anaphase-promoting complex subunit 11 RING-H2 finger
SERRATE_Ars2_N	0.7365	0.0574	0.1487	0.8333	SERRATE/Ars2, N-terminal domain
Tfb5	0.7355	0.0316	0.0659	0.5833	Transcription factor TFIIH complex subunit Tfb5
Acylphosphatase	0.7347	0.0305	0.0546	0.1667	Acylphosphatase
SACS	0.7341	0.0130	0.1022	0.6667	Sacsin domain
COQ7	0.7329	0.1738	0.0620	0.5833	Ubiquinone biosynthesis protein COQ7
NAPRTase	0.7324	0.0447	0.0026	0.7500	Nicotinate phosphoribosyltransferase (NAPRTase) family
OSCP	0.7321	0.0811	0.0166	0.6667	ATP synthase delta (OSCP) subunit
Glyco_hydro_3_C	0.7303	0.0364	0.0643	1.0000	Glycosyl hydrolase family 3 C-terminal domain
MRP-S34	0.7303	0.0281	0.0040	0.6667	Mitochondrial 28S ribosomal protein S34
CSTF2_hinge	0.7283	0.0678	0.0219	0.7500	Hinge domain of cleavage stimulation factor subunit 2
Lactonase	0.7277	0.0125	0.1009	0.5000	Lactonase, 7-bladed beta-propeller
UBM	0.7275	0.0182	0.0789	0.6667	Ubiquitin binding region
Fucose_pyrophosphorylase	0.7271	0.0420	0.0370	0.7500	Fucose pyrophosphorylase domain
EB1	0.7267	0.0794	0.0208	0.6667	EB1-like C-terminal motif
Orn_DAP_Arg_deC	0.7264	0.0474	0.0035	0.5000	Pyridoxal-dependent decarboxylase, C-terminal sheet domain
DUF3336	0.7260	0.0276	0.0032	0.3333	Domain of unknown function (DUF3336)
FAM13A	0.7258	0.0900	0.0180	0.6667	FAM13A-like domain
BHD_1	0.7258	0.0900	0.0180	0.6667	Rad4 beta-hairpin domain 1
RBD_LARS1	0.7255	0.0540	0.0035	0.8333	Leucine--tRNA ligase, RagD-binding domain
ARM_Cnot1	0.7254	0.0622	0.0073	0.7500	Cnot1 ARM repeat
SWI2_SNF2	0.7252	0.1381	0.1853	0.8333	SWI2/SNF2 ATPase
PRP1_N	0.7246	0.0283	0.0711	1.0000	PRP1 splicing factor, N-terminal
Pho88	0.7235	0.0593	0.0668	0.7500	Phosphate transport (Pho88)
MFS_1_like	0.7235	0.0593	0.0668	0.7500	MFS_1 like family
DBP10CT	0.7234	0.0594	0.0665	0.6667	DBP10CT (NUC160) domain
Ribosomal_L33	0.7232	0.0571	0.1065	0.5833	Ribosomal protein L33
zf-C6H2	0.7231	0.0594	0.0667	0.6667	zf-MYND-like zinc finger, mRNA-binding
TROVE	0.7231	0.0595	0.0669	0.7500	TROVE domain
MoaC	0.7231	0.0595	0.0669	0.7500	MoaC family
bZIP_2	0.7227	0.0737	0.1490	0.7500	Basic region leucine zipper
KHA	0.7224	0.0315	0.1286	0.5833	KHA, dimerisation domain of potassium ion channel
NuA4	0.7205	0.0642	0.0029	0.6667	Histone acetyltransferase subunit NuA4
MCRS_N	0.7202	0.0786	0.1047	0.6667	N-terminal region of micro-spherule protein
COX16	0.7202	0.0569	0.1071	0.5833	Cytochrome c oxidase assembly protein COX16
TFIIA_gamma_C	0.7195	0.0785	0.1049	0.6667	Transcription initiation factor IIA, gamma subunit
D-ser_dehydrat	0.7194	0.0784	0.0961	0.6667	Putative serine dehydratase domain
Hep_59	0.7194	0.0784	0.0961	0.6667	Hepatocellular carcinoma-associated antigen 59
TFIIA	0.7194	0.0784	0.0961	0.6667	Transcription factor IIA, alpha/beta subunit
Apc1_MidN	0.7194	0.0784	0.0961	0.6667	Anaphase-promoting complex subunit 1 middle domain
zf-C3HC3H_KANSL2	0.7194	0.0784	0.0961	0.6667	KANL2-like, probable zinc-finger domain
ROK	0.7194	0.0784	0.0961	0.6667	ROK family
RlaP	0.7194	0.0784	0.0961	0.6667	RNA repair pathway DNA polymerase beta family
Med25_VWA	0.7194	0.0784	0.0961	0.6667	Mediator complex subunit 25 von Willebrand factor type A
XPO4	0.7194	0.0784	0.0961	0.6667	Exportin-4
GAT	0.7194	0.0784	0.0961	0.6667	GAT domain
ParBc_2	0.7194	0.0784	0.0961	0.6667	Putative ParB-like nuclease
RNR-II_ins_dom	0.7194	0.0784	0.0961	0.6667	B12-dependent ribonucleotide reductase, insertion domain
Seipin	0.7194	0.0784	0.0961	0.6667	Putative adipose-regulatory protein (Seipin)
GKRP-like_C	0.7194	0.0784	0.0961	0.6667	C-terminal lid domain of glucokinase regulatory protein
GKRP_SIS_2	0.7194	0.0784	0.0961	0.6667	Glucokinase regulatory protein, second SIS domain
FANCL_C	0.7194	0.0784	0.0961	0.6667	FANCL C-terminal domain
TRAP-gamma	0.7194	0.0784	0.0961	0.6667	Translocon-associated protein, gamma subunit (TRAP-gamma)
MFS_2	0.7194	0.0784	0.0961	0.6667	MFS/sugar transport protein
SBDS_C	0.7194	0.0784	0.0961	0.6667	SBDS protein, C-terminal domain
TFIIA_gamma_N	0.7194	0.0784	0.0961	0.6667	Transcription initiation factor IIA, gamma subunit, helical domain
ThrE	0.7194	0.0784	0.0961	0.6667	Putative threonine/serine exporter
Ig_TMEM131L_5	0.7194	0.0784	0.0961	0.6667	TMEM131L fifth Ig-like domain
EFhand_Ca_insen	0.7194	0.0784	0.0961	0.6667	Ca2+ insensitive EF hand
HPS3_C	0.7193	0.0785	0.0961	0.5833	Hermansky-Pudlak syndrome 3 protein, C-terminal region
Tma16	0.7183	0.1353	0.0226	0.8333	Translation machinery-associated protein 16
DUF5600	0.7172	0.1081	0.0306	0.9167	Domain of unknown function (DUF5600)
DUF3402	0.7169	0.0796	0.1015	0.6667	Domain of unknown function (DUF3402)
DUF4461	0.7169	0.0796	0.1015	0.6667	Domain of unknown function (DUF4461)
CDC27	0.7167	0.0894	0.0400	0.5000	DNA polymerase subunit Cdc27
CRM1_repeat	0.7159	0.0954	0.0225	0.6667	Chromosome region maintenance or exportin repeat
SRAP	0.7159	0.0387	0.1151	0.4167	SOS response associated peptidase (SRAP)
GILT	0.7154	0.0904	0.1373	0.3333	Gamma interferon inducible lysosomal thiol reductase (GILT)
Pentapeptide_4	0.7148	0.0430	0.0872	0.5833	Pentapeptide repeat region
Eaf7	0.7148	0.0430	0.0872	0.5833	Chromatin modification-related protein EAF7
DUF1168	0.7145	0.0228	0.0682	0.7500	Protein of unknown function (DUF1168)
zf-C2HE	0.7143	0.0649	0.0029	0.5000	C2HE / C2H2 / C2HC zinc-binding finger
DNA-PKcs_N	0.7137	0.0613	0.0030	0.6667	DNA-PKcs, N-terminal
DUF6787	0.7131	0.0457	0.0258	0.5833	Family of unknown function (DUF6787)
Tetraspanin	0.7129	0.0753	0.0351	0.8333	Tetraspanin family
HAD_2	0.7116	0.0621	0.0674	0.4167	Haloacid dehalogenase-like hydrolase
YqaJ	0.7102	0.0703	0.1031	0.3333	YqaJ-like viral recombinase domain
PIG-H	0.7100	0.0266	0.0184	0.7500	GPI-GlcNAc transferase complex, PIG-H component
Nop10p	0.7094	0.1008	0.0051	0.6667	Nucleolar RNA-binding protein, Nop10p family
YqeH-like_C	0.7089	0.0412	0.1259	0.5000	YqeH-like, C-terminal
T6SS_HCP	0.7054	0.0465	0.1220	0.5833	Type VI secretion system effector, Hcp
SH3-C_UBE2O	0.7043	0.0529	0.0806	0.5000	UBE2O, ubiquitin binding SH3-C domain
Ins134_P3_kin_N	0.7040	0.0465	0.1442	0.6667	Inositol 1,3,4-trisphosphate 5/6-kinase pre-ATP-grasp domain
Ten1_2	0.7040	0.0465	0.1442	0.6667	Telomere-capping, CST complex subunit
SH3_KIN17_C	0.7035	0.0464	0.1282	0.5833	KIN17 C-terminal SH3 domain
LOR	0.7029	0.0463	0.1290	0.5833	LURP-one-related
FDF	0.7025	0.0471	0.1259	0.5833	FDF domain
GOSR1_N	0.7021	0.0994	0.0029	0.5000	GOSR1 N-terminal domain
WHD_Cdc6	0.7016	0.0488	0.1322	0.5000	CDC6, C terminal winged helix domain
Taxilin	0.7013	0.1001	0.0002	0.5833	Myosin-like coiled-coil protein
DUF5110	0.7011	0.0977	0.0000	0.4167	Domain of unknown function (DUF5110)
Cupin_5	0.7011	0.0978	0.0000	0.4167	Cupin superfamily (DUF985)
fn3	0.7010	0.0980	0.0000	0.4167	Fibronectin type III domain
tRNA_Me_trans_C	0.7007	0.0986	0.0017	0.5000	Aminomethyltransferase beta-barrel domain
zf-RING_5	0.7002	0.0987	0.0027	0.7500	zinc-RING finger domain
SKI	0.7000	0.1000	0.0000	0.6667	Shikimate kinase
TMEM33_Pom33	0.7000	0.1000	0.0000	0.7500	Transmembrane protein 33/Nucleoporin POM33
Swi5	0.7000	0.1000	0.0000	0.8333	Swi5
TMA7	0.7000	0.1000	0.0000	0.5833	Translation machinery associated TMA7
SDA1_dom	0.6997	0.1005	0.0000	0.5000	SDA1, conserved domain
Mem_trans	0.6992	0.1072	0.0768	0.3333	Membrane transport protein
Peptidase_M49	0.6990	0.0449	0.0294	0.9167	Peptidase family M49
Glyco_transf_5	0.6988	0.1382	0.2302	0.8333	Starch synthase catalytic domain
Fascin	0.6985	0.0720	0.0353	0.5833	Fascin domain
ANAPC5	0.6983	0.0200	0.0780	0.6667	Anaphase-promoting complex subunit 5
SLFN_AlbA_2	0.6976	0.0977	0.0019	0.3333	Schlafen, AlbA_2
zf-C2H2_ZFAND2	0.6973	0.0369	0.0227	0.3333	ZFAND2A/B-like C2H2 zinc finger
FUN14	0.6967	0.1066	0.0863	0.6667	FUN14 family
RNA_hel_CTD	0.6966	0.0220	0.0584	0.7500	C-terminal domain in RNA helicases
INTS4_C	0.6950	0.0346	0.1147	0.4167	Integrator subunit 4 family C-terminal Ig-like domain
Rab3-GTPase_cat	0.6940	0.1091	0.0241	0.6667	Rab3 GTPase-activating protein catalytic subunit
ACT_13	0.6922	0.0795	0.0220	0.6667	ACT-like domain
Vault_3	0.6922	0.0795	0.0220	0.6667	Major Vault Protein Repeat domain
MGH1-like_GH	0.6913	0.0492	0.0585	0.5833	Mannosylglycerate hydrolase MGH1-like glycoside hydrolase domain
Hydant_A_C	0.6913	0.0371	0.1262	0.6667	Hydantoinase/oxoprolinase C-terminal domain
AA_permease	0.6912	0.0964	0.0162	0.5833	Amino acid permease
EnY2	0.6911	0.0976	0.0029	0.5000	Transcription factor e(y)2
DnaJ-X	0.6910	0.0617	0.0741	0.7500	X-domain of DnaJ-containing
ATP_synt_H	0.6895	0.0971	0.0043	0.5000	ATP synthase subunit H
SpoIIE	0.6891	0.1191	0.0000	0.2500	Stage II sporulation protein E (SpoIIE)
Tex_central_region	0.6877	0.0579	0.0334	0.6667	Tex central region-like
FtsZ_C	0.6859	0.0272	0.0649	0.6667	FtsZ family, C-terminal domain
DUF3645	0.6856	0.0858	0.0052	0.3333	Protein of unknown function (DUF3645)
DUF3638	0.6856	0.0858	0.0052	0.3333	Protein of unknown function (DUF3638)
MAPKK1_Int	0.6848	0.0685	0.0970	0.5833	Mitogen-activated protein kinase kinase 1 interacting
MFS_5	0.6825	0.0454	0.0328	0.6667	Sugar-tranasporters, 12 TM
Dzip-like_N	0.6820	0.1124	0.0032	0.4167	Iguana/Dzip1-like DAZ-interacting protein N-terminal
Clathrin-link	0.6814	0.0628	0.0422	0.7500	Clathrin, heavy-chain linker
Rad4	0.6814	0.0628	0.0422	0.7500	Rad4 transglutaminase-like domain
Rad17	0.6812	0.0397	0.0880	1.0000	Rad17 P-loop domain
Citrate_synth_N	0.6808	0.1490	0.0727	0.7500	ATP-citrate synthase ATP-grasp domain
PDZ_3	0.6808	0.1490	0.0727	0.7500	PDZ domain
Citrate_bind	0.6808	0.1490	0.0727	0.7500	ATP citrate lyase citrate-binding
Ribonuc_P_40	0.6779	0.0447	0.0883	0.6667	Ribonuclease P 40kDa (Rpp40) subunit
TFIIF_beta_N	0.6779	0.0447	0.0883	0.6667	TFIIF, beta subunit N-terminus
Ctf4_C	0.6765	0.0564	0.0289	0.5833	DNA polymerase alpha-binding protein Ctf4, C-terminal domain
NPC1_N	0.6743	0.1352	0.0311	0.7500	Niemann-Pick C1 N terminus
PolyA_pol_RNAbd	0.6740	0.1070	0.1365	0.6667	Probable RNA and SrmB- binding site of polymerase A
TMEM120A-B	0.6737	0.0873	0.0847	0.6667	TMEM120A/B
ATE_N	0.6737	0.0873	0.0847	0.6667	Arginine-tRNA-protein transferase, N terminus
DONSON	0.6737	0.0873	0.0847	0.6667	Protein downstream neighbor of Son
TRAPPC13_M	0.6737	0.0873	0.0847	0.6667	Trafficking protein particle complex subunit 13, middle domain
EFL1	0.6737	0.0873	0.0847	0.6667	Elongation factor-like GTPase 1-like domain
INCENP_ARK-bind	0.6737	0.0873	0.0847	0.6667	Inner centromere protein, ARK binding region
EIF3CL_C	0.6737	0.0873	0.0847	0.6667	EIF3CL-like, C-terminal domain
NSRP1_N	0.6737	0.0873	0.0847	0.6667	Nuclear speckle splicing regulatory protein 1, N-terminal
Ubl_WDR48-Bun107	0.6737	0.0873	0.0847	0.6667	WDR48/Bun107, ubiquitin-like domain
USP8_dimer	0.6737	0.0873	0.0847	0.6667	USP8 dimerisation domain
Exo70_N	0.6737	0.0873	0.0847	0.6667	Exocyst complex component Exo70 N-terminal
SctB-like	0.6737	0.0873	0.0847	0.6667	Secreted protein B-like
Keratin_assoc	0.6737	0.0873	0.0847	0.6667	Keratinocyte-associated protein 2
PI31_Prot_N	0.6737	0.0873	0.0847	0.6667	PI31 proteasome regulator N-terminal
P5-ATPase	0.6737	0.0873	0.0847	0.6667	P5-type ATPase cation transporter
Ceramidse_alk_C	0.6737	0.0873	0.0847	0.6667	Neutral/alkaline non-lysosomal ceramidase, C-terminal
PepS8_pro_Ba	0.6737	0.0873	0.0847	0.6667	Peptidase S8 propeptide domain, Bacteroidota
YL1_C	0.6737	0.0873	0.0847	0.6667	YL1 nuclear protein C-terminal domain
PI31_Prot_C	0.6737	0.0873	0.0847	0.6667	PI31 proteasome regulator
SYMPK_PTA1_N	0.6737	0.0873	0.0847	0.6667	Symplekin/PTA1 N-terminal
OB_Ssb-like	0.6737	0.0873	0.0847	0.6667	Single-stranded DNA binding protein Ssb-like, OB fold
RdRP_head	0.6737	0.0873	0.0847	0.6667	RdRP, head domain
HIND	0.6737	0.0873	0.0847	0.6667	HIND motif
TPR_Vps8	0.6737	0.0873	0.0847	0.6667	Vps8 central TPR
TPR_DOP1B	0.6737	0.0873	0.0847	0.6667	DOP1B-like, TPR repeats
zinc_ribbon_6	0.6737	0.0873	0.0847	0.6667	Zinc-ribbon
PAXNEB	0.6737	0.0873	0.0847	0.6667	PAXNEB protein
HEAT_RRP12_N	0.6737	0.0873	0.0847	0.6667	RRP12-like, N-terminal HEAT repeats
3HBD	0.6737	0.0873	0.0847	0.6667	Three-helical bundle domain
EPL1	0.6737	0.0873	0.0847	0.6667	Enhancer of polycomb-like
zf-RING_16	0.6737	0.0873	0.0847	0.6667	RING/Ubox like zinc-binding domain
Rrp40_N	0.6737	0.0873	0.0847	0.6667	Exosome complex exonuclease Rrp40 N-terminal domain
MARCHF6_C	0.6737	0.0873	0.0847	0.6667	E3 ubiquitin-protein ligase MARCHF6-like, C-terminal domain
MCM9_N	0.6737	0.0873	0.0847	0.6667	MCM9, N-terminal domain
Folliculin_C	0.6737	0.0873	0.0847	0.6667	Folliculin C-terminal domain
CTU2	0.6731	0.0877	0.0846	0.5833	Cytoplasmic tRNA 2-thiolation protein 2
RimK	0.6731	0.0877	0.0846	0.5833	RimK-like ATP-grasp domain
RRM_LARP4	0.6731	0.0877	0.0846	0.5833	La-related protein 4-like, RNA recognition motif
TRIP4_3rd	0.6724	0.0309	0.1248	0.6667	TRIP4, third domain
zf-C3HC	0.6711	0.0884	0.0841	0.6667	NuBaID N-terminal domain (aka zf-C3HC)
Mat89Bb	0.6703	0.0978	0.0841	0.6667	Cell cycle and development regulator Mat89Bb
LPA1_N	0.6703	0.0978	0.0841	0.6667	P-loop NTPase domain-containing protein LPA1 N-terminal domain
DUF2418	0.6703	0.0978	0.0841	0.6667	Protein of unknown function (DUF2418)
SNO	0.6702	0.0653	0.1291	0.6667	SNO glutamine amidotransferase family
SAE2	0.6700	0.0653	0.1290	0.6667	DNA endonuclease activator SAE2/CtIP C-terminus
MFE-2_hydrat-2_N	0.6700	0.0653	0.1290	0.6667	MFE-2 hydratase 2 N-terminal domain
Lectin_legB	0.6700	0.0653	0.1290	0.6667	Legume lectin domain
SH3-B_UBE2O	0.6681	0.0437	0.0543	0.5000	UBE2O, SH3-B domain
PH_RBD	0.6679	0.0721	0.0975	0.6667	Rab-binding domain (RBD)
GDE_C	0.6672	0.1325	0.1786	0.8333	Amylo-alpha-1,6-glucosidase
hGDE_central	0.6672	0.1325	0.1786	0.8333	Central domain of human glycogen debranching enzyme
Spatacsin_C	0.6664	0.1204	0.0467	0.9167	Spatacsin C-terminus
GAD	0.6652	0.0807	0.1197	0.6667	GAD domain
DUF913	0.6650	0.0808	0.1197	0.6667	Domain of Unknown Function (DUF913)
ORC5_C	0.6650	0.0808	0.1197	0.6667	Origin recognition complex (ORC) subunit 5 C-terminus
zf_PCFS4	0.6650	0.0808	0.1197	0.6667	PCFS4 zinc finger domain
U3snoRNP10	0.6650	0.0808	0.1197	0.6667	U3 small nucleolar RNA-associated protein 10
Erg28	0.6650	0.0808	0.1220	0.6667	Erg28 like protein
Polyketide_cyc2	0.6650	0.0808	0.1220	0.6667	Polyketide cyclase / dehydrase and lipid transport
Rubrerythrin	0.6641	0.1606	0.1485	0.3333	Rubrerythrin
TrAA12	0.6640	0.0919	0.1744	0.4167	TrAA12-like
TPR_TTI1_2nd	0.6624	0.0279	0.0601	0.4167	TELO2-interacting protein 1 homologue second TPR domain
hDGE_amylase	0.6623	0.2112	0.2447	0.9167	Glycogen debranching enzyme, glucanotransferase domain
Auto_anti-p27	0.6623	0.2112	0.2447	0.9167	Sjogren's syndrome/scleroderma autoantigen 1 (Autoantigen p27)
Glyco_hydro_77	0.6623	0.2112	0.2447	0.9167	4-alpha-glucanotransferase
MgsA_C	0.6623	0.2112	0.2447	0.9167	MgsA AAA+ ATPase C terminal
zf-B_box_ZFPL1	0.6623	0.2112	0.2447	0.9167	ZFPL1-like, B-box zinc-binding domain
Glyco_transf_8	0.6611	0.0306	0.0452	0.5833	Glycosyl transferase family 8
RRM_8	0.6603	0.0885	0.0256	0.5833	RRM-like domain
MIF4G_like_2	0.6603	0.0824	0.1279	0.6667	MIF4G like
Nrap_D3	0.6599	0.1626	0.0240	0.9167	Nrap protein domain 3
TRAUB	0.6592	0.0302	0.0456	0.6667	Apoptosis-antagonizing transcription factor, C-terminal
Kri1	0.6588	0.0561	0.0335	0.3333	KRI1-like family
RELCH_N	0.6585	0.0270	0.0719	0.7500	RAB11-binding protein RELCH N-terminal domain
NUDT19_Nudix	0.6583	0.0225	0.0632	0.7500	NUDT19 Nudix domain
Folliculin	0.6582	0.1199	0.0172	0.5833	Vesicle coat protein involved in Golgi to plasma membrane transport
GSAP-16	0.6581	0.0947	0.0872	0.5833	gamma-Secretase-activating protein C-term
PSF1_C	0.6581	0.0947	0.0872	0.5833	PSF1 C-terminal domain
Pacs-1	0.6569	0.1425	0.0317	0.6667	PACS-1 cytosolic sorting protein
Importin_rep_6	0.6564	0.0306	0.0271	0.5000	Importin repeat 6
Sterol_MT_C	0.6558	0.1198	0.0212	0.6667	Sterol methyltransferase C-terminal
NTPase_I-T	0.6558	0.1198	0.0212	0.6667	Protein of unknown function DUF84
Peptidase_C39_2	0.6553	0.0700	0.0434	0.7500	Peptidase_C39 like family
SLBP_RNA_bind	0.6548	0.1182	0.0262	0.9167	Histone RNA hairpin-binding protein RNA-binding domain
HAP2-GCS1	0.6540	0.1206	0.0214	0.6667	Male gamete fusion factor
GSHPx	0.6540	0.0510	0.0429	0.3333	Glutathione peroxidase
NosD	0.6538	0.0650	0.0202	0.5833	Periplasmic copper-binding protein (NosD)
YjbQ	0.6530	0.1842	0.0412	0.4167	UPF0047 protein YjbQ-like
Cnd1_N	0.6529	0.0848	0.1147	0.6667	non-SMC mitotic condensation complex subunit 1, N-term
MBTP1_N	0.6529	0.0848	0.1147	0.6667	Membrane-bound Site-1 Protease Family N-terminal domain
ZW10_C	0.6529	0.0848	0.1147	0.6667	Centromere/kinetochore protein zw10, C-terminal
FANCI_S2	0.6529	0.0848	0.1147	0.6667	FANCI solenoid 2
FANCI_HD2	0.6529	0.0848	0.1147	0.6667	FANCI helical domain 2
CENP-X	0.6522	0.0679	0.1292	0.6667	CENP-S associating Centromere protein X
XRCC4_CC	0.6522	0.0679	0.1292	0.6667	XRCC4 coiled-coil
DSBA	0.6517	0.0234	0.0266	0.3333	DSBA-like thioredoxin domain
GIY-YIG	0.6513	0.0379	0.0325	0.5833	GIY-YIG catalytic domain
DDT	0.6500	0.1225	0.0958	0.5000	DDT domain
BBS2_N	0.6496	0.1229	0.0676	0.0833	Ciliary BBSome complex subunit 2, N-terminal
Peptidase_M50	0.6494	0.0552	0.1292	0.7500	Peptidase family M50
Arc1p_N_like	0.6494	0.0552	0.1292	0.7500	Nuclear-export cofactor Arc1p
MAT1	0.6494	0.0552	0.1292	0.7500	CDK-activating kinase assembly factor MAT1
CFAP70_TPR_C	0.6472	0.0170	0.0279	0.2500	Cilia and flagella-associated protein 70 C-terminal domain
GYF_2	0.6448	0.0996	0.0338	0.8333	GYF domain 2
Lipid_DES	0.6445	0.2110	0.0000	0.0000	Sphingolipid Delta4-desaturase (DES)
HAD_SAK_1	0.6443	0.0258	0.0313	0.6667	HAD domain family 1 in Swiss Army Knife RNA repair proteins
GFO_IDH_MocA_C3	0.6432	0.1158	0.0702	0.3333	GFO/IDH/MocA C-terminal domain
PDCD10_N	0.6409	0.0687	0.1243	0.6667	Programmed cell death protein 10, dimerisation domain
MSL3_chromo-like	0.6409	0.0687	0.1243	0.6667	MSL3 chromodomain-like
TPR_NOC4	0.6409	0.0687	0.1243	0.6667	Nucleolar complex protein 4-like, TPR repeats
PPP1R21_C	0.6409	0.0687	0.1243	0.6667	Protein phosphatase 1 regulatory subunit 21, C-terminal
ANAPC1	0.6409	0.0687	0.1243	0.6667	Anaphase-promoting complex subunit 1 WD40 beta-propeller domain
Catalase_C	0.6398	0.0552	0.0642	0.5000	C-terminal domain found in long catalases
ATP-synt	0.6396	0.0634	0.0459	0.7500	ATP synthase
Beta_elim_lyase	0.6391	0.1147	0.0344	0.5000	Beta-eliminating lyase
PIG-Y	0.6390	0.0770	0.0339	0.6667	Phosphatidylinositol N-acetylglucosaminyltransferase subunit Y
Glyco_hydro_35	0.6387	0.0413	0.1307	0.6667	Glycosyl hydrolases family 35
SRP72	0.6371	0.0841	0.0876	0.7500	SRP72 RNA-binding domain
SURF6	0.6371	0.0841	0.0876	0.7500	Surfeit locus protein 6
TRAPPC10_1st	0.6360	0.1034	0.0747	0.5833	Trafficking protein particle complex subunit 10-like, N-terminal
EAF	0.6360	0.1034	0.0747	0.5833	RNA polymerase II transcription elongation factor
HEPN_Swt1	0.6360	0.1034	0.0747	0.5833	Swt1-like HEPN
TPR_INTS8	0.6360	0.1034	0.0747	0.5833	INTS8, TPR repeats
DUF4457	0.6352	0.0897	0.0667	0.5833	Domain of unknown function (DUF4457)
Cox20	0.6337	0.1910	0.1899	0.7500	Cytochrome c oxidase assembly protein COX20
COX5B	0.6337	0.1910	0.1899	0.7500	Cytochrome c oxidase subunit Vb
Usp	0.6337	0.1910	0.1899	0.7500	Universal stress protein family
TMEM135_C_rich	0.6337	0.1910	0.1899	0.7500	N-terminal cysteine-rich region of Transmembrane protein 135
UCR_TM	0.6337	0.1910	0.1899	0.7500	Ubiquinol cytochrome reductase transmembrane region
GIDA_C_1st	0.6337	0.1910	0.1899	0.7500	tRNA modifying enzyme MnmG/GidA C-terminal helical domain
PEPCK_N	0.6337	0.1910	0.1899	0.7500	Phosphoenolpyruvate carboxykinase N-terminal domain
HIG_1_N	0.6337	0.1910	0.1899	0.7500	Hypoxia induced protein conserved region
PEPCK_GTP	0.6337	0.1910	0.1899	0.7500	Phosphoenolpyruvate carboxykinase C-terminal P-loop domain
PHO4	0.6333	0.0444	0.0279	0.2500	Phosphate transporter family
DOT1	0.6327	0.0486	0.0529	0.5000	Histone methylation protein DOT1
zf-LITAF-like	0.6325	0.1407	0.0631	0.8333	LITAF-like zinc ribbon domain
zf-NF-X1	0.6323	0.0352	0.0436	0.7500	NF-X1 type zinc finger
PNTB_4TM	0.6297	0.0660	0.0768	0.9167	4TM region of pyridine nucleotide transhydrogenase, mitoch
PNTB	0.6297	0.0660	0.0768	0.9167	NAD(P) transhydrogenase beta subunit
Intu_longin_2	0.6292	0.0321	0.1134	0.3333	Intu longin-like domain 2
Mannosidase_ig	0.6292	0.0321	0.1134	0.3333	Mannosidase Ig/CBM-like domain
PAS_8	0.6287	0.0841	0.0455	0.6667	PAS domain
PGAP4	0.6286	0.0191	0.0934	0.1667	GPI-N-acetylgalactosamine transferase PGAP4
DUF599	0.6273	0.1645	0.1025	0.7500	Protein of unknown function, DUF599
RT_RNaseH	0.6273	0.1645	0.1025	0.7500	RNase H-like domain found in reverse transcriptase
Senescence	0.6273	0.1645	0.1025	0.7500	Senescence domain
PEPcase	0.6273	0.1645	0.1025	0.7500	Phosphoenolpyruvate carboxylase
Melibiase_2	0.6273	0.1645	0.1025	0.7500	Alpha galactosidase A
Methyltransf_2	0.6273	0.1645	0.1025	0.7500	O-methyltransferase domain
YfaP_C	0.6255	0.0620	0.0489	0.4167	YfaP C-terminal domain
Cyclase	0.6241	0.1130	0.0154	0.1667	Putative cyclase
Beta-prop_DCAF12	0.6229	0.0584	0.0754	0.7500	DDB1- and CUL4-associated factor 12 beta propeller
GGACT	0.6218	0.0641	0.0184	0.2500	Gamma-glutamyl cyclotransferase, AIG2-like
HD_assoc_2	0.6217	0.1053	0.0855	0.6667	HD associated region
MMACHC	0.6217	0.1053	0.0855	0.6667	Methylmalonic aciduria and homocystinuria type C family
PIGO_PIGG	0.6217	0.1053	0.0855	0.6667	GPI ethanolamine phosphate transferase membrane region
CdiA_CT_tRNase	0.6217	0.1053	0.0855	0.6667	CdiA C-terminal tRNase toxin domain
TFIIIC_sub6	0.6217	0.1053	0.0855	0.6667	TFIIIC subunit triple barrel domain
Hpt	0.6217	0.1053	0.0855	0.6667	Hpt domain
Trp_Tyr_perm	0.6216	0.1188	0.1223	0.7500	Tryptophan/tyrosine permease family
ALO	0.6213	0.0477	0.0385	0.3333	D-arabinono-1,4-lactone oxidase
VMA21	0.6204	0.0323	0.0433	0.6667	VMA21-like domain
AZUL	0.6186	0.0683	0.1213	0.7500	Amino-terminal Zinc-binding domain of ubiquitin ligase E3A
UCR_UQCRX_QCR9	0.6181	0.0976	0.0263	0.4167	Cytochrome b-c1 complex subunit 9
DUF1294	0.6170	0.0480	0.0863	0.6667	Protein of unknown function (DUF1294)
Pre-SET	0.6148	0.0647	0.0808	0.5833	Pre-SET motif
TerD	0.6140	0.0320	0.0432	0.6667	TerD domain
DUF3522	0.6127	0.1062	0.0895	0.5833	Protein of unknown function (DUF3522)
Arv1	0.6115	0.1259	0.0276	0.9167	Arv1-like family
OPA3	0.6111	0.1009	0.0816	0.6667	Optic atrophy 3 protein (OPA3)
Thymidylat_synt	0.6105	0.0939	0.0399	0.1667	Thymidylate synthase
Thiolase_C_1	0.6105	0.0939	0.0399	0.1667	Thiolase C-terminal domain-like
Peptidase_S24	0.6099	0.0789	0.0223	0.6667	Peptidase S24-like
PIH1_CS	0.6096	0.1270	0.0176	0.6667	PIH1 CS-like domain
COMMD8_HN	0.6089	0.0397	0.0540	0.5000	COMMD8, helical N-terminal domain
TPP_enzyme_M	0.6089	0.0333	0.0762	0.7500	Thiamine pyrophosphate enzyme, central domain
C2CD5_C	0.6074	0.1278	0.0176	0.6667	C2CD5, C-terminal domain
ARM_UBR_1_2_3	0.6049	0.0496	0.1228	0.6667	UBR1/2/3-like ARM repeat domain
TRAPPC10_C	0.6049	0.0496	0.1228	0.6667	TRAPPC10 C-terminal domain
TPR_MLP1_2	0.6049	0.0496	0.1272	0.6667	TPR/MLP1/MLP2-like protein
AWS	0.6049	0.0496	0.1272	0.6667	AWS domain
DUF5915	0.6048	0.1125	0.0279	0.9167	Domain of unknown function (DUF5915)
CYTH	0.6037	0.0987	0.0937	0.8333	CYTH domain
Thioredoxin_4	0.6030	0.0402	0.1115	0.1667	Thioredoxin
TsaE	0.6030	0.0402	0.1115	0.1667	Threonylcarbamoyl adenosine biosynthesis protein TsaE
TPPII	0.6030	0.0402	0.1115	0.1667	Tripeptidyl peptidase II
TspO_MBR	0.6030	0.0402	0.1115	0.1667	TspO/MBR family
TPPII_Ig-like-1	0.6030	0.0402	0.1115	0.1667	Tripeptidyl-peptidase II, first Ig-like domain
TPPII_GBD	0.6030	0.0402	0.1115	0.1667	TPPII, galactose-binding domain-like
SLC52_ribofla_tr	0.6030	0.0402	0.1115	0.1667	Solute carrier family 52, riboflavin transporter
ARCH_RTEL1	0.6030	0.0402	0.1115	0.1667	RTEL1 helicase, ARCH domain
DUF1264	0.6030	0.0402	0.1115	0.1667	Protein of unknown function (DUF1264)
PBP_like_2	0.6030	0.0402	0.1115	0.1667	PBP superfamily domain
Glyco_hydro_76	0.6030	0.0402	0.1115	0.1667	Glycosyl hydrolase family 76
SAD_SRA	0.6030	0.0402	0.1115	0.1667	SAD/SRA domain
MT-A70	0.6030	0.0402	0.1115	0.1667	MT-A70
ENT	0.6030	0.0402	0.1115	0.1667	ENT domain
HAUS1	0.6030	0.0402	0.1115	0.1667	HAUS augmin-like complex subunit 1
PRiA4_ORF3	0.6030	0.0402	0.1115	0.1667	Plasmid pRiA4b ORF-3-like protein
Pyrid_ox_like	0.6030	0.0402	0.1115	0.1667	Pyridoxamine 5'-phosphate oxidase like
BAH	0.6030	0.0402	0.1115	0.1667	BAH domain
Folate_rec	0.6030	0.0402	0.1115	0.1667	Folate receptor family
Glyco_hydro_99	0.6030	0.0402	0.1115	0.1667	Glycosyl hydrolase family 99
Questin_oxidase	0.6030	0.0402	0.1115	0.1667	Questin oxidase-like
HAUS4	0.6030	0.0402	0.1115	0.1667	HAUS augmin-like complex subunit 4
IRK_C	0.6030	0.0402	0.1115	0.1667	Inward rectifier potassium channel C-terminal domain
TSPO_2	0.6030	0.0402	0.1115	0.1667	TSPO-like protein
ADIP	0.6030	0.0402	0.1115	0.1667	Afadin- and alpha -actinin-Binding
HAUS5	0.6030	0.0402	0.1115	0.1667	HAUS augmin-like complex subunit 5
Gly_transf_sug	0.6030	0.0402	0.1115	0.1667	Glycosyltransferase sugar-binding region containing DXD motif
Zn_Ribbon_TF	0.6026	0.1372	0.1736	0.7500	TFIIB zinc-binding
Smg4_UPF3	0.6016	0.0496	0.0689	0.9167	Smg-4/UPF3 family
GAF_2	0.6014	0.1213	0.0006	0.3333	GAF domain
Sec3_C-term	0.6014	0.0495	0.0364	0.9167	Exocyst complex component Sec3, C-terminal
PhzC-PhzF	0.5999	0.0022	0.0177	0.2500	Phenazine biosynthesis-like protein
HTH_44	0.5995	0.0936	0.1255	0.7500	Helix-turn-helix DNA-binding domain of SPT6
CEMIP_X	0.5995	0.0936	0.1255	0.7500	CEMIP domain X
TPR_TTI1_C	0.5995	0.0936	0.1255	0.7500	TTI1 C-terminal TPR domain
TRAPPC11_N	0.5995	0.0936	0.1255	0.7500	Trafficking protein particle complex subunit 11 N-terminal domain
Zn_ribbon_RPAB4	0.5980	0.1160	0.0184	0.5000	DNA directed RNA polymerase, 7 kDa subunit
Symplekin_C	0.5977	0.0432	0.0316	0.5833	Symplekin tight junction protein C terminal
MRP-L46	0.5972	0.0883	0.0137	0.5000	39S mitochondrial ribosomal protein L46
Acetyltransf_4	0.5969	0.0192	0.0603	0.4167	Acetyltransferase (GNAT) domain
Aph-1	0.5966	0.0377	0.0803	0.7500	Aph-1 protein
CIMR	0.5965	0.0192	0.0664	0.4167	Cation-independent mannose-6-phosphate receptor repeat
TPR_17	0.5960	0.1402	0.0532	0.6667	Tetratricopeptide repeat
RMI2	0.5952	0.1473	0.0531	0.5000	RecQ-mediated genome instability protein 2
UvrD-helicase	0.5937	0.0110	0.0324	0.2500	UvrD/REP helicase N-terminal domain
AAA_17	0.5936	0.0299	0.0510	0.5833	AAA domain
Acid_PPase	0.5935	0.0634	0.0556	0.1667	Acid Phosphatase
Sec61_beta	0.5922	0.0326	0.0286	0.5000	Sec61beta family
NACHT	0.5914	0.0254	0.0470	0.4167	NACHT domain
DCX	0.5909	0.0542	0.0380	0.6667	Doublecortin
SIP5_N	0.5899	0.0505	0.0448	0.4167	SIP5 protein N-terminal domain
MACPF	0.5898	0.0235	0.0506	0.5000	MAC/Perforin domain
CAF1A_acidic	0.5887	0.0402	0.0905	0.4167	Chromatin assembly factor 1 complex p150 subunit, acidic region
Coprogen_oxidas	0.5880	0.0428	0.0839	0.7500	Coproporphyrinogen III oxidase
ANF_receptor	0.5879	0.1624	0.0326	0.7500	Receptor family ligand binding region
HEAT_GCN1_C_2	0.5873	0.0233	0.0609	0.4167	Stalled ribosome sensor GCN1-like, HEAT repeats
LANC_like	0.5863	0.0512	0.0572	0.4167	Lanthionine synthetase C-like protein
MAP65_ASE1	0.5854	0.0377	0.0791	0.7500	Microtubule associated protein (MAP65/ASE1 family)
POT1	0.5848	0.0259	0.1099	0.4167	Telomeric single stranded DNA binding POT1/CDC13
UDPG_MGDP_dh_N	0.5844	0.0669	0.0227	0.1667	UDP-glucose/GDP-mannose dehydrogenase family, NAD binding domain
OTU1_UBXL	0.5839	0.0899	0.0425	0.6667	OTU1, UBXL domain
DPBB_1	0.5837	0.0979	0.0933	0.5000	Lytic transglycolase
PUA_4	0.5829	0.0814	0.0586	0.5000	RNA methyltransferase PUA domain
CFA20_dom	0.5823	0.0374	0.0331	0.2500	CFA20 domain
PDZ_2	0.5823	0.0741	0.0167	0.5000	PDZ domain
DOP1_C	0.5796	0.0902	0.0430	0.6667	DOP1 C-terminal
Glyco_hydro_130	0.5794	0.1123	0.0574	0.4167	beta-1,4-mannooligosaccharide phosphorylase
Acetyltransf_2	0.5792	0.0385	0.1077	0.6667	N-acetyltransferase
FIBP	0.5782	0.0898	0.0432	0.6667	Acidic fibroblast growth factor binding (FIBP)
DUF2046	0.5782	0.0898	0.0432	0.6667	Uncharacterized conserved protein H4 (DUF2046)
HEAT_PSME4	0.5779	0.0440	0.0828	0.3333	Proteasome activator complex subunit 4-like, HEAT repeat-like
ATG14	0.5779	0.1455	0.1260	0.7500	Vacuolar sorting 38 and autophagy-related subunit 14
TIMELESS	0.5772	0.1452	0.1761	0.7500	Timeless protein
FAN1_HTH	0.5772	0.1452	0.1761	0.7500	FAN1, HTH domain
MOR2-PAG1_N	0.5772	0.1452	0.1761	0.7500	Cell morphogenesis N-terminal
A2M	0.5772	0.1452	0.1761	0.7500	Alpha-2-macroglobulin family
A2M_BRD	0.5772	0.1452	0.1761	0.7500	Alpha-2-macroglobulin bait region domain
SMCHD1_S5	0.5772	0.1452	0.1761	0.7500	SMCHD1, ribosomal S5 domain 2-like domain
Tra1_ring	0.5772	0.1452	0.1761	0.7500	Tra1 HEAT repeat ring region
Tra1_central	0.5772	0.1452	0.1761	0.7500	Tra1 HEAT repeat central region
An_peroxidase	0.5772	0.1452	0.1761	0.7500	Animal haem peroxidase
DUF3535	0.5772	0.1452	0.1761	0.7500	Domain of unknown function (DUF3535)
MBTPS1_3rd	0.5772	0.1452	0.1761	0.7500	MBTPS1, third Ig-like domain
HCNGP	0.5772	0.1452	0.1761	0.7500	HCNGP-like protein
Linker_histone	0.5772	0.1452	0.1761	0.7500	linker histone H1 and H5 family
SAP30_Sin3_bdg	0.5772	0.1452	0.1761	0.7500	Sin3 binding region of histone deacetylase complex subunit SAP30
MRPL52	0.5772	0.1452	0.1761	0.7500	Mitoribosomal protein mL52
MOR2-PAG1_mid	0.5772	0.1452	0.1761	0.7500	Cell morphogenesis central region
Lectin_L-type_dom	0.5772	0.1452	0.1761	0.7500	Legume lectin beta-barrel domain
Cbl_N2	0.5772	0.1452	0.1761	0.7500	CBL proto-oncogene N-terminus, EF hand-like domain
EryCIII-like_C	0.5772	0.1452	0.1761	0.7500	Erythromycin biosynthesis protein CIII-like, C-terminal domain
Sulf_transp	0.5772	0.1452	0.1761	0.7500	Sulphur transport
RELCH_C	0.5772	0.1452	0.1761	0.7500	RAB11-binding protein RELCH C-terminal domain
Misat_Tub_SegII	0.5772	0.1452	0.1761	0.7500	Misato Segment II tubulin-like domain
DBINO	0.5772	0.1452	0.1761	0.7500	DNA-binding domain
Mss4	0.5772	0.1452	0.1761	0.7500	Mss4 protein
ZW10_C2	0.5772	0.1452	0.1761	0.7500	ZW10 C-terminal helical domain
Sec8_C	0.5772	0.1452	0.1761	0.7500	Exocyst complex component Sec8 C-terminal
RELCH_LH	0.5772	0.1452	0.1761	0.7500	RELCH LisH-containing region
Beta-prop_WDR3_1st	0.5772	0.1452	0.1761	0.7500	WDR3 first beta-propeller domain
HEAT_GCN1_2	0.5772	0.1452	0.1761	0.7500	Stalled ribosome sensor GCN1, HEAT repeats
BRR2_plug	0.5772	0.1452	0.1761	0.7500	Pre-mRNA-splicing helicase BRR2 plug domain
FNIP_M	0.5772	0.1452	0.1761	0.7500	Folliculin-interacting protein middle domain
bMG10	0.5772	0.1452	0.1761	0.7500	Bacterial Alpha-2-macroglobulin MG10 domain
Med12	0.5772	0.1452	0.1761	0.7500	Transcription mediator complex subunit Med12
HAM1_N	0.5772	0.1452	0.1761	0.7500	HAM1-like, N-terminal domain
Med20	0.5772	0.1452	0.1761	0.7500	TATA-binding related factor (TRF) of subunit 20 of Mediator complex
FancD2	0.5772	0.1452	0.1761	0.7500	Fanconi anaemia protein FancD2 nuclease
Dynamitin	0.5772	0.1452	0.1761	0.7500	Dynamitin
Dynactin_p62	0.5772	0.1452	0.1761	0.7500	Dynactin p62 family
Dyp_perox_C	0.5772	0.1452	0.1761	0.7500	Dyp-type peroxidase, C-terminal
MOR2-PAG1_C	0.5772	0.1452	0.1761	0.7500	Cell morphogenesis C-terminal
ECM29_N	0.5772	0.1452	0.1761	0.7500	Proteasome component ECM29, N-terminal
Thoc2	0.5772	0.1452	0.1761	0.7500	Transcription- and export-related complex subunit
TPR_Trm732	0.5772	0.1452	0.1761	0.7500	Trm732, TPR repeats
Ig_CMFA_1st	0.5772	0.1452	0.1761	0.7500	Conditioned medium factor 1st Ig-like domain
FolB	0.5772	0.1452	0.1761	0.7500	Dihydroneopterin aldolase
BBE	0.5772	0.1452	0.1761	0.7500	Berberine and berberine like
TPR_ZFYVE26	0.5772	0.1452	0.1761	0.7500	ZFYVE26-like, TPR repeats
SelO	0.5771	0.0148	0.0610	0.1667	Protein adenylyltransferase SelO
Vwaint	0.5771	0.0148	0.0610	0.1667	VWA / Hh  protein intein-like
Vint	0.5771	0.0148	0.0610	0.1667	Hint-domain
Asp_Arg_Hydrox	0.5771	0.0148	0.0610	0.1667	Aspartyl/Asparaginyl beta-hydroxylase
5_nucleotid_C	0.5771	0.0148	0.0610	0.1667	5'-nucleotidase, C-terminal domain
RPE65	0.5771	0.0148	0.0610	0.1667	Retinal pigment epithelial membrane protein
Vps36_ESCRT-II	0.5767	0.0749	0.0878	0.6667	Vacuolar protein sorting protein 36 Vps36
EF_assoc_2	0.5765	0.0505	0.0683	0.6667	EF hand associated
DUF543	0.5729	0.0303	0.0351	0.2500	Domain of unknown function (DUF543)
KBP_C	0.5724	0.1345	0.0374	0.5000	KIF-1 binding protein C terminal
Sec15_C	0.5717	0.0398	0.0824	0.7500	Exocyst complex subunit Sec15 C-terminal
PAC4	0.5707	0.1247	0.0197	0.5833	Proteasome assembly chaperone 4
DUF2804	0.5699	0.0561	0.0303	0.6667	Domain of unknown function (DUF2804)
GATase_7	0.5698	0.0952	0.0727	0.8333	Glutamine amidotransferase domain
Med23	0.5679	0.0521	0.2054	0.4167	Mediator complex subunit 23
TMEM131_like_N	0.5670	0.0497	0.0491	0.5833	Transmembrane protein 131-like N-terminal
Ribosomal_L39	0.5659	0.0949	0.0139	0.5000	Ribosomal L39 protein
APG6	0.5642	0.1042	0.0414	0.6667	Apg6 BARA domain
SnoaL_2	0.5637	0.0351	0.0428	0.3333	SnoaL-like domain
CAF1A_dimeriz	0.5636	0.0317	0.0175	0.6667	Chromatin assembly factor 1 subunit A dimerization domain
DUF4042	0.5631	0.1117	0.0101	0.5000	Domain of unknown function (DUF4042)
FYRC	0.5622	0.0176	0.0170	0.2500	F/Y rich C-terminus
Glyco_tran_10_N	0.5622	0.0911	0.0829	0.5000	Fucosyltransferase, N-terminal
DOPA_dioxygen	0.5619	0.0779	0.0949	0.1667	Dopa 4,5-dioxygenase family
SSXT	0.5619	0.0779	0.0949	0.1667	SSXT protein (N-terminal region)
PH_UBFD1_C	0.5619	0.0779	0.0949	0.1667	C-terminal PH-like domain in UBFD1
HAUS6_N	0.5619	0.0779	0.0949	0.1667	HAUS augmin-like complex subunit 6 N-terminus
SCI1_hairpin	0.5619	0.0779	0.0949	0.1667	Style cell-cycle inhibitor 1-like helix hairpin domain
IRK	0.5619	0.0779	0.0949	0.1667	Inward rectifier potassium channel transmembrane domain
Tom37	0.5619	0.0779	0.0949	0.1667	Outer mitochondrial membrane transport complex protein
MOZART1	0.5619	0.0779	0.0949	0.1667	Mitotic-spindle organizing gamma-tubulin ring associated
DUF3429	0.5619	0.0779	0.0949	0.1667	Protein of unknown function (DUF3429)
HARE-HTH	0.5619	0.0779	0.0949	0.1667	HB1, ASXL, restriction endonuclease HTH domain
TPR_TNPO3_IPO13_2nd	0.5609	0.0600	0.0543	0.5000	Transportin-3/Importin-13 second TPR domain
CMAS	0.5606	0.1081	0.0202	0.5833	Mycolic acid cyclopropane synthetase
Beta-prop_EML_2	0.5606	0.0558	0.0534	0.5833	Echinoderm microtubule-associated protein second beta-propeller
BioY	0.5598	0.0502	0.0514	0.5833	BioY family
Peptidase_C15	0.5596	0.0956	0.0250	0.6667	Pyroglutamyl peptidase
Glyco_hydro_cc	0.5590	0.0551	0.0915	0.6667	Glycosyl hydrolase catalytic core
KR	0.5584	0.1350	0.0607	0.6667	KR domain
NLPC_P60	0.5584	0.1350	0.0607	0.6667	NlpC/P60 family
PhoPQ_related	0.5584	0.1350	0.0607	0.6667	PhoPQ-activated pathogenicity-related protein
PKS_DH_N	0.5584	0.1350	0.0607	0.6667	Polyketide synthase dehydratase domain
PAD_porph	0.5581	0.0345	0.0769	0.2500	Porphyromonas-type peptidyl-arginine deiminase
MDN1_4th	0.5580	0.1289	0.0614	0.9167	Midasin AAA+ ATPase lid domain
DDB_G0281145	0.5580	0.1289	0.0614	0.9167	Small transmembrane protein DDB_G0281145
NPR3	0.5580	0.1289	0.0614	0.9167	Nitrogen Permease regulator of amino acid transport activity 3
Globin	0.5577	0.1097	0.0123	0.5833	Globin
DOCK_C-D_N	0.5562	0.0933	0.1347	0.4167	Dedicator of cytokinesis C/D, N terminal
EFR3_ARM	0.5562	0.0321	0.0484	0.6667	EFR3, armadillo repeat
Flavin_Reduct	0.5543	0.0509	0.1235	0.5833	Flavin reductase like domain
Rpp20	0.5540	0.0348	0.1586	0.3333	Rpp20 subunit of nuclear RNase MRP and P
TERT_C	0.5539	0.0167	0.0446	0.3333	Telomerase reverse transcriptase, C-terminal extension
CUB	0.5538	0.0164	0.0256	0.1667	CUB domain
TauD	0.5531	0.0137	0.0326	0.1667	Taurine catabolism dioxygenase TauD, TfdA family
Transferase	0.5529	0.0491	0.0244	0.4167	Transferase family
S1-P1_nuclease	0.5528	0.0160	0.0220	0.1667	S1/P1 Nuclease
TPR_24	0.5525	0.0987	0.0009	0.4167	Pentatricopeptide repeat-containing protein
PA	0.5522	0.0509	0.0235	0.1667	PA domain
CRCB	0.5520	0.0097	0.0151	0.2500	CrcB-like protein, Camphor Resistance (CrcB)
Vezatin	0.5515	0.0486	0.0483	0.5833	Mysoin-binding motif of peroxisomes
BMT5-like	0.5514	0.0993	0.0745	0.4167	rRNA (uridine-N3-)-methyltransferase BTM5-like
Ydr279_N	0.5511	0.1022	0.0000	0.6667	Ydr279p protein triple barrel domain
Mur_ligase_M	0.5510	0.0995	0.0005	0.2500	Mur ligase middle domain
ANCHR-like_BBOX	0.5504	0.0998	0.0008	0.5000	ANCHR-like B-box zinc-binding domain
BetaGal_ABD_1	0.5504	0.0225	0.0679	0.5000	Beta-galactosidase, first all-beta domain
PhoD	0.5503	0.0999	0.0005	0.1667	PhoD-like phosphatase
PAC3	0.5500	0.1000	0.0000	0.6667	Proteasome assembly chaperone 3
WHD_UBR1	0.5499	0.0948	0.1284	0.7500	E3 ubiquitin-protein ligase UBR1-like, winged-helix domain
NOMO1-like_1st	0.5499	0.0948	0.1284	0.7500	BOS complex subunit NOMO1-like, first beta sandwich domain
XRCC1_N	0.5499	0.0948	0.1284	0.7500	XRCC1 N terminal domain
Ig_NOMO	0.5499	0.0948	0.1284	0.7500	NOMO Ig-like domain
TraB_PrgY_gumN	0.5499	0.0948	0.1284	0.7500	TraB/PrgY/gumN family
UPF1_1B_dom	0.5499	0.0948	0.1284	0.7500	RNA helicase UPF1, 1B domain
Med13_C	0.5499	0.0948	0.1284	0.7500	Mediator complex subunit 13 C-terminal domain
Htt_N-HEAT_1	0.5499	0.0948	0.1284	0.7500	Huntingtin, N-terminal HEAT 1
ARM_UBP24_USP9X-Y	0.5499	0.0948	0.1284	0.7500	UBP24/USP9X/USP9Y ARM repeat
HGTP_anticodon2	0.5499	0.0948	0.1284	0.7500	Anticodon binding domain of tRNAs
AP-5_subunit_s1	0.5499	0.0948	0.1284	0.7500	AP-5 complex subunit sigma-1
Ski2_N	0.5499	0.0948	0.1284	0.7500	Ski2 N-terminal region
SPG48	0.5499	0.0948	0.1284	0.7500	AP-5 complex subunit, vesicle trafficking
TAD3_N	0.5497	0.0116	0.0506	0.4167	tRNA-specific adenosine deaminase TAD3 N-terminal domain
Glyco_trans_1_4	0.5492	0.0951	0.0543	0.4167	Glycosyl transferases group 1
TPR_TRIP12_N	0.5477	0.1438	0.0137	0.5833	E3 ubiquitin-protein ligase TRIP12-like, TPR repeats
RsmF-B_ferredox	0.5473	0.1469	0.0876	0.7500	Methyltr_RsmF/B-like, ferredoxin-like domain
NADH-G_4Fe-4S_3	0.5471	0.1203	0.0145	0.3333	NADH-ubiquinone oxidoreductase-G iron-sulfur binding region
DUF4062	0.5471	0.0435	0.0393	0.6667	Domain of unknown function (DUF4062)
NUP50	0.5469	0.0949	0.0004	0.4167	NUP50 (Nucleoporin 50 kDa)
RAD24_helical	0.5467	0.1228	0.0636	0.4167	Checkpoint protein RAD24-like, helical bundle
zf-CCCH_3	0.5450	0.0362	0.0596	0.4167	Zinc-finger containing family
NAD_binding_3	0.5440	0.0914	0.0124	0.2500	Homoserine dehydrogenase, NAD binding domain
Beta-prop_EML	0.5426	0.0898	0.0006	0.2500	Echinoderm microtubule-associated protein first beta-propeller
B12D	0.5401	0.0685	0.0690	0.5000	NADH-ubiquinone reductase complex 1 MLRQ subunit
PrmC_N	0.5397	0.1034	0.0377	0.5833	PrmC N-terminal domain
K_trans_C	0.5385	0.0148	0.0534	0.4167	K+ potassium transporter C-terminal domain
K_trans	0.5385	0.0148	0.0534	0.4167	K+ potassium transporter integral membrane domain
PAN_4	0.5385	0.0148	0.0534	0.4167	PAN domain
Zn_ribbon_RanBP	0.5384	0.0415	0.0397	0.1667	Zn-finger in Ran binding protein and others
PTPlike_phytase	0.5384	0.0415	0.0397	0.1667	Inositol hexakisphosphate
Thioredoxin_8	0.5384	0.0415	0.0397	0.1667	Thioredoxin-like
Ig_NUP210_1st	0.5381	0.0577	0.1034	0.6667	NUP210 Ig-like domain 1
Dimerisation	0.5368	0.0382	0.0606	0.6667	O-methyltransferase dimerisation domain
MMgT	0.5368	0.0382	0.0606	0.6667	Membrane magnesium transporter
Acatn	0.5366	0.0210	0.0694	0.6667	Acetyl-coenzyme A transporter 1
GAS2	0.5359	0.0578	0.0338	0.5833	Growth-Arrest-Specific Protein 2 Domain
HEM4	0.5358	0.0809	0.0578	0.5833	Uroporphyrinogen-III synthase HemD
Galactosyl_T	0.5357	0.0194	0.0112	0.4167	Galactosyltransferase
DNAPKcs_CC3	0.5356	0.0500	0.0247	0.6667	DNA-dependent protein kinase catalytic subunit, CC3
MIOX	0.5355	0.1599	0.1956	0.7500	Myo-inositol oxygenase
PUA_NSUN2	0.5355	0.1599	0.1956	0.7500	NSUN2 PUA domain
PTPS	0.5355	0.1599	0.1956	0.7500	6-pyruvoyl tetrahydropterin synthase
ORC3_N	0.5355	0.1599	0.1956	0.7500	Origin recognition complex (ORC) subunit 3 N-terminus
ORC4_C	0.5355	0.1599	0.1956	0.7500	Origin recognition complex (ORC) subunit 4 C-terminus
Uricase	0.5355	0.1599	0.1956	0.7500	Uricase
Branch	0.5355	0.1599	0.1956	0.7500	Core-2/I-Branching enzyme
DUF3605	0.5355	0.1599	0.1956	0.7500	Protein of unknown function (DUF3605)
HAMP_2	0.5355	0.1599	0.1956	0.7500	HAMP domain
SCAR_helical	0.5355	0.1599	0.1956	0.7500	SCAR helical domain
DUF2470	0.5355	0.1599	0.1956	0.7500	Domain of unknown function (DUF2470)
Nramp	0.5355	0.1599	0.1956	0.7500	Natural resistance-associated macrophage protein-like
Med1	0.5355	0.1599	0.1956	0.7500	Mediator of RNA polymerase II transcription subunit 1
Glrx-like	0.5355	0.1599	0.1956	0.7500	Glutaredoxin-like domain (DUF836)
LTN1_E3_ligase_6th	0.5355	0.1599	0.1956	0.7500	LTN1 family HEAT repeat region
TPR_20	0.5355	0.1599	0.1956	0.7500	Tetratricopeptide repeat
CE2_N	0.5355	0.1599	0.1956	0.7500	Carbohydrate esterase 2 N-terminal
BOS1_GOSR2_MEM11-like_N	0.5355	0.1599	0.1956	0.7500	BOS1/GOSR2/MEM11, N-terminal domain
CycT2-like_C	0.5355	0.1599	0.1956	0.7500	Cyclin-T2-like, C-terminal domain
PH_TRF2_HOY1	0.5355	0.1599	0.1956	0.7500	TRF2/HOY1 PH-like domain
PHD_UBR7-like	0.5355	0.1599	0.1956	0.7500	UBR7-like PHD finger
Muted	0.5355	0.1599	0.1956	0.7500	Organelle biogenesis, Muted-like protein
Pinin_SDK_memA	0.5355	0.1599	0.1956	0.7500	pinin/SDK/memA/ protein conserved region
eIF3m_C_helix	0.5355	0.1599	0.1956	0.7500	eIF3 subunit M, C-terminal helix
THOC7	0.5355	0.1599	0.1956	0.7500	Tho complex subunit 7
OHCU_decarbox	0.5355	0.1599	0.1956	0.7500	OHCU decarboxylase
Beta-prop_THOC3	0.5355	0.1599	0.1956	0.7500	THOC3 beta-propeller domain
ADP_PFK_GK	0.5355	0.1599	0.1956	0.7500	ADP-specific Phosphofructokinase/Glucokinase conserved region
SAP18	0.5355	0.1599	0.1956	0.7500	Sin3 associated polypeptide p18 (SAP18)
FG-GAP	0.5355	0.1599	0.1956	0.7500	FG-GAP repeat
FR47	0.5355	0.1599	0.1956	0.7500	FR47-like protein
UTP6_C	0.5355	0.1599	0.1956	0.7500	U3 small nucleolar RNA-associated protein 6 C-terminal
Zn_dep_PLPC	0.5355	0.1599	0.1956	0.7500	Zinc dependent phospholipase C
RAI1	0.5355	0.1599	0.1956	0.7500	RAI1 like PD-(D/E)XK nuclease
XRCC4	0.5355	0.1599	0.1956	0.7500	XRCC4 N-terminal domain
Ncstrn_small	0.5355	0.1599	0.1956	0.7500	Nicastrin small lobe
Fucosidase_C	0.5355	0.1599	0.1956	0.7500	Alpha-L-fucosidase C-terminal domain
IP_trans	0.5355	0.1599	0.1956	0.7500	Phosphatidylinositol transfer protein
TPR_SYO1	0.5355	0.1599	0.1956	0.7500	SYO1-like, TPR repeats
Rib_5-P_isom_A	0.5355	0.1599	0.1956	0.7500	Ribose 5-phosphate isomerase A (phosphoriboisomerase A)
Transthyretin	0.5355	0.1599	0.1956	0.7500	HIUase/Transthyretin family
MS_C	0.5355	0.1599	0.1956	0.7500	Malate synthase, C-terminal
MS_TIM-barrel	0.5355	0.1599	0.1956	0.7500	Malate synthase, TIM barrel domain
Melibiase_C	0.5355	0.1599	0.1956	0.7500	Alpha galactosidase C-terminal beta sandwich domain
Dynactin	0.5355	0.1599	0.1956	0.7500	Dynein associated protein
Allantoicase	0.5355	0.1599	0.1956	0.7500	Allantoicase repeat
Alpha_L_fucos	0.5355	0.1599	0.1956	0.7500	Alpha-L-fucosidase
SNF5	0.5355	0.1599	0.1956	0.7500	SNF5 / SMARCB1 / INI1
DHX37_C	0.5355	0.1599	0.1956	0.7500	DEAH helicase DHX37 C-terminal domain
zf-Di19	0.5355	0.1599	0.1956	0.7500	Drought induced 19 protein (Di19), zinc-binding
IMS_HHH	0.5352	0.0640	0.0243	0.5000	IMS family HHH motif
ThrE_2	0.5342	0.0626	0.0551	0.5000	Threonine/Serine exporter, ThrE
Glyco_hydro_71	0.5340	0.0312	0.0669	0.3333	Glycosyl hydrolase family 71
RNase_H2-Ydr279	0.5329	0.0617	0.0134	0.5833	Ydr279p protein family (RNase H2 complex component) wHTH domain
Hid1	0.5318	0.0345	0.0719	0.2500	High-temperature-induced dauer-formation protein
Phosphoesterase	0.5318	0.0345	0.0719	0.2500	Phosphoesterase family
UME	0.5317	0.1601	0.1265	0.7500	UME (NUC010) domain
RSB_motif	0.5303	0.0426	0.0760	0.4167	RNSP1-SAP18 binding (RSB) motif
DUF5898	0.5293	0.0949	0.0823	0.5000	Family of unknown function (DUF5898)
TMTC_DUF1736	0.5274	0.0458	0.0394	0.6667	Protein O-mannosyl-transferase TMTC, DUF1736
Ifi-6-16	0.5269	0.0758	0.0298	0.3333	Interferon-induced 6-16 family
IMS_HHH_1	0.5265	0.0299	0.0238	0.2500	DNA polymerase-iota, thumb domain
Gryzun-like	0.5256	0.0416	0.0299	0.6667	TRAPPC11 C-terminal domain
SMN_YG-box	0.5246	0.1264	0.0766	0.3333	Survival Motor Neuron, YG-box
ELYS	0.5240	0.0026	0.0245	0.3333	Nuclear pore complex assembly
Acyl_transf_3	0.5231	0.1226	0.1627	0.8333	Acyltransferase domain
Cnn_1N	0.5231	0.0937	0.0813	0.5000	Centrosomin N-terminal motif 1
ATPase_2	0.5229	0.0049	0.0374	0.3333	ATPase domain predominantly from Archaea
Npa1	0.5214	0.0618	0.0153	0.5000	Ribosome 60S biogenesis N-terminal
Haspin_kinase	0.5200	0.0460	0.0189	0.5000	Haspin like kinase domain
Polysacc_deac_1	0.5189	0.1361	0.0646	0.5833	Polysaccharide deacetylase
Cgr1	0.5185	0.0476	0.0615	0.4167	Cgr1 family
Pyr_excise	0.5185	0.0476	0.0615	0.4167	Pyrimidine dimer DNA glycosylase
TPR_Nup160_C	0.5185	0.0476	0.0615	0.4167	Nup160 C-terminal TPR
RRM_3	0.5184	0.1540	0.1307	0.7500	RNA binding motif
RAMP4	0.5183	0.0883	0.0217	0.5000	Ribosome associated membrane protein RAMP4
Dicty_CAR	0.5176	0.1537	0.1309	0.7500	Slime mold cyclic AMP receptor
RICTOR_V	0.5176	0.1537	0.1309	0.7500	Rapamycin-insensitive companion of mTOR, domain 5
CHCH	0.5168	0.1332	0.0006	0.1667	CHCH domain
RNA_pol_Rpc82	0.5152	0.0430	0.0733	0.3333	RNA polymerase III subunit RPC82
CLEC16A_helical	0.5138	0.0439	0.1055	0.5833	CLEC16A helical domain
FOL3_C	0.5136	0.0431	0.0776	0.4167	Dihydrofolate synthetase, C-terminal domain
ADI	0.5133	0.0904	0.0484	0.6667	Arginine deiminase
DUF924	0.5132	0.0298	0.0356	0.2500	Bacterial protein of unknown function (DUF924)
Amidohydro_3	0.5117	0.0451	0.0521	0.1667	Amidohydrolase family
Na_sulph_symp	0.5106	0.0692	0.0625	0.1667	Sodium:sulfate symporter transmembrane region
FERM_N	0.5106	0.0470	0.0354	0.6667	FERM N-terminal domain
Nup98_GLEBS	0.5100	0.0836	0.1291	0.4167	Nup98, Gle2-binding sequence
AP4E_app_platf	0.5098	0.0337	0.0136	0.1667	Adaptin AP4 complex epsilon appendage platform
Epg5_N	0.5096	0.0638	0.0430	0.3333	Epg5-like N-terminal domain
DAP_epimerase	0.5094	0.0469	0.0355	0.6667	Diaminopimelate epimerase
NYN	0.5075	0.1363	0.0534	0.6667	NYN domain
Notch	0.5075	0.1363	0.0534	0.6667	LNR domain
PNP_phzG_C	0.5075	0.1363	0.0534	0.6667	Pyridoxine 5'-phosphate oxidase C-terminal dimerisation region
TPR_TEX10	0.5075	0.0671	0.0641	0.5833	TEX10-like, TPR repeats
Ribophorin_II_2nd	0.5075	0.0671	0.0584	0.5833	Ribophorin II second domain
TMEM70	0.5056	0.0164	0.0216	0.2500	TMEM70/TMEM186/TMEM223 protein family
BetaGal_gal-bd	0.5052	0.0595	0.1248	0.5833	Beta-galactosidase, galactose-binding domain
FKBP15	0.5048	0.0706	0.1026	0.6667	FK506-binding protein 15-like domain
FAF1	0.5031	0.0658	0.0320	0.6667	Fas-associated factor 1
HI0933_like_1st	0.5024	0.0416	0.0732	0.2500	HI0933-like protein barrel and H2TH domain
HI0933_like	0.5024	0.0416	0.0732	0.2500	HI0933-like protein Rossmann domain
Methyltransf_21	0.5009	0.0016	0.0005	0.2500	Methyltransferase FkbM domain
TPR_INTS8_3	0.5007	0.0627	0.0475	0.5833	Integrator complex subunit 8, TPR repeats
Ig_NUP210_4th	0.5005	0.0684	0.0637	0.6667	NUP210 forth Ig-like domain
Beta-lactamase2	0.5005	0.0684	0.0637	0.6667	Beta-lactamase enzyme family
Gpr1_Fun34_YaaH	0.5000	0.0195	0.0232	0.1667	GPR1/FUN34/yaaH family
RecA_N	0.5000	0.0000	0.0000	0.5833	RecA N-terminal domain
Kdo	0.5000	0.0000	0.0000	0.3333	Lipopolysaccharide kinase (Kdo/WaaP) family
Fer2_4	0.4980	0.0835	0.0150	0.3333	2Fe-2S iron-sulfur cluster binding domain
DOLK	0.4976	0.0709	0.1272	0.4167	Dolichol kinase
Mrr_cat	0.4974	0.0372	0.0804	0.5833	Restriction endonuclease
Neurobeachin	0.4966	0.1503	0.0406	0.5833	Neurobeachin alpha solenoid region
Mitofilin	0.4966	0.1503	0.0406	0.5833	Mitochondrial inner membrane protein
DUF1348	0.4950	0.0686	0.0577	0.5833	Protein of unknown function (DUF1348)
DNAPKcs_CC5	0.4945	0.0617	0.0450	0.6667	DNA-PKcs, CC5
Rotamase_3	0.4944	0.0611	0.0249	0.4167	PPIC-type PPIASE domain
Nuc_sug_transp	0.4942	0.1853	0.0936	0.5833	Nucleotide-sugar transporter
Mut7-C	0.4938	0.0851	0.1104	0.0833	Mut7-C RNAse domain
PG_binding_1	0.4930	0.1311	0.1293	0.8333	Putative peptidoglycan binding domain
ATP-synt_ab_C	0.4916	0.0255	0.0152	0.3333	ATP synthase alpha/beta chain, C terminal domain
DUF726	0.4911	0.0463	0.0344	0.6667	Protein of unknown function (DUF726)
PqiA	0.4907	0.1416	0.1061	0.4167	Paraquat-inducible protein A
ORC6	0.4886	0.0572	0.0292	0.4167	Origin recognition complex subunit 6 (ORC6)
Ig_TPPC8_C	0.4879	0.0878	0.0700	0.6667	TPPC8 C-terminal Ig-like domain
NTP_transf_2	0.4864	0.0153	0.0226	0.0833	Nucleotidyltransferase domain
Rdx	0.4851	0.1326	0.0210	0.1667	Rdx family
Sulfatase	0.4843	0.0603	0.0827	0.2500	Sulfatase
F5_F8_type_C	0.4842	0.0916	0.1765	0.8333	F5/8 type C domain
HIRA_B	0.4841	0.1148	0.0561	0.5000	HIRA B motif
AAA_21	0.4840	0.1329	0.0564	0.4167	AAA domain, putative AbiEii toxin, Type IV TA system
EGF_laminin	0.4829	0.0747	0.0263	0.6667	Laminin EGF domain
DDA1	0.4816	0.0775	0.0397	0.3333	Det1 complexing ubiquitin ligase
RT_RNaseH_2	0.4799	0.0736	0.1278	0.6667	RNase H-like domain found in reverse transcriptase
HHH_9	0.4775	0.0497	0.0220	0.2500	HHH domain
Phage_integrase	0.4757	0.0671	0.0172	0.3333	Phage integrase family
TFIIE_alpha	0.4757	0.0980	0.1354	0.7500	TFIIE alpha subunit
Arm_4	0.4755	0.0793	0.0481	0.5833	Armadillo-like repeats
T4_Rnl2_C	0.4752	0.0357	0.0572	0.0833	T4 RNA ligase 2 C-terminal
SSF	0.4751	0.0516	0.0556	0.1667	Sodium:solute symporter family
CcmE	0.4744	0.0555	0.0265	0.4167	CcmE domain
MBF1	0.4736	0.0320	0.0418	0.1667	Multiprotein bridging factor 1
IF3_N	0.4728	0.0318	0.0426	0.3333	Translation initiation factor IF-3, N-terminal domain
ORC6_2nd	0.4718	0.0790	0.0339	0.4167	ORC6 second cyclin-like domain
DHHA2	0.4714	0.1186	0.0447	0.1667	DHHA2 domain
Polycystin_dom	0.4705	0.0692	0.0156	0.5000	Polycystin domain
TBCC_N	0.4699	0.0720	0.0273	0.5833	Tubulin-specific chaperone C N-terminal domain
PAPA-1	0.4694	0.1235	0.0818	0.1667	PAPA-1-like conserved region
AAA_RNF213_4	0.4694	0.0499	0.0328	0.6667	RNF213 AAA domain
AAA_RNF213_5	0.4694	0.0499	0.0328	0.6667	RNF213 AAA domain
DUF4419	0.4688	0.0682	0.1690	0.4167	Domain of unknown function (DUF4419)
TEX47	0.4681	0.0292	0.0227	0.0833	Testis-expressed protein 47
Kelch_2	0.4672	0.0669	0.0449	0.3333	Kelch motif
FoP_duplication	0.4671	0.0669	0.0007	0.4167	C-terminal duplication domain of Friend of PRMT1
ABC_ATPase	0.4667	0.0321	0.0223	0.1667	P-loop domain
TPR_BSK1_C	0.4667	0.0667	0.0000	0.4167	Serine/threonine-protein kinase BSK1-like, TPR repeats
NUDIX_4	0.4667	0.0667	0.0000	0.2500	NUDIX domain
TrmI-like_N	0.4667	0.0667	0.0000	0.3333	TrmI-like N-terminal
DUF789	0.4667	0.0667	0.0000	0.0000	Protein of unknown function (DUF789)
ASH	0.4667	0.0667	0.0374	0.0833	Abnormal spindle-like microcephaly-assoc'd, ASPM-SPD-2-Hydin
Acetyltransf_10	0.4666	0.1358	0.0232	0.8333	Acetyltransferase (GNAT) domain
PH_12	0.4659	0.0663	0.0006	0.0833	Pleckstrin homology domain
Tub	0.4641	0.0682	0.0008	0.0833	Tub family
HUN	0.4633	0.0913	0.0485	0.4167	HPC2 and ubinuclein domain
Leu_zip	0.4633	0.0698	0.0007	0.0833	Leucine zipper
Bfr1	0.4632	0.0726	0.0004	0.2500	Bfr1
MRP-S33	0.4627	0.0575	0.0723	0.5833	Mitochondrial ribosomal subunit S27
DUF7789	0.4613	0.1124	0.0612	0.4167	Domain of unknown function (DUF7789)
MGS	0.4607	0.1128	0.1641	0.7500	MGS-like domain
zf-HC5HC2H_2	0.4606	0.0475	0.0511	0.6667	PHD-zinc-finger like domain
Zn_ribbon_IFT122	0.4606	0.0299	0.0214	0.0833	IFT122, zinc ribbon domain
UDPG_MGDP_dh_C	0.4606	0.0299	0.0214	0.0833	UDP-glucose/GDP-mannose dehydrogenase family, UDP binding domain
HAND	0.4601	0.0918	0.0334	0.6667	HAND
VCPO_2nd	0.4595	0.0567	0.0559	0.5833	VCPO second helical-bundle domain
HutD	0.4595	0.0567	0.0559	0.5833	HutD
DUF2383	0.4591	0.0478	0.0712	0.4167	Domain of unknown function (DUF2383)
PARG_cat_microb	0.4590	0.0500	0.0662	0.2500	Microbial-type PARG, catalytic domain
P_proprotein	0.4590	0.0500	0.0662	0.2500	Proprotein convertase P-domain
DUF5662	0.4582	0.0966	0.0377	0.3333	Family of unknown function (DUF5662)
DEK_C	0.4574	0.0654	0.0007	0.0833	DEK C terminal domain
NIPSNAP	0.4571	0.0576	0.0442	0.6667	NIPSNAP
TPR_TNPO3_IPO13_3rd	0.4570	0.0976	0.0397	0.5000	Transportin-3/Importin-13 third TPR domain
Nuf2_DHR10-like	0.4568	0.0937	0.1634	0.4167	Nuf2, DHR10-like domain
SUZ	0.4568	0.0937	0.1634	0.4167	SUZ domain
BCAS3	0.4567	0.0454	0.0478	0.4167	BCAS3 microtubule associated cell migration factor, C-terminal
Nup192	0.4554	0.0688	0.0542	0.5833	Nuclear pore complex scaffold, nucleoporins 186/192/205
ACT	0.4542	0.0493	0.0649	0.1667	ACT domain
IFT46_B_C	0.4542	0.0232	0.0202	0.0833	Intraflagellar transport complex B protein 46 C terminal
TELO2_ARM	0.4539	0.0493	0.0649	0.2500	TELO2 ARM repeat domain
HTH_Tnp_4	0.4538	0.0355	0.0385	0.3333	Helix-turn-helix of DDE superfamily endonuclease
HMG_box_2	0.4536	0.0690	0.0006	0.2500	HMG-box domain
PI3K_1B_p101	0.4525	0.0879	0.0451	0.5000	Phosphoinositide 3-kinase gamma adapter protein p101 subunit
PPR_1	0.4524	0.0472	0.0285	0.3333	PPR repeat
Fer4_Nqo3	0.4522	0.0803	0.0152	0.3333	NADH-quinone oxidoreductase subunit 3, ferredoxin-like domain
BBS7_pf	0.4520	0.0673	0.0170	0.0833	BBS7 platform domain
RRG7	0.4506	0.0697	0.0271	0.4167	Required for respiratory growth protein 7
Sulfotransfer_3	0.4494	0.0659	0.0006	0.3333	Sulfotransferase family
DUF8701	0.4491	0.0261	0.0457	0.3333	Domain of unknown function (DUF8701)
ClpS	0.4488	0.0962	0.0468	0.3333	ATP-dependent Clp protease adaptor protein ClpS
NB-ARC	0.4488	0.0198	0.0265	0.3333	NB-ARC domain
CarboxypepD_reg	0.4487	0.0616	0.0786	0.3333	Carboxypeptidase regulatory-like domain
Nucleoprot-TPR	0.4465	0.0540	0.0315	0.2500	Nucleoprotein TPR-like domain
FYRN	0.4457	0.0550	0.0957	0.3333	F/Y-rich N-terminus
V-ATPase_su_f	0.4457	0.0563	0.0217	0.3333	V-type proton ATPase subunit f-like
LOH1CR12	0.4456	0.0973	0.0687	0.4167	Tumour suppressor protein
DUF702	0.4454	0.1037	0.0635	0.4167	Domain of unknown function (DUF702)
Ig_NUP210_15th	0.4445	0.0451	0.0642	0.4167	NUP210 Ig-like domain 15
ARM_LRRK2	0.4428	0.0513	0.0140	0.3333	LRRK2 ARM repeat
Beta-barrel_CAF17_C	0.4427	0.0267	0.0439	0.1667	CAF17, C-terminal beta-barrel domain
RlmN_N	0.4417	0.0835	0.0326	0.4167	Ribosomal RNA large subunit methyltransferase N-terminal domain
EHN	0.4417	0.0198	0.0427	0.1667	Epoxide hydrolase N terminus
AT_hook	0.4408	0.0552	0.0539	0.5833	AT hook motif
DUF4397	0.4406	0.1038	0.0753	0.5000	Domain of unknown function (DUF4397)
Ig-CFAP74_4th	0.4405	0.1189	0.0000	0.0000	CFAP74 forth Ig-like domain
Ig-CFAP74_3rd	0.4405	0.1189	0.0708	0.0000	CFAP74 third Ig-like domain
TANGO6_N	0.4399	0.0552	0.0538	0.5833	TANGO6 N-terminal domain
Lectin_C	0.4395	0.0590	0.0177	0.2500	Lectin C-type domain
GtrA_DPMS_TM	0.4386	0.0932	0.0764	0.2500	GtrA/DPMS, transmembrane domain
RMP	0.4383	0.0377	0.0175	0.0833	Retinal Maintenance
PHD-1st_NSD	0.4375	0.0777	0.1380	0.7500	Histone-lysine N-methyltransferase NSD-like, PHD zinc finger 1
SMI1_KNR4	0.4374	0.0364	0.0234	0.1667	SMI1 / KNR4 family (SUKH-1)
RPA_C	0.4373	0.0921	0.1870	0.0833	Replication protein A C terminal
PUB	0.4373	0.0921	0.1870	0.0833	PUB domain
PheRS_DBD1	0.4373	0.0921	0.0574	0.0833	PheRS DNA binding domain 1
DUF3825	0.4369	0.0919	0.0603	0.5833	Domain of unknown function (DUF3825)
DUF3752	0.4369	0.0920	0.0597	0.5833	Protein of unknown function (DUF3752)
WHD_BLACT	0.4343	0.0478	0.0395	0.6667	Beta-lactamase associated winged helix domain
WHD_MUS81	0.4339	0.0888	0.0334	0.3333	Crossover junction endonuclease MUS81-like, winged helix domain
BBS2_pf	0.4337	0.0412	0.0750	0.0833	BBS2 platform domain
GPR137_N	0.4333	0.1294	0.0947	0.4167	GPR137 N-terminal domain
ParB_N	0.4330	0.1195	0.0642	0.6667	ParB N-terminal domain
RNR_Alpha	0.4330	0.1195	0.0642	0.6667	Ribonucleotide reductase alpha domain
ACP_SdgA_C	0.4330	0.1195	0.0642	0.6667	Highly reducing polyketide synthase sdgA, C-terminal ACP domain
KAsynt_C_assoc	0.4330	0.1195	0.0642	0.6667	Ketoacyl-synthetase C-terminal extension
YccF	0.4330	0.1195	0.0642	0.6667	Inner membrane component domain
PS-DH	0.4330	0.1195	0.0642	0.6667	Polyketide synthase dehydratase N-terminal domain
KATNA1_MIT	0.4324	0.0320	0.0197	0.0833	Katanin p60 subunit A1, MIT domain
EVE	0.4324	0.0895	0.0116	0.2500	EVE domain
SIL1_FES1_HPBP1_C	0.4322	0.0895	0.0665	0.3333	SIL1/FES1/HPBP1 C-terminal domain
TPR	0.4318	0.0558	0.0488	0.3333	Nucleoprotein TPR-like domain
Folate_carrier	0.4317	0.0696	0.0285	0.5000	Reduced folate carrier
DDE_1	0.4312	0.0657	0.0167	0.5000	DDE superfamily endonuclease
Big_2	0.4309	0.1962	0.0755	0.3333	Bacterial Ig-like domain (group 2)
APS_kinase	0.4305	0.0723	0.1179	0.9167	Adenylylsulphate kinase
CAND6-7_N	0.4301	0.0971	0.0642	0.3333	CAND6/7, N-terminal domain
RPA_interact_C	0.4301	0.0629	0.0200	0.0833	Replication protein A interacting C-terminal
FAM161A_B	0.4270	0.0675	0.0402	0.0000	Protein FAM161A/B
DUF4140	0.4267	0.0208	0.0268	0.1667	N-terminal domain of unknown function (DUF4140)
S1_RRP5	0.4265	0.0920	0.0641	0.5000	RRP5 S1 domain
zf-RING-like	0.4263	0.0870	0.0635	0.3333	RING-like domain
Penicil_amidase	0.4261	0.0312	0.0161	0.0833	Penicillin amidase
Glyco_transf_64	0.4258	0.0350	0.0344	0.1667	Glycosyl transferase family 64 domain
GH113	0.4246	0.0169	0.0131	0.2500	Glycoside Hydrolase Family 113
Nucleoporin_FG	0.4245	0.1234	0.1479	0.8333	Nucleoporin FG repeat region
Med9	0.4243	0.0545	0.0586	0.4167	RNA polymerase II transcription mediator complex subunit 9
Cohesin_HEAT	0.4240	0.1034	0.0858	0.9167	HEAT repeat associated with sister chromatid cohesion
Tuberin	0.4230	0.0939	0.0647	0.5000	Tuberin
PPIP5K2_N	0.4220	0.0460	0.0349	0.5000	Diphosphoinositol pentakisphosphate kinase 2 N-terminal domain
DUF938	0.4217	0.0383	0.0181	0.0833	Protein of unknown function (DUF938)
Sen15	0.4215	0.0601	0.0569	0.6667	Sen15 protein
IntS14_b-barrel	0.4201	0.0756	0.0337	0.2500	Integrator complex subunit 14, beta-barrel domain
Dimer_Tnp_hAT	0.4201	0.0484	0.0610	0.6667	hAT family C-terminal dimerisation region
Bac_rhamnosid_C	0.4195	0.0939	0.0326	0.1667	Bacterial alpha-L-rhamnosidase C-terminal domain
WAPL	0.4195	0.0939	0.0326	0.1667	Wings apart-like protein regulation of heterochromatin
MPAB_Lcp_cat	0.4192	0.1085	0.0407	0.2500	ER-bound oxygenase mpaB/B'/Rubber oxygenase, catalytic domain
EHD_N	0.4176	0.0667	0.1243	0.9167	N-terminal EH-domain containing protein
NTR2	0.4174	0.0773	0.0358	0.3333	Nineteen complex-related protein 2
DYH2-5-8_CC	0.4151	0.0343	0.0664	0.0833	Dynein axonemal heavy chain 2/5/8 coiled-coil
Med12-LCEWAV	0.4150	0.1053	0.1708	0.5000	Eukaryotic Mediator 12 subunit domain
DDB_G0268226	0.4148	0.1049	0.1755	0.5833	Uncharacterised protein DDB_G0268226
PH_NISCH_C	0.4148	0.1048	0.1726	0.5000	Nischarin, C-terminal PH domain
DNAI3_WD	0.4147	0.1068	0.0561	0.3333	Dynein axonemal intermediate chain 3 WD40 domain
TPR_WDR35	0.4146	0.0344	0.0526	0.0833	WD repeat-containing protein 35, TPR repeats
TPR_IFT121	0.4146	0.0344	0.0526	0.0833	IFT121-like, TPR repeats
Zf_2nd_IFT121	0.4146	0.0344	0.0526	0.0833	IFT121, second zinc finger domain
Beta-prop_WDR35_2nd	0.4146	0.0344	0.0526	0.0833	WDR35 second beta-propeller
PPL4	0.4139	0.0784	0.0700	0.0000	Prim-pol 4
Upf2	0.4129	0.1040	0.1690	0.5833	Up-frameshift suppressor 2
RED_N	0.4129	0.1040	0.1690	0.5833	RED-like protein N-terminal region
CutA1	0.4127	0.0343	0.0518	0.0833	CutA1 divalent ion tolerance protein
Chromo_shadow	0.4123	0.1037	0.1688	0.5833	Chromo shadow domain
Beta-prop_WDR41	0.4121	0.0897	0.0585	0.4167	WDR41
PQQ_2	0.4118	0.0316	0.0279	0.1667	Outer membrane protein assembly factor BamB
DGCR6	0.4115	0.0887	0.0603	0.5000	DiGeorge syndrome critical region 6 (DGCR6) protein
NTF2_SigF	0.4115	0.1034	0.1676	0.5833	SigF NTF2-like domain
Ribosomal_L36	0.4115	0.0288	0.0350	0.3333	Ribosomal protein L36
UN_NPL4	0.4103	0.0634	0.0576	0.3333	Nuclear pore localisation protein NPL4
SEN1_N	0.4090	0.0879	0.0593	0.5000	SEN1 N terminal
FUSC_2	0.4088	0.1061	0.1830	0.7500	Fusaric acid resistance protein-like
VIT1	0.4088	0.1061	0.1830	0.7500	VIT family
VKOR	0.4088	0.1061	0.1830	0.7500	Vitamin K epoxide reductase family
ASL_C	0.4088	0.1061	0.1830	0.7500	Adenylosuccinate lyase C-terminal
MAM33	0.4088	0.1061	0.1830	0.7500	Mitochondrial glycoprotein
Fe_hyd_SSU	0.4082	0.1611	0.0383	0.5833	Iron hydrogenase small subunit
OmdA	0.4070	0.0555	0.0483	0.4167	Bacteriocin-protection, YdeI or OmpD-Associated
KIF21A_4th	0.4066	0.1130	0.0235	0.5833	KIF21A-like domain
UFL1	0.4064	0.0884	0.1423	0.6667	E3 UFM1-protein ligase 1-like domain
TPR_TTI1_N	0.4062	0.0578	0.0461	0.5833	TTI1 N-terminal TPR domain
APG6_N	0.4057	0.1367	0.0597	0.5000	Apg6 coiled-coil region
SpoU_sub_bind	0.4053	0.0607	0.0328	0.6667	RNA 2'-O ribose methyltransferase substrate binding
HTTM	0.4051	0.0867	0.0595	0.5000	HTTM domain
SHOCT	0.4047	0.0949	0.0324	0.3333	Short C-terminal domain
Occludin_ELL	0.4047	0.0317	0.0399	0.1667	Occludin homology domain
RecA_C	0.4043	0.0963	0.0695	0.5833	RecA C-terminal domain
Vault_2	0.4022	0.1491	0.1438	0.6667	Major Vault Protein repeat domain
PA28_C	0.4022	0.1491	0.1438	0.6667	Proteasome activator PA28, C-terminal
Vault_4	0.4022	0.1491	0.1438	0.6667	Major Vault Protein repeat domain
PIH1	0.4010	0.1706	0.0351	0.5000	PIH1 N-terminal domain
CNOT11_N	0.4009	0.0445	0.0625	0.4167	CNOT11 N-terminal domain
Lipocalin_2	0.4003	0.1042	0.0288	0.2500	Lipocalin-like domain
Dioxygenase_C	0.3999	0.0407	0.0317	0.1667	Dioxygenase
DUF7869	0.3999	0.0407	0.0317	0.1667	Domain of unknown function (DUF7869)
NOMO_8th	0.3999	0.0402	0.0553	0.3333	NOMO eighth prealbumin-like domain
PWI_Topors	0.3989	0.0705	0.0566	0.4167	Topors, PWI-like domain
TMEM128	0.3977	0.0642	0.0238	0.5833	TMEM128 protein
YbaB_DNA_bd	0.3962	0.0457	0.0136	0.0833	YbaB/EbfC DNA-binding family
DUF3592	0.3953	0.0612	0.0183	0.1667	Domain of unknown function (DUF3592)
Ig_TPPC8_3rd	0.3948	0.0972	0.0637	0.5000	TPPC8 third Ig-like domain
CFAP99_CC	0.3948	0.0577	0.0270	0.0833	CFAP99 V-shaped coiled-coil domain
Polysacc_lyase	0.3942	0.0106	0.0908	0.3333	Polysaccharide lyase
RMI1_C	0.3942	0.0106	0.0908	0.3333	Recq-mediated genome instability protein 1, C-terminal OB-fold
E1_4HB	0.3939	0.0859	0.1372	0.5000	Ubiquitin-activating enzyme E1 four-helix bundle
DUF5906	0.3939	0.0704	0.0564	0.4167	Family of unknown function (DUF5906)
Peptidase_C65	0.3935	0.1001	0.0498	0.0833	Peptidase C65 Otubain
SLT_3	0.3932	0.1008	0.0287	0.1667	Lysozyme like domain
Glyco_hydro_43	0.3932	0.1008	0.0287	0.1667	Glycosyl hydrolases family 43
Transglut_core2	0.3932	0.1008	0.0287	0.1667	Transglutaminase-like superfamily
DHDPS	0.3932	0.1008	0.0287	0.1667	Dihydrodipicolinate synthetase family
GtaA_6_Hairpin	0.3932	0.1008	0.0287	0.1667	Glutaminase A six helical-hairpin domain
M1AP_C	0.3905	0.0216	0.0409	0.1667	Meiosis 1 arrest protein C-terminal domain
RSLD_CPSF6	0.3905	0.0216	0.0409	0.1667	CPSF6-like, RSLD domain, N-terminal region
Glyco_hydro_28	0.3904	0.0832	0.0371	0.4167	Glycosyl hydrolases family 28
Glyco_transf_17	0.3884	0.0653	0.0285	0.3333	Glycosyltransferase family 17
Ribosomal_L9_C	0.3879	0.0611	0.0361	0.3333	Ribosomal protein L9, C-terminal domain
DBC1	0.3878	0.0921	0.0540	0.5833	DBC1
LAIKA	0.3878	0.0921	0.0540	0.5833	LAIKA domain
SOS1_NGEF_PH	0.3878	0.0253	0.2244	0.8333	SOS1/NGEF-like PH domain
Glyco_transf_15	0.3877	0.0719	0.0547	0.0833	Glycolipid 2-alpha-mannosyltransferase
Zn_ribbon_19	0.3873	0.0921	0.0539	0.5833	zinc-ribbon
CRIM	0.3872	0.0921	0.0540	0.5833	SAPK-interacting protein 1 (Sin1), middle CRIM domain
RRM_ACIN1	0.3872	0.0921	0.0540	0.5833	ACIN1-like, RNA-recognition domain
Rng_hyd_C	0.3870	0.1009	0.0682	0.1667	Aromatic-ring hydroxylase, C-terminal
Haem_oxygenas_2	0.3870	0.1009	0.0682	0.1667	Iron-containing redox enzyme
Cytokin_check_N	0.3870	0.1009	0.0682	0.1667	Cdc14 phosphatase binding protein N-terminus
UPF0176_N	0.3870	0.1009	0.0682	0.1667	UPF0176 acylphosphatase like domain
Cyclin_D1_bind	0.3870	0.1009	0.0682	0.1667	Cyclin D1 binding domain
NUDIX-like	0.3870	0.1009	0.0682	0.1667	NADH pyrophosphatase-like rudimentary NUDIX domain
Ring_hydroxyl_A	0.3870	0.1009	0.0682	0.1667	Ring hydroxylating alpha subunit (catalytic domain)
Cu_amine_oxidN2	0.3870	0.1009	0.0682	0.1667	Copper amine oxidase, N2 domain
Reductase_C	0.3870	0.1009	0.0682	0.1667	Reductase C-terminal
Hva1_TUDOR	0.3870	0.1009	0.0682	0.1667	Hypervirulence associated proteins TUDOR domain
DIT1_PvcA	0.3870	0.1009	0.0682	0.1667	Pyoverdine/dityrosine biosynthesis protein
FAD_oxidored	0.3870	0.1009	0.0682	0.1667	FAD dependent oxidoreductase
DUF5127	0.3870	0.1009	0.0682	0.1667	Domain of unknown function (DUF5127)
DUF4964	0.3870	0.1009	0.0682	0.1667	Domain of unknown function (DUF4964)
YDMC	0.3870	0.1009	0.0682	0.1667	Oxidoreductase/YMDC permease-like domain
PBC	0.3870	0.1009	0.0682	0.1667	PBC domain
TPX2	0.3870	0.1009	0.0682	0.1667	Targeting protein for Xklp2 (TPX2) domain
Ferritin_2	0.3870	0.1009	0.0682	0.1667	Ferritin-like domain
WHD_MCM7	0.3870	0.1009	0.0682	0.1667	DNA replication licensing factor MCM7, winged helix
Cript	0.3870	0.1009	0.0682	0.1667	Microtubule-associated protein CRIPT
DUF5054	0.3870	0.1009	0.0682	0.1667	Domain of unknown function (DUF5054)
Bac_rhodopsin	0.3870	0.1009	0.0682	0.1667	Bacteriorhodopsin-like protein
Inhibitor_I9	0.3870	0.1009	0.0682	0.1667	Peptidase inhibitor I9
GST_C_7	0.3870	0.1009	0.0682	0.1667	Glutathione S-transferase, C-terminal domain
DUF4246_N	0.3870	0.1009	0.0682	0.1667	Domain of unknown function DUF4246, N-terminal
DUF4385	0.3870	0.1009	0.0682	0.1667	Domain of unknown function (DUF4385)
Thaumatin	0.3870	0.1009	0.0682	0.1667	Thaumatin family
Cu_amine_oxid	0.3870	0.1009	0.0682	0.1667	Copper amine oxidase, enzyme domain
S8_pro-domain	0.3870	0.1009	0.0682	0.1667	Peptidase S8 pro-domain
DUF1746	0.3870	0.1009	0.0682	0.1667	Fungal domain of unknown function (DUF1746)
Pirin_C_2	0.3870	0.1009	0.0682	0.1667	Quercetinase C-terminal cupin domain
DUF4874	0.3870	0.1009	0.0682	0.1667	Domain of unknown function (DUF4874)
CDT1	0.3870	0.1009	0.0682	0.1667	DNA replication factor CDT1 like
AAT	0.3869	0.1045	0.0269	0.3333	Acyl-coenzyme A:6-aminopenicillanic acid acyl-transferase
EndIII_4Fe-2S	0.3863	0.0787	0.0176	0.2500	Iron-sulfur binding domain of endonuclease III
Methyltrans_SAM	0.3860	0.0464	0.1284	0.6667	S-adenosylmethionine-dependent methyltransferase
MPP6	0.3860	0.0464	0.1284	0.6667	M-phase phosphoprotein 6
Ig_NUP210_6th	0.3854	0.0794	0.0518	0.3333	NUP210-like, Ig-like domain 6
HR1_TOCA	0.3845	0.0428	0.0548	0.3333	TOCA family HR1 domain
DUF1977	0.3843	0.0437	0.0170	0.1667	Domain of unknown function (DUF1977)
Vma12	0.3830	0.1155	0.0541	0.6667	Endoplasmic reticulum-based factor for assembly of V-ATPase
NST1	0.3830	0.1155	0.0541	0.6667	Salt tolerance down-regulator
VPS13_M	0.3830	0.1155	0.0541	0.6667	VPS13-like family middle region
Ig_GNPTAB	0.3830	0.1155	0.0541	0.6667	GNPTAB, immunoglobulin-like domain
HTH_NPRL3	0.3830	0.1155	0.0541	0.6667	GATOR1 complex protein NPRL3, C-terminal HTH
SWIRM-assoc_1	0.3830	0.1155	0.0541	0.6667	SWIRM-associated region 1
DUF3730	0.3830	0.1155	0.0541	0.6667	Focadhesin/RST1, DUF3730
DEPDC5_CTD	0.3830	0.1155	0.0541	0.6667	DEPDC5 protein C-terminal region
Cut8	0.3830	0.1155	0.0541	0.6667	Cut8, nuclear proteasome tether protein
Chlam_PMP	0.3830	0.1155	0.0541	0.6667	Chlamydia polymorphic membrane protein (Chlamydia_PMP) repeat
SF3a60_bindingd	0.3830	0.1155	0.0541	0.6667	Splicing factor SF3a60 binding domain
RNA_pol_Rpb1_R	0.3830	0.1155	0.0541	0.6667	RNA polymerase Rpb1 C-terminal repeat
TTI1	0.3830	0.1155	0.0541	0.6667	TELO2-interacting protein 1
Ig_TRAPPC9-Trs120_2nd	0.3830	0.1155	0.0541	0.6667	Trs120/TRAPPC9, second Ig-like domain
zf-A20	0.3830	0.1155	0.0541	0.6667	A20-like zinc finger
APC1_3rd	0.3830	0.1155	0.0541	0.6667	APC1 beta sandwich domain
Zn_Ribbon_1	0.3829	0.0889	0.0507	0.5000	zinc-ribbon domain
DNAPKcs_CC1-2	0.3816	0.0621	0.0464	0.6667	DNA-dependent protein kinase catalytic subunit, CC1/2
zf_CCCH_4	0.3813	0.0282	0.0077	0.2500	Zinc finger domain
PDZD8_N	0.3807	0.0855	0.0577	0.4167	PDZD8 N-terminal TULIPs domain
TMEM145_N	0.3783	0.0880	0.0582	0.5000	TMEM145, N-terminal domain
TMEM214	0.3774	0.0686	0.0567	0.3333	TMEM214, C-terminal, caspase 4 activator
B9-C2	0.3772	0.0854	0.0526	0.0833	Ciliary basal body-associated, B9 protein
H_PPase	0.3772	0.0854	0.0526	0.0833	Inorganic H+ pyrophosphatase
Beta-prop_WDR35_TULP_N	0.3772	0.0854	0.0526	0.0833	WDR35/TULP4 N-terminal
Meckelin	0.3772	0.0854	0.0526	0.0833	Meckelin (Transmembrane protein 67)
GAE_BBS1	0.3769	0.0855	0.0525	0.0833	Bardet-Biedl syndrome 1 protein, GAE domain
BBS1	0.3769	0.0855	0.0525	0.0833	Ciliary BBSome complex subunit 1
BIVM	0.3767	0.0855	0.0524	0.0833	Basic immunoglobulin-like variable motif-containing protein
IFT52_GIFT	0.3767	0.0855	0.0524	0.0833	IFT52 GIFT domain
BBS2_GAE	0.3767	0.0855	0.0524	0.0833	BBS2 GAE domain
Itf52_C	0.3767	0.0855	0.0524	0.0833	Intraflagellar transport protein 52, C-terminal domain
PTHB1_CtH	0.3767	0.0855	0.0524	0.0833	PTHB1 C-terminal helix bundle
ARM_TT21_2nd	0.3767	0.0855	0.0524	0.0833	Tetratricopeptide repeat protein 21 second ARM domain
ARM_TT21_5th	0.3767	0.0855	0.0524	0.0833	TT21 fifth ARM repeats domain
DRC10_N	0.3767	0.0855	0.0524	0.0833	DRC10 N-terminal domain
ARM_TT21_C	0.3767	0.0855	0.0524	0.0833	Tetratricopeptide repeat protein 21 C-terminal ARM domain
KIF9	0.3767	0.0855	0.0524	0.0833	Kinesin-like protein KIF9 domain
ARM_TT21_4th	0.3767	0.0855	0.0524	0.0833	Tetratricopeptide repeat protein 21 forth ARM domain
BBS2_Mid	0.3767	0.0855	0.0524	0.0833	Ciliary BBSome complex subunit 2, middle region
ARM_TT21	0.3767	0.0855	0.0524	0.0833	Tetratricopeptide repeat protein 21 ARM repeat
ARM_TT21_N	0.3767	0.0855	0.0524	0.0833	Tetratricopeptide repeat protein 21 N-terminal ARM repeat
CFAP70_mid_TPR	0.3767	0.0855	0.0524	0.0833	Cilia and flagella-associated protein 70 middle TPR-like domain
CFAP70_helical	0.3767	0.0855	0.0524	0.0833	Cilia and flagella-associated protein 70 helical domain
DRC11_N	0.3767	0.0855	0.0524	0.0833	Dynein regulatory complex subunit 11-like, N-terminal domain
BBS2_hp	0.3767	0.0855	0.0524	0.0833	BBS2 hairpin
IFT52_central	0.3767	0.0855	0.0524	0.0833	IFT52 central domain
Lipoxygenase	0.3766	0.0854	0.0590	0.5000	Lipoxygenase
TM231	0.3764	0.0381	0.0454	0.0833	Transmembrane protein 231
Nbas_N	0.3757	0.0635	0.0510	0.4167	Neuroblastoma-amplified sequence, N terminal
ArgoL1	0.3752	0.0844	0.0609	0.5000	Argonaute linker 1 domain
DNMT1-RFD	0.3751	0.0766	0.0324	0.2500	Cytosine specific DNA methyltransferase replication foci domain
Beta-prop_IFT80_2nd	0.3751	0.0858	0.0521	0.0833	IFT80 second beta-propeller
hGDE_N	0.3749	0.0844	0.0595	0.4167	N-terminal domain from the human glycogen debranching enzyme
HGSNAT_cat	0.3748	0.0924	0.0547	0.5833	Heparan-alpha-glucosaminide N-acetyltransferase, catalytic
Band_7_C	0.3742	0.1041	0.1947	0.0833	C-terminal region of band_7
AAA_19	0.3734	0.0589	0.0303	0.4167	AAA domain
SelK_SelG	0.3729	0.0642	0.0540	0.6667	Selenoprotein SelK_SelG
Glyco_hydro_125	0.3728	0.0448	0.0305	0.1667	Metal-independent alpha-mannosidase (GH125)
Chibby	0.3721	0.0770	0.0407	0.3333	Chibby family
YkuD	0.3714	0.0966	0.0278	0.3333	L,D-transpeptidase catalytic domain
CENP-L	0.3703	0.0539	0.0546	0.3333	Centromere protein L
UTP23_sensor	0.3700	0.0647	0.0017	0.2500	UTP23 sensor motif
Casc1_N	0.3680	0.0747	0.0217	0.0833	Cancer susceptibility candidate 1 N-terminus
HEPN	0.3676	0.0231	0.0539	0.3333	HEPN domain
Chitin_bind_1	0.3676	0.0231	0.0539	0.3333	Chitin recognition protein
PET117	0.3675	0.0669	0.0026	0.3333	PET assembly of cytochrome c oxidase, mitochondrial
Pex24p	0.3667	0.0667	0.0250	0.0833	Integral peroxisomal membrane peroxin
PDZ	0.3667	0.0667	0.0000	0.0833	PDZ domain
Kgd4-YMR31	0.3667	0.0667	0.0000	0.0833	Alpha-ketoglutarate dehydrogenase component 4/YMR-31
MYCBPAP	0.3667	0.0667	0.0615	0.0833	MYCBP-associated protein family
Exo_endo_phos_2	0.3664	0.0662	0.0000	0.0833	Endonuclease-reverse transcriptase
LRR_5	0.3661	0.0493	0.0308	0.2500	BspA type Leucine rich repeat region (6 copies)
NPHP3_N	0.3641	0.0689	0.0170	0.4167	Nephrocystin 3, N-terminal
KAP	0.3637	0.0991	0.0283	0.2500	Kinesin-associated protein (KAP)
WHD_DDX60	0.3637	0.0991	0.0283	0.2500	DDX60-like, winged helix domain
Condensation	0.3632	0.0259	0.0182	0.0833	Condensation domain
AdenylateSensor	0.3630	0.0813	0.0550	0.5000	Adenylate sensor of SNF1-like protein kinase
DUF218	0.3628	0.1174	0.1904	0.7500	DUF218 domain
PPDK_N	0.3626	0.0672	0.1328	0.2500	Pyruvate phosphate dikinase, AMP/ATP-binding domain
CHORD	0.3622	0.1048	0.0167	0.5000	CHORD
THR4_C	0.3621	0.0417	0.0025	0.3333	Threonine synthase, C-terminal
BBS7_hp	0.3618	0.0606	0.0193	0.0833	BBS7 hairpin
NAGLU_N	0.3612	0.0700	0.0604	0.6667	Alpha-N-acetylglucosaminidase (NAGLU) N-terminal domain
NAGLU_C	0.3612	0.0700	0.0604	0.6667	Alpha-N-acetylglucosaminidase (NAGLU) C-terminal domain
KPWE_dom	0.3612	0.0700	0.0604	0.6667	PEX14-like KPWE domain
NELF-A_N	0.3612	0.0700	0.0604	0.6667	NELF-A N-terminal domain
Cyto_heme_lyase	0.3612	0.0700	0.0604	0.6667	Cytochrome c/c1 heme lyase
NAGLU	0.3612	0.0700	0.0604	0.6667	Alpha-N-acetylglucosaminidase (NAGLU) tim-barrel domain
TMEM_230_134	0.3609	0.0689	0.0025	0.0833	Transmembrane proteins 230/134
Ig_NPHP4_4th	0.3596	0.0697	0.0037	0.0000	NPH4 Ig-like domain 4
Phosphonate-bd	0.3592	0.0801	0.0528	0.5000	ABC transporter, phosphonate, periplasmic substrate-binding protein
Glyco_hydro_32C	0.3578	0.0248	0.0180	0.0833	Glycosyl hydrolases family 32 C terminal
Glyco_hydro_32N	0.3578	0.0248	0.0180	0.0833	Glycosyl hydrolases family 32 N-terminal domain
AhpC-TSA_2	0.3577	0.1145	0.1888	0.7500	AhpC/TSA antioxidant enzyme
CD36	0.3577	0.1145	0.1888	0.7500	CD36 family
MoeA_N	0.3577	0.1145	0.1888	0.7500	MoeA N-terminal region (domain I and II)
LMF1_C	0.3577	0.1145	0.1888	0.7500	Lipase maturation factor C-terminal domain
MoeA_C	0.3577	0.1145	0.1888	0.7500	MoeA C-terminal region (domain IV)
MoCF_biosynth	0.3577	0.1145	0.1888	0.7500	Probable molybdopterin binding domain
FAA_hydrolase_N	0.3577	0.1145	0.1888	0.7500	Fumarylacetoacetase N-terminal
PAF-AH_p_II	0.3575	0.0810	0.1070	0.0833	Platelet-activating factor acetylhydrolase, isoform II
SSNA1	0.3573	0.0882	0.0487	0.0833	Microtubule nucleation factor SSNA1
Ropporin_N	0.3573	0.0882	0.0487	0.0833	Ropporin N-terminal domain
Beta-prop_IFT140_1st	0.3572	0.0516	0.0197	0.0833	IFT140 first beta-propeller
MRB1590_C	0.3572	0.0775	0.0194	0.1667	MRB1590 C-terminal domain
ABC_N	0.3572	0.0775	0.0194	0.1667	ATPase of the ABC class N-terminal
MBIP_C	0.3565	0.0925	0.0462	0.5833	MAP3K12-binding inhibitory protein C-terminal domain
HTH_23	0.3564	0.0682	0.0208	0.4167	Homeodomain-like domain
Fer4_7	0.3559	0.0652	0.1096	0.9167	4Fe-4S dicluster domain
Par3_HAL_N_term	0.3554	0.0359	0.0017	0.1667	N-terminal of Par3 and HAL proteins
FAM133	0.3550	0.0368	0.0602	0.3333	FAM133
PWI_CCDC43	0.3547	0.1053	0.1148	0.5833	CCDC43 PWI-like domain
DUF7646	0.3547	0.1053	0.1148	0.5833	Domain of unknown function (DUF7646)
SHOC1_PDDEXK	0.3540	0.1016	0.0354	0.3333	SHOC1 PDDEXK domain
RME-8_4th	0.3527	0.1180	0.0642	0.7500	DNAJ protein RME-8 4th domain
CDC73_N	0.3525	0.0273	0.1814	0.6667	Paf1 complex subunit CDC73 N-terminal
DUF908	0.3525	0.0273	0.1814	0.6667	Domain of Unknown Function (DUF908)
HOOK	0.3525	0.0273	0.1814	0.6667	HOOK protein coiled-coil region
HOOK_N	0.3525	0.0273	0.1814	0.6667	HOOK domain
SGTA_dimer	0.3523	0.0273	0.1814	0.6667	Homodimerisation domain of SGTA
Beta-prop_Nup120_160	0.3523	0.0273	0.1814	0.6667	Nucleoporin Nup120/160, beta-propeller domain
Thioredox_PDIA6_C	0.3523	0.0273	0.1814	0.6667	PDIA6-like, C-terminal thioredoxin-like domain
PH_PLEKHM2	0.3523	0.0273	0.1814	0.6667	PLEKHM2 PH domain-like
Cohesin_load	0.3513	0.0639	0.0324	0.4167	Cohesin loading factor
Uso1_p115_head	0.3513	0.0271	0.1807	0.6667	Uso1 / p115 like vesicle tethering protein, head region
Sds3	0.3513	0.0271	0.1807	0.6667	Sds3-like
Med28	0.3513	0.0271	0.1807	0.6667	Mediator complex subunit 28
Condensin2nSMC	0.3513	0.0271	0.1807	0.6667	Condensin II non structural maintenance of chromosomes subunit
ASCC3_N	0.3513	0.0271	0.1807	0.6667	ASCC3-like, N-terminal domain
E1_FCCH	0.3510	0.0267	0.1804	0.5000	Ubiquitin-activating enzyme E1 FCCH domain
EF-hand_like	0.3510	0.0267	0.1804	0.5000	Phosphoinositide-specific phospholipase C, efhand-like
AATase	0.3503	0.0388	0.0481	0.3333	Alcohol acetyltransferase
PCC	0.3499	0.0063	0.0175	0.0833	Plants and Prokaryotes Conserved (PCC) domain
NAGidase	0.3497	0.0269	0.1774	0.6667	beta-N-acetylglucosaminidase
Ig_TRAPPC9-Trs120_4th	0.3497	0.0269	0.1774	0.6667	Trs120/TRAPPC9, fourth Ig-like domain
Thioredoxin_15	0.3497	0.0269	0.1774	0.6667	Thioredoxin-like domain
GNC1_N	0.3497	0.0269	0.1774	0.6667	Stalled ribosome sensor GCN1 N-terminal
HEAT_Ints3_C	0.3497	0.0269	0.1774	0.6667	Ints3-like, C-terminal HEAT repeats
MZB	0.3497	0.0269	0.1774	0.6667	MrfA Zn-binding domain
HEAT_PBS	0.3496	0.0818	0.0743	0.0833	PBS lyase HEAT-like repeat
Sos7	0.3494	0.0643	0.0332	0.4167	Kinetochore protein Sos7
DUF2462	0.3494	0.0643	0.0332	0.4167	Protein of unknown function (DUF2462)
SH3_Tf2-1	0.3487	0.0743	0.0475	0.4167	Tf2-1-like, SH3 domain
HAD	0.3475	0.0374	0.0208	0.1667	haloacid dehalogenase-like hydrolase
HYDIN_VesB_CFA65-like_Ig	0.3472	0.0529	0.0353	0.2500	HYDIN/CFA65/VesB-like, Ig-like domain
AAA_30	0.3468	0.0670	0.0514	0.3333	AAA domain
SAT	0.3464	0.0839	0.0015	0.0833	Starter unit:ACP transacylase in aflatoxin biosynthesis
HYOU1_C	0.3462	0.0866	0.0089	0.1667	HYOU1-like, C-terminal domain
BTAD	0.3462	0.0866	0.0000	0.0000	Bacterial transcriptional activator domain
MPSS1_M	0.3462	0.0866	0.0000	0.0000	Mitochondrial 3' processome subunit 1 middle domain
CCD97-like_C	0.3460	0.0830	0.0440	0.3333	Coiled-coil domain containing protein 97-like, C-terminal
Homoserine_dh	0.3460	0.0843	0.0137	0.2500	Homoserine dehydrogenase
TMEM254	0.3459	0.0861	0.0000	0.0000	Transmembrane protein 254
LRRNT_2	0.3448	0.0860	0.0023	0.2500	Leucine rich repeat N-terminal domain
Homeodomain	0.3445	0.1122	0.1571	0.7500	Homeodomain
EloA-BP1	0.3445	0.0547	0.0485	0.4167	ElonginA binding-protein 1
JTB	0.3444	0.0666	0.0338	0.2500	Jumping translocation breakpoint protein (JTB)
ABA4-like	0.3444	0.0770	0.0275	0.0833	ABA DEFICIENT 4-like
BBIP10	0.3442	0.0429	0.0315	0.0833	Cilia BBSome complex subunit 10
UVB_sens_C	0.3430	0.1256	0.0747	0.3333	Root UVB sensitive protein, C-terminal
Spc24	0.3430	0.1256	0.0747	0.3333	Spc24 subunit of Ndc80
Aquarius_N_3rd	0.3430	0.1256	0.0747	0.3333	Intron-binding protein aquarius insert domain
Beta-prop_WDR75_1st	0.3409	0.0427	0.0025	0.2500	WD repeat-containing protein 75 first beta-propeller
TAGT	0.3408	0.0537	0.0113	0.1667	TET-Associated Glycosyltransferase
RBBP6_link	0.3404	0.0301	0.0259	0.0833	RBBP6 linker domain
APP1_cat	0.3404	0.0301	0.0259	0.0833	Phosphatidate phosphatase APP1, catalytic domain
BRCC36_C	0.3404	0.0301	0.0259	0.0833	BRCC36 C-terminal helical domain
YIPF3_C	0.3404	0.0301	0.0259	0.0833	YIPF3 C-terminal domain
Ost4	0.3400	0.0656	0.0457	0.3333	Oligosaccaryltransferase
DUF3228	0.3398	0.0356	0.0444	0.0833	Protein of unknown function (DUF3228)
AAA_RNF213_3	0.3390	0.0631	0.0134	0.1667	RNF213 AAA domain
PEX6_4th	0.3386	0.1139	0.0587	0.5000	PEX6 fourth domain
CENP-I	0.3386	0.1139	0.0587	0.5000	Mis6
KDM5_C-hel	0.3386	0.1139	0.0587	0.5000	Lysine-specific demethylase 5, C-terminal helical domain
DUF8730	0.3376	0.0388	0.0218	0.3333	Domain of unknown function (DUF8730)
XYPPX	0.3374	0.0566	0.0476	0.4167	XYPPX repeat (two copies)
CFAP298	0.3362	0.0909	0.0454	0.0833	Cilia- and flagella-associated protein 298
CFAP58_CC	0.3362	0.0909	0.0454	0.0833	CFAP58 central coiled coil
IQUB	0.3362	0.0909	0.0454	0.0833	IQUB-like domain
CC_Cfap43	0.3362	0.0909	0.0454	0.0833	Cfap43 coiled coil
HEAT_ULK4	0.3362	0.0909	0.0454	0.0833	Serine/threonine-protein kinase ULK4-like, HEAT repeats
TFA2_E-tether	0.3361	0.0565	0.0614	0.4167	Tfa2 E-tether
PSI	0.3358	0.0711	0.0197	0.2500	Plexin repeat
CNBH_CNNM2_C	0.3351	0.0693	0.0544	0.5833	Metal transporter CNNM2-like, C-terminal CNBH domain
Katanin_con80	0.3344	0.0450	0.0297	0.0833	con80 domain of Katanin
DUF4750	0.3306	0.0592	0.0480	0.4167	Domain of unknown function (DUF4750)
Wbp11	0.3287	0.0679	0.0330	0.3333	WW domain binding protein 11
Glyco_hydro_92N	0.3268	0.0397	0.0138	0.2500	Glycosyl hydrolase family 92 N-terminal domain
ASXH	0.3256	0.0336	0.0278	0.2500	Asx homology domain
Peptidase_S15	0.3251	0.0474	0.0350	0.0000	X-Pro dipeptidyl-peptidase (S15 family)
Nt_Gln_amidase	0.3240	0.0197	0.0986	0.0000	N-terminal glutamine amidase
FAM221	0.3240	0.0471	0.0350	0.0000	Protein FAM221A/B
Peptidase_C14	0.3239	0.0912	0.0290	0.4167	Caspase domain
T4_deiodinase	0.3236	0.1096	0.0537	0.6667	Iodothyronine deiodinase
Dyp_perox_N	0.3236	0.1096	0.0537	0.6667	Dyp-type peroxidase, N-terminal
BBS7_GAE	0.3234	0.0528	0.0154	0.0833	BBS7 GAE domain
CFAP61_dimer	0.3234	0.0528	0.0154	0.0833	CFAP61 dimerisation domain
TMEM107	0.3214	0.0241	0.0184	0.0833	Transmembrane protein
LRR_TMOD-LMOD	0.3212	0.0370	0.0022	0.3333	TMOD/LMOD Leucine-rich domain
Pect-lyase_RHGA_epim	0.3207	0.0259	0.0151	0.0833	Rhamnogalacturonase A/epimerase, pectate lyase-like
Peptidase_M32	0.3206	0.0994	0.1996	0.0833	Carboxypeptidase Taq (M32) metallopeptidase
DUF4200	0.3206	0.0994	0.1996	0.0833	Domain of unknown function (DUF4200)
DM10_dom	0.3206	0.0994	0.1996	0.0833	DM10 domain
UVR	0.3205	0.0392	0.0027	0.3333	UvrB/uvrC motif
PTHB1_GAE	0.3202	0.0566	0.0190	0.0833	PTHB1 GAE domain
MazG-like	0.3199	0.0721	0.0259	0.0833	MazG-like family
GON	0.3199	0.0721	0.0259	0.0833	GON domain
DUF8773	0.3188	0.1104	0.0992	0.3333	Domain of unknown function (DUF8773)
WD40_WDHD1_1st	0.3188	0.1104	0.0992	0.3333	WDHD1 first WD40 domain
PIGBOS1	0.3163	0.1019	0.0304	0.4167	PIGBOS1-like
Exostosin_GT47	0.3152	0.0327	0.0110	0.0833	Exostosin GT47 domain
Beta-prop_IP5PC_F	0.3135	0.0337	0.0013	0.0833	IP5P C-F beta-propeller
IFT43	0.3133	0.0432	0.0139	0.0833	Intraflagellar transport protein 43
ICL	0.3132	0.0670	0.0540	0.6667	Isocitrate lyase family
Anthrone_oxy	0.3132	0.0670	0.0540	0.6667	Anthrone oxygenase
Smg8_Smg9	0.3132	0.0670	0.0540	0.6667	Smg8_Smg9
FANCL_d1	0.3132	0.0670	0.0540	0.6667	FANCL UBC-like domain 1
CENP-S	0.3132	0.0670	0.0540	0.6667	CENP-S protein
MmgE_PrpD_N	0.3132	0.0670	0.0540	0.6667	MmgE/PrpD N-terminal domain
MmgE_PrpD_C	0.3132	0.0670	0.0540	0.6667	MmgE/PrpD C-terminal domain
RMC1_N	0.3132	0.0670	0.0540	0.6667	Regulator of MON1-CCZ1 complex, N-terminal
AIM24	0.3132	0.0670	0.0540	0.6667	Mitochondrial biogenesis AIM24
DUF3818	0.3132	0.0670	0.0540	0.6667	Domain of unknown function in PX-proteins (DUF3818)
SPIN90_LRD	0.3132	0.0670	0.0540	0.6667	SPIN90/Ldb17, leucine-rich domain
Ndr	0.3132	0.0670	0.0540	0.6667	Ndr family
RINT1_TIP1	0.3132	0.0670	0.0540	0.6667	RINT-1/TIP-1 family
Hyccin	0.3132	0.0670	0.0540	0.6667	Hyccin
TMA17_helical	0.3128	0.0410	0.0000	0.0833	TMA17 helical domain
Zn_ribbon_NUD	0.3128	0.0410	0.0000	0.0833	NADH pyrophosphatase zinc ribbon domain
RIX1	0.3128	0.0410	0.0000	0.3333	rRNA processing/ribosome biogenesis
MATH	0.3128	0.0410	0.0224	0.1667	MATH domain
AMG1_II	0.3128	0.0410	0.0385	0.0000	Phosphoacetylglucosamine mutase AMG1, domain II
RIF5_SNase_1	0.3128	0.0410	0.0775	0.0000	TbRIF5 SNase domain 1
GNAT_acetyltran	0.3128	0.0410	0.0000	0.0833	GNAT acetyltransferase
AstE_AspA_cat	0.3122	0.0489	0.0235	0.2500	Succinylglutamate desuccinylase/Aspartoacylase catalytic domain
Peptidase_M64	0.3117	0.0367	0.0199	0.0833	IgA Peptidase M64
Hexapep_GlmU	0.3093	0.0393	0.0024	0.1667	GlmU-like, C-terminal hexapeptide
DUF952	0.3091	0.0489	0.0615	0.0000	Protein of unknown function (DUF952)
UBX7_N	0.3090	0.0729	0.0218	0.4167	UBX7 N-terminal domain
Glyoxalase_5	0.3079	0.0460	0.0426	0.3333	Hydroxyphenylpyruvate dioxygenase, HPPD, N-terminal
Fn3_assoc	0.3079	0.0471	0.0017	0.0833	Fn3 associated
peroxidase	0.3070	0.1145	0.0432	0.0833	Peroxidase
PI-PLC_X	0.3063	0.0456	0.0024	0.0833	PI-PLC X 1
Beta-prop_NUP159_NUP214	0.3062	0.0157	0.0332	0.1667	NUP159/214 beta propeller
Lyase_8	0.3059	0.0928	0.0485	0.2500	Polysaccharide lyase family 8, super-sandwich domain
Lyase_8_C	0.3059	0.0928	0.0485	0.2500	Polysaccharide lyase family 8, C-terminal beta-sandwich domain
Lyase_8_N	0.3059	0.0928	0.0485	0.2500	Polysaccharide lyase family 8, N terminal alpha-helical domain
WHD_GTF3C1	0.3059	0.0928	0.0485	0.2500	GTF3C1, extended winged-helix domain
LSM12_LSM	0.3047	0.0452	0.0210	0.2500	LSM12, LSM domain
Cas1_AcylT	0.3038	0.0493	0.0114	0.0000	10 TM Acyl Transferase domain found in Cas1p
LIAS_N	0.3037	0.0842	0.0223	0.2500	N-terminal domain of lipoyl synthase of Radical_SAM family
Radial_spoke	0.3036	0.1162	0.1857	0.0833	Radial spokehead-like protein
Beta-prop_WDR19_1st	0.3036	0.1162	0.1857	0.0833	WDR19 first beta-propeller
HEAT_DAAF5	0.3036	0.1162	0.1857	0.0833	Dynein axonemal assembly factor 5, HEAT-repeat domain
GMP_PDE_delta	0.3036	0.1162	0.1857	0.0833	GMP-PDE, delta subunit
SAS-6_N	0.3036	0.1162	0.1857	0.0833	Centriolar protein SAS N-terminal domain
p25-alpha	0.3036	0.1162	0.1857	0.0833	p25-alpha
CS_DNAAF11_C	0.3036	0.1162	0.1857	0.0833	Dynein axonemal assembly factor 11-like, CS domain
TPR_IF140_C	0.3036	0.1162	0.1857	0.0833	IF140 C-terminal TPR domain
CEPT76_peptidase	0.3036	0.1162	0.1857	0.0833	CEP76 peptidase-like domain
Cluap1	0.3036	0.1162	0.1857	0.0833	Clusterin-associated protein-1
CCDC113_CCDC96_CC	0.3036	0.1162	0.1857	0.0833	CCDC113/CCDC96, coiled-coil
CCDC39	0.3036	0.1162	0.1857	0.0833	Coiled-coil domain-containing protein 39
CEP76-C2	0.3036	0.1162	0.1857	0.0833	CEP76 C2 domain
Oscp1	0.3036	0.1162	0.1857	0.0833	Organic solute transport protein 1
Beta-prop_WDR19_2nd	0.3036	0.1162	0.1857	0.0833	WDR19 second beta-propeller
PHTB1_N	0.3036	0.1162	0.1857	0.0833	PTHB1 N-terminal
TPR_IFT80_172	0.3036	0.1162	0.1857	0.0833	IFT80/172/WDR35/WDR19 TPR domain
TPR_IF140-IFT172	0.3036	0.1162	0.1857	0.0833	IF140/IFT172 TPR domain
FAD_binding_7	0.3036	0.1162	0.1857	0.0833	FAD binding domain of DNA photolyase
TPR_IFT122	0.3036	0.1162	0.1857	0.0833	IFT122, TPR domain
CEP76_C	0.3036	0.1162	0.1857	0.0833	Centrosomal protein of 76 kDa C-terminal domain
GAS	0.3036	0.1162	0.1857	0.0833	Growth-arrest specific micro-tubule binding
Enkurin	0.3036	0.1162	0.1857	0.0833	Calmodulin-binding
RIB43A	0.3036	0.1162	0.1857	0.0833	RIB43A
NYD-SP28	0.3036	0.1162	0.1857	0.0833	Sperm tail
DPCD	0.3036	0.1162	0.1857	0.0833	DPCD protein family
IFT20	0.3036	0.1162	0.1857	0.0833	Intraflagellar transport complex B, subunit 20
Pepdidase_M14_N	0.3036	0.1162	0.1857	0.0833	Cytosolic carboxypeptidase N-terminal domain
ParcG	0.3036	0.1162	0.1857	0.0833	Parkin co-regulated protein
Dpy-30	0.3036	0.1162	0.1857	0.0833	Dpy-30 motif
TPH	0.3036	0.1162	0.1857	0.0833	Trichohyalin-plectin-homology domain
DRC7_C	0.3036	0.1162	0.1857	0.0833	Dynein regulatory complex subunit 7 C-terminal
DUF4464	0.3036	0.1162	0.1857	0.0833	Domain of unknown function (DUF4464)
AAA_lid_1	0.3036	0.1162	0.1857	0.0833	AAA+ lid domain
MORN_DRC7	0.3036	0.1162	0.1857	0.0833	Dynein regulatory complex subunit 7 MORN domain
Beta-prop_IFT122_2nd	0.3036	0.1162	0.1857	0.0833	IFT122 second beta-propeller
ASCH	0.3036	0.1162	0.1857	0.0833	ASCH domain
CFAP251_C	0.3036	0.1162	0.1857	0.0833	CFAP251 C-terminal domain
IFT70_C	0.3036	0.1162	0.1857	0.0833	Intraflagellar transport protein 70 C-terminal domain
BBL5_2nd	0.3036	0.1162	0.1857	0.0833	Bardet-Biedl syndrome 5 protein second PH-like domain
IFT56	0.3036	0.1162	0.1857	0.0833	Intraflagellar transport protein 56
NYD-SP28_assoc	0.3036	0.1162	0.1857	0.0833	Sperm tail C-terminal domain
Ax_dynein_light	0.3036	0.1162	0.1857	0.0833	Axonemal dynein light chain
CFAP251_N	0.3036	0.1162	0.1857	0.0833	CFAP251 N-terminal domain
BBL5	0.3036	0.1162	0.1857	0.0833	Bardet-Biedl syndrome 5 protein N-terminal PH-like domain
PTHB1_hp	0.3036	0.1162	0.1857	0.0833	PTHB1 hairpin
MinC_C	0.3032	0.0535	0.0280	0.2500	Septum formation inhibitor MinC, C-terminal domain
MinE	0.3032	0.0535	0.0280	0.2500	Septum formation topological specificity factor MinE
PAAT-like	0.3026	0.0604	0.0287	0.2500	ATPase PAAT-like
SnoaL	0.3005	0.0498	0.0253	0.0833	SnoaL-like polyketide cyclase
Radial_spoke_3	0.2999	0.0931	0.0317	0.0833	Radial spoke protein 3
IFT57	0.2999	0.0931	0.0317	0.0833	Intra-flagellar transport protein 57
Ala_racemase_C	0.2991	0.0361	0.0574	0.0833	Alanine racemase, C-terminal domain
Ribosomal_L34	0.2990	0.0907	0.1811	0.6667	Ribosomal protein L34
Apc13p	0.2984	0.1474	0.1855	0.3333	Apc13p protein
LRR_At5g56370	0.2979	0.0551	0.0215	0.1667	FBD-associated F-box protein At5g56370, LRR repeats
GPT2_C	0.2977	0.0644	0.0328	0.1667	Glycerol-3-phosphate acyltransferase 2 C-terminal domain
Propeptide_C1	0.2968	0.1119	0.0301	0.5000	Peptidase family C1 propeptide
LRR_Zer-1	0.2962	0.0648	0.0011	0.0833	Zer-1-like, Leucine-rich repeats
OB_POT1A	0.2947	0.0421	0.0386	0.2500	POT1A-like, OB fold domain
CDC24_OB2	0.2947	0.0421	0.0386	0.2500	Cell division control protein 24, OB domain 2
ARM_KDM8_N	0.2945	0.0342	0.0205	0.1667	KDM8-like, N-terminal ARM repeats
Beta-prop_FBX42	0.2944	0.0789	0.0070	0.3333	FBX42, beta-propeller domain
Mannitol_dh_C	0.2939	0.0306	0.0147	0.1667	Mannitol dehydrogenase C-terminal domain
Mannitol_dh	0.2939	0.0306	0.0147	0.1667	Mannitol dehydrogenase Rossmann domain
BRCA2	0.2938	0.0451	0.0342	0.0833	BRCA2 repeat
RMI1_N_N	0.2936	0.1051	0.0200	0.3333	RMI1, N-terminal helical domain
Gig2-like	0.2934	0.1077	0.0276	0.5000	Gig2-like
2TM_P5A-ATPase	0.2934	0.0591	0.0166	0.2500	P5A-ATPase, transmembrane helical hairpin
DUF1749	0.2932	0.1559	0.1077	0.3333	Protein of unknown function (DUF1749)
WD40_Prp19	0.2931	0.0123	0.0370	0.2500	Prp19 WD40 domain
EPSP_synthase	0.2931	0.0123	0.0370	0.2500	EPSP synthase (3-phosphoshikimate 1-carboxyvinyltransferase)
QLQ	0.2921	0.0579	0.0204	0.2500	QLQ
TMEM151	0.2904	0.0803	0.0210	0.1667	TMEM151 family
FHA_2	0.2899	0.0993	0.0614	0.3333	FHA domain
SKA2	0.2899	0.0993	0.0614	0.3333	Spindle and kinetochore-associated protein 2
SANTA	0.2891	0.0719	0.0771	0.1667	SANTA (SANT Associated)
HAUS-augmin3	0.2891	0.0719	0.0771	0.1667	HAUS augmin-like complex subunit 3
FANCI_HD1	0.2891	0.0719	0.0771	0.1667	FANCI helical domain 1
Ferritin	0.2891	0.0719	0.0771	0.1667	Ferritin-like domain
Glyco_transf_34	0.2891	0.0719	0.0771	0.1667	galactosyl transferase GMA12/MNN10 family
LBP_BPI_CETP	0.2891	0.0719	0.0771	0.1667	LBP / BPI / CETP family, N-terminal domain
MG2	0.2891	0.0719	0.0771	0.1667	MG2 domain
EST1_DNA_bind	0.2891	0.0719	0.0771	0.1667	Est1 DNA/RNA binding domain
SDF	0.2891	0.0719	0.0771	0.1667	Sodium:dicarboxylate symporter family
DUF7599	0.2891	0.0719	0.0771	0.1667	Domain of unknown function (DUF7599)
FBF1	0.2884	0.0303	0.0143	0.0833	Fas-binding factor 1
clamp_Gag1-like	0.2880	0.0450	0.0189	0.1667	Gag1-like, clamp domain
C5orf34_C	0.2870	0.0647	0.0193	0.0833	C5orf34 C-terminal domain
PapD-like	0.2870	0.0647	0.0193	0.0833	Flagellar-associated PapD-like
ZBED1_RNase-like_helical	0.2869	0.0430	0.0389	0.2500	ZBED1 RNase-like helical domain
UT	0.2869	0.0933	0.1325	0.5833	Urea transporter
Proton_antipo_M	0.2851	0.0492	0.0448	0.3333	NADH:quinone oxidoreductase/Mrp antiporter, TM
Transcrip_reg	0.2849	0.0313	0.0229	0.0833	TACO1/YebC second and third domain
TACO1_YebC_N	0.2849	0.0313	0.0229	0.0833	TACO1/YebC protein N-terminal domain
GLOD4_C	0.2849	0.0313	0.0229	0.0833	Glyoxalasedomain-containing protein 4-like, C-terminal domain
GDH_2nd	0.2845	0.0804	0.0451	0.6667	NAD-specific glutamate dehydrogenase, second domain
Dicer_dimer	0.2839	0.0712	0.0228	0.0833	Dicer dimerisation domain
RPEL	0.2838	0.0439	0.0171	0.1667	RPEL repeat
RPA43_OB	0.2829	0.0099	0.0369	0.2500	RPA43 OB domain in RNA Pol I
LIN9_C	0.2829	0.0099	0.0369	0.2500	LIN9 C-terminal
UfSP2_N	0.2829	0.0099	0.0369	0.2500	Ubiquitin-fold modifier 1 specific protease 2, N-terminal
ATG11	0.2808	0.0254	0.0269	0.1667	Autophagy-related protein 11
IntS14_C	0.2808	0.0254	0.0269	0.1667	Integrator complex subunit 14, alpha-helical domain
CHB_HEX_C_1	0.2804	0.0027	0.0331	0.0000	Chitobiase/beta-hexosaminidase C-terminal domain
VMP1_C	0.2802	0.1020	0.0472	0.6667	Vacuole membrane protein 1 C-terminal helical domain
RVE6	0.2802	0.1020	0.0472	0.6667	REVEILLE 6-like domain
Nrap	0.2802	0.1020	0.0472	0.6667	Nrap protein domain 1
Nrap_D2	0.2802	0.1020	0.0472	0.6667	Nrap protein PAP/OAS-like domain
CEP44	0.2798	0.0276	0.0147	0.0833	Centrosomal spindle body, CEP44
ZBED1_RNase-like	0.2790	0.0949	0.0260	0.4167	ZBED1 RNase-like domain
DUF2368	0.2783	0.0841	0.0208	0.3333	Uncharacterised conserved protein (DUF2368)
Resolvase	0.2777	0.0362	0.0465	0.2500	Resolvase, N terminal domain
CC2D1A-B_DM14	0.2777	0.0788	0.0057	0.3333	Coiled-coil and C2 domain-containing protein 1, DM14 domain
YjgF_endoribonc	0.2770	0.0946	0.0906	0.1667	YjgF/chorismate_mutase-like, putative endoribonuclease
CDC24_OB3	0.2768	0.0453	0.0331	0.3333	Cell division control protein 24, OB domain 3
DUF4832	0.2764	0.1268	0.0520	0.4167	Domain of unknown function (DUF4832)
SMAP	0.2742	0.1003	0.0278	0.1667	Small acidic protein family
GRDP-like	0.2735	0.0105	0.0326	0.1667	Glycine-rich domain-containing protein-like
PUNUT	0.2729	0.0291	0.0221	0.3333	Purine nucleobase transmembrane transport
Ribosomal_L25p	0.2714	0.1097	0.0696	0.6667	Ribosomal L25p family
EGF_PEAR1L	0.2708	0.0670	0.0209	0.0833	Platelet endothelial aggregation receptor 1-like, EGF domain
DUF3431	0.2708	0.0670	0.0209	0.0833	Protein of unknown function (DUF3431)
Forkhead	0.2708	0.0670	0.0209	0.0833	Forkhead domain
SUCH1_C	0.2689	0.0188	0.0202	0.0833	Suppressor of spindle checkpoint defect 1 C-terminal domain
E_motif	0.2689	0.0188	0.0202	0.0833	E motif
Glyco_hydro_2_C	0.2689	0.0188	0.0202	0.0833	Glycosyl hydrolases family 2, TIM barrel domain
CDT1_C	0.2689	0.0188	0.0202	0.0833	DNA replication factor Cdt1 C-terminal domain
DYW_deaminase	0.2689	0.0188	0.0202	0.0833	DYW family of nucleic acid deaminases
NDUF_B12	0.2680	0.0860	0.0314	0.4167	NADH-ubiquinone oxidoreductase B12 subunit family
MgtE	0.2670	0.0837	0.0328	0.0000	Divalent cation transporter
FtsH_ext	0.2669	0.0442	0.0287	0.3333	FtsH Extracellular
ArgoN	0.2665	0.0807	0.0150	0.1667	N-terminal domain of argonaute
CEP104_TOG	0.2664	0.0413	0.0188	0.0833	Centrosomal protein CEP104, TOG domain
Guanylate_cyc_2	0.2662	0.0693	0.0246	0.4167	Guanylylate cyclase
COX2	0.2651	0.0626	0.0058	0.3333	Cytochrome C oxidase subunit II, periplasmic domain
TPLATE_Ig	0.2634	0.0696	0.0235	0.3333	TPLATE immunoglobulin-like domain
TFR_dimer	0.2624	0.0926	0.0288	0.1667	Transferrin receptor-like dimerisation domain
DUF2045	0.2624	0.0926	0.0288	0.1667	Uncharacterized conserved protein (DUF2045)
PAN_1	0.2624	0.0926	0.0288	0.1667	PAN domain
DUF8561	0.2624	0.0926	0.0288	0.1667	Domain of unknown function (DUF8561)
PUS7L_N	0.2624	0.0926	0.0288	0.1667	PUS7L N-terminal domain
Glyco_transf_92	0.2624	0.0926	0.0288	0.1667	Glycosyltransferase family 92
Barstar	0.2621	0.0507	0.0057	0.2500	Barstar (barnase inhibitor)
TCTN_DUF1619	0.2621	0.0785	0.0541	0.0833	Tectonic domain of DUF1619
C1_2	0.2620	0.0386	0.0108	0.2500	C1 domain
CREG_beta-barrel	0.2617	0.0991	0.0509	0.3333	CREG, beta-barrel
TRP	0.2616	0.0144	0.0167	0.1667	Transient receptor potential (TRP) ion channel
Nup88	0.2599	0.0545	0.0056	0.2500	Nuclear pore component
ACT_7	0.2598	0.0368	0.0106	0.1667	ACT domain
DUF2678	0.2596	0.0843	0.0260	0.4167	Protein of unknown function (DUF2678)
OCRE	0.2592	0.1313	0.0327	0.5833	OCRE domain
TPR_TmcB	0.2592	0.1313	0.0327	0.5833	TmcB, TPR repeats
zf-RING_11	0.2588	0.0408	0.0025	0.0833	RING-like zinc finger
C2orf69	0.2581	0.0374	0.0220	0.0833	C2orf69
CMC4	0.2581	0.0374	0.0220	0.0833	Cx9C motif-containing protein 4
Med24_N	0.2579	0.0880	0.0685	0.5833	Mediator complex subunit 24 N-terminal
C2_GDE1	0.2579	0.0880	0.0685	0.5833	GDE1-like C2 domain
Ubiquitin_3	0.2578	0.0879	0.0684	0.5833	Ubiquitin-like domain
RHD_RETREG1-3	0.2578	0.0879	0.0684	0.5833	RETREG1-3/ARL6IP-like, N-terminal reticulon-homology domain
RBD	0.2578	0.0879	0.0684	0.5833	Raf-like Ras-binding domain
DUF5918	0.2578	0.0879	0.0684	0.5833	Family of unknown function (DUF5918)
NUP160_helical	0.2578	0.0879	0.0680	0.5833	Nucleoporin NUP160, helical domain
HTH_CHD6-9	0.2577	0.0879	0.0684	0.5000	Chromodomain-helicase-DNA-binding protein 6-9, tri-helical
Neurochondrin	0.2576	0.0878	0.0684	0.5833	Neurochondrin
Tweety	0.2576	0.0878	0.0684	0.5833	Tweety
SAM_PNT	0.2576	0.0878	0.0684	0.5833	Sterile alpha motif (SAM)/Pointed domain
ARM_RUK	0.2576	0.0668	0.0222	0.0833	RUNKEL ARM-repeat domain
CEP70	0.2576	0.0668	0.0222	0.0833	CEP70
Tyrosinase	0.2575	0.0500	0.0127	0.2500	Common central domain of tyrosinase
BRAT1	0.2573	0.0852	0.0954	0.2500	Integrator complex assembly factor BRAT1
HEAT_SGR6	0.2573	0.0852	0.0954	0.2500	SGR6, HEAT repeats
Sec39	0.2573	0.0852	0.0954	0.2500	Secretory pathway protein Sec39
HLH	0.2573	0.0852	0.0954	0.2500	Helix-loop-helix DNA-binding domain
Copper-bind	0.2566	0.0519	0.0051	0.3333	Copper binding proteins, plastocyanin/azurin family
DUF4535	0.2560	0.0613	0.0141	0.2500	Domain of unknown function (DUF4535)
Complex1_49kDa	0.2555	0.0620	0.0046	0.2500	Respiratory-chain NADH dehydrogenase, 49 Kd subunit
Glucan_synthase	0.2554	0.0353	0.0125	0.0833	1,3-beta-glucan synthase component
MOV-10_beta-barrel	0.2554	0.0353	0.0125	0.0833	Helicase MOV-10, beta-barrel domain
CEP131_C	0.2549	0.0701	0.0744	0.0833	CEP131 C-terminal domain
IFT74	0.2549	0.0701	0.0744	0.0833	Intraflagellar transport protein 74
DUF3474	0.2533	0.0314	0.0317	0.2500	Domain of unknown function (DUF3474)
DUF5522	0.2530	0.0308	0.0201	0.0833	Family of unknown function (DUF5522)
GST_C_5	0.2530	0.0392	0.0201	0.0833	Glutathione S-transferase, C-terminal domain
XG_FTase	0.2529	0.0441	0.0021	0.0833	Xyloglucan fucosyltransferase
Arm_2	0.2526	0.0864	0.0675	0.5833	Armadillo-like
DUF5920	0.2526	0.0864	0.0675	0.5833	Domain of unknown function (DUF5920)
TMD0_ABC	0.2526	0.0864	0.0675	0.5833	ABC transporter TMD0 domain
APAF1_C	0.2526	0.0864	0.0675	0.5833	APAF-1 helical domain
LIN52	0.2526	0.0864	0.0675	0.5833	Retinal tissue protein
EML_helical	0.2525	0.0307	0.0202	0.0833	Embryogenesis-like protein helical domain
BRF1	0.2521	0.1496	0.0325	0.8333	Brf1-like TBP-binding domain
DUF5578	0.2519	0.0864	0.0314	0.0000	Family of unknown function (DUF5578)
Esterase_PHB	0.2513	0.0410	0.0000	0.0833	Esterase PHB depolymerase
FBA	0.2509	0.0362	0.0180	0.1667	F-box associated region
NOMO_5th	0.2500	0.0878	0.1582	0.4167	NOMO fifth transthyretin-like domain
Tex_N	0.2495	0.0367	0.0201	0.0833	Tex-like protein N-terminal domain
TMEM181_GOLD	0.2484	0.0359	0.0198	0.1667	TMEM181, GOLD domain
INTS1_R4	0.2483	0.0908	0.0822	0.5000	Integrator complex subunit 1, R4 domain
zf-C2H2_4	0.2483	0.0407	0.0014	0.0833	C2H2-type zinc finger
Fringe	0.2481	0.0415	0.0017	0.0833	Fringe-like
Pentapeptide_3	0.2480	0.0551	0.0046	0.2500	Pentapeptide repeats (9 copies)
Collar	0.2469	0.0619	0.0028	0.2500	Phage Tail Collar Domain
7tm_1	0.2469	0.0354	0.0530	0.2500	7 transmembrane receptor (rhodopsin family)
PIBF1	0.2463	0.0383	0.0120	0.0833	Progesterone-induced blocking factor 1
Ribosomal_S16	0.2460	0.0580	0.0662	0.0000	Ribosomal protein S16
Hexapep_2	0.2459	0.0608	0.0166	0.3333	Hexapeptide repeat of succinyl-transferase
Mitoc_mL59	0.2459	0.0830	0.0182	0.0833	Mitochondrial ribosomal protein mL59
TACC_C	0.2456	0.0309	0.0229	0.1667	Transforming acidic coiled-coil-containing protein (TACC), C-terminal
ANAPC4	0.2449	0.0841	0.0626	0.5833	Anaphase-promoting complex, cyclosome, subunit 4
DUF6851	0.2449	0.0841	0.0626	0.5833	Domain of unknown function (DUF6851)
SYNRG_C	0.2449	0.0841	0.0626	0.5833	Synergin gamma, C-terminal domain
Beta-prop_DCAF4	0.2449	0.0841	0.0626	0.5833	DDB1- and CUL4-associated factor 4 beta-propeller domain
YecM	0.2449	0.0841	0.0626	0.5833	YecM protein
LisH_2	0.2436	0.0156	0.0107	0.0833	LisH
PLA2G12	0.2418	0.0847	0.0199	0.0833	Group XII secretory phospholipase A2 precursor (PLA2G12)
YbjQ_1	0.2417	0.0161	0.0174	0.0833	Putative heavy-metal-binding
Methyltransf_24	0.2417	0.0161	0.0174	0.0833	Methyltransferase domain
Trefoil	0.2417	0.0161	0.0174	0.0833	Trefoil (P-type) domain
MRP_L53	0.2415	0.0513	0.0210	0.3333	39S ribosomal protein L53/MRP-L53
PNRC	0.2410	0.0957	0.0233	0.5000	Proline-rich nuclear receptor coactivator motif
Terpene_syn_C_2	0.2410	0.0957	0.0233	0.5000	Terpene synthase family 2, C-terminal metal binding
DUF4615	0.2405	0.0957	0.0259	0.5000	Domain of unknown function (DUF4615)
bZIP_Maf	0.2398	0.0505	0.0405	0.6667	bZIP Maf transcription factor
Collagen	0.2387	0.0540	0.0000	0.1667	Collagen triple helix repeat (20 copies)
Apolipoprotein	0.2385	0.0535	0.0309	0.0833	Apolipoprotein A1/A4/E domain
Arginosuc_synth	0.2385	0.0535	0.0000	0.0000	Arginosuccinate synthase N-terminal HUP domain
GP46_beta	0.2385	0.0535	0.0643	0.0000	Surface membrane glycoprotein GP46/M-2, beta-sheet domain
Herpes_Helicase	0.2385	0.0535	0.0000	0.0833	Helicase
Mst1_SARAH	0.2377	0.0174	0.0184	0.1667	C terminal SARAH domain of Mst1
Iwr1	0.2366	0.0516	0.0014	0.0833	Transcription factor Iwr1
Abhydrolase_11	0.2358	0.0404	0.0027	0.1667	Alpha/beta hydrolase domain
RBP_receptor	0.2355	0.0257	0.0091	0.0833	Retinol binding protein receptor
Complex1_30kDa	0.2355	0.0438	0.0237	0.2500	Respiratory-chain NADH dehydrogenase, 30 Kd subunit
DUF1996	0.2354	0.0229	0.0224	0.1667	Domain of unknown function (DUF1996)
zf-TRAF_2	0.2354	0.0229	0.0224	0.1667	TRAF-like zinc-finger
Glyco_hydr_30_2	0.2354	0.0229	0.0224	0.1667	O-Glycosyl hydrolase family 30
CBM96	0.2354	0.0229	0.0224	0.1667	Carbohydrate-binding module family 96
PRCC	0.2353	0.0168	0.0031	0.2500	Mitotic checkpoint regulator, MAD2B-interacting
CCDC61_N	0.2351	0.0587	0.0118	0.0833	CCDC61 N-terminal domain
Y80K_N	0.2350	0.0408	0.0027	0.2500	Uncharacterised 80 kDa protein N-terminal domain
Big_5	0.2346	0.0445	0.0081	0.1667	Bacterial Ig-like domain
ADPRTs_Tse2	0.2339	0.0021	0.0196	0.0000	Tse2 ADP-ribosyltransferase toxin
YgaP-like_TM	0.2336	0.0463	0.0217	0.0833	Inner membrane protein YgaP-like, transmembrane domain
DRY_EERY	0.2318	0.0877	0.0417	0.2500	Alternative splicing regulator
SPOC	0.2318	0.0877	0.0417	0.2500	SPOC domain
zf-C5HC2	0.2318	0.0877	0.0417	0.2500	C5HC2 zinc finger
Succ_CoA_lig	0.2316	0.0598	0.0678	0.0833	Succinyl-CoA ligase like flavodoxin domain
Slowpoke_C	0.2316	0.0480	0.0140	0.1667	Ca2+-activated K+ channel Slowpoke, TrkA_C like domain
zf-His_Me_endon	0.2307	0.0194	0.0234	0.1667	Zinc-binding loop region of homing endonuclease
RibD_C	0.2304	0.0039	0.0082	0.1667	RibD C-terminal domain
SMN_Tudor	0.2304	0.0182	0.0243	0.2500	Survival motor neuron protein (SMN), Tudor domain
DCAF1_helical	0.2303	0.0201	0.0038	0.0833	DCAF1 helical domain
DUF7803	0.2296	0.0607	0.0039	0.0000	Domain of unknown function (DUF7803)
COX1	0.2296	0.0315	0.0040	0.2500	Cytochrome C and Quinol oxidase polypeptide I
MCD_N	0.2286	0.0521	0.0489	0.0000	Malonyl-CoA decarboxylase N-terminal domain
CDKN3	0.2277	0.0305	0.0041	0.2500	Cyclin-dependent kinase inhibitor 3 (CDKN3)
IPT	0.2270	0.0302	0.0207	0.2500	Isopentenyl transferase
CCDC146_CC_N	0.2268	0.0344	0.0229	0.0833	CCDC146 N-terminal coiled-coil region
PAS_4	0.2261	0.0890	0.1210	0.1667	PAS fold
NUP42_C	0.2261	0.0890	0.1210	0.1667	NUP42 C-terminal domain
AAA-ATPase_like	0.2261	0.0890	0.1210	0.1667	Predicted AAA-ATPase
Bac_rhamnosid6H	0.2257	0.0168	0.0154	0.0833	Bacterial alpha-L-rhamnosidase 6 hairpin glycosidase domain
MDM10	0.2255	0.0556	0.0372	0.2500	Mitochondrial distribution and morphology protein 10
ASCH_2	0.2255	0.0556	0.0372	0.2500	ASCH domain
PepX_C	0.2252	0.0647	0.0329	0.0000	X-Pro dipeptidyl-peptidase C-terminal non-catalytic domain
ELMO_ARM	0.2241	0.0808	0.0569	0.5833	ELMO, armadillo-like helical domain
Ribosomal_L32p	0.2241	0.0808	0.0569	0.5833	Ribosomal L32p protein family
ASH2L-like_WH	0.2241	0.0807	0.0567	0.5833	Set1/Ash2 histone methyltransferase complex subunit ASH2-like, WH
tRNA_synt_1c_R2	0.2241	0.0807	0.0567	0.5833	Glutaminyl-tRNA synthetase, non-specific RNA binding region part 2
AP3B1_C	0.2241	0.0807	0.0567	0.5833	Clathrin-adaptor complex-3 beta-1 subunit C-terminal
MDH1B_N	0.2241	0.0807	0.0567	0.5833	Putative malate dehydrogenase 1B N-terminal domain
TMP-TENI	0.2241	0.0894	0.0202	0.0833	Thiamine monophosphate synthase
DUF5765	0.2241	0.0894	0.0202	0.0833	Family of unknown function (DUF5765)
KshA_C	0.2241	0.0894	0.0202	0.0833	3-Ketosteroid 9alpha-hydroxylase C-terminal domain
SMN_G2-BD	0.2240	0.0808	0.0569	0.5000	Survival Motor Neuron, Gemin2-binding domain
CybS	0.2240	0.0807	0.0569	0.5833	CybS, succinate dehydrogenase cytochrome B small subunit
Ig_TMEM131L_4	0.2238	0.0316	0.0135	0.1667	TMEM131L fourth Ig-like domain
Ecotin	0.2238	0.0730	0.0166	0.1667	Ecotin
zf-C2H2_6	0.2231	0.0181	0.0151	0.0833	C2H2-type zinc finger
Gly-zipper_C13G5-2	0.2229	0.0140	0.0022	0.0833	C13G5.2-like, glycine zipper domain
Pr_beta_C	0.2228	0.0620	0.0140	0.2500	Proteasome beta subunits C terminal
zf-C2H2_AHC1	0.2209	0.0312	0.0266	0.3333	AHC1 C2H2 zinc-finger domain
Fer4_17	0.2198	0.0733	0.0212	0.1667	4Fe-4S dicluster domain
Fructosamin_kin	0.2195	0.0198	0.0133	0.0833	Fructosamine kinase
MHYT	0.2193	0.0384	0.0174	0.1667	Bacterial signalling protein N terminal repeat
4HBT_3	0.2189	0.0184	0.0018	0.0833	Acyl-CoA thioesterase N-terminal domain
TPR_VPS8_2	0.2189	0.0791	0.0563	0.5833	VPS8-like, TPR-like repeats
TPR_LAA1_C	0.2189	0.0791	0.0563	0.5833	LAA1-like, C-terminal TPR repeats
VASP_tetra	0.2189	0.0791	0.0563	0.5833	VASP tetramerisation domain
PHAX_RNA-bd	0.2188	0.0383	0.0244	0.2500	Phosphorylated adapter RNA export protein, RNA-binding domain
BPL_C	0.2180	0.0314	0.0017	0.2500	Biotin protein ligase C terminal domain
MS_channel_1st	0.2179	0.0256	0.0000	0.0000	Mechanosensitive ion channel, transmembrane helices 2/3
Alb1	0.2179	0.0256	0.0096	0.0000	Alb1
MR_MLE_N	0.2177	0.0097	0.0272	0.1667	Mandelate racemase / muconate lactonizing enzyme, N-terminal domain
Spc7	0.2162	0.0804	0.1173	0.4167	Spc7 kinetochore protein
HHH_3	0.2161	0.0390	0.0161	0.0833	Helix-hairpin-helix motif
DUF1206	0.2134	0.0161	0.0459	0.2500	Domain of Unknown Function (DUF1206)
GLTSCR1	0.2131	0.0779	0.1713	0.2500	Conserved region of unknown function on GLTSCR protein
Rad60-SLD_2	0.2129	0.0336	0.0026	0.0833	Ubiquitin-2 like Rad60 SUMO-like
TTC5_OB	0.2128	0.0279	0.0262	0.1667	Tetratricopeptide repeat protein 5 OB fold domain
INTS7_HB	0.2125	0.0577	0.0490	0.6667	Integrator complex subunit 7 helical bundle
SecA_DEAD	0.2124	0.0618	0.0247	0.4167	SecA DEAD-like domain
P-loop_SecA	0.2124	0.0618	0.0247	0.4167	SecA P-loop domain
zf-HC5HC2H	0.2122	0.0681	0.0685	0.3333	PHD-like zinc-binding domain
TAF1_subA	0.2121	0.0444	0.0512	0.2500	TAF RNA Polymerase I subunit A
DDB_G0273701_N	0.2117	0.0626	0.0382	0.3333	DDB_G0273701 N-terminal domain
CAP59_mtransfer	0.2113	0.0370	0.0176	0.0833	Cryptococcal mannosyltransferase 1
PSF3_N	0.2111	0.0765	0.0518	0.5833	PSF3 N-terminal domain
PHD_5	0.2111	0.0765	0.0518	0.5833	PhD finger domain
Zn_ribbon_15	0.2111	0.0765	0.0518	0.5833	zinc-ribbon family
RNF157-like_N	0.2111	0.0765	0.0518	0.5833	RNF157-like N-terminal domain
AAA_31	0.2107	0.0400	0.0275	0.3333	AAA domain
DUF6010	0.2095	0.0417	0.0147	0.3333	Family of unknown function (DUF6010)
DUF72	0.2093	0.0324	0.0180	0.0833	Protein of unknown function DUF72
DUF8614	0.2078	0.0585	0.0179	0.1667	Domain of unknown function (DUF8614)
Ge1_WD40	0.2077	0.0916	0.1564	0.2500	WD40 region of Ge1, enhancer of mRNA-decapping protein
FAM228	0.2073	0.0590	0.0293	0.0000	FAM228
Glyco_transf_25	0.2064	0.0844	0.0289	0.0833	Glycosyltransferase family 25 (LPS biosynthesis protein)
Spore_III_AA	0.2064	0.0844	0.0289	0.0833	Sporulation stage III, protein AA
2-thiour_desulf	0.2060	0.0339	0.0273	0.0000	2-thiouracil desulfurase
Thy1	0.2058	0.0909	0.0193	0.5833	Thymidylate synthase complementing protein
Methyltrn_RNA_3	0.2058	0.0909	0.0193	0.5833	Putative RNA methyltransferase
Zn_ribbon_10	0.2058	0.0909	0.0193	0.5833	ER junction formation factor lunapark, zinc ribbon finger
PHP	0.2052	0.0296	0.0233	0.3333	PHP domain
HELP	0.2048	0.0168	0.0101	0.1667	HELP motif
NOV_C	0.2048	0.0662	0.0676	0.2500	Protein NO VEIN, C-terminal
IDM1_C	0.2046	0.0810	0.0279	0.0000	Increased DNA methylation 1, C-terminal domain
KMS1_N	0.2039	0.0783	0.0452	0.7500	KMS1 N-terminal domain
MafB19-deam	0.2032	0.0415	0.0275	0.3333	MafB19-like deaminase
CCDC24	0.2024	0.0739	0.0494	0.0833	Coiled-coil domain-containing protein 24 family
CFA69_ARM_rpt	0.2024	0.0739	0.0494	0.0833	Cilia- and flagella-associated protein 69, ARM repeat
CCDC146_C	0.2024	0.0739	0.0494	0.0833	CCDC146 C-terminal coiled-coil domain
Zn_ribbon_IFT122_C	0.2016	0.0142	0.0155	0.0833	IFT122, C-terminal zinc ribbon domain
Glyco_transf_90	0.2016	0.0142	0.0155	0.0833	Glycosyl transferase family 90
Glyco_hydro_72	0.2016	0.0142	0.0155	0.0833	Glucanosyltransferase
Wound_ind	0.2016	0.0142	0.0155	0.0833	Wound-inducible basic protein family
YccV-like	0.2016	0.0142	0.0155	0.0833	Hemimethylated DNA-binding protein YccV like
WAP	0.2015	0.0422	0.0250	0.3333	WAP-type (Whey Acidic Protein) 'four-disulfide core'
Cep192_D8	0.2015	0.0422	0.0250	0.3333	Cep192 domain 8
DUF7107	0.2015	0.0422	0.0250	0.3333	Domain of unknown function (DUF7107)
JHY	0.2004	0.0606	0.0277	0.0000	Jhy protein
PH_36	0.2004	0.0606	0.0277	0.0000	PH domain-like
MinC_N	0.2001	0.0392	0.0247	0.2500	Septum formation inhibitor MinC, N-terminal domain
Thioesterase	0.1989	0.0341	0.0182	0.0833	Thioesterase domain
RXYLT1_C	0.1989	0.0341	0.0182	0.0833	RXYLT1 C-terminal domain
SBP56	0.1989	0.0341	0.0182	0.0833	56kDa selenium binding protein (SBP56)
Fz	0.1989	0.0341	0.0182	0.0833	Fz domain
Znf_XAF1_N	0.1989	0.0341	0.0182	0.0833	XIAP-associated factor 1-like, N-terminal zinc finger
HEAT_GCN1_C	0.1976	0.0619	0.0266	0.3333	GCN1-like, C-terminal HEAT repeats
DUF2415	0.1973	0.0095	0.0149	0.0833	Uncharacterised protein domain (DUF2415)
DDB_G0287209_C	0.1972	0.0617	0.0257	0.4167	DDB_G0287209 C-terminal domain
Carm_PH	0.1972	0.0617	0.0257	0.4167	Carmil pleckstrin homology domain
DDB_G0287209_beta-sheet	0.1972	0.0617	0.0257	0.4167	DDB_G0287209 beta sheet domain
Fer4_NDSU1	0.1971	0.0317	0.0066	0.2500	NADH-ubiquinone oxidoreductase NDSU1/NuoG-like, 4Fe-4S domain
Trp_halogenase	0.1971	0.0615	0.0259	0.3333	Tryptophan halogenase
TMEM170A_B	0.1969	0.0742	0.0434	0.6667	Transmembrane protein 170A/B-like
Dynactin_p22	0.1969	0.0742	0.0434	0.6667	Dynactin subunit p22
Semialdhyde_dhC	0.1965	0.0692	0.0771	0.2500	Semialdehyde dehydrogenase, dimerisation domain
ACT_9	0.1965	0.0692	0.0771	0.2500	ACT domain
Tcp10_C	0.1957	0.0395	0.0235	0.0000	T-complex protein 10 C-terminus
LRR_MHP1-HER1-GIP3	0.1956	0.0655	0.0173	0.1667	MHP1/HER1/GIP3 LRR domain
Septin	0.1953	0.0853	0.0151	0.3333	Septin
HPS3_N	0.1952	0.0241	0.0145	0.2500	Hermansky-Pudlak syndrome 3 protein, N-terminal
NCAPD3_N	0.1952	0.0241	0.0145	0.2500	Condensin-2 complex subunit D3-like, N-terminal domain
SBF_like	0.1950	0.0134	0.0139	0.0833	SBF-like CPA transporter family (DUF4137)
CotH	0.1950	0.0134	0.0139	0.0833	CotH kinase protein
Maelstrom	0.1948	0.1382	0.0542	0.3333	piRNA pathway germ-plasm component
Apyrase	0.1941	0.0653	0.0359	0.3333	Apyrase
Membralin	0.1931	0.0344	0.0171	0.2500	Tumour-associated protein
C2_C2CD3_N	0.1929	0.0653	0.0297	0.0000	N-terminal C2 domain of C2CD3 protein
LacAB_rpiB	0.1922	0.1253	0.0928	0.2500	Ribose/Galactose Isomerase
RA	0.1921	0.0411	0.0237	0.3333	Ras association (RalGDS/AF-6) domain
DUF8244	0.1911	0.0398	0.0237	0.3333	Family of unknown function (DUF8244)
DIA2_	0.1911	0.0398	0.0237	0.3333	Differentiation-associated protein 2
PDR_assoc	0.1911	0.0398	0.0237	0.3333	Plant PDR ABC transporter associated
PH-GRAM_MTMR6-like	0.1911	0.0398	0.0237	0.3333	MTMR6-9, GRAM domain
WHD_ORC1	0.1904	0.0614	0.0257	0.4167	Origin recognition complex subunit 1 C-terminal winged HTH domain
PH_29	0.1902	0.0614	0.0297	0.0000	PH-like domain
Complex1_LYR_1	0.1896	0.0403	0.0273	0.0000	Complex1_LYR-like
Uma2	0.1895	0.0382	0.0237	0.2500	Putative restriction endonuclease
Elong-fact-P_C	0.1894	0.0846	0.0144	0.0833	Elongation factor P, C-terminal
SPMIP1	0.1889	0.0345	0.0263	0.0000	Sperm microtubule inner protein 1
ASC	0.1867	0.0093	0.0113	0.0833	Amiloride-sensitive sodium channel
WDR54	0.1867	0.0637	0.0244	0.0000	WDR54
UPF0515	0.1854	0.0320	0.0020	0.0833	Uncharacterised protein UPF0515
ART	0.1854	0.0378	0.0179	0.0000	NAD:arginine ADP-ribosyltransferase
Mlf1IP	0.1854	0.0378	0.0179	0.0000	Myelodysplasia-myeloid leukemia factor 1-interacting protein
BRE	0.1850	0.0113	0.0111	0.0833	Brain and reproductive organ-expressed protein (BRE)
Ig_Dlec1_1	0.1850	0.0113	0.0111	0.0833	Deleted in lung and esophageal cancer protein 1 Ig domain
LRR_EndoS	0.1849	0.0306	0.0211	0.1667	Endo-beta-N-acetylglucosaminidase EndoS LRR domain
DUF7898	0.1848	0.0813	0.0155	0.1667	Domain of unknown function (DUF7898)
B56	0.1848	0.0491	0.0383	0.6667	Protein phosphatase 2A regulatory B subunit (B56 family)
MoaE	0.1848	0.0491	0.0383	0.6667	MoaE protein
CfaA_B_C	0.1848	0.0491	0.0383	0.6667	Counting factor-associated protein A/B/C
WSC	0.1848	0.0491	0.0383	0.6667	WSC domain
FAM177	0.1848	0.0491	0.0383	0.6667	FAM177 family
Peptidase_C11	0.1847	0.0340	0.0274	0.0000	Clostripain family
SPBC1E8_03c_C	0.1842	0.0215	0.0026	0.0833	SPBC1E8.03c C-terminal domain
RHG20_PH	0.1841	0.0279	0.0059	0.2500	Rho GTPase-activating protein 20, PH domain
Tom7	0.1841	0.0279	0.0059	0.2500	TOM7 family
TIM21	0.1841	0.0279	0.0059	0.2500	TIM21
Anamorsin_N	0.1841	0.0279	0.0059	0.2500	Anamorsin, N-terminal
UBL_USP40	0.1841	0.0279	0.0059	0.2500	USP40 ubiquitin-like domain
Beta-prop_RIG_1st	0.1831	0.0416	0.0213	0.3333	RIG first beta-propeller
ORC5_lid	0.1831	0.0416	0.0213	0.3333	ORC5, lid domain
HNH_2	0.1821	0.0109	0.0197	0.2500	HNH endonuclease
Methyltransf_1N	0.1812	0.0601	0.0254	0.3333	6-O-methylguanine DNA methyltransferase, ribonuclease-like domain
CoA_binding_2	0.1809	0.0300	0.0021	0.1667	CoA binding domain
CCDC77	0.1802	0.0334	0.0420	0.0000	Coiled-coil domain-containing protein 77
CFAP161	0.1802	0.0334	0.0420	0.0000	Cilia- and flagella-associated protein 161-like domain
CEP131_CC	0.1799	0.0240	0.0095	0.0833	CEP131 coiled-coil domain
Sina_ZnF	0.1798	0.0367	0.0214	0.2500	Sina, zinc finger
PT	0.1797	0.0882	0.0249	0.3333	PT disordered repeat
TPR_14	0.1795	0.0256	0.0000	0.0833	Tetratricopeptide repeat
Ribosomal_L41	0.1795	0.0256	0.0000	0.0000	Ribosomal protein L41
DUF7630	0.1795	0.0256	0.0000	0.0833	Domain of unknown function (DUF7630)
RVT_3	0.1795	0.0256	0.0000	0.0000	Reverse transcriptase-like
CX9C	0.1795	0.0256	0.0000	0.0000	CHCH-CHCH-like Cx9C, IMS import disulfide relay-system,
gag-asp_proteas	0.1794	0.0511	0.0074	0.2500	gag-polyprotein putative aspartyl protease
Sina_RING	0.1792	0.0371	0.0070	0.2500	E3 ubiquitin-protein ligase sina/sinah, RING finger
NpwBP	0.1791	0.0198	0.0077	0.2500	mRNA biogenesis factor
AP5B1_middle	0.1789	0.0521	0.0403	0.6667	AP5B1, middle domain
AtuA	0.1789	0.0521	0.0403	0.6667	Acyclic terpene utilisation family protein AtuA
AtuA_ferredoxin	0.1789	0.0521	0.0403	0.6667	AtuA ferredoxin-like domain
PHA02142	0.1789	0.0521	0.0403	0.6667	PHA02142 OB-fold domain
CG45076_Coiled-coil	0.1788	0.0491	0.0071	0.2500	CG45076 Coiled-coil
Dicty_CAD	0.1787	0.0497	0.0062	0.2500	Cell-cell adhesion domain
UPF0193	0.1774	0.0593	0.0201	0.0000	Uncharacterised protein family (UPF0193)
Ddi2_HDD	0.1772	0.0472	0.0067	0.2500	Ddi2 HDD domain
RNF34L-like_3rd	0.1764	0.0239	0.0014	0.0833	E3 ubiquitin-protein ligase rififylin-like domain
RME-8_2nd	0.1764	0.0730	0.0849	0.0833	DNAJ protein RME-8 2nd domain
DUF4455	0.1764	0.0240	0.0013	0.0833	Domain of unknown function (DUF4455)
PBP2_Ca3427_like	0.1757	0.0178	0.0211	0.1667	Ca3427-like PBP
Coilin_N	0.1752	0.0469	0.0077	0.2500	Coilin N-terminus
HTH_28	0.1752	0.0469	0.0077	0.2500	Helix-turn-helix domain
PA_decarbox	0.1749	0.0108	0.0132	0.0833	Phenolic acid decarboxylase (PAD)
Glyco_hydro_42	0.1749	0.0468	0.0049	0.1667	Beta-galactosidase
FAM184	0.1734	0.0291	0.0030	0.0000	Family with sequence similarity 184, A and B
DUF8803	0.1733	0.0467	0.0055	0.2500	Domain of unknown function (DUF8803)
Ig_NUP210_16th	0.1730	0.0461	0.0045	0.1667	NUP210-like, Ig-like domain 16
zf-C3HC4_4	0.1716	0.0530	0.0250	0.0000	zinc finger of C3HC4-type, RING
AFF4_CHD	0.1715	0.0403	0.0074	0.2500	AFF4, C-terminal homology domain
AAA_35	0.1711	0.0464	0.0039	0.1667	AAA-like domain
SecA_PP_bind	0.1700	0.0462	0.0040	0.2500	SecA preprotein cross-linking domain
Vir1p	0.1691	0.0445	0.0198	0.2500	Virilizer, yeast
WHD_NWD1	0.1691	0.0445	0.0198	0.2500	NWD1-like, winged helix-turn-helix domain
RRM_10	0.1689	0.0386	0.0483	0.6667	RRM domain
PARP6_N	0.1687	0.0442	0.0032	0.0833	PARP6/PARP8 N-terminal domain
MIP-T3_C	0.1687	0.0713	0.0219	0.0833	Microtubule-binding protein MIP-T3 C-terminal region
MIP-T3	0.1687	0.0713	0.0219	0.0833	Microtubule-binding protein MIP-T3 CH-like domain
Ig_CFAP65_7th	0.1687	0.0713	0.0219	0.0833	CFAP65, seventh Ig-like domain
CEP19	0.1687	0.0713	0.0219	0.0833	CEP19-like protein
ARL2_Bind_BART	0.1687	0.0713	0.0219	0.0833	The ARF-like 2 binding protein BART
Ig_CFAP65_8th	0.1687	0.0713	0.0219	0.0833	CFAP65, eight Ig-like domain
Hmw_CFAP97	0.1687	0.0713	0.0219	0.0833	Hemingway/CFA97
Acetyltransf_16	0.1687	0.0713	0.0219	0.0833	GNAT acetyltransferase, Mec-17
Ig_CFAP65_4th	0.1687	0.0713	0.0219	0.0833	CFAP65, fourth Ig-like domain
Transmemb_17	0.1687	0.0713	0.0219	0.0833	Predicted membrane protein
Ig_CFAP65	0.1687	0.0713	0.0219	0.0833	Cilia- and flagella-associated protein 65-like, Ig-like domain
CH_2	0.1687	0.0713	0.0219	0.0833	CH-like domain in sperm protein
CLAMP	0.1687	0.0713	0.0219	0.0833	Flagellar C1a complex subunit C1a-32
FOP_dimer	0.1687	0.0713	0.0219	0.0833	FOP N terminal dimerisation domain
Beta-prop_IFT140_2nd	0.1687	0.0713	0.0219	0.0833	IFT140 second beta-propeller
YbeY	0.1687	0.0713	0.0219	0.0833	Endoribonuclease YbeY
DUF1619_N	0.1687	0.0713	0.0219	0.0833	N-terminal domain of DUF1619
SHIPPO-rpt	0.1687	0.0713	0.0219	0.0833	Sperm-tail PG-rich repeat
IG_AIR9	0.1687	0.0713	0.0219	0.0833	AIR9 A9 domain
Ig_CFAP65__9th	0.1687	0.0713	0.0219	0.0833	Cilia- and flagella-associated protein 65-like, Ig-like domain
IFT81_CH	0.1687	0.0713	0.0219	0.0833	Intraflagellar transport 81 calponin homology domain
CFAP300	0.1687	0.0713	0.0219	0.0833	Cilia- and flagella-associated protein 300
CFAP91	0.1684	0.0712	0.0218	0.0833	Cilia- and flagella-associated protein 91
DYNC2H1_AAA_dom	0.1684	0.0712	0.0218	0.0833	Cytoplasmic dynein 2 heavy chain 1, AAA+ ATPase domain
CFAP61_N	0.1684	0.0712	0.0218	0.0833	Cilia- and flagella-associated protein 61, N-terminal domain
Beta-prop_BBS7	0.1684	0.0712	0.0218	0.0833	BBS7 beta-propeller
DUF3689	0.1678	0.0756	0.0602	0.4167	Protein of unknown function (DUF3689)
TFIP11_C	0.1674	0.0447	0.0017	0.0833	TFIP11 C-terminal domain
DUF1045	0.1664	0.0377	0.0053	0.1667	Protein of unknown function (DUF1045)
BPSS1860	0.1663	0.0505	0.0229	0.2500	Surface attachment protein BPSS1860
CurL-like_PKS_C	0.1663	0.0505	0.0229	0.2500	CurL-like, PKS C-terminal
MIX23	0.1661	0.0246	0.0047	0.2500	Intermembrane space protein MIX23
Perilipin	0.1661	0.0246	0.0047	0.2500	Perilipin family
Asp_protease_2	0.1661	0.0246	0.0047	0.2500	Aspartyl protease
Cytochrome_B	0.1661	0.0246	0.0047	0.2500	Cytochrome b/b6/petB
zf-CCCH_PAN3	0.1661	0.0246	0.0047	0.2500	PAN3 CCCH zinc finger domain
Cytochrom_B_C	0.1661	0.0246	0.0047	0.2500	Cytochrome b(C-terminal)/b6/petD
RIIa	0.1660	0.0545	0.0189	0.0000	Regulatory subunit of type II PKA R-subunit
CSTF1_dimer	0.1659	0.0431	0.0048	0.1667	Cleavage stimulation factor subunit 1, dimerisation domain
CEP162_C	0.1657	0.0690	0.0311	0.0000	CEP162 C-terminal coiled-coil domain
hEGF	0.1651	0.0456	0.0000	0.0833	Human growth factor-like EGF
YTH	0.1647	0.0427	0.0026	0.0833	YT521-B-like domain
WHD_GTF3C1_N	0.1644	0.0421	0.0034	0.1667	General transcription factor 3C polypeptide 1, winged-helix domain
C-C_Bond_Lyase	0.1643	0.0443	0.0000	0.0000	C-C_Bond_Lyase of the TIM-Barrel fold
Dimer_MINDY4_N	0.1642	0.0590	0.0274	0.0000	MINDY4, N-terminal dimerisation domain
BtpA	0.1633	0.0505	0.0263	0.1667	BtpA family
Glyco_hydro_65C	0.1629	0.0546	0.0195	0.2500	Glycosyl hydrolase family 65, C-terminal domain
DUF4505	0.1628	0.0166	0.0029	0.0833	Domain of unknown function (DUF4505)
PAP-OAS1	0.1624	0.0440	0.0410	0.0000	PAP/OAS1 substrate-binding domain
DNA_ligase_OB_2	0.1623	0.0737	0.0279	0.1667	DNA ligase OB-like domain
Carn_acyltransf	0.1623	0.0737	0.0279	0.1667	Choline/Carnitine o-acyltransferase
LicD	0.1623	0.0737	0.0279	0.1667	LicD/FKTN/FKRP, nucleotidyltransferase domain
Glyco_hydro_65N	0.1623	0.0737	0.0279	0.1667	Glycosyl hydrolase family 65, N-terminal domain
PYC_OADA	0.1622	0.0571	0.0323	0.3333	Conserved carboxylase domain
Il2rg	0.1621	0.0045	0.0011	0.0833	Putative Interleukin 2 receptor, gamma chain
BBS2_CtH	0.1620	0.0441	0.0407	0.0000	BBS2 C-terminal helix bundle
T2SSF	0.1618	0.0568	0.0138	0.0000	Type II secretion system (T2SS), protein F
RIF5_SNase_2	0.1612	0.0463	0.0324	0.0000	TbRIF5 SNase domain 2
La_HTH_kDCL	0.1612	0.0462	0.0082	0.0000	La HTH in kinetoplastid DICER domain
KptA_kDCL	0.1612	0.0462	0.0082	0.0000	KptA in kinetoplastid DICER domain
WS_DGAT_C	0.1595	0.0542	0.0300	0.3333	WS/DGAT C-terminal domain
WS_DGAT_cat	0.1595	0.0542	0.0300	0.3333	Wax ester synthase/diacylglycerol acyltransferase catalytic domain
SHNi-TPR	0.1593	0.0406	0.0157	0.0833	SHNi-TPR
Val_tRNA-synt_C	0.1591	0.0303	0.0386	0.0833	Valyl tRNA synthetase tRNA binding arm
CFAP70_C2	0.1590	0.0662	0.0130	0.0833	Cilia and flagella-associated protein 70 C2 domain
Pkinase_fungal	0.1590	0.0128	0.0115	0.1667	Fungal protein kinase
zf-CCCH_DUS3L	0.1587	0.0592	0.0777	0.6667	DUS3L CCCH zinc finger domain
DUF2465	0.1587	0.0592	0.0777	0.6667	Protein of unknown function (DUF2465)
SdrD_B	0.1587	0.0592	0.0777	0.6667	SdrD B-like domain
IMD	0.1587	0.0592	0.0777	0.6667	IRSp53/MIM homology domain
DUF885	0.1587	0.0592	0.0777	0.6667	Bacterial protein of unknown function (DUF885)
DcsG_N	0.1587	0.0592	0.0777	0.6667	D-cycloserine synthetase DcsG, N-terminal domain
Glyco_trans_2_3	0.1587	0.0592	0.0777	0.6667	Glycosyl transferase family group 2
RLL	0.1587	0.0592	0.0777	0.6667	RNA transcription, translation and transport factor protein
ENTR1	0.1587	0.0592	0.0777	0.6667	ENTR1
Spt6_S1	0.1587	0.0592	0.0777	0.6667	Spt6, S1/OB domain
EF_assoc_1	0.1587	0.0592	0.0777	0.6667	EF hand associated
GDH2_N	0.1587	0.0592	0.0777	0.6667	NAD-dependent glutamate dehydrogenase, N-terminal domain
GCIP_N	0.1587	0.0592	0.0777	0.6667	Grap2 and cyclin-D-interacting, N-terminal
FslL_N	0.1587	0.0592	0.0777	0.6667	FslL N-terminal domain
GCIP_C	0.1587	0.0592	0.0777	0.6667	Grap2 and cyclin-D-interacting, C-terminal
Methyltransf_7	0.1587	0.0592	0.0777	0.6667	SAM dependent carboxyl methyltransferase
Endosulfine	0.1587	0.0592	0.0777	0.6667	cAMP-regulated phosphoprotein/endosulfine conserved region
LARP1_HEAT	0.1587	0.0592	0.0777	0.6667	LARP1 HEAT repeat region
Sulfotransfer_1	0.1587	0.0592	0.0777	0.6667	Sulfotransferase domain
VATC	0.1587	0.0592	0.0777	0.6667	Vms1-associating treble clef domain
Peroxin-13_N	0.1587	0.0592	0.0777	0.6667	Peroxin 13, N-terminal region
Ac45-VOA1_TM	0.1587	0.0592	0.0777	0.6667	V0 complex accessory subunit Ac45/VOA1 transmembrane domain
HECT_2	0.1587	0.0592	0.0777	0.6667	HECT-like Ubiquitin-conjugating enzyme (E2)-binding
Usp38-like_N	0.1587	0.0592	0.0777	0.6667	Ubiquitin carboxyl-terminal hydrolase 38-like, N-terminal domain
Glycogen_syn	0.1587	0.0592	0.0777	0.6667	Glycogen synthase
Peptidase_M15	0.1587	0.0592	0.0777	0.6667	D-ala-D-ala dipeptidase
SLAC1	0.1587	0.0592	0.0777	0.6667	Voltage-dependent anion channel
Zw10_middle	0.1587	0.0592	0.0777	0.6667	Centromere/kinetochore protein zw10, middle domain
Golvesin_C	0.1587	0.0592	0.0777	0.6667	Golvesin C-terminal domain
KRIT1_FRMD8_FERM_C	0.1587	0.0592	0.0777	0.6667	KRIT1/FRMD8, FERM domain C-lobe
CMS1	0.1587	0.0592	0.0777	0.6667	U3-containing 90S pre-ribosomal complex subunit
TPR_AP5Z1	0.1587	0.0592	0.0777	0.6667	AP-5 complex subunit zeta-1, TPR repeats
FAM32A	0.1587	0.0592	0.0777	0.6667	FAM32A
CDC24_OB1	0.1587	0.0592	0.0777	0.6667	Cell division control protein 24, OB domain 1
MIT_C	0.1587	0.0592	0.0777	0.6667	Phospholipase D-like domain at C-terminus of MIT
Mit_KHE1	0.1587	0.0592	0.0777	0.6667	Mitochondrial K+-H+ exchange-related
PGP_phosphatase	0.1587	0.0592	0.0777	0.6667	Mitochondrial PGP phosphatase
Importin_rep_3	0.1587	0.0592	0.0777	0.6667	Importin 13 repeat
DDB_G0268712_C	0.1587	0.0592	0.0777	0.6667	DDB_G0268712 C-terminal domain
Ig_TRAPPC11_1st	0.1587	0.0592	0.0777	0.6667	TRAPPC11 first Ig-like domain
DPM3	0.1587	0.0592	0.0777	0.6667	Dolichol-phosphate mannosyltransferase subunit 3 (DPM3)
SIR2_2	0.1587	0.0592	0.0777	0.6667	SIR2-like domain
AIF-1	0.1587	0.0592	0.0777	0.6667	Allograft inflammatory factor 1
SSL_N	0.1587	0.0592	0.0777	0.6667	Strictosidine synthase-like, N-terminal
TRI4_N	0.1587	0.0592	0.0777	0.6667	TRI4 N-terminal domain
TRIC	0.1585	0.0358	0.0144	0.0833	TRIC channel
TMEM237	0.1585	0.0358	0.0144	0.0833	Transmembrane protein 237
tSH3-B_UBE2O	0.1585	0.0358	0.0144	0.0833	UBE2O, tandem tSH3-B domain
ATC_hydrolase	0.1585	0.0358	0.0144	0.0833	L-2-amino-thiazoline-4-carboxylic acid hydrolase
RTTN_N	0.1585	0.0358	0.0144	0.0833	Rotatin, an armadillo repeat protein, centriole functioning
GT_PLOD	0.1585	0.0358	0.0144	0.0833	PLOD GT domain
Lebercilin	0.1585	0.0358	0.0144	0.0833	Ciliary protein causing Leber congenital amaurosis disease
DHOase	0.1582	0.0770	0.1951	0.7500	Dihydro-orotase-like
Menorin_N	0.1576	0.0176	0.0028	0.0833	Menorin N-terminal domain
COX3	0.1575	0.0335	0.0030	0.1667	Cytochrome c oxidase subunit III
NADHdh	0.1575	0.0335	0.0027	0.1667	NADH dehydrogenase
EVI5	0.1575	0.0335	0.0027	0.1667	EVI5-like domain
VID27_N	0.1553	0.0769	0.0269	0.4167	VID27 N-terminal region
Htt_C-HEAT	0.1552	0.0739	0.1917	0.7500	Huntingtin, C-terminal HEAT
RAI16-like	0.1545	0.0736	0.1898	0.7500	Retinoic acid induced 16-like protein
SEC-C	0.1545	0.0736	0.1885	0.7500	SEC-C motif
SR-25	0.1531	0.0792	0.0270	0.4167	Nuclear RNA-splicing-associated protein
RAMA	0.1528	0.0790	0.0269	0.4167	Restriction Enzyme Adenine Methylase Associated
Piwi_N	0.1528	0.0790	0.0269	0.4167	Piwi, N-terminal domain
Inhibitor_I36	0.1528	0.0559	0.0216	0.3333	Peptidase inhibitor family I36
FhuF	0.1528	0.0559	0.0216	0.3333	Ferric iron reductase FhuF-like transporter
VID28_C	0.1528	0.0559	0.0216	0.3333	VID28/GID5 C-terminal domain
Beta-prop_Aladin	0.1525	0.0788	0.0269	0.4167	Aladin seven-bladed propeller
Ig_NUP210_3rd	0.1517	0.0783	0.0267	0.4167	NUP210 Ig-like domain 3
Pro_racemase	0.1515	0.0303	0.0000	0.0833	Proline racemase
SPT16_C	0.1515	0.0303	0.0000	0.0833	FACT complex subunit SPT16, C-terminal domain
ASL_C2	0.1515	0.0303	0.0000	0.0833	Argininosuccinate lyase C-terminal
4HBT_3C	0.1515	0.0303	0.0000	0.0833	Acyl-CoA thioesterase C-terminal domain
Pyr_redox	0.1515	0.0303	0.0000	0.0833	Pyridine nucleotide-disulphide oxidoreductase
Lys_Orn_oxgnase	0.1515	0.0303	0.0000	0.0833	L-lysine 6-monooxygenase/L-ornithine 5-monooxygenase
GH16_PorA-D	0.1515	0.0303	0.0000	0.0833	Beta-porphyranase A-D, GH16 domain
PRC2_EED_ins	0.1515	0.0303	0.0000	0.1667	Polycomb protein EED insertion domain
Beta-prop_TEP1_C	0.1515	0.0303	0.0000	0.1667	TEP-1 C-terminal beta-propeller
DUF3824	0.1515	0.0303	0.0000	0.0833	Domain of unknwon function (DUF3824)
Ig-like_KY	0.1515	0.0303	0.0000	0.0000	KY-like, immunoglobulin-like domain
NAD-GH	0.1515	0.0303	0.0000	0.0000	NAD-specific glutamate dehydrogenase
zf-CCCH_Mcm10	0.1515	0.0303	0.0000	0.0000	Mcm10, CCCH-type zinc motif
Q4D6Q6	0.1515	0.0303	0.0000	0.0000	Q4D6Q6 domain
zf-C2H2_10	0.1508	0.0300	0.0097	0.0000	C2H2 zinc-finger
TtuA_LIM_N	0.1508	0.0300	0.0020	0.0000	2-thiouridine synthetase TtuA, N-terminal LIM domain
Coa3_cc	0.1497	0.0298	0.0013	0.0833	Cytochrome c oxidase assembly factor 3
FUT8_N_cat	0.1496	0.0769	0.0264	0.3333	Alpha-(1,6)-fucosyltransferase N- and catalytic domains
Acyl-ACP_TE_C	0.1493	0.0225	0.0272	0.0833	Acyl-ACP thioesterase C-terminal domain
Neugrin	0.1492	0.0772	0.0267	0.4167	Neugrin
Yme1-like_N	0.1492	0.0772	0.0267	0.4167	Yme1-like, N-terminal
FXa_inhibition	0.1492	0.0772	0.0267	0.4167	Coagulation Factor Xa inhibitory site
IucA_IucC	0.1492	0.0772	0.0267	0.4167	IucA / IucC family
Dpoe2NT	0.1491	0.0771	0.0260	0.4167	DNA polymerases epsilon N terminal
Spy1	0.1491	0.0771	0.0260	0.4167	Cell cycle regulatory protein
DUF4807	0.1487	0.0289	0.0013	0.0833	Domain of unknown function (DUF4807)
UBR7_C	0.1487	0.0769	0.0258	0.4167	UBR7 C-terminal region
TPLATE_C	0.1481	0.0604	0.0092	0.5000	TPLATE C-terminal domain
FNIP_N	0.1481	0.0604	0.0092	0.5000	Folliculin-interacting protein N-terminal domain
DDB_G0281251	0.1480	0.0603	0.0092	0.5000	DDB_G0281251 small helical domain
ACT_AHAS_ss	0.1479	0.0603	0.0094	0.5000	AHAS small subunit-like ACT domain
Mei5	0.1450	0.0765	0.0267	0.2500	Double-strand recombination repair protein
dCMP_cyt_deam_2	0.1450	0.0765	0.0267	0.2500	Cytidine and deoxycytidylate deaminase zinc-binding region
Pyridox_ox_2	0.1450	0.0765	0.0267	0.2500	Pyridoxamine 5'-phosphate oxidase
zf-C3HC4_5	0.1445	0.0373	0.0117	0.2500	Zinc finger, C3HC4 type (RING finger)
YMF19	0.1445	0.0373	0.0117	0.2500	Plant ATP synthase F0
RNA_pol_3_Rpc31	0.1445	0.0373	0.0117	0.2500	DNA-directed RNA polymerase III subunit Rpc31
GSH-S_ATP	0.1443	0.0444	0.0257	0.2500	Prokaryotic glutathione synthetase, ATP-grasp domain
EF-Ts_N	0.1435	0.0356	0.0230	0.2500	Elongation factor Ts, mitochondrial, N-terminal
PH_S11IP_C	0.1435	0.0356	0.0230	0.2500	STK11-interacting protein, C-terminal PH domain
HcaD_C	0.1435	0.0356	0.0230	0.2500	HcaD C-terminal domain
DDB_G0284425_helix	0.1435	0.0356	0.0230	0.2500	DDB_G0284425 helix
XPG_I_2	0.1431	0.0295	0.0252	0.0833	XPG domain containing
DUF818	0.1429	0.0298	0.0016	0.0000	Chlamydia CHLPS protein (DUF818)
MPSS1_N	0.1424	0.0349	0.0035	0.0000	Mitochondrial 3' processome subunit 1 N-terminal domain
HPF1	0.1417	0.0332	0.0034	0.0000	Histone PARylation factor 1
AsnA	0.1414	0.0516	0.0596	0.1667	Aspartate-ammonia ligase
ArdcN	0.1413	0.0351	0.0030	0.0000	N-terminal domain of anti-restriction factor ArdC
GRA5	0.1407	0.0336	0.0027	0.0833	Gramillins biosynthetic cluster protein GRA5
Cytochrom_B558a	0.1404	0.0722	0.0235	0.4167	Cytochrome Cytochrome b558 alpha-subunit
Stm1_N	0.1404	0.0226	0.0119	0.0833	Stm1
ARM_KNTC1_1st	0.1404	0.0226	0.0119	0.0833	KNTC1 first ARM-repeats domain
AMG1_III	0.1400	0.0307	0.0427	0.0000	Phosphoacetylglucosamine mutase AMG1, domain III
QueC	0.1396	0.0350	0.0025	0.0000	Queuosine biosynthesis protein QueC
DUF4116	0.1393	0.0589	0.0129	0.0833	Domain of unknown function (DUF4116)
PH_38	0.1392	0.0330	0.0176	0.0000	Kinetoplastid PH-like domain
COX2_TM	0.1391	0.0296	0.0104	0.2500	Cytochrome C oxidase subunit II, transmembrane domain
RENR_N	0.1391	0.0296	0.0104	0.2500	Renin receptor N-terminal domain
NADH5_C	0.1391	0.0296	0.0104	0.2500	NADH dehydrogenase subunit 5 C-terminus
ATP_synth_6	0.1391	0.0296	0.0104	0.2500	Mitochondrial ATP synthase 6 kDa subunit
TBP-binding	0.1376	0.0445	0.0252	0.2500	TATA box-binding protein binding
DAAD	0.1376	0.0445	0.0252	0.2500	Dictyosteliid AID/APOBEC-like Deaminase
zf-CCCH_10	0.1376	0.0346	0.0018	0.0000	ZAP-like CCCH zinc finger
GIGANTEA_N	0.1356	0.0364	0.0287	0.2500	GIGANTEA N-terminal domain
Dicty_REP	0.1356	0.0364	0.0287	0.2500	Dictyostelium (Slime Mold) REP protein
CLN5	0.1343	0.0517	0.0650	0.6667	Ceroid-lipofuscinosis neuronal protein 5
DUF5917	0.1343	0.0517	0.0650	0.6667	Family of unknown function (DUF5917)
Ig_TRAPPC9-Trs120_3rd	0.1343	0.0517	0.0650	0.6667	Trs120/TRAPPC9, third Ig-like domain
CRTF_DBD	0.1343	0.0517	0.0650	0.6667	CAR1 transcription factor, DNA-binding domain
NDT80_PhoG	0.1343	0.0517	0.0650	0.6667	NDT80 / PhoG like DNA-binding  family
Dicty_CTDC	0.1343	0.0517	0.0650	0.6667	Dictyostelium (slime mold) repeat
zf-DBF	0.1343	0.0517	0.0650	0.6667	DBF zinc finger
Mitofissin	0.1343	0.0517	0.0650	0.6667	Mitofissin
Yae1_N	0.1343	0.0517	0.0650	0.6667	Essential protein Yae1, N terminal
PHD_2	0.1343	0.0517	0.0650	0.6667	PHD-finger
DUF384	0.1343	0.0517	0.0650	0.6667	Domain of unknown function (DUF384)
AAA_lid_2	0.1343	0.0517	0.0650	0.6667	AAA lid domain
DUF3657	0.1343	0.0517	0.0650	0.6667	Protein FAM135
SUZ-C	0.1343	0.0517	0.0650	0.6667	SUZ-C motif
HEAT_NCAPD3	0.1343	0.0517	0.0650	0.6667	Condensin-2 complex subunit D3-like. HEAT repeats
TPD	0.1343	0.0517	0.0650	0.6667	Protein of unknown function TPD sequence-motif
CNDH2_C	0.1343	0.0517	0.0650	0.6667	Condensin II complex subunit CAP-H2 or CNDH2, C-terminal wHTH domain
CNDH2_N	0.1343	0.0517	0.0650	0.6667	Condensin II complex subunit CAP-H2 or CNDH2, N-terminal
PH_LRR1	0.1343	0.0517	0.0650	0.6667	LRR1 pleckstrin homology domain
APC1_C	0.1343	0.0517	0.0650	0.6667	Anaphase-promoting complex sub unit 1 C-terminal domain
ABC_trans_N	0.1343	0.0517	0.0650	0.6667	ABC-transporter N-terminal
DUF4800	0.1343	0.0517	0.0650	0.6667	Domain of unknown function (DUF4800)
RNA_polI_A34	0.1343	0.0517	0.0650	0.6667	DNA-directed RNA polymerase I subunit RPA34.5
PP28	0.1343	0.0517	0.0650	0.6667	Casein kinase substrate phosphoprotein PP28
HEAT_NCAPD3_2	0.1343	0.0517	0.0650	0.6667	Condensin-2 complex subunit D3-like. HEAT repeats
TFIIF_alpha	0.1343	0.0517	0.0650	0.6667	Transcription initiation factor IIF, alpha subunit (TFIIF-alpha)
RNA12	0.1343	0.0517	0.0650	0.6667	RNA12 protein
AdoMet_MTase	0.1343	0.0517	0.0650	0.6667	Predicted AdoMet-dependent methyltransferase
Ig_SIBA-E_2nd	0.1343	0.0517	0.0650	0.6667	Integrin beta-like protein A-E, second Ig-like domain
Ig_SibA	0.1343	0.0517	0.0650	0.6667	SibA-like, immunoglobulin-like domain
Thg1C	0.1343	0.0517	0.0650	0.6667	Thg1 C terminal domain
GNAT_LYC1-like	0.1343	0.0517	0.0650	0.6667	LYC1 GNAT-like C-terminal domain
CCDC28	0.1343	0.0517	0.0650	0.6667	Coiled-coil domain-containing protein 28
SIBA-E_N	0.1343	0.0517	0.0650	0.6667	Integrin beta-like protein A-E, N-terminal
REV3_N	0.1343	0.0517	0.0650	0.6667	DNA polymerase zeta catalytic subunit, N-terminal
INTS1_INTS2-bd	0.1343	0.0517	0.0650	0.6667	Integrator complex subunit 1, INTS2-binding domain
RTA1	0.1343	0.0517	0.0650	0.6667	RTA1 like protein
Njmu-R1	0.1343	0.0517	0.0650	0.6667	Njmu-R1-like protein family
Annexin	0.1343	0.0517	0.0650	0.6667	Annexin
RTP1_C2	0.1343	0.0517	0.0650	0.6667	Required for nuclear transport of RNA pol II C-terminus 2
NRDE-2	0.1343	0.0517	0.0650	0.6667	NRDE-2, necessary for RNA interference
Mago-bind	0.1343	0.0517	0.0650	0.6667	Mago binding
PA14	0.1343	0.0517	0.0650	0.6667	PA14 domain
SURF2	0.1343	0.0517	0.0650	0.6667	Surfeit locus protein 2 (SURF2)
Bet_v_1_TRM44_N	0.1343	0.0517	0.0650	0.6667	TRM44-like, N-terminal bet v1-like domain
STB6_N	0.1343	0.0517	0.0650	0.6667	STB6-like, N-terminal domain
DNA_ligase_IV	0.1343	0.0517	0.0650	0.6667	DNA ligase IV
SMG1	0.1343	0.0517	0.0650	0.6667	Serine/threonine-protein kinase smg-1
PDR_CDR	0.1343	0.0517	0.0650	0.6667	CDR ABC transporter
YbjQ_3	0.1343	0.0517	0.0650	0.6667	C2 domain-containing protein 5, fifth YbjQ-like domain
WHD_UFL1_5th	0.1343	0.0517	0.0650	0.6667	Winged helix-turn-helix domain 5 in UFL1 protein
UTP20_C	0.1343	0.0517	0.0650	0.6667	Small subunit processome component 20 homolog, C-terminal
BRWD1_N	0.1343	0.0517	0.0650	0.6667	BRWD1-like, N-terminal domain
Mcp5_PH	0.1341	0.0380	0.0516	0.0000	Meiotic cell cortex C-terminal pleckstrin homology
FAZ1_C	0.1331	0.0361	0.0045	0.0000	FAZ1, C-terminal
DUF6606	0.1323	0.0646	0.1006	0.2500	Family of unknown function (DUF6606)
Glyco_hydro_30	0.1323	0.0646	0.1006	0.2500	Glycosyl hydrolase family 30 TIM-barrel domain
DCAF1_4th	0.1320	0.0415	0.0203	0.0833	DCAF1 fourth domain
Peptidase_M19	0.1320	0.0415	0.0203	0.0833	Membrane dipeptidase (Peptidase family M19)
NamZ_N	0.1320	0.0415	0.0203	0.0833	Exo-beta-N-acetylmuramidase NamZ, N-terminal
Peripla_BP_6	0.1320	0.0415	0.0203	0.0833	Periplasmic binding protein
Peptidase_M54	0.1320	0.0415	0.0203	0.0833	Peptidase family M54
Ofd1_CTDD	0.1320	0.0415	0.0203	0.0833	Oxoglutarate and iron-dependent oxygenase degradation C-term
2OG-FeII_Oxy_4	0.1320	0.0415	0.0203	0.0833	2OG-Fe(II) oxygenase superfamily
DENND11	0.1320	0.0415	0.0203	0.0833	DENN domain-containing protein 11
SSB	0.1320	0.0415	0.0203	0.0833	Single-strand binding protein family
TENA_THI-4	0.1320	0.0415	0.0203	0.0833	TENA/THI-4/PQQC family
ADSL_C	0.1320	0.0415	0.0203	0.0833	Adenylosuccinate lyase C-terminus
NamZ_C	0.1320	0.0415	0.0203	0.0833	Exo-beta-N-acetylmuramidase NamZ, C-terminal
HK	0.1320	0.0415	0.0203	0.0833	Hydroxyethylthiazole kinase family
ATAD2_C	0.1320	0.0415	0.0203	0.0833	ATAD2 ATPase C-terminal domain
DUF8206	0.1318	0.0354	0.0189	0.2500	Domain of unknown function (DUF8206)
TrmO_C	0.1307	0.0391	0.0266	0.2500	TrmO C-terminal domain
Asp_DH_C	0.1289	0.0391	0.0167	0.0833	Aspartate dehydrogenase, C-terminal
SPEF2_D5	0.1289	0.0391	0.0167	0.0833	CPC1/SPEF2 domain D5
FWWh	0.1289	0.0391	0.0167	0.0833	Protein of unknown function
MRJP	0.1289	0.0391	0.0167	0.0833	Major royal jelly protein
ESSS	0.1285	0.0366	0.0411	0.0000	ESSS subunit of NADH:ubiquinone oxidoreductase (complex I)
Zeta_toxin	0.1277	0.0248	0.0372	0.0833	Zeta toxin
Pur_DNA_glyco	0.1271	0.0241	0.0110	0.0000	Methylpurine-DNA glycosylase (MPG)
Rubredoxin_C	0.1270	0.0265	0.0085	0.2500	Rubredoxin NAD+ reductase C-terminal domain
Mdm12	0.1270	0.0265	0.0085	0.2500	Mitochondrial distribution and morphology protein 12
EF-1_beta_acid	0.1270	0.0265	0.0085	0.2500	Eukaryotic elongation factor 1 beta central acidic region
MWFE	0.1261	0.0709	0.0216	0.5000	NADH-ubiquinone oxidoreductase MWFE subunit
Pet100	0.1259	0.0707	0.0216	0.5000	Pet100
Cac1_C	0.1233	0.0556	0.0167	0.3333	Chromatin assembly factor 1 subunit Cac1, C-terminal domain
GDA1_CD39	0.1229	0.0378	0.0179	0.0833	GDA1/CD39 (nucleoside phosphatase) family
HU-CCDC81_euk_1	0.1226	0.0373	0.0466	0.0000	CCDC81 eukaryotic HU domain 1
Rrn7_cyclin_C	0.1214	0.0550	0.0167	0.3333	Rrn7/TAF1B, C-terminal cyclin domain
RBSN_mid	0.1207	0.0547	0.0231	0.3333	Rabenosyn-5 middle domain
DUF7831	0.1207	0.0547	0.0231	0.3333	Family of unknown function (DUF7831)
GrpB	0.1207	0.0547	0.0231	0.3333	GrpB protein
Beta-sand_ComC_2nd	0.1207	0.0547	0.0231	0.3333	EGF-like domain-containing protein ComC second beta-sandwich
CAP12-PCTIR_TIR	0.1207	0.0547	0.0231	0.3333	CAP12/Pycsar effector protein, TIR domain
Ig_TgrO1	0.1207	0.0547	0.0231	0.3333	TgrO1-like, immunoglobulin-like domain
Beta-prop_TYW4	0.1195	0.0356	0.0299	0.0000	tRNA wybutosine-synthesizing protein 4, beta-propeller
Ccdc124	0.1195	0.0658	0.1019	0.6667	Coiled-coil domain-containing protein 124 /Oxs1
R3H-assoc	0.1195	0.0658	0.1019	0.6667	R3H-associated N-terminal domain
M60-like_N	0.1182	0.0549	0.0123	0.0000	N-terminal domain of M60-like peptidases
Spheroidin	0.1173	0.0519	0.0167	0.2500	Entomopoxvirus spheroidin protein
DUF3517	0.1170	0.0050	0.2274	0.7500	Domain of unknown function (DUF3517)
LisH_PAC1	0.1170	0.0050	0.2274	0.7500	PAC1 LisH domain
Lipin_mid	0.1170	0.0050	0.2274	0.7500	Lipin/Ned1/Smp2 multi-domain protein middle domain
ARS2	0.1170	0.0050	0.2274	0.7500	Arsenite-resistance protein 2
DUF1990	0.1170	0.0050	0.2274	0.7500	Domain of unknown function (DUF1990)
ARM_ECM29_C	0.1170	0.0050	0.2274	0.7500	ECM29, C-terminal ARM-like repeats
Dict-STAT-coil	0.1170	0.0050	0.2274	0.7500	Dictyostelium STAT, coiled coil
DUF3384	0.1170	0.0050	0.2274	0.7500	Domain of unknown function (DUF3384)
AIRC	0.1170	0.0050	0.2274	0.7500	AIR carboxylase
MS_N	0.1170	0.0050	0.2274	0.7500	Malate synthase, N-terminal domain
AA_permease_C	0.1170	0.0050	0.2274	0.7500	C-terminus of AA_permease
ALAD	0.1170	0.0050	0.2274	0.7500	Delta-aminolevulinic acid dehydratase
AICARFT_IMPCHas	0.1170	0.0050	0.2274	0.7500	AICARFT/IMPCHase bienzyme
SAICAR_synt	0.1170	0.0050	0.2274	0.7500	SAICAR synthetase
Rif1_N	0.1170	0.0050	0.2274	0.7500	Rap1-interacting factor 1 N terminal
Mis12	0.1170	0.0050	0.2274	0.7500	Mis12 protein
COG3_Ccap	0.1170	0.0050	0.2274	0.7500	COG3 C-terminal cap domain
Glyco_transf_28	0.1170	0.0050	0.2274	0.7500	Glycosyltransferase family 28 N-terminal domain
Glyco_transf_41	0.1170	0.0050	0.2274	0.7500	Glycosyl transferase family 41
CBM49	0.1170	0.0050	0.2274	0.7500	Carbohydrate binding domain CBM49
THH1_TOM1-3_dom	0.1170	0.0050	0.2274	0.7500	THH1/TOM1/TOM3 domain
TMF_DNA_bd	0.1170	0.0050	0.2274	0.7500	TATA element modulatory factor 1 DNA binding
FGAR-AT_N	0.1170	0.0050	0.2274	0.7500	Formylglycinamide ribonucleotide amidotransferase N-terminal
DNase_II	0.1170	0.0050	0.2274	0.7500	Deoxyribonuclease II
KOW7_SPT5	0.1170	0.0050	0.2274	0.7500	Transcription elongation factor SPT5, seventh KOW domain
COR-B	0.1170	0.0050	0.2274	0.7500	C-terminal of Roc, COR-B domain
COR-A	0.1170	0.0050	0.2274	0.7500	C-terminal of Roc, COR-A domain
UFL1_C	0.1170	0.0050	0.2274	0.7500	E3 UFM1-protein ligase 1 C-terminal domain
FGAR-AT_linker	0.1170	0.0050	0.2274	0.7500	Formylglycinamide ribonucleotide amidotransferase linker domain
FGAR-AT_PurM_N-like	0.1170	0.0050	0.2274	0.7500	FGAR-AT PurM_N-like domain
CSN1_C	0.1170	0.0050	0.2274	0.7500	COP9 signalosome complex subunit 1, C-terminal helix
TLN1-like_RS	0.1170	0.0050	0.2274	0.7500	Talin 1-like, rod segment domain
DNA_ligase_aden	0.1170	0.0050	0.2274	0.7500	NAD-dependent DNA ligase adenylation domain
SPN1_m3Gcap_bd	0.1170	0.0050	0.2274	0.7500	Snurportin1, m3G cap-binding domain
WRKY	0.1170	0.0050	0.2274	0.7500	WRKY DNA -binding domain
WHD_ORC	0.1170	0.0050	0.2274	0.7500	Origin recognition complex winged helix C-terminal
Chalcone_2	0.1170	0.0050	0.2274	0.7500	Chalcone isomerase like
SHPRH_helical-2nd	0.1170	0.0050	0.2274	0.7500	E3 ubiquitin-protein ligase SHPRH, second helical domain
ODR4-like	0.1170	0.0050	0.2274	0.7500	Odorant response abnormal 4-like
Calcipressin	0.1170	0.0050	0.2274	0.7500	Calcipressin
SID-1_RNA_chan	0.1170	0.0050	0.2274	0.7500	dsRNA-gated channel SID-1
SHPRH_helical-1st	0.1170	0.0050	0.2274	0.7500	E3 ubiquitin-protein ligase SHPRH, first helical domain
Htt_N-HEAT	0.1170	0.0050	0.2274	0.7500	Huntingtin, N-terminal HEAT
BAR_3	0.1170	0.0050	0.2274	0.7500	BAR domain of APPL family
HemN_C	0.1170	0.0050	0.2274	0.7500	HemN C-terminal domain
URO-D	0.1170	0.0050	0.2274	0.7500	Uroporphyrinogen decarboxylase (URO-D)
P2X_receptor	0.1170	0.0050	0.2274	0.7500	ATP P2X receptor
HPPK	0.1170	0.0050	0.2274	0.7500	7,8-dihydro-6-hydroxymethylpterin-pyrophosphokinase (HPPK)
ATP-grasp	0.1170	0.0050	0.2274	0.7500	ATP-grasp domain
Porphobil_deam	0.1170	0.0050	0.2274	0.7500	Porphobilinogen deaminase, dipyromethane cofactor binding domain
Porphobil_deamC	0.1170	0.0050	0.2274	0.7500	Porphobilinogen deaminase, C-terminal domain
HHH_2	0.1170	0.0050	0.2274	0.7500	Helix-hairpin-helix motif
Urb2	0.1170	0.0050	0.2274	0.7500	Urb2/Npa2 family
UPF0556	0.1170	0.0050	0.2274	0.7500	UPF0556 domain
UPF0552	0.1170	0.0050	0.2274	0.7500	Arp2/3-interacting proteins Arpin
TOR1L1_N	0.1170	0.0050	0.2274	0.7500	TORTIFOLIA1 N-terminal
RBM39linker	0.1170	0.0050	0.2274	0.7500	linker between RRM2 and RRM3 domains in RBM39 protein
PurK_C	0.1170	0.0050	0.2274	0.7500	Phosphoribosylaminoimidazole carboxylase C-terminal domain
KA1	0.1170	0.0050	0.2274	0.7500	Kinase associated domain 1
NAPRTase_C	0.1170	0.0050	0.2274	0.7500	Nicotinate phosphoribosyltransferase C-terminal domain
Mob_synth_C	0.1170	0.0050	0.2274	0.7500	Molybdenum Cofactor Synthesis C
STATa_Ig	0.1170	0.0050	0.2274	0.7500	STATa Immunoglobulin-like domain
DUF7906	0.1170	0.0050	0.2274	0.7500	Domain of unknown function (DUF7906)
SMUBP-2_HCS1_1B	0.1170	0.0050	0.2274	0.7500	Helicase SMUBP-2/HCS1, 1B domain
OB_DNA_ligase	0.1170	0.0050	0.2274	0.7500	NAD-dependent DNA ligase OB-fold domain
EGF_CA	0.1170	0.0050	0.2274	0.7500	Calcium-binding EGF domain
LMF1	0.1170	0.0050	0.2274	0.7500	Lipase maturation factor transmembrane domain
CCDC43_C	0.1170	0.0050	0.2274	0.7500	Coiled-coil domain-containing protein 43 C-terminal domain
Eapp_C	0.1170	0.0050	0.2274	0.7500	EAPP beta-tent domain
WHD_ORC2	0.1170	0.0050	0.2274	0.7500	ORC2 WHD
GATase_4	0.1170	0.0050	0.2274	0.7500	Glutamine amidotransferases class-II
GATase_5	0.1170	0.0050	0.2274	0.7500	CobB/CobQ-like glutamine amidotransferase domain
MDM31_MDM32	0.1170	0.0050	0.2274	0.7500	Yeast mitochondrial distribution and morphology (MDM) proteins
7tm_2	0.1170	0.0050	0.2274	0.7500	7 transmembrane receptor (Secretin family)
zf-C3H1	0.1170	0.0050	0.2274	0.7500	Putative zinc-finger domain
DUF3452	0.1170	0.0050	0.2274	0.7500	Domain of unknown function (DUF3452)
NOL9_C	0.1170	0.0050	0.2274	0.7500	NOL9-like, C-terminal domain
RS_preATP-grasp-like	0.1170	0.0050	0.2274	0.7500	Ribonucleotide synthetase preATP-grasp domain
Sdh_cyt	0.1170	0.0050	0.2274	0.7500	Succinate dehydrogenase/Fumarate reductase transmembrane subunit
Semialdhyde_dh	0.1170	0.0050	0.2274	0.7500	Semialdehyde dehydrogenase, NAD binding domain
DSRM_DHX29	0.1170	0.0050	0.2274	0.7500	ATP-dependent RNA helicase DHX29, DSRM-like
ThiS	0.1170	0.0050	0.2274	0.7500	ThiS family
Nlig-Ia	0.1170	0.0050	0.2274	0.7500	DNA ligase-like, N-terminal NAD+-binding domain
Vinculin	0.1170	0.0050	0.2274	0.7500	Vinculin family
EF-hand_12	0.1170	0.0050	0.2274	0.7500	EF-hand fold domain
TPR_TRAPPC9-Trs120	0.1170	0.0050	0.2274	0.7500	Trs120/TRAPPC9 TPR
Talin_IBS2B	0.1170	0.0050	0.2274	0.7500	Talin IBS2B domain
Ig_NUP210_5th	0.1170	0.0050	0.2274	0.7500	NUP210 Ig-like domain 5
GARS_N	0.1170	0.0050	0.2274	0.7500	Phosphoribosylglycinamide synthetase, N domain
Peptidase_M17_N	0.1170	0.0050	0.2274	0.7500	Cytosol aminopeptidase family, N-terminal domain
Frizzled	0.1170	0.0050	0.2274	0.7500	Frizzled/Smoothened family membrane region
GARS_A	0.1170	0.0050	0.2274	0.7500	Phosphoribosylglycinamide synthetase, ATP-grasp (A) domain
GARS_C	0.1170	0.0050	0.2274	0.7500	Phosphoribosylglycinamide synthetase, C domain
Talin_R4	0.1170	0.0050	0.2274	0.7500	Talin, R4 domain
ANKFN1_mid	0.1165	0.0470	0.0122	0.0000	Ankyrin repeat and fibronectin type-III domain protein middle region
DUF1349	0.1154	0.0420	0.0147	0.1667	Protein of unknown function (DUF1349)
GPP34	0.1151	0.0657	0.0082	0.5000	Golgi phosphoprotein 3 (GPP34)
TPR_DOP1	0.1151	0.0657	0.0082	0.5000	DOP1 TPR domain
ANAPC_CDC26	0.1151	0.0657	0.0082	0.5000	Anaphase-promoting complex APC subunit CDC26
PI-PLC-C1	0.1142	0.0523	0.0118	0.0000	Phosphoinositide phospholipase C, Ca2+-dependent
Jacalin	0.1142	0.0523	0.0118	0.0000	Jacalin-like lectin domain
PrsW-protease	0.1142	0.0523	0.0118	0.0000	PrsW family intramembrane metalloprotease
UPF0669	0.1142	0.0523	0.0118	0.0000	Putative cytokine, C6ORF120
Polbeta	0.1142	0.0523	0.0118	0.0000	Polymerase beta, Nucleotidyltransferase
HCS_D2	0.1142	0.0523	0.0118	0.0000	Homocitrate synthase post-HMGL domain-like
Peptidase_M60	0.1135	0.0600	0.0452	0.2500	Peptidase M60, enhancin and enhancin-like
CECR6_TMEM121	0.1128	0.0378	0.0209	0.0000	CECR6/TMEM121 family
PCO_ADO	0.1127	0.0586	0.0137	0.5833	PCO_ADO
RME-8_N	0.1126	0.0585	0.0137	0.5833	DNAJ protein RME-8 N-terminal domain
SDA1_C	0.1074	0.0671	0.1594	0.5000	SDA1, C-terminal
PAT1	0.1074	0.0671	0.1594	0.5000	Topoisomerase II-associated protein PAT1
AAA_lid_10	0.1074	0.0671	0.1594	0.5000	AAA lid domain
Tmemb_40	0.1061	0.0492	0.0111	0.0000	Predicted membrane protein
CCDC148	0.1061	0.0492	0.0111	0.0000	CCDC148 coiled-coil domain
Legum_prodom	0.1061	0.0492	0.0111	0.0000	Legumain, prodomain
Septknot	0.1061	0.0492	0.0111	0.0000	7(1) septoil knot domain
TRIP13_N	0.1061	0.0492	0.0111	0.0000	TRIP13 N-terminal domain
NPHP4_C2_2nd	0.1061	0.0492	0.0111	0.0000	Nephrocystin-4 second C2-like domain
NPHP4_C2_3rd	0.1061	0.0492	0.0111	0.0000	Nephrocystin-4 C2 third domain
TLE_N	0.1061	0.0492	0.0111	0.0000	Groucho/TLE N-terminal Q-rich domain
Gln-synt_N	0.1061	0.0303	0.0000	0.0833	Glutamine synthetase, beta-Grasp domain
AMH_N	0.1061	0.0303	0.0000	0.0000	Anti-Mullerian hormone, N terminal region
At4g15545_C	0.1031	0.0331	0.0164	0.0833	At4g15545-like, C-terminal domain
CC2D2AN-C2	0.1031	0.0331	0.0164	0.0833	CC2D2A N-terminal C2 domain
UvdE	0.1031	0.0331	0.0164	0.0833	UV-endonuclease UvdE
ARMC9_ARM	0.1031	0.0331	0.0164	0.0833	LisH domain-containing protein ARMC9, ARM repeats
HAUS2	0.1031	0.0331	0.0164	0.0833	HAUS augmin-like complex subunit 2
Pecanex_C	0.1031	0.0331	0.0164	0.0833	Pecanex protein (C-terminus)
2H-SAK	0.1031	0.0331	0.0164	0.0833	Swiss Army Knife, 2H phosphoesterase domain
PIRC1_2	0.1031	0.0331	0.0164	0.0833	Piercer of microtubule wall 1/2
CMD	0.1031	0.0331	0.0164	0.0833	Carboxymuconolactone decarboxylase family
Rax2	0.1031	0.0331	0.0164	0.0833	Rax2 C-terminal beta propeller domain
TB2_DP1_HVA22	0.1031	0.0331	0.0164	0.0833	TB2/DP1, HVA22 family
SnAC	0.1031	0.0331	0.0164	0.0833	Snf2-ATP coupling, chromatin remodelling complex
Sec3-PIP2_bind	0.1031	0.0331	0.0164	0.0833	Exocyst complex component SEC3 N-terminal PIP2 binding PH
DUF2306	0.1031	0.0331	0.0164	0.0833	Predicted membrane protein (DUF2306)
YrhK	0.1031	0.0331	0.0164	0.0833	YrhK-like protein
CEP89	0.1031	0.0331	0.0164	0.0833	Centrosomal protein of 89 kDa
zf-CCHC_6	0.0999	0.0321	0.0142	0.1667	Zinc knuckle
CCDC13	0.0994	0.0551	0.0161	0.0000	Coiled-coil domain-containing protein 13
Abhydrolase_4	0.0966	0.0206	0.0320	0.0000	TAP-like protein
Microtub_bd	0.0966	0.0206	0.0320	0.0000	Microtubule binding
Thi4	0.0966	0.0206	0.0320	0.0000	Thi4 family
DUF1697	0.0964	0.0563	0.0138	0.4167	Protein of unknown function (DUF1697)
Peptidase_S51	0.0952	0.0389	0.0238	0.0000	Peptidase family S51
cpSF2-GREB1	0.0933	0.0320	0.0155	0.1667	Circularly permuted SF2 helicase found in GREB1 proteins
GBP_C	0.0933	0.0320	0.0155	0.1667	Guanylate-binding protein, C-terminal domain
GyrI-like	0.0930	0.0533	0.0552	0.0833	GyrI-like small molecule binding domain
Ribosomal_S6	0.0924	0.0350	0.0243	0.0000	Ribosomal protein S6
T2SSE	0.0924	0.0350	0.0243	0.0000	Type II/IV secretion system protein
YceI	0.0923	0.0083	0.0052	0.0000	YceI-like domain
AnmK	0.0916	0.0579	0.0149	0.5833	Anhydro-N-acetylmuramic acid kinase
ZNFX1	0.0916	0.0579	0.0149	0.5833	ZNFX1 domain
DUF8771	0.0916	0.0579	0.0149	0.5833	Family of unknown function (DUF8771)
ATPase	0.0909	0.0000	0.0000	0.0000	KaiC
PHD_NSD	0.0899	0.0855	0.0074	0.5833	Histone-lysine N-methyltransferase NSD-like, PHD zinc finger
DGF-1_5	0.0842	0.0069	0.0028	0.0000	Dispersed gene family protein 1, region 4
DGF-1_4	0.0842	0.0069	0.0028	0.0000	Dispersed gene family protein 1 of Trypanosoma cruzi region 4
Tr-sialidase_C	0.0842	0.0069	0.0028	0.0000	Trans-sialidase of Trypanosoma hydrophobic C-terminal
GlcNAc_2-epim	0.0842	0.0069	0.0028	0.0000	N-acylglucosamine 2-epimerase (GlcNAc 2-epimerase)
PC-Esterase	0.0842	0.0069	0.0028	0.0000	GDSL/SGNH-like Acyl-Esterase family found in Pmr5 and Cas1p
Cu-binding_MopE	0.0842	0.0069	0.0028	0.0000	Putative metal-binding motif
Zf_IFT144_1st	0.0842	0.0069	0.0028	0.0000	IFT144, first zinc finger domain
DUF4833	0.0830	0.0258	0.0238	0.0000	Domain of unknown function (DUF4833)
DUF4282	0.0814	0.0426	0.0082	0.5833	Domain of unknown function (DUF4282)
Kringle	0.0813	0.0288	0.0247	0.0000	Kringle domain
DUF7498	0.0813	0.0288	0.0247	0.0000	Domain of unknown function (DUF7498)
DUF7497	0.0813	0.0288	0.0247	0.0000	Domain of unknown function (DUF7497)
AttH	0.0813	0.0288	0.0247	0.0000	AttH-like
SbcC_Walker_B	0.0813	0.0288	0.0247	0.0000	SbcC/RAD50-like, Walker B motif
NERD	0.0813	0.0288	0.0247	0.0000	Nuclease-related domain
QSOX_pErv	0.0813	0.0288	0.0247	0.0000	Quiescin sulphydryl oxidase pseudo-Erv domain
DUF8384	0.0813	0.0288	0.0247	0.0000	Domain of unknown function (DUF8384)
CBP30	0.0813	0.0288	0.0247	0.0000	Nuclear cap binding complex subunit CBP30
EDRF1_N	0.0813	0.0288	0.0247	0.0000	EDRF1 N-terminal
Lipocalin_5	0.0813	0.0288	0.0247	0.0000	Lipocalin-like domain
DUF1308	0.0813	0.0288	0.0247	0.0000	Protein of unknown function (DUF1308)
PH_28	0.0812	0.0288	0.0247	0.0000	Kinetoplastid PH-like domain
DUF5393	0.0812	0.0288	0.0246	0.0000	Family of unknown function (DUF5393)
SnoaL_3	0.0808	0.0061	0.0024	0.0000	SnoaL-like domain
ACT_3	0.0808	0.0061	0.0024	0.0000	ACT domain
DGF-1_C	0.0806	0.0150	0.0217	0.0000	Dispersed gene family protein 1 C-terminal domain
DUF7495	0.0806	0.0150	0.0217	0.0000	Domain of unknown function (DUF7495)
DGF-1_beta-sheet	0.0806	0.0150	0.0217	0.0000	DGF-1 beta-sheet domain
ETO1_C	0.0806	0.0150	0.0217	0.0000	ETO1 C-terminal domain
DGF-1_N	0.0806	0.0150	0.0217	0.0000	DGF-1 N-terminal domain
DUF7496	0.0806	0.0150	0.0217	0.0000	Domain of unknown function (DUF7496)
SpoV	0.0804	0.0061	0.0016	0.0000	Stage V sporulation protein family
CaATP_NAI	0.0797	0.0059	0.0208	0.0000	Ca2+-ATPase N terminal autoinhibitory domain
DinB_2	0.0795	0.0510	0.0125	0.0833	DinB superfamily
Expansin_C_term	0.0795	0.0666	0.0381	0.7500	Expansin-like protein C-terminal domain
DUF6909	0.0794	0.0510	0.0125	0.0833	Family of unknown function (DUF6909)
Tex_YqgF	0.0794	0.0510	0.0125	0.0833	Tex protein YqgF-like domain
zf-primase	0.0794	0.0509	0.0125	0.0833	Primase zinc finger
SAM_7	0.0791	0.0257	0.0105	0.1667	SAM-like domain
OB_DPOA2	0.0791	0.0257	0.0105	0.1667	DNA polymerase alpha subunit B, OB domain
FGE-sulfatase	0.0783	0.0455	0.0138	0.2500	Sulfatase-modifying factor enzyme 1-like domain
DUF7048	0.0781	0.0130	0.0563	0.0000	Domain of unknown function (DUF7048)
Zn_ribbon_Top1	0.0775	0.0245	0.0105	0.0833	Topoisomerase DNA binding C4 zinc finger
AIG2_2	0.0775	0.0219	0.0071	0.0000	AIG2-like family
TSNAXIP1_N	0.0771	0.0342	0.0244	0.0000	Translin-associated factor X-interacting N-terminus
DUF4166	0.0764	0.0460	0.0317	0.0833	Domain of unknown function (DUF4166)
HIT-like	0.0764	0.0460	0.0317	0.0833	HIT-related
MPSS1_C	0.0761	0.0130	0.0183	0.0000	Mitochondrial 3' processome subunit 1 C-terminal domain
SMP_LBD	0.0749	0.0291	0.0488	0.0000	Synaptotagmin-like mitochondrial-lipid-binding domain
KMP11	0.0735	0.0253	0.0212	0.0000	Kinetoplastid membrane protein 11
BV97_02767	0.0725	0.0194	0.0177	0.0000	BV97_02767-like
DZR	0.0697	0.0415	0.0132	0.3333	Double zinc ribbon
iPGM_N	0.0696	0.0274	0.1063	0.1667	BPG-independent PGAM N-terminus (iPGM_N)
6TM_2nd_PGAP2IP	0.0694	0.0414	0.0124	0.5833	PGAP2IP, second transmembrane domain
TPR_GEMI5	0.0694	0.0414	0.0124	0.5833	GEMI5 TPR domain
ATP-gua_PtransN	0.0688	0.0269	0.0226	0.0000	ATP:guanido phosphotransferase, N-terminal domain
ATP-gua_Ptrans	0.0688	0.0269	0.0226	0.0000	ATP:guanido phosphotransferase, C-terminal catalytic domain
PH_27	0.0688	0.0269	0.0226	0.0000	Kinetoplastid PH-like domain
Pox_A32	0.0681	0.0352	0.0839	0.3333	Poxvirus A32 protein
Ricin_B_lectin	0.0671	0.0474	0.0104	0.8333	Ricin-type beta-trefoil lectin domain
DUF7883	0.0668	0.0265	0.0188	0.0000	Domain of unknown function (DUF7883)
Arginosuc_syn_C	0.0668	0.0265	0.0188	0.0000	Arginosuccinate synthase C-terminal domain
DUF7914	0.0668	0.0265	0.0188	0.0000	Domain of unknown function (DUF7914)
Peripla_BP_A-cyclase_1	0.0668	0.0265	0.0188	0.0000	Adenylate cyclase, periplasmic binding protein-like domain
DUF5075	0.0664	0.0264	0.0186	0.0000	IGP family C-type lectin domain
SAS-6_C_CC_2	0.0660	0.0264	0.0186	0.0000	SAS-6, C-terminal coiled coil
pATOM36	0.0660	0.0264	0.0186	0.0000	pATOM36 family
DUF7761	0.0660	0.0264	0.0186	0.0000	Domain of unknown function (DUF7761)
XAC1	0.0660	0.0264	0.0186	0.0000	PBP1-interacting protein XAC1
DUF7762	0.0660	0.0264	0.0186	0.0000	Domain of unknown function (DUF7762)
DUF7760	0.0660	0.0264	0.0186	0.0000	Domain of unknown function (DUF7760)
X92_N	0.0660	0.0264	0.0186	0.0000	X92 N-terminal domain
DUF3648	0.0660	0.0264	0.0186	0.0000	Protein of unknown function (DUF3648)
WHD_RNase_II	0.0647	0.0479	0.0614	0.0833	Ribonuclease II, winged helix domain
GBD_ELAPOR1	0.0647	0.0479	0.0614	0.0833	ELAPOR1-like, galactose binding domain
Metallopep	0.0647	0.0479	0.0614	0.0833	Putative peptidase family
FF_PRPF40A	0.0647	0.0479	0.0614	0.0833	PRPF40A-like, FF domain
Adenosine_kin	0.0647	0.0479	0.0614	0.0833	Adenosine specific kinase
D-Glu_cyclase	0.0647	0.0479	0.0614	0.0833	D-glutamate cyclase
GLUCM-like_C	0.0647	0.0479	0.0614	0.0833	D-glutamate cyclase-like, C-terminal
HydF_tetramer	0.0647	0.0479	0.0614	0.0833	Hydrogen maturase F tetramerization domain
ADC	0.0647	0.0479	0.0614	0.0833	Acetoacetate decarboxylase (ADC)
CBAH	0.0647	0.0479	0.0614	0.0833	Linear amide C-N hydrolases, choloylglycine hydrolase family
Erythro_esteras	0.0647	0.0479	0.0614	0.0833	Erythromycin esterase
Mahjong_helical	0.0647	0.0479	0.0614	0.0833	Mahjong helical domain
SIMPL	0.0647	0.0479	0.0614	0.0833	Protein of unknown function (DUF541)
VanA_C	0.0647	0.0479	0.0614	0.0833	Vanillate O-demethylase oxygenase C-terminal domain
BATS	0.0647	0.0479	0.0614	0.0833	Biotin and Thiamin Synthesis associated domain
Nuc_deoxyrib_tr	0.0646	0.0264	0.0181	0.0000	Nucleoside 2-deoxyribosyltransferase
MPSS2_C	0.0646	0.0264	0.0181	0.0000	Mitochondrial 3' processome subunit 2 C-terminal domain
MPSS2_M	0.0646	0.0264	0.0181	0.0000	Mitochondrial 3' processome subunit 2 middle domain
MPSS2_N	0.0646	0.0264	0.0181	0.0000	Mitochondrial 3' processome subunit 2 N-terminal domain
7tm_3	0.0643	0.0442	0.0060	0.5833	7 transmembrane sweet-taste receptor of 3 GCPR
HTH_Tnp_Tc5	0.0643	0.0442	0.0060	0.5833	Tc5 transposase DNA-binding domain
Med11	0.0643	0.0442	0.0060	0.5833	Mediator complex protein
PEP-utilizers_C	0.0632	0.0450	0.0877	0.2500	PEP-utilising enzyme, PEP-binding domain
PEP-utilizers	0.0632	0.0450	0.0877	0.2500	PEP-utilising enzyme, mobile domain
ACT_4	0.0604	0.0358	0.0386	0.1667	ACT domain
Q4D059-like	0.0602	0.0215	0.0482	0.0000	Hypothetical protein Q4D059-like
DUF8503	0.0593	0.0337	0.0098	0.2500	Domain of unknown function (DUF8503)
Ig_SIBA-E_3rd	0.0593	0.0337	0.0098	0.2500	Integrin beta-like protein A-E, third Ig-like domain
HNH_3	0.0593	0.0337	0.0098	0.2500	HNH endonuclease
DDB_G0281631_C	0.0593	0.0337	0.0098	0.2500	DDB_G0281631 C-terminal domain
Ponticulin_N	0.0593	0.0337	0.0098	0.2500	Ponticulin N-terminal domain
Beta-sand_ComC_1st	0.0593	0.0337	0.0098	0.2500	EGF-like domain-containing protein ComC first beta-sandwich
DUF4269	0.0593	0.0337	0.0098	0.2500	Domain of unknown function (DUF4269)
YycE-like_C	0.0593	0.0337	0.0098	0.2500	YycE-like C-terminal domain
LAGLIDADG_1	0.0593	0.0337	0.0098	0.2500	LAGLIDADG endonuclease
YycE-like_N	0.0593	0.0337	0.0098	0.2500	YycE-like N-terminal domain
DsrE	0.0593	0.0337	0.0098	0.2500	DsrE/DsrF-like family
DUF7920	0.0585	0.0320	0.0159	0.0000	Domain of unknown function (DUF7920)
DUF8772	0.0585	0.0320	0.0159	0.0000	Domain of unknown function (DUF8772)
LRR_ComC	0.0582	0.0463	0.0675	0.5000	EGF-like domain-containing protein ComC LRR domain
Glyco_hydro_19	0.0577	0.0250	0.0139	0.1667	Chitinase class I
CEP164_N	0.0568	0.0271	0.0209	0.0000	CEP164 N-terminal domain
BTB_SANBR	0.0568	0.0271	0.0209	0.0000	SANT and BTB domain regulator of CSR, BTB domain
DSPn	0.0568	0.0271	0.0209	0.0000	Dual specificity protein phosphatase, N-terminal half
zf_RING_Vps8	0.0539	0.0309	0.0370	0.1667	Vps8 RING zinc finger
DUF2817	0.0534	0.0217	0.0203	0.0000	Protein of unknown function (DUF2817)
GPR_Gpa2_C	0.0530	0.0280	0.0094	0.3333	G protein-coupled glucose receptor regulating Gpa2 C-term
C2_PACS_N	0.0525	0.0338	0.0079	0.0000	N-terminal C2 domain of phosphofurin acidic cluster sorting protein
DUF3501	0.0525	0.0338	0.0079	0.0000	Protein of unknown function (DUF3501)
CCG	0.0525	0.0338	0.0079	0.0000	Cysteine-rich domain
ATP-grasp_5	0.0522	0.0243	0.0140	0.1667	ATP-grasp domain
Ligase_CoA_2	0.0522	0.0243	0.0140	0.1667	Ligase-CoA domain
CHAT	0.0510	0.0358	0.1871	0.2500	CHAT domain
IF3_C	0.0505	0.0389	0.0039	0.0833	Translation initiation factor IF-3, C-terminal domain
Temptin_C	0.0505	0.0389	0.0039	0.0833	Temptin C-terminal
CCDC15_C	0.0505	0.0389	0.0039	0.0833	Coiled-coil domain-containing protein 15 C-terminal domain
CEP83_CC_1st	0.0505	0.0389	0.0039	0.0833	CEP83 first coiled-coil
AAA_RNF213_1	0.0505	0.0389	0.0039	0.0833	RNF213 AAA domain
PP2	0.0505	0.0389	0.0039	0.0833	Phloem protein 2
WD40_MABP1-WDR62_2nd	0.0505	0.0389	0.0039	0.0833	MABP1/WDR62 second WD40 domain
Peptidase_S41	0.0505	0.0389	0.0039	0.0833	Peptidase family S41
ODC_AZ	0.0505	0.0389	0.0039	0.0833	Ornithine decarboxylase antizyme
CSN7a_helixI	0.0505	0.0389	0.0039	0.0833	COP9 signalosome complex subunit 7a helix I domain
FAE1_CUT1_RppA	0.0463	0.0309	0.0080	0.8333	FAE1/Type III polyketide synthase-like protein
DUF8079	0.0456	0.0127	0.0119	0.0000	Repeat of unknown function (DUF8079)
DUF501	0.0456	0.0127	0.0119	0.0000	Protein of unknown function (DUF501)
CFAP96-like	0.0456	0.0127	0.0119	0.0000	Cilia-and flagella-associated protein 96
ODAD1_CC	0.0456	0.0127	0.0119	0.0000	ODAD1 central coiled coil region
PARP_regulatory	0.0456	0.0127	0.0119	0.0000	Poly A polymerase regulatory subunit
C2-C2_1	0.0456	0.0127	0.0119	0.0000	First C2 domain of RPGR-interacting protein 1
PCIF1_WW	0.0456	0.0127	0.0119	0.0000	Phosphorylated CTD interacting factor 1 WW domain
CEP76_N	0.0456	0.0127	0.0119	0.0000	CEP76 N-terminal domain
PTHB1_pf	0.0456	0.0127	0.0119	0.0000	PTHB1 platform domain
ATP-grasp_IQCH	0.0456	0.0127	0.0119	0.0000	IQCH-like, ATP-grasp
DUF1810	0.0444	0.0383	0.0365	0.1667	Protein of unknown function (DUF1810)
Trypsin	0.0434	0.0418	0.0610	0.0833	Trypsin
Form_Nir_trans	0.0426	0.0216	0.0193	0.2500	Formate/nitrite transporter
CAMSAP_CKK	0.0419	0.0443	0.0525	0.0000	Microtubule-binding calmodulin-regulated spectrin-associated
SF-assemblin	0.0419	0.0443	0.0525	0.0000	SF-assemblin/beta giardin
Adeno_L433K_22K	0.0415	0.0247	0.0000	0.0000	Adenovirus L4-33K/L4-22K
Chromate_transp	0.0409	0.0318	0.0906	0.1667	Chromate transporter
CCDC162_C	0.0383	0.0124	0.0093	0.0000	CCDC162 C-terminal region
TMC	0.0383	0.0124	0.0093	0.0000	TMC domain
GmrSD_N	0.0383	0.0124	0.0093	0.0000	GmrSD restriction endonuclease, N-terminal domain
FAM183	0.0383	0.0124	0.0093	0.0000	FAM183A and FAM183B related
VWD	0.0383	0.0124	0.0093	0.0000	von Willebrand factor type D domain
NAGPA	0.0383	0.0124	0.0093	0.0000	Phosphodiester glycosidase
CXorf58_MFI	0.0383	0.0124	0.0093	0.0000	CXorf58/MFI domain
BLUF	0.0383	0.0124	0.0093	0.0000	Sensors of blue-light using FAD
MFI_C	0.0383	0.0124	0.0093	0.0000	Mitochondrial fission factor interactor C-terminal domain
PH_NDK7_N	0.0383	0.0207	0.0179	0.0000	Nucleoside diphosphate kinase 7 N-terminal PH domain
Vasohibin	0.0383	0.0207	0.0179	0.0000	Vasohibin
HU-CCDC81_euk_2	0.0383	0.0207	0.0179	0.0000	CCDC81 eukaryotic HU domain 2
FLJ43738_C	0.0383	0.0207	0.0179	0.0000	Uncharacterised protein FLJ43738 C-terminal domain
Prismane	0.0364	0.0189	0.0106	0.3333	Prismane/CO dehydrogenase family
CSD	0.0359	0.0150	0.0115	0.0833	'Cold-shock' DNA-binding domain
CFAP47	0.0358	0.0150	0.0115	0.0833	Cilia- and flagella-associated protein 47 domain
WLM	0.0358	0.0150	0.0115	0.0833	WLM domain
CFAP43_N	0.0358	0.0150	0.0115	0.0833	CFAP43 N-terminal domain
Ig_CFAP47	0.0358	0.0150	0.0115	0.0833	CFAP47-like, immunoglobulin-like domain
ATP-grasp_4	0.0355	0.0193	0.0174	0.0000	ATP-grasp domain
A6-like_Thioredoxin-like_C	0.0355	0.0193	0.0174	0.0000	A6-like, middle domain
API5	0.0331	0.0279	0.0017	0.5833	Apoptosis inhibitory protein 5 (API5)
Striatin	0.0330	0.0278	0.0030	0.5833	Striatin family
PLDc_3	0.0330	0.0278	0.0030	0.5833	PLD3/4, PLD-like domain
DUF4504	0.0330	0.0278	0.0030	0.5833	Domain of unknown function (DUF4504)
Spectrin	0.0330	0.0278	0.0030	0.5833	Spectrin repeat
DUF7788	0.0330	0.0278	0.0030	0.5833	Domain of unknown function (DUF7788)
CTLH_Armc9	0.0330	0.0278	0.0030	0.5833	Armc9, CTLH-like domain
DDHD	0.0330	0.0278	0.0030	0.5833	DDHD domain
Myosin_N	0.0330	0.0278	0.0030	0.5833	Myosin N-terminal SH3-like domain
TFA2_Winged_2	0.0330	0.0278	0.0030	0.5833	TFA2 Winged helix domain 2
INT1_R3	0.0330	0.0278	0.0030	0.5833	Integrator complex subunit 1, R3 domain
DUF2828	0.0330	0.0278	0.0030	0.5833	Domain of unknown function (DUF2828)
DUF8749	0.0330	0.0278	0.0030	0.5833	Domain of unknown function (DUF8749)
GGDEF	0.0328	0.0281	0.0041	0.5000	Diguanylate cyclase, GGDEF domain
Vac_ImportDeg	0.0328	0.0281	0.0041	0.5000	Vacuolar import and degradation protein
WHIM1	0.0328	0.0281	0.0041	0.5000	WSTF, HB1, Itc1p, MBD9 motif 1
PHR	0.0328	0.0281	0.0041	0.5000	PHR domain
Syntaxin-18_N	0.0328	0.0281	0.0041	0.5000	SNARE-complex protein Syntaxin-18 N-terminus
Ima1_N	0.0328	0.0281	0.0041	0.5000	Ima1 N-terminal domain
BB_PF	0.0328	0.0281	0.0041	0.5000	Beta barrel Pore-forming domain
Crystall_3	0.0328	0.0281	0.0041	0.5000	Beta/Gamma crystallin
Imm33	0.0328	0.0281	0.0041	0.5000	Immunity protein Imm33 domain
Granulin	0.0328	0.0281	0.0041	0.5000	Granulin
BP74_N	0.0328	0.0281	0.0041	0.5000	BP74 N-terminal domain
Beta-prop_RIG_2nd	0.0328	0.0281	0.0041	0.4167	RIG second beta-propeller
NuBaID_C	0.0328	0.0281	0.0041	0.4167	NuBaID, C-terminal domain
KELAA	0.0328	0.0281	0.0041	0.5000	KELAA motif
SnoaL_5	0.0328	0.0281	0.0041	0.5000	SnoaL-like domain
GRAB	0.0328	0.0281	0.0041	0.5000	GRAB domain
Ribosomal_L12_N	0.0328	0.0281	0.0041	0.5000	Ribosomal protein L7/L12 dimerisation domain
cEGF	0.0328	0.0281	0.0041	0.5000	Complement Clr-like EGF-like
DUF8390	0.0320	0.0273	0.0041	0.5000	Domain of unknown function (DUF8390)
LSM11_N	0.0320	0.0273	0.0041	0.5000	U7 snRNA-associated Sm-like protein LSM11 N-terminal domain
Glyco_hydro_57	0.0320	0.0273	0.0041	0.5000	Glycosyl hydrolase family 57
vWA-TerF-like	0.0320	0.0273	0.0041	0.5000	vWA found in TerF C terminus
LUD_dom	0.0320	0.0273	0.0041	0.5000	LUD domain
ESF2_C	0.0320	0.0273	0.0041	0.5000	Pre-rRNA-processing protein ESF2 C-terminal domain
DDB_G0280785_1st_TPR	0.0320	0.0273	0.0041	0.5000	DDB_G0280785 first TPR domain
TIP_N	0.0320	0.0273	0.0041	0.5000	Tuftelin interacting protein N terminal
ACTMAP-like_C	0.0320	0.0273	0.0041	0.5000	Actin maturation protease-like, C-terminal domain
RNF220	0.0319	0.0277	0.0040	0.3333	E3 ubiquitin-protein ligase RNF220
TPR_HPS5	0.0319	0.0277	0.0040	0.3333	HPS5 TPR domain
Cep192_D4	0.0307	0.0263	0.0037	0.5000	Cep192 domain 4
TAXi_C	0.0307	0.0263	0.0037	0.5000	Xylanase inhibitor C-terminal
Myb_DNA-binding_7	0.0307	0.0263	0.0037	0.5000	Myb-like DNA-binding domain
ELG1_C	0.0307	0.0263	0.0037	0.5000	Enhanced level of genomic instability 1 C-terminal domain
DUF1289	0.0307	0.0263	0.0037	0.5000	Protein of unknown function (DUF1289)
RRM_SRRT	0.0307	0.0263	0.0037	0.5000	Serrate RNA effector molecule homolog, RNA-recognition domain
Cupin_NOL9	0.0307	0.0263	0.0037	0.5000	Polynucleotide 5'-hydroxyl-kinase NOL9, N-terminal domain
DUF4922	0.0307	0.0263	0.0037	0.5000	Domain of unknown function (DUF4922)
ATG22	0.0300	0.0218	0.0083	0.2500	Vacuole effluxer Atg22 like
DUF7910	0.0293	0.0069	0.0042	0.1667	Domain of unknown function (DUF7910)
DUF7578	0.0282	0.0120	0.0083	0.0000	Domain of unknown function (DUF7578)
CFAP54_N	0.0282	0.0120	0.0083	0.0000	Cilia- and flagella-associated protein 54
RHS_N	0.0282	0.0120	0.0083	0.0000	Retrotransposon hot spot proteins N-terminal
DUF7163	0.0282	0.0120	0.0083	0.0000	Domain of unknown function (DUF7163)
BNR_3	0.0282	0.0120	0.0083	0.0000	BNR repeat-like domain
RHSP	0.0282	0.0120	0.0083	0.0000	Retrotransposon hot spot protein, P-loop domain
TS_C	0.0282	0.0120	0.0083	0.0000	Trans-sialidase, C-terminal domain
DUF1663	0.0282	0.0120	0.0083	0.0000	Protein of unknown function (DUF1663)
Peripla_BP_A-cyclase	0.0275	0.0139	0.0159	0.0000	Adenylate cyclase, periplasmic binding protein-like domain
EF-hand_9	0.0275	0.0139	0.0159	0.0000	EF-hand domain
Tet_JBP	0.0275	0.0139	0.0159	0.0000	Oxygenase domain of the 2OGFeDO superfamily
zf-LSD1	0.0275	0.0139	0.0159	0.0000	LSD1 zinc finger
ARMET_C	0.0275	0.0139	0.0159	0.0000	ARMET, C-terminal
TFIIE_beta	0.0271	0.0189	0.0137	0.8333	TFIIE beta subunit core domain
DUF900	0.0271	0.0189	0.0137	0.8333	Alpha/beta hydrolase of unknown function (DUF900)
AAA_assoc_2	0.0271	0.0189	0.0137	0.8333	AAA C-terminal domain
Expansin_N	0.0271	0.0189	0.0137	0.8333	Expansin N-terminal domain
Flavodoxin_5	0.0254	0.0156	0.0050	0.0000	Flavodoxin domain
DUF2871	0.0254	0.0156	0.0050	0.0000	Protein of unknown function (DUF2871)
ACP_syn_III_C	0.0237	0.0112	0.0091	0.3333	3-Oxoacyl-[acyl-carrier-protein (ACP)] synthase III C terminal
Nup35_RRM_2	0.0234	0.0115	0.0068	0.0833	Nup53/35/40-type RNA recognition motif
T5orf172	0.0232	0.0204	0.0237	0.0833	T5orf172 domain
GUCT	0.0232	0.0204	0.0237	0.0833	GUCT (NUC152) domain
DD_DDX21-DDX50	0.0232	0.0204	0.0237	0.0833	DDX21/DDX50 dimerisation domain
Hexokinase_2	0.0231	0.0157	0.0836	0.3333	Hexokinase
Hexokinase_1	0.0231	0.0157	0.0836	0.3333	Hexokinase
PIN-like_DDX60	0.0222	0.0130	0.0128	0.1667	ATP-dependent RNA helicase DDX60, PIN-like domain
RmlD_sub_bind	0.0220	0.0131	0.0042	0.5833	RmlD substrate binding domain
Inhibitor_I42	0.0212	0.0088	0.0433	0.2500	Chagasin family peptidase inhibitor I42
SPO22	0.0201	0.0209	0.0139	0.1667	Meiosis protein SPO22/ZIP4 like
LRR_NXF1-5	0.0188	0.0064	0.0051	0.3333	NXF1/2/3/5 leucine-rich repeat domain
AJM1_N	0.0184	0.0199	0.0010	0.6667	AJM-1 N-terminal domain
MULE	0.0182	0.0062	0.0042	0.3333	MULE transposase domain
DUF1963	0.0179	0.0080	0.0046	0.3333	Domain of unknown function (DUF1963)
SPRTN_ZBD	0.0179	0.0080	0.0046	0.3333	Spartan-like zinc binding domain
Expansin_middle	0.0178	0.0112	0.0074	0.8333	Expansin-like protein middle domain
Pkr1	0.0171	0.0088	0.1299	0.2500	ER protein Pkr1
MMPL	0.0171	0.0198	0.0779	0.2500	MMPL family
Ribosomal_L37	0.0165	0.0056	0.0029	0.0833	Mitochondrial ribosomal protein L37
DUF8395	0.0165	0.0056	0.0029	0.0833	Domain of unknown function (DUF8395)
ComA	0.0164	0.0146	0.0078	0.1667	(2R)-phospho-3-sulfolactate synthase (ComA)
DUF4470	0.0164	0.0096	0.0083	0.1667	Domain of unknown function (DUF4470)
OHA	0.0164	0.0077	0.0041	0.5000	OST-HTH Associated domain
PTE	0.0164	0.0077	0.0041	0.5000	Phosphotriesterase family
TSAUCER_N	0.0164	0.0077	0.0041	0.5000	TSET complex tstB/TSAUCER-like N-terminal domain
FMN_bind_2	0.0163	0.0054	0.0029	0.0000	Putative FMN-binding domain
SH3_3	0.0162	0.0053	0.0029	0.0000	Bacterial SH3 domain
Zn_ribbon_TOP3B	0.0152	0.0121	0.0828	0.4167	DNA topoisomerase 3-beta zinc ribbon domain
MINDY-3_4_CD	0.0152	0.0110	0.0120	0.0000	Deubiquitinating enzyme MINDY-3/4, conserved domain
TPR_CFAP46_N	0.0146	0.0173	0.0115	0.0000	CFAP46, N-terminal TPR repeats
NAAA-beta	0.0131	0.0072	0.0039	0.0833	beta subunit of N-acylethanolamine-hydrolyzing acid amidase
Acetate_kinase	0.0131	0.0037	0.0039	0.3333	Acetokinase family
PDZ_6	0.0130	0.0080	0.0903	0.2500	PDZ domain
Flavodoxin_2	0.0127	0.0016	0.0411	0.2500	Flavodoxin-like fold
Ig_SMCHD1_8th	0.0120	0.0130	0.0010	0.0833	SMCHD1 Ig-like domain 8
Glyco_hydro_92	0.0112	0.0034	0.0067	0.3333	Glycosyl hydrolase family 92 catalytic domain
UIM_2	0.0111	0.0028	0.0021	0.2500	Ubiquitin interaction motif
Adenine_glyco	0.0104	0.0125	0.0030	0.5833	Methyladenine glycosylase
DUF7051	0.0102	0.0102	0.0294	0.0000	Domain of unknown function (DUF7051)
FAP206	0.0102	0.0102	0.0216	0.0000	Domain of unknown function
Ldh_2	0.0098	0.0065	0.0060	0.3333	Malate/L-lactate dehydrogenase
POR	0.0098	0.0065	0.0060	0.3333	Pyruvate ferredoxin/flavodoxin oxidoreductase
POR_N	0.0098	0.0065	0.0060	0.3333	Pyruvate flavodoxin/ferredoxin oxidoreductase, thiamine diP-bdg
SLX1_C	0.0098	0.0065	0.0060	0.3333	Structure-specific endonuclease subunit SLX1, C-terminal
PFOR_II	0.0098	0.0065	0.0060	0.3333	Pyruvate:ferredoxin oxidoreductase core domain II
OKR_DC_1	0.0098	0.0065	0.0060	0.3333	Orn/Lys/Arg decarboxylase, major domain
EKR	0.0098	0.0065	0.0060	0.3333	Domain of unknown function
PP2C_2	0.0090	0.0022	0.0029	0.3333	Protein phosphatase 2C
RicinB_lectin_2	0.0082	0.0023	0.0030	0.4167	Ricin-type beta-trefoil lectin domain-like
UBR4_TPR	0.0079	0.0070	0.0190	0.5833	E3 ubiquitin-protein ligase UBR4 TPR-like domain
UBR4_Ub	0.0079	0.0070	0.0190	0.5833	E3 ubiquitin-protein ligase UBR4 ubiquitin-like domain
E3_UbLigase_R4	0.0079	0.0070	0.0190	0.5833	E3 ubiquitin-protein ligase UBR4
RPAP1_N	0.0079	0.0070	0.0190	0.5833	RPAP1-like, N-terminal
MutS5_N	0.0079	0.0070	0.0190	0.5833	MutS5 N-terminal domain
Peptidase_S13	0.0079	0.0070	0.0190	0.5833	D-Ala-D-Ala carboxypeptidase 3 (S13) family
CDC37_M	0.0074	0.0049	0.0036	0.3333	Cdc37 Hsp90 binding domain
ANM3_C2H2_Zf	0.0074	0.0049	0.0036	0.3333	Protein arginine N-methyltransferase 3, C2H2 zinc finger domain
F_bP_aldolase	0.0074	0.0049	0.0036	0.3333	Fructose-bisphosphate aldolase class-II
DNA_pol_B_2	0.0074	0.0049	0.0036	0.3333	DNA polymerase type B, organellar and viral
CinA	0.0074	0.0049	0.0036	0.3333	CinA C-terminal domain
Glu_cyclase_2	0.0074	0.0049	0.0036	0.3333	Glutamine cyclotransferase
rhaM	0.0068	0.0082	0.0207	0.5833	L-rhamnose mutarotase
CHASE	0.0068	0.0082	0.0207	0.5833	CHASE domain
N1221	0.0068	0.0082	0.0207	0.5833	N1221-like protein
DUF6314	0.0068	0.0082	0.0207	0.5833	Family of unknown function (DUF6314)
TIR_2	0.0068	0.0082	0.0207	0.5833	TIR domain
A_deaminase_N	0.0068	0.0082	0.0207	0.5833	Adenosine/AMP deaminase N-terminal
SWIRM-assoc_2	0.0068	0.0082	0.0207	0.5833	SWIRM-associated domain at the N-terminal
LPMO_10	0.0068	0.0082	0.0207	0.5833	Lytic polysaccharide mono-oxygenase, cellulose-degrading
PAC1	0.0068	0.0082	0.0207	0.5833	Proteasome assembly chaperone 4
Glyco_hydro_7	0.0068	0.0082	0.0207	0.5833	Glycosyl hydrolase family 7
zf-C3H2C3	0.0055	0.0058	0.0034	0.0833	Zinc-finger
EGF_Tenascin	0.0045	0.0031	0.0009	0.4167	Tenascin EGF domain
TM7S3_TM198	0.0045	0.0031	0.0009	0.4167	TM7S3/TM198-like domain
Brr6_like_C_C	0.0045	0.0031	0.0009	0.4167	Di-sulfide bridge nucleocytoplasmic transport domain
ATG29_N	0.0045	0.0031	0.0009	0.4167	Atg29 N-terminal domain
Dickkopf_N	0.0045	0.0031	0.0009	0.4167	Dickkopf N-terminal cysteine-rich region
PAM2	0.0045	0.0031	0.0009	0.4167	Ataxin-2 C-terminal region
ATP18_TPR	0.0045	0.0019	0.0107	0.0000	ATP synthase subunit p18 TPR-like domain
VTC	0.0045	0.0019	0.0107	0.0000	VTC domain
DB_JBP1	0.0045	0.0019	0.0107	0.0000	Thymine dioxygenase JBP1 DNA-binding domain
Citrulline_exp	0.0045	0.0019	0.0107	0.0000	Probable citrulline exporter
Sulfotransfer_4	0.0045	0.0019	0.0107	0.0000	Sulfotransferase domain
RESC11	0.0045	0.0019	0.0107	0.0000	RESC11
NTF2_6	0.0045	0.0019	0.0107	0.0000	NTF2-like domain
Ig_CFAP74_1st	0.0045	0.0019	0.0107	0.0000	CFAP74 first Ig-like domain
DUF3586	0.0045	0.0019	0.0107	0.0000	Protein of unknown function (DUF3586)
CBP66_1st	0.0045	0.0019	0.0107	0.0000	Nuclear cap binding complex subunit CBP66 N-terminal domain
CBP66	0.0045	0.0019	0.0107	0.0000	Nuclear cap binding complex subunit CBP66 C-terminal region
tRNA_lig_CPD	0.0045	0.0019	0.0107	0.0000	Fungal tRNA ligase phosphodiesterase domain
ACAD9-ACADV_C	0.0045	0.0019	0.0107	0.0000	ACAD9/ACADV, C-terminal domain
zf-CW	0.0045	0.0019	0.0107	0.0000	CW-type Zinc Finger
CBP66_2nd	0.0045	0.0019	0.0107	0.0000	Nuclear cap binding complex subunit CBP66 second domain
GDT1	0.0045	0.0019	0.0107	0.0000	Divalent cation/proton antiporter GDT1
Tcp11	0.0045	0.0019	0.0107	0.0000	T-complex protein 11
EF-hand_EFHB_C	0.0045	0.0019	0.0107	0.0000	EFHB C-terminal EF-hand domain
PH_PIF6	0.0045	0.0019	0.0107	0.0000	PIF6 PH domain
PH_22	0.0045	0.0019	0.0107	0.0000	PH domain
DAGL_N	0.0045	0.0019	0.0107	0.0000	Diacylglycerol lipase N-terminal transmembrane region
DUF4456	0.0045	0.0019	0.0107	0.0000	Domain of unknown function (DUF4456)
XPB_C	0.0045	0.0019	0.0107	0.0000	XPB-like, C-terminal domain
RESC7	0.0045	0.0019	0.0107	0.0000	RNA-editing substrate-binding complex 7 protein
RESC9_N	0.0045	0.0019	0.0107	0.0000	RESC9 N-terminal region
Cwc21_C	0.0045	0.0019	0.0107	0.0000	Pre-mRNA-splicing factor Cwc21 C-terminal
RESC9_M	0.0045	0.0019	0.0107	0.0000	RESC9 middle region
BILBO1_N	0.0045	0.0019	0.0107	0.0000	BILBO1 N-terminal domain
CesT	0.0045	0.0019	0.0107	0.0000	Tir chaperone protein (CesT) family
DUF8489	0.0045	0.0019	0.0107	0.0000	Domain of unknown function (DUF8489)
CBP110	0.0045	0.0019	0.0107	0.0000	Nuclear cap binding complex subunit CBP110
zf_MP81	0.0045	0.0019	0.0107	0.0000	RNA editing complex structural subunit MP81, C2H2 zinc finger
Zn_ribbon_3CxxC	0.0045	0.0019	0.0107	0.0000	Zinc-binding domain
zf-CCHC_4	0.0044	0.0034	0.0397	0.1667	Zinc knuckle
Lactamase_B_3	0.0044	0.0034	0.0230	0.1667	Beta-lactamase superfamily domain
GSP_synth	0.0040	0.0003	0.0350	0.0000	Glutathionylspermidine synthase preATP-grasp
PEPCK_PPi_lobe_2	0.0040	0.0028	0.0038	0.2500	PPi-type phosphoenolpyruvate carboxykinase lobe 2 domain
HipN	0.0040	0.0028	0.0038	0.2500	Hsp70-interacting protein N N-terminal domain
PEPCK-like_mid	0.0040	0.0028	0.0038	0.2500	PEPCK-like middle domain
PEPCK_PPi_N	0.0040	0.0028	0.0038	0.2500	PPi-type PEPCK N-terminal domain
Rap1_C	0.0040	0.0028	0.0038	0.2500	TRF2-interacting telomeric protein/Rap1 - C terminal domain
PPi_PEPCK_C	0.0040	0.0028	0.0038	0.2500	PPi-PEPCK C-terminal domain
ThiI	0.0039	0.0017	0.0091	0.0000	Thiamine biosynthesis protein (ThiI)
Discoidin-inducing_B	0.0038	0.0013	0.0013	0.6667	Discoidin-inducing complex subunit B
TYW3	0.0037	0.0044	0.0052	0.0833	Methyltransferase TYW3
CEP104_N	0.0037	0.0044	0.0052	0.0833	Centrosomal protein CEP104, N-terminal domain
Nudc_N	0.0037	0.0044	0.0052	0.0833	N-terminal conserved domain of Nudc.
DUF4110	0.0037	0.0044	0.0052	0.0833	Domain of unknown function (DUF4110)
Wyosine_form	0.0037	0.0044	0.0052	0.0833	Wyosine base formation
LSM_LSM12_Trypanos	0.0037	0.0044	0.0052	0.0833	LSM12, LSM domain, fungi/Trypanosomatids
CEP104_ZnF	0.0037	0.0044	0.0052	0.0833	Centrosomal protein CEP104, ZnF
Dala_Dala_lig_C	0.0036	0.0021	0.0117	0.0833	D-ala D-ala ligase C-terminus
Glyco_hydro_94	0.0032	0.0016	0.0007	0.0000	Glycosyl hydrolase 94 superfamily, catalytic domain
DUF6581	0.0032	0.0016	0.0007	0.0000	Family of unknown function (DUF6581)
BIM1-like_dom	0.0032	0.0016	0.0007	0.0000	Copper acquisition factor BIM1-like
Antistasin	0.0032	0.0016	0.0007	0.0000	Antistasin family
DUF6691	0.0032	0.0016	0.0007	0.0000	Family of unknown function (DUF6691)
DnaB_C	0.0032	0.0016	0.0007	0.0000	DnaB-like helicase C terminal domain
DUF4396	0.0032	0.0016	0.0007	0.0000	Domain of unknown function (DUF4396)
DUF4386	0.0032	0.0016	0.0007	0.0000	Domain of unknown function (DUF4386)
AMP-dom_DIP2-like	0.0032	0.0016	0.0007	0.0000	Disco-interacting protein 2-like, AMP domain
ALK_LTK_GRD	0.0032	0.0016	0.0007	0.0000	ALK/LTK, Glycine-rich domain
DUF1152	0.0032	0.0016	0.0007	0.0000	Protein of unknown function (DUF1152)
ARM_PUB	0.0032	0.0016	0.0007	0.0000	Plant U-box protein ARM repeat region
WDR90_beta-prop_4th	0.0032	0.0016	0.0007	0.0000	WDR90, 4th beta-propeller
INTS7_C	0.0032	0.0016	0.0007	0.0000	Integrator complex subunit 7, C-terminal domain
TPR-like_Epg5	0.0032	0.0016	0.0007	0.0000	Epg5-like TPR-like
Cadherin_3	0.0032	0.0016	0.0007	0.0000	Cadherin-like
Fuseless	0.0032	0.0016	0.0007	0.0000	Fuseless
BKACE	0.0032	0.0016	0.0007	0.0000	beta-keto acid cleavage enzyme
Zn_ribbon_SprT	0.0032	0.0016	0.0007	0.0000	SprT-like zinc ribbon domain
OpuAC	0.0032	0.0016	0.0007	0.0000	Substrate binding domain of ABC-type glycine betaine transport system
RGM_C	0.0032	0.0016	0.0007	0.0000	Repulsive guidance molecule (RGM) C-terminal domain
Epg5_M_TPR	0.0032	0.0016	0.0007	0.0000	Epg5 middle TPR-like domain
SPEF2_C	0.0032	0.0016	0.0007	0.0000	SPEF2 C-terminal domain
BROMI_C	0.0032	0.0016	0.0007	0.0000	Broad-minded protein Rab TBC domain
PAPPA	0.0032	0.0016	0.0007	0.0000	Pappalysin-1, SD scarf domain, C-terminal
UPF0227	0.0032	0.0016	0.0007	0.0000	Uncharacterised protein family (UPF0227)
Exo_endo_phos_3	0.0032	0.0016	0.0007	0.0000	Endonuclease/Exonuclease/phosphatase family
TMEM43	0.0032	0.0016	0.0007	0.0000	Transmembrane protein 43
MAP10_N	0.0032	0.0016	0.0007	0.0000	Microtubule associated protein 10, N-terminal domain
RimB-like	0.0032	0.0016	0.0007	0.0000	Retropepsin-like aspartic endopeptidase RimB
Microtub_bind	0.0032	0.0016	0.0007	0.0000	Kinesin-associated microtubule-binding
Cytokin-bind	0.0032	0.0016	0.0007	0.0000	Cytokinin dehydrogenase 1, FAD and cytokinin binding
DUF5128	0.0032	0.0016	0.0007	0.0000	6-bladed beta-propeller
SLC12	0.0032	0.0016	0.0007	0.0000	Solute carrier family 12
TreT_GT1	0.0032	0.0016	0.0007	0.0000	Trehalose synthase, N-terminal domain
HXXEE	0.0032	0.0016	0.0007	0.0000	Protein of unknown function with HXXEE motif
BIR	0.0032	0.0016	0.0007	0.0000	Inhibitor of Apoptosis domain
Cadherin_4	0.0032	0.0016	0.0007	0.0000	Bacterial cadherin-like domain
CHDII_SANT-like	0.0032	0.0016	0.0007	0.0000	CHD subfamily II, SANT-like domain
Peptidase_S58	0.0032	0.0016	0.0007	0.0000	Peptidase family S58
DZIP1	0.0032	0.0016	0.0007	0.0000	Cilium assembly protein DZIP1 domain
CFAP77	0.0032	0.0016	0.0007	0.0000	Cilia- and flagella-associated protein 77
Nuc_deoxyri_tr2	0.0032	0.0016	0.0007	0.0000	Nucleoside 2-deoxyribosyltransferase like
TPR_Epg5_2	0.0032	0.0016	0.0007	0.0000	Epg5-like, TPR repeats
RLIG1	0.0032	0.0016	0.0007	0.0000	RNA ligase 1
AsnRS_N	0.0032	0.0016	0.0007	0.0000	Asparaginal-tRNA synthetase, N-terminal domain
DUF1757	0.0032	0.0016	0.0007	0.0000	Protein of unknown function (DUF1757)
Thiaminase_I-like_N	0.0032	0.0016	0.0007	0.0000	Thiaminase I-like, N-terminal domain
PapZ_C	0.0032	0.0016	0.0007	0.0000	RapZ C-terminal domain
PduV-EutP	0.0032	0.0016	0.0007	0.0000	Ethanolamine utilisation - propanediol utilisation
DUF3025	0.0032	0.0016	0.0007	0.0000	Protein of unknown function (DUF3025)
GH94_b-supersand	0.0032	0.0016	0.0007	0.0000	Glycosyl hydrolase 94, supersandwich domain
CEP135_TSGA10_CC	0.0032	0.0016	0.0007	0.0000	CEP135/TSGA10 coiled-coil
Glyco_hydro_108	0.0032	0.0016	0.0007	0.0000	Glycosyl hydrolase 108
Frtz	0.0032	0.0016	0.0007	0.0000	WD repeat-containing and planar cell polarity effector protein Fritz
DUF4241	0.0032	0.0016	0.0007	0.0000	Protein of unknown function (DUF4241)
TFIIB_C_2	0.0028	0.0014	0.0062	0.0000	Transcription factor IIB C-terminal module 2
DUF7759	0.0028	0.0014	0.0062	0.0000	Domain of unknown function (DUF7759)
DUF7881_C	0.0028	0.0014	0.0062	0.0000	Domain of unknown function (DUF7881) C-terminal domain
DUF8271	0.0028	0.0014	0.0062	0.0000	Domain of unknown function (DUF8271)
KAP_N	0.0028	0.0014	0.0062	0.0000	Kinetoplast-associated protein, N-terminal domain
DUF4471	0.0028	0.0014	0.0062	0.0000	Domain of unknown function (DUF4471)
DUF1930	0.0028	0.0014	0.0062	0.0000	Domain of unknown function (DUF1930)
DUF7881_N	0.0028	0.0014	0.0062	0.0000	Domain of unknown function (DUF7881) N-terminal domain
LRR_16	0.0028	0.0014	0.0062	0.0000	Leucine-rich repeat domain
X92_C	0.0028	0.0014	0.0062	0.0000	X92 C-terminal domain
META	0.0028	0.0014	0.0062	0.0000	META domain
Bmp	0.0027	0.0031	0.0087	0.5833	ABC transporter substrate-binding protein PnrA-like
Trehalase	0.0027	0.0031	0.0087	0.5833	Trehalase
DUF4286	0.0027	0.0031	0.0087	0.5833	Domain of unknown function (DUF4286)
Xan_ur_permease	0.0027	0.0031	0.0087	0.5833	Permease family
RelA_SpoT	0.0027	0.0031	0.0087	0.5833	Region found in RelA / SpoT proteins
TMEM260_N	0.0027	0.0031	0.0087	0.5833	Protein O-mannosyl-transferase TMEM260 N-terminal domain
MIF	0.0026	0.0030	0.0015	0.0833	Macrophage migration inhibitory factor (MIF)
Man-6-P_recep	0.0025	0.0004	0.0078	0.2500	Mannose-6-phosphate receptor
DUF4442	0.0022	0.0027	0.0002	0.0000	Domain of unknown function (DUF4442)
DUF1304	0.0022	0.0027	0.0002	0.0000	Protein of unknown function (DUF1304)
ApoL	0.0022	0.0027	0.0002	0.0000	Apolipoprotein L
Rimk_N	0.0022	0.0027	0.0002	0.0000	RimK PreATP-grasp domain
IpgD	0.0022	0.0027	0.0002	0.0000	Enterobacterial virulence protein IpgD
Beta-prop_WDR90_POC16_2nd	0.0022	0.0027	0.0002	0.0000	WDR90/POC16, second beta-propeller
CHASE4	0.0022	0.0027	0.0002	0.0000	CHASE4 domain
CathepsinC_exc	0.0022	0.0027	0.0002	0.0000	Cathepsin C exclusion domain
Cupin_3	0.0022	0.0027	0.0002	0.0000	EutQ-like cupin domain
Ependymin	0.0022	0.0027	0.0002	0.0000	Ependymin
DcpS	0.0022	0.0027	0.0002	0.0000	Scavenger mRNA decapping enzyme (DcpS) N-terminal
Zn_ribbon_13	0.0022	0.0027	0.0002	0.0000	Nucleic-acid-binding protein containing Zn-ribbon domain (DUF2082)
Ribosomal_L35p	0.0022	0.0027	0.0002	0.0000	Ribosomal protein L35
SNF	0.0022	0.0027	0.0002	0.0000	Sodium:neurotransmitter symporter family
Mg_trans_NIPA	0.0022	0.0027	0.0002	0.0000	Magnesium transporter NIPA
AS3MT_C	0.0022	0.0027	0.0002	0.0000	Arsenite methyltransferase C-terminal domain
Kazal_2	0.0022	0.0027	0.0002	0.0000	Kazal-type serine protease inhibitor domain
Cyclophil_like	0.0022	0.0027	0.0002	0.0000	Cyclophilin-like
TCAD9	0.0022	0.0027	0.0002	0.0000	Ternary complex associated domain 9
CENP-C_C	0.0022	0.0027	0.0002	0.0000	Mif2/CENP-C like
ACP_syn_III	0.0022	0.0027	0.0002	0.0000	3-Oxoacyl-[acyl-carrier-protein (ACP)] synthase III
Npun_R2479	0.0022	0.0027	0.0002	0.0000	Npun_R2479-like
Spec3	0.0022	0.0027	0.0002	0.0000	Ectodermal ciliogenesis protein
DUF6919	0.0022	0.0027	0.0002	0.0000	Domain of unknown function (DUF6919)
ELAPOR1_C	0.0022	0.0027	0.0002	0.0000	ELAPOR1-like, C-terminal domain
Ntox11	0.0022	0.0027	0.0002	0.0000	Novel toxin 11
Porph_assoc	0.0022	0.0027	0.0002	0.0000	Porphyranase-associated domain
Peptidase_M50B	0.0022	0.0027	0.0002	0.0000	Peptidase M50B-like
Glycoamylase	0.0022	0.0027	0.0002	0.0000	Putative glucoamylase
Fibrinogen_C	0.0022	0.0027	0.0002	0.0000	Fibrinogen beta and gamma chains, C-terminal globular domain
Glyco_hydro_30C	0.0022	0.0027	0.0002	0.0000	Glycosyl hydrolase family 30 beta sandwich domain
NIT	0.0022	0.0027	0.0002	0.0000	Nitrate and nitrite sensing
DUF2207	0.0022	0.0027	0.0002	0.0000	Predicted membrane protein (DUF2207) N-terminal domain
Glyco_transf_18	0.0022	0.0027	0.0002	0.0000	Glycosyltransferase family 18
Cadherin_5	0.0022	0.0027	0.0002	0.0000	Cadherin-like domain
Glyco_hydro_1	0.0022	0.0027	0.0002	0.0000	Glycosyl hydrolase family 1
TPX2_importin	0.0022	0.0027	0.0002	0.0000	Cell cycle regulated microtubule associated protein
Rxt3	0.0022	0.0027	0.0002	0.0000	Histone deacetylation protein Rxt3
YABBY	0.0022	0.0027	0.0002	0.0000	YABBY protein, C-terminal
XendoU	0.0022	0.0027	0.0002	0.0000	Endoribonuclease XendoU
YdjM	0.0022	0.0027	0.0002	0.0000	YdjM inner membrane protein
PrcB_C	0.0022	0.0027	0.0002	0.0000	PrcB C-terminal
TEN_NHL	0.0022	0.0027	0.0002	0.0000	Teneurin NHL domain
FAA_hydro_N_2	0.0022	0.0027	0.0002	0.0000	Fumarylacetoacetase N-terminal domain 2
Protoglobin	0.0022	0.0027	0.0002	0.0000	Protoglobin
Plant_NMP1	0.0022	0.0027	0.0002	0.0000	Plant nuclear matrix protein 1 (NMP1)
DUF3268	0.0022	0.0027	0.0002	0.0000	zinc-finger-containing domain
DUF3160	0.0022	0.0027	0.0002	0.0000	Protein of unknown function (DUF3160)
Csf1_N	0.0020	0.0021	0.0055	0.5833	Csf1 N-terminal region
AbpF_1st_Ig	0.0020	0.0021	0.0003	0.5833	AbpF first immunoglobulin-like domain
AbpF_7th_Ig	0.0020	0.0021	0.0003	0.5833	AbpF seventh immunoglobulin-like domain
AbpF_C_Ig	0.0020	0.0021	0.0003	0.5833	AbpF C-terminal domain
AbpF_3rd_Ig	0.0020	0.0021	0.0003	0.5833	AbpF third immunoglobulin-like domain
ABPF_N	0.0020	0.0021	0.0003	0.5833	Actin-binding protein F N-terminal domain
2-ph_phosp	0.0016	0.0006	0.0026	0.3333	2-phosphosulpholactate phosphatase
RNA_helicase	0.0015	0.0005	0.0026	0.3333	RNA helicase
ACCA	0.0009	0.0006	0.0016	0.2500	Acetyl co-enzyme A carboxylase carboxyltransferase-like
Gal_GalNac_35kD	0.0009	0.0006	0.0016	0.2500	Galactose-inhibitable lectin 35 kDa subunit
MIB_HERC2	0.0009	0.0006	0.0016	0.2500	Mib_herc2
AFT	0.0009	0.0006	0.0016	0.2500	Transcription factor AFT
SAM_HAT_N	0.0009	0.0006	0.0016	0.2500	SAM hydroxide adenosyltransferase N-terminal domain
SAM_HAT_C	0.0009	0.0006	0.0016	0.2500	SAM hydroxide adenosyltransferase C-terminal domain
vWA_HGL2	0.0009	0.0006	0.0016	0.2500	HGL2, vWA domain
Rcat_RNF216	0.0009	0.0006	0.0016	0.2500	RNF216 Rcat domain
HGL2_small	0.0009	0.0006	0.0016	0.2500	HGL2, small domain
HGL2_N	0.0009	0.0006	0.0016	0.2500	HGL2, N-terminal domain
HGL2_4th	0.0009	0.0006	0.0016	0.2500	HGL2, fourth domain
HGL2_M	0.0009	0.0006	0.0016	0.2500	HGL2, middle region
Myb_DNA-bind_4	0.0009	0.0006	0.0016	0.2500	Myb/SANT-like DNA-binding domain
HGL2_C	0.0009	0.0006	0.0016	0.2500	HGL2, C-terminal domain
HGL2_5th	0.0009	0.0006	0.0016	0.2500	HGL2, fifth domain
TM1586_NiRdase	0.0009	0.0006	0.0016	0.2500	Putative TM nitroreductase
FAR1	0.0009	0.0006	0.0016	0.2500	FAR1 DNA-binding domain
Fer4_10	0.0009	0.0006	0.0016	0.2500	4Fe-4S dicluster domain
ODP	0.0009	0.0006	0.0016	0.2500	ODP family beta lactamase
Alkyl_sulf_dimr	0.0009	0.0006	0.0016	0.2500	Alkyl sulfatase dimerisation
CBM_4_9	0.0009	0.0006	0.0016	0.2500	Carbohydrate binding domain
Methyltr_RsmF_N	0.0009	0.0006	0.0016	0.2500	N-terminal domain of 16S rRNA methyltransferase RsmF
RUBY_RBDX	0.0009	0.0006	0.0016	0.2500	Rubrerythrin, rubredoxin-like domain
OKR_DC_1_C	0.0009	0.0006	0.0016	0.2500	Orn/Lys/Arg decarboxylase, C-terminal domain
Fer2_BFD	0.0009	0.0006	0.0016	0.2500	BFD-like [2Fe-2S] binding domain
Chitin_synth_2	0.0009	0.0006	0.0016	0.2500	Chitin synthase
EhRGS-RhoGEF_PH-like	0.0009	0.0006	0.0016	0.2500	EhRGS-RhoGEF PH domain-like
Sigma54_activ_2	0.0009	0.0006	0.0016	0.2500	Sigma-54 interaction domain
Alkyl_sulf_C	0.0009	0.0006	0.0016	0.2500	Alkyl sulfatase C-terminal
DUF1667	0.0009	0.0006	0.0016	0.2500	Protein of unknown function (DUF1667)
ManC_GMP_beta-helix	0.0009	0.0006	0.0016	0.2500	MannoseP isomerase/GMP-like beta-helix domain
MamF_MmsF	0.0009	0.0006	0.0016	0.2500	Magnetosome magnetite crystal formation protein family
FTCD	0.0007	0.0003	0.0002	0.5833	Formiminotransferase domain
UCP031277	0.0007	0.0003	0.0002	0.5833	Uncharacterised conserved protein UCP031277
FNIP	0.0007	0.0003	0.0002	0.5833	FNIP Repeat
THAP4_heme-bd	0.0007	0.0003	0.0002	0.5833	THAP4-like, heme-binding beta-barrel domain
PH_TFIIH	0.0007	0.0003	0.0002	0.5833	TFIIH p62 subunit, N-terminal domain
PH_42	0.0007	0.0003	0.0002	0.5833	Dictyostelia PH domain-like
FTCD_N	0.0007	0.0003	0.0002	0.5833	Formiminotransferase domain, N-terminal subdomain
UBA_DHX29	0.0007	0.0003	0.0002	0.5833	ATP-dependent RNA helicase DHX29, UBA domain
DDB_G0285495_M	0.0007	0.0003	0.0002	0.5833	DDB_G0285495 middle domain
FTCD_C	0.0007	0.0003	0.0002	0.5833	Formiminotransferase-cyclodeaminase
DDB_G0285495_C	0.0007	0.0003	0.0002	0.5833	DDB_G0285495 C-terminal domain
Chromosome_seg	0.0007	0.0003	0.0002	0.5833	Chromosome segregation during meiosis
Dicty_spore_N	0.0007	0.0003	0.0002	0.5833	Dictyostelium spore coat protein, N terminus
ShkE_N	0.0007	0.0003	0.0002	0.5833	ShkE, N-terminal domain
Helical_RasGEFs	0.0007	0.0003	0.0002	0.5833	RasGEFs all helical domain
DUF6748	0.0007	0.0003	0.0002	0.5833	Domain of unknown function (DUF6748)
DUF7949	0.0007	0.0003	0.0002	0.5833	Domain of unknown function (DUF7949)
DUF7743	0.0007	0.0003	0.0002	0.5833	Domain of unknown function (DUF7743)
Ocnus	0.0007	0.0003	0.0002	0.5833	Janus/Ocnus family (Ocnus)
UnbV_ASPIC	0.0007	0.0003	0.0002	0.5833	ASPIC and UnbV
UBR4	0.0007	0.0003	0.0002	0.5833	E3 ubiquitin-protein ligase UBR4-like domain
LIM_bind	0.0007	0.0003	0.0002	0.5833	LIM-domain binding protein
SLT	0.0007	0.0003	0.0002	0.5833	Transglycosylase SLT domain
Ependymin_amoebozoa	0.0007	0.0003	0.0002	0.5833	Ependymin domain, amoebozoa
PP_kinase	0.0007	0.0003	0.0002	0.5833	Polyphosphate kinase middle domain
Lunapark_N	0.0007	0.0003	0.0002	0.5833	Lunapark N-terminal membrane domain
DUF2043	0.0007	0.0003	0.0002	0.5833	Uncharacterized conserved protein (DUF2043)
zf-C2H2_15	0.0007	0.0003	0.0002	0.5833	C2H2 zinc finger
DDB_G0289901_N	0.0007	0.0003	0.0002	0.5833	DDB_G0289901 N-terminal domain
DDB_G0293016	0.0007	0.0003	0.0002	0.5833	Uncharacterised protein DDB_G0293016
TSP1_ADAMTS	0.0007	0.0003	0.0002	0.5833	Thrombospondin type 1 domain
6TM_1st_PGAP2IP	0.0007	0.0003	0.0002	0.5833	PGAP2IP, first transmembrane domain
FlK	0.0007	0.0003	0.0002	0.5833	Fluoroacetyl-CoA-specific thioesterase
Fz_Smo_sans_CRD_N	0.0007	0.0003	0.0002	0.5833	Frizzled/Smoothened-like sans CRD N-terminal domain
Peptidase_M66	0.0007	0.0003	0.0002	0.5833	Peptidase M66
DdMyo7_FERM	0.0007	0.0003	0.0002	0.5833	DdMyo7 FERM domain
AlyA	0.0007	0.0003	0.0002	0.5833	Lysozyme A
Det1	0.0007	0.0003	0.0002	0.5833	De-etiolated protein 1 Det1
Glyco_hydro_9	0.0007	0.0003	0.0002	0.5833	Glycosyl hydrolase family 9
TPR_RPAP1	0.0007	0.0003	0.0002	0.5833	RNA polymerase II-associated protein 1, TPR repeats
DUF7035	0.0007	0.0003	0.0002	0.5833	Domain of unknown function (DUF7035)
PHDvar_NSD	0.0007	0.0003	0.0002	0.5833	Histone-lysine N-methyltransferase NSD-like, variant PHD zinc finger
Nucleolin_bd	0.0007	0.0003	0.0002	0.5833	Nucleolin binding domain
Cybc1_Eros	0.0007	0.0003	0.0002	0.5833	Cytochrome b-245 chaperone 1 / Eros
Endotoxin_N	0.0007	0.0003	0.0002	0.5833	delta endotoxin, N-terminal domain
DD3_C	0.0007	0.0003	0.0002	0.5833	DD3-3 C-terminal transmembrane region
NAT	0.0007	0.0003	0.0002	0.5833	NAT, N-acetyltransferase, of N-acetylglutamate synthase
DUF6081	0.0007	0.0003	0.0002	0.5833	Family of unknown function (DUF6081)
SP85_N	0.0007	0.0003	0.0002	0.5833	SP85-like N-terminal domain
ChAPs	0.0007	0.0003	0.0002	0.5833	ChAPs (Chs5p-Arf1p-binding proteins)
Semialdhyde_dhC_1	0.0007	0.0003	0.0002	0.5833	Semialdehyde dehydrogenase, dimerisation domain
Nnf1	0.0007	0.0003	0.0002	0.5833	Nnf1
Nse4-Nse3_bdg	0.0007	0.0003	0.0002	0.5833	Binding domain of Nse4/EID3 to Nse3-MAGE
Sulfotransfer_2	0.0007	0.0003	0.0002	0.5833	Sulfotransferase family
MYRF_ICA	0.0007	0.0003	0.0002	0.5833	Myelin regulatory factor ICA domain
ForC_N	0.0007	0.0003	0.0002	0.5833	Formin C, N-terminal domain
DUF7034	0.0007	0.0003	0.0002	0.5833	Domain of unknown function (DUF7034)
DUF4210	0.0007	0.0003	0.0002	0.5833	Domain of unknown function (DUF4210)
vWA_SIBA-E	0.0007	0.0003	0.0002	0.5833	Integrin beta-like protein A-E, vWA-like
ALMT	0.0007	0.0003	0.0002	0.5833	Aluminium activated malate transporter
PP_kinase_C_1	0.0007	0.0003	0.0002	0.5833	Polyphosphate kinase C-terminal domain 1
PP_kinase_N	0.0007	0.0003	0.0002	0.5833	Polyphosphate kinase N-terminal domain
PP_kinase_C	0.0007	0.0003	0.0002	0.5833	Polyphosphate kinase C-terminal domain 2
zf-C4H2	0.0007	0.0003	0.0002	0.5833	Zinc finger-containing protein
Piezo_TM1-24	0.0007	0.0003	0.0002	0.5833	Piezo TM1-24
Leg1	0.0007	0.0003	0.0002	0.5833	Leg1
DUF1365	0.0007	0.0003	0.0002	0.5833	Protein of unknown function (DUF1365)
Membrane_bind	0.0007	0.0003	0.0002	0.5833	Membrane binding
ColD_2nd_Ig	0.0007	0.0003	0.0002	0.5833	Colossin-D second immunoglobulin-like domain
F_actin_bind	0.0007	0.0003	0.0002	0.5833	F-actin binding
ComC_SSD	0.0007	0.0003	0.0002	0.5833	ComC, supersandwich domain
ArgJ	0.0007	0.0003	0.0002	0.5833	ArgJ family
Cortex-I_coil	0.0007	0.0003	0.0002	0.5833	Cortexillin coiled-coil region
Coiled	0.0007	0.0003	0.0002	0.5833	Coiled coil
Dynein_IC2	0.0007	0.0003	0.0002	0.5833	Cytoplasmic dynein 1 intermediate chain 2
IML1_N	0.0007	0.0003	0.0002	0.5833	IML1 N-terminal double psi beta barrel domain
Vanin_C	0.0007	0.0003	0.0002	0.5833	Vanin C-terminal domain
ILEI	0.0007	0.0003	0.0002	0.5833	Interleukin-like EMT inducer
Cep192_D5	0.0007	0.0003	0.0002	0.5833	Cep192 domain 5
DUF1861	0.0005	0.0002	0.0005	0.0000	Protein of unknown function (DUF1861)
DUF4996	0.0005	0.0002	0.0005	0.0000	Domain of unknown function
3-PAP	0.0004	0.0001	0.0002	0.0000	Myotubularin-associated protein
TMEM65	0.0001	0.0000	0.0030	0.0000	Transmembrane protein 65
TylF	0.0001	0.0000	0.0030	0.0000	Macrocin-O-methyltransferase (TylF)
PriCT_2	0.0001	0.0000	0.0030	0.0000	Primase C terminal 2 (PriCT-2)
FCaBP_EF-hand	0.0001	0.0000	0.0030	0.0000	FCaBP EF-hand domain
MRP	0.0001	0.0000	0.0030	0.0000	Mitochondrial RNA binding protein MRP
Pdase_M17_N2	0.0001	0.0000	0.0030	0.0000	M17 aminopeptidase N-terminal domain 2
DUF4379	0.0001	0.0000	0.0030	0.0000	Probable Treble clef zinc finger domain
zf-KKT2_KKT3	0.0001	0.0000	0.0030	0.0000	KKT2/KKT3 zinc finger domain
PPL5	0.0001	0.0000	0.0030	0.0000	Prim-pol family 5
PSP1	0.0001	0.0000	0.0030	0.0000	PSP1 C-terminal conserved region
MIX	0.0001	0.0000	0.0030	0.0000	Mitochondrial membrane-anchored proteins
Tc-38	0.0001	0.0000	0.0030	0.0000	Trypanosoma Tc-38 (p38) protein
PRORP	0.0001	0.0000	0.0030	0.0000	Protein-only RNase P
DUF3456	0.0001	0.0000	0.0030	0.0000	TLR4 regulator and MIR-interacting MSAP
Flagellar_rod	0.0001	0.0000	0.0030	0.0000	Paraflagellar rod protein
PH_31	0.0001	0.0000	0.0030	0.0000	PH-like domain
PIF8_C	0.0001	0.0000	0.0030	0.0000	ATP-dependent DNA helicase-like PIF8, C-terminal domain
PH_30	0.0001	0.0000	0.0030	0.0000	Kinetoplastid PH-like domain
Amastin	0.0001	0.0000	0.0030	0.0000	Amastin surface glycoprotein
TPM_phosphatase	0.0001	0.0000	0.0030	0.0000	TPM domain
RESC1_2	0.0001	0.0000	0.0030	0.0000	RESC1/2 CYTH-like domain
OB_MP81	0.0001	0.0000	0.0030	0.0000	MP81-like, OB fold domain
Ret2_MD	0.0001	0.0000	0.0030	0.0000	RNA editing 3' terminal uridylyl transferase 2 middle domain
HNH	0.0001	0.0000	0.0030	0.0000	HNH endonuclease
RESC8	0.0001	0.0000	0.0030	0.0000	RNA-editing substrate-binding complex 8 protein
Acyl-CoA_dh_C	0.0001	0.0000	0.0030	0.0000	Acetyl-CoA dehydrogenase C-terminal like
RESC10	0.0001	0.0000	0.0030	0.0000	RNA-editing substrate-binding complex 10 protein
DUF7623	0.0001	0.0000	0.0030	0.0000	Domain of unknown function (DUF7623)
Zn_ribbon_tTFIIB	0.0001	0.0000	0.0030	0.0000	Transcription factor IIB, zinc ribbon, Trypanosome
DUF7353	0.0001	0.0000	0.0030	0.0000	Domain of unknown function (DUF7353)
RESC5	0.0001	0.0000	0.0030	0.0000	RNA-editing substrate-binding complex 5 protein
HAD_SAK_2	0.0001	0.0000	0.0030	0.0000	HAD domain in Swiss Army Knife RNA repair proteins
BT1	0.0001	0.0000	0.0030	0.0000	BT1 family
RESC6	0.0001	0.0000	0.0030	0.0000	RNA-editing substrate-binding complex 6 protein
FAZ1_cons	0.0001	0.0000	0.0030	0.0000	FAZ1, conserved domain
DUF8343	0.0001	0.0000	0.0030	0.0000	Domain of unknown function (DUF8343)
DUF1935	0.0001	0.0000	0.0030	0.0000	Domain of unknown function (DUF1935)
DUF2779	0.0001	0.0000	0.0030	0.0000	Domain of unknown function (DUF2779)
DUF8554	0.0001	0.0000	0.0030	0.0000	Domain of unknown function (DUF8554)
YALI	0.0001	0.0000	0.0030	0.0000	Uncharacterised Trypanosomatid YALI
TFIIB_C_1	0.0001	0.0000	0.0030	0.0000	Transcription factor IIB C-terminal module 1
DUF8342	0.0001	0.0000	0.0030	0.0000	Domain of unknown function (DUF8342)
Glyco_transf_11	0.0001	0.0000	0.0030	0.0000	Glycosyl transferase family 11
CHAP	0.0001	0.0000	0.0030	0.0000	CHAP domain
PIF8_N	0.0001	0.0000	0.0030	0.0000	PIF8 N-terminal domain
mS65	0.0001	0.0000	0.0030	0.0000	mS65 domain
WD40_CFAP43	0.0001	0.0000	0.0030	0.0000	CFAP43, WD40 domain
ApbE	0.0001	0.0000	0.0030	0.0000	ApbE family
dUTPase_2	0.0001	0.0000	0.0030	0.0000	dUTPase
LSM12_C	0.0001	0.0000	0.0030	0.0000	LSM12 C-terminal domain
CFAP410_C	0.0001	0.0000	0.0030	0.0000	CFAP410 C-terminal domain
DSRM_REH2	0.0001	0.0000	0.0030	0.0000	REH2 DRSM domain
AKLP2_N	0.0001	0.0000	0.0030	0.0000	Inactive adenylate kinase_N
LmjF365940-deam	0.0001	0.0000	0.0030	0.0000	LmjF365940 subfamily CDD/CDA-like deaminase
DUF1796	0.0001	0.0000	0.0030	0.0000	Putative papain-like cysteine peptidase (DUF1796)
NTF2_5	0.0001	0.0000	0.0030	0.0000	NTF2-like domain
NTF2_MEX67	0.0001	0.0000	0.0030	0.0000	MEX67-like, NTF2-like domain
