family	posterior	model_sd	tree_sd	share_of_clade_tips_today	description
zf-RING_UBOX	0.9999	0.0000	0.0000	1.0000	RING-type zinc-finger
AAA_2	0.9999	0.0000	0.0000	1.0000	AAA domain (Cdc48 subfamily)
Peptidase_S9	0.9999	0.0000	0.0000	1.0000	Prolyl oligopeptidase family
PseudoU_synth_2	0.9999	0.0000	0.0000	1.0000	RNA pseudouridylate synthase
ADH_zinc_N	0.9999	0.0000	0.0000	1.0000	Zinc-binding dehydrogenase
ADK	0.9999	0.0000	0.0000	1.0000	Adenylate kinase
GED	0.9999	0.0000	0.0000	1.0000	Dynamin GTPase effector domain
Sod_Fe_C	0.9999	0.0000	0.0000	1.0000	Iron/manganese superoxide dismutases, C-terminal domain
tRNA-synt_1c	0.9999	0.0000	0.0000	1.0000	tRNA synthetases class I (E and Q), catalytic domain
tRNA-synt_1g	0.9999	0.0000	0.0000	1.0000	tRNA synthetases class I (M)
ADH_N	0.9999	0.0000	0.0000	1.0000	Alcohol dehydrogenase GroES-like domain
RCC1	0.9999	0.0000	0.0000	1.0000	Regulator of chromosome condensation (RCC1) repeat
PhoLip_ATPase_C	0.9999	0.0000	0.0000	1.0000	Phospholipid-translocating P-type ATPase C-terminal
tRNA-synt_His	0.9999	0.0000	0.0000	1.0000	Histidyl-tRNA synthetase
tRNA-synt_2d	0.9999	0.0000	0.0000	1.0000	tRNA synthetases class II core domain (F)
KOW	0.9999	0.0000	0.0000	1.0000	KOW motif
IPPT	0.9999	0.0000	0.0000	1.0000	IPP transferase
malic	0.9999	0.0000	0.0000	1.0000	Malic enzyme, N-terminal domain
polyprenyl_synt	0.9999	0.0000	0.0000	1.0000	Polyprenyl synthetase
tRNA-synt_1	0.9999	0.0000	0.0000	1.0000	tRNA synthetases class I (I, L, M and V)
tRNA-synt_1b	0.9999	0.0000	0.0000	1.0000	tRNA synthetases class I (W and Y)
AAA_lid_9	0.9999	0.0000	0.0000	1.0000	AAA lid domain
40S_S4_C	0.9999	0.0000	0.0000	1.0000	40S ribosomal protein S4 C-terminus
AAA_28	0.9999	0.0000	0.0000	1.0000	AAA domain
AAA_23	0.9999	0.0000	0.0000	1.0000	AAA domain
tRNA_anti-codon	0.9999	0.0000	0.0000	1.0000	OB-fold nucleic acid binding domain
tRNA_U5-meth_tr	0.9999	0.0000	0.0000	1.0000	tRNA (Uracil-5-)-methyltransferase
tRNA_SAD	0.9999	0.0000	0.0000	1.0000	Threonyl and Alanyl tRNA synthetase second additional domain
adh_short	0.9999	0.0000	0.0000	1.0000	short chain dehydrogenase
Ribosomal_L22	0.9999	0.0000	0.0000	1.0000	Ribosomal protein L22p/L17e
Ribosomal_L23	0.9999	0.0000	0.0000	1.0000	Ribosomal protein L23
Ribosomal_L24e	0.9999	0.0000	0.0000	1.0000	Ribosomal protein L24e
Ribosomal_L27A	0.9999	0.0000	0.0000	1.0000	Ribosomal proteins 50S-L15, 50S-L18e, 60S-L27A
M16C_assoc	0.9999	0.0000	0.0000	1.0000	Peptidase M16C associated
HSP20	0.9999	0.0000	0.0000	1.0000	Hsp20/alpha crystallin family
Ribosom_S12_S23	0.9999	0.0000	0.0000	1.0000	Ribosomal protein S12/S23
Ribosomal_60s	0.9999	0.0000	0.0000	1.0000	60s Acidic ribosomal protein
Ribosomal_L1	0.9999	0.0000	0.0000	1.0000	Ribosomal protein L1p/L10e family
Ribosomal_L10	0.9999	0.0000	0.0000	1.0000	Ribosomal protein L10
Ribosomal_L18	0.9999	0.0000	0.0000	1.0000	Ribosomal protein 60S L18 and 50S L18e
HGTP_anticodon	0.9999	0.0000	0.0000	1.0000	Anticodon binding domain
MMR_HSR1	0.9999	0.0000	0.0000	1.0000	50S ribosome-binding GTPase
Acetyltransf_1	0.9999	0.0000	0.0000	1.0000	Acetyltransferase (GNAT) family
Lyase_1	0.9999	0.0000	0.0000	1.0000	Lyase
Ras	0.9999	0.0000	0.0000	1.0000	Ras family
RabGAP-TBC	0.9999	0.0000	0.0000	1.0000	Rab-GTPase-TBC domain
RRM_1	0.9999	0.0000	0.0000	1.0000	RNA recognition motif
Dus	0.9999	0.0000	0.0000	1.0000	Dihydrouridine synthase (Dus)
Rhodanese	0.9999	0.0000	0.0000	1.0000	Rhodanese-like domain
Ribos_L4_asso_C	0.9999	0.0000	0.0000	1.0000	60S ribosomal protein L4 C-terminal domain
Aminotran_1_2	0.9999	0.0000	0.0000	1.0000	Aminotransferase class I and II
Aminotran_4	0.9999	0.0000	0.0000	1.0000	Amino-transferase class IV
Aminotran_5	0.9999	0.0000	0.0000	1.0000	Aminotransferase class-V
Ank_2	0.9999	0.0000	0.0000	1.0000	Ankyrin repeats (3 copies)
Anticodon_1	0.9999	0.0000	0.0000	1.0000	Anticodon-binding domain of tRNA ligase
TPR_16	0.9999	0.0000	0.0000	1.0000	Tetratricopeptide repeat
TGT	0.9999	0.0000	0.0000	1.0000	Queuine tRNA-ribosyltransferase
DnaJ	0.9999	0.0000	0.0000	1.0000	DnaJ domain
DnaJ_C	0.9999	0.0000	0.0000	1.0000	DnaJ C terminal domain
DnaJ_CXXCXGXG	0.9999	0.0000	0.0000	1.0000	DnaJ central domain
Peptidase_C48	0.9999	0.0000	0.0000	1.0000	Ulp1 protease family, C-terminal catalytic domain
Toprim	0.9999	0.0000	0.0000	1.0000	Toprim domain
S4	0.9999	0.0000	0.0000	1.0000	S4 domain
DAO	0.9999	0.0000	0.0000	1.0000	FAD dependent oxidoreductase
Ribosomal_S7e	0.9999	0.0000	0.0000	1.0000	Ribosomal protein S7e
Ribosomal_S8e	0.9999	0.0000	0.0000	1.0000	Ribosomal protein S8e
Ribosomal_S9	0.9999	0.0000	0.0000	1.0000	Ribosomal protein S9/S16
IF-2	0.9999	0.0000	0.0000	1.0000	Translation-initiation factor 2
RrnaAD	0.9999	0.0000	0.0000	1.0000	Ribosomal RNA adenine dimethylase
MutS_III	0.9999	0.0000	0.0000	1.0000	MutS domain III
MutS_IV	0.9999	0.0000	0.0000	1.0000	MutS family domain IV
MutS_V	0.9999	0.0000	0.0000	1.0000	MutS domain V
Mito_carr	0.9999	0.0000	0.0000	1.0000	Mitochondrial carrier protein
TatD_DNase	0.9999	0.0000	0.0000	1.0000	TatD related DNase
Exo_endo_phos	0.9999	0.0000	0.0000	1.0000	Endonuclease/Exonuclease/phosphatase family
PK	0.9999	0.0000	0.0000	1.0000	Pyruvate kinase, barrel domain
PH_BEACH	0.9999	0.0000	0.0000	1.0000	PH domain associated with Beige/BEACH
Cpn60_TCP1	0.9999	0.0000	0.0000	1.0000	TCP-1/cpn60 chaperonin family
Myb_DNA-binding	0.9999	0.0000	0.0000	1.0000	Myb-like DNA-binding domain
Biotin_lipoyl	0.9999	0.0000	0.0000	1.0000	Biotin-requiring enzyme
Bromodomain	0.9999	0.0000	0.0000	1.0000	Bromodomain
Cyclin_N	0.9999	0.0000	0.0000	1.0000	Cyclin, N-terminal domain
TrmO_N	0.9999	0.0000	0.0000	1.0000	tRNA-methyltransferase O N-terminal domain
BPL_LplA_LipB	0.9999	0.0000	0.0000	1.0000	Biotin/lipoate A/B protein ligase family
Ribosomal_S3Ae	0.9999	0.0000	0.0000	1.0000	Ribosomal S3Ae family
Ribosomal_S4	0.9999	0.0000	0.0000	1.0000	Ribosomal protein S4/S9 N-terminal domain
Ribosomal_S4e	0.9999	0.0000	0.0000	1.0000	Ribosomal family S4e
Ribosomal_S5	0.9999	0.0000	0.0000	1.0000	Ribosomal protein S5, N-terminal domain
Ribosomal_S5_C	0.9999	0.0000	0.0000	1.0000	Ribosomal protein S5, C-terminal domain
DHHC	0.9999	0.0000	0.0000	1.0000	DHHC palmitoyltransferase
Peptidase_M24	0.9999	0.0000	0.0000	1.0000	Metallopeptidase family M24
Peptidase_M3	0.9999	0.0000	0.0000	1.0000	Peptidase family M3
LIDHydrolase	0.9999	0.0000	0.0000	1.0000	Lipid-droplet associated hydrolase
LRR_1	0.9999	0.0000	0.0000	1.0000	Leucine Rich Repeat
Metallophos_2	0.9999	0.0000	0.0000	1.0000	Calcineurin-like phosphoesterase superfamily domain
Methyltr_RsmB-F	0.9999	0.0000	0.0000	1.0000	16S rRNA methyltransferase RsmB/F
Methyltransf_11	0.9999	0.0000	0.0000	1.0000	Methyltransferase domain
Methyltransf_16	0.9999	0.0000	0.0000	1.0000	Lysine methyltransferase
Ribosomal_S17	0.9999	0.0000	0.0000	1.0000	Ribosomal protein S17
Ribosomal_S17_N	0.9999	0.0000	0.0000	1.0000	Ribosomal_S17 N-terminal
Ribosomal_S19	0.9999	0.0000	0.0000	1.0000	Ribosomal protein S19
Ribosomal_S26e	0.9999	0.0000	0.0000	1.0000	Ribosomal protein S26e
Ribosomal_S27	0.9999	0.0000	0.0000	1.0000	Ribosomal protein S27a
Peptidase_M16	0.9999	0.0000	0.0000	1.0000	Insulinase (Peptidase family M16)
Peptidase_M16_C	0.9999	0.0000	0.0000	1.0000	Peptidase M16 inactive domain
Beach	0.9999	0.0000	0.0000	1.0000	Beige/BEACH domain
Thioredoxin	0.9999	0.0000	0.0000	1.0000	Thioredoxin
TTL	0.9999	0.0000	0.0000	1.0000	Tubulin-tyrosine ligase family
DEAD	0.9999	0.0000	0.0000	1.0000	DEAD/DEAH box helicase
Ribosomal_S11	0.9999	0.0000	0.0000	1.0000	Ribosomal protein S11
Ribosomal_S13	0.9999	0.0000	0.0000	1.0000	Ribosomal protein S13/S18
Ribosomal_S13_N	0.9999	0.0000	0.0000	1.0000	Ribosomal S13/S15 N-terminal domain
Ribosomal_S15	0.9999	0.0000	0.0000	1.0000	Ribosomal protein S15
Dynamin_M	0.9999	0.0000	0.0000	1.0000	Dynamin central region
Dynamin_N	0.9999	0.0000	0.0000	1.0000	Dynamin family
E1-E2_ATPase	0.9999	0.0000	0.0000	1.0000	P-type ATPase actuator domain
ParA	0.9999	0.0000	0.0000	1.0000	NUBPL iron-transfer P-loop NTPase
Ribosomal_L14	0.9999	0.0000	0.0000	1.0000	Ribosomal protein L14p/L23e
Ribosomal_L14e	0.9999	0.0000	0.0000	1.0000	Ribosomal protein L14
Ribosomal_L15e	0.9999	0.0000	0.0000	1.0000	Ribosomal L15
DNA_gyraseB	0.9999	0.0000	0.0000	1.0000	DNA gyrase B
DNA_ligase_A_C	0.9999	0.0000	0.0000	1.0000	ATP dependent DNA ligase C terminal region
DNA_ligase_A_M	0.9999	0.0000	0.0000	1.0000	ATP dependent DNA ligase domain
DNA_ligase_A_N	0.9999	0.0000	0.0000	1.0000	DNA ligase N terminus
DNA_pol_A	0.9999	0.0000	0.0000	1.0000	DNA polymerase family A
LRR_6	0.9999	0.0000	0.0000	1.0000	Leucine Rich repeat
LRR_8	0.9999	0.0000	0.0000	1.0000	Leucine rich repeat
Ribosomal_L36e	0.9999	0.0000	0.0000	1.0000	Ribosomal protein L36e
Ribosomal_L4	0.9999	0.0000	0.0000	1.0000	Ribosomal protein L4/L1 family
Ribosomal_L5	0.9999	0.0000	0.0000	1.0000	Ribosomal protein L5
Ribosomal_L5_C	0.9999	0.0000	0.0000	1.0000	ribosomal L5P family C-terminus
Ribosomal_L6	0.9999	0.0000	0.0000	1.0000	Ribosomal protein L6
Ribosomal_L6e	0.9999	0.0000	0.0000	1.0000	Ribosomal protein L6e
Ribosomal_L7Ae	0.9999	0.0000	0.0000	1.0000	Ribosomal protein L7Ae/L30e/S12e/Gadd45 family
Topoisom_bac	0.9999	0.0000	0.0000	1.0000	DNA topoisomerase
Transket_pyr	0.9999	0.0000	0.0000	1.0000	Transketolase, pyrimidine binding domain
DJ-1_PfpI	0.9999	0.0000	0.0000	1.0000	DJ-1/PfpI family
Ribosomal_L2_C	0.9999	0.0000	0.0000	1.0000	Ribosomal Proteins L2, C-terminal domain
Ribosomal_L2_N	0.9999	0.0000	0.0000	1.0000	Ribosomal Proteins L2, RNA binding N-terminal domain
Ribosomal_L3	0.9999	0.0000	0.0000	1.0000	Ribosomal protein L3
Ribosomal_L32e	0.9999	0.0000	0.0000	1.0000	Ribosomal protein L32
Ribosomal_L35Ae	0.9999	0.0000	0.0000	1.0000	Ribosomal protein L35Ae
ATP-synt_VA_C	0.9999	0.0000	0.0000	1.0000	C-terminal domain of V and A type ATP synthase
ATP-synt_ab	0.9999	0.0000	0.0000	1.0000	ATP synthase alpha/beta family, nucleotide-binding domain
ATP-synt_ab_N	0.9999	0.0000	0.0000	1.0000	ATP synthase alpha/beta family, beta-barrel domain
ATP_bind_3	0.9999	0.0000	0.0000	1.0000	PP-loop domain
Aa_trans	0.9999	0.0000	0.0000	1.0000	Transmembrane amino acid transporter protein
Abhydrolase_1	0.9999	0.0000	0.0000	1.0000	alpha/beta hydrolase fold
Ribosomal_L29	0.9999	0.0000	0.0000	1.0000	Ribosomal L29 protein
Ribosomal_L13e	0.9999	0.0000	0.0000	1.0000	Ribosomal protein L13e
WD40	0.9999	0.0000	0.0000	1.0000	WD domain, G-beta repeat
Helicase_C	0.9999	0.0000	0.0000	1.0000	Helicase conserved C-terminal domain
HhH-GPD	0.9999	0.0000	0.0000	1.0000	HhH-GPD superfamily base excision DNA repair protein
Lactamase_B	0.9999	0.0000	0.0000	1.0000	Metallo-beta-lactamase superfamily
Lactamase_B_2	0.9999	0.0000	0.0000	1.0000	Beta-lactamase superfamily domain
Ldh_1_C	0.9999	0.0000	0.0000	1.0000	lactate/malate dehydrogenase, alpha/beta C-terminal domain
Ldh_1_N	0.9999	0.0000	0.0000	1.0000	lactate/malate dehydrogenase, NAD binding domain
UVB_sens_prot	0.9999	0.0000	0.0000	1.0000	Vitamin B6 photo-protection and homoeostasis domain
Malic_M	0.9999	0.0000	0.0000	1.0000	Malic enzyme, NAD binding domain
ELFV_dehydrog	0.9999	0.0000	0.0000	1.0000	Glutamate/Leucine/Phenylalanine/Valine dehydrogenase
DNA_topoisoIV	0.9999	0.0000	0.0000	1.0000	DNA gyrase/topoisomerase IV, subunit A
Ribosomal_L13	0.9999	0.0000	0.0000	1.0000	Ribosomal protein L13
Ribosomal_L16	0.9999	0.0000	0.0000	1.0000	Ribosomal protein L16p/L10e
HATPase_c	0.9999	0.0000	0.0000	1.0000	Histidine kinase-, DNA gyrase B-, and HSP90-like ATPase
HATPase_c_3	0.9999	0.0000	0.0000	1.0000	Histidine kinase-, DNA gyrase B-, and HSP90-like ATPase
HD_3	0.9999	0.0000	0.0000	1.0000	HD domain
UCH	0.9999	0.0000	0.0000	1.0000	Ubiquitin carboxyl-terminal hydrolase
Tubulin	0.9999	0.0000	0.0000	1.0000	Tubulin/FtsZ family, GTPase domain
Gtr1_RagA	0.9999	0.0000	0.0000	1.0000	Gtr1/RagA G protein conserved region
Maf	0.9999	0.0000	0.0000	1.0000	Maf-like protein
Ribosomal_L21e	0.9999	0.0000	0.0000	1.0000	Ribosomal protein L21e
tRNA-synt_2b	0.9999	0.0000	0.0000	1.0000	tRNA synthetase class II core domain (G, H, P, S and T)
Sel1	0.9999	0.0000	0.0000	1.0000	Sel1 repeat
AAA	0.9999	0.0000	0.0000	1.0000	ATPase family associated with various cellular activities (AAA)
zf-C3HC4_2	0.9999	0.0000	0.0000	1.0000	Zinc finger, C3HC4 type (RING finger)
AAA_lid_3	0.9999	0.0000	0.0000	1.0000	AAA+ lid domain
ABC_tran	0.9999	0.0000	0.0000	1.0000	ABC transporter
Pyr_redox_2	0.9999	0.0000	0.0000	1.0000	Pyridine nucleotide-disulphide oxidoreductase
Pyrophosphatase	0.9999	0.0000	0.0000	1.0000	Inorganic pyrophosphatase
Pro_isomerase	0.9999	0.0000	0.0000	1.0000	Cyclophilin type peptidyl-prolyl cis-trans isomerase/CLD
Proteasome	0.9999	0.0000	0.0000	1.0000	Proteasome subunit
Pkinase	0.9999	0.0000	0.0000	1.0000	Protein kinase domain
PolyA_pol	0.9999	0.0000	0.0000	1.0000	Poly A polymerase head domain
PfkB	0.9999	0.0000	0.0000	1.0000	pfkB family carbohydrate kinase
EF-hand_7	0.9999	0.0000	0.0000	1.0000	EF-hand domain pair
EFG_C	0.9999	0.0000	0.0000	1.0000	Elongation factor G C-terminus
EFG_III	0.9999	0.0000	0.0000	1.0000	Elongation Factor G, domain III
EFG_IV	0.9999	0.0000	0.0000	1.0000	Elongation factor G, domain IV
PTH2	0.9999	0.0000	0.0000	1.0000	Peptidyl-tRNA hydrolase PTH2
ubiquitin	0.9999	0.0000	0.0000	1.0000	Ubiquitin family
ABC_membrane	0.9999	0.0000	0.0000	1.0000	ABC transporter transmembrane region
HSP70	0.9999	0.0000	0.0000	1.0000	Hsp70 protein
HSP90	0.9999	0.0000	0.0000	1.0000	Hsp90 protein
Acyltransferase	0.9999	0.0000	0.0000	1.0000	Acyltransferase
Ala_racemase_N	0.9999	0.0000	0.0000	1.0000	Alanine racemase, N-terminal domain
Aldedh	0.9999	0.0000	0.0000	1.0000	Aldehyde dehydrogenase family
EF-hand_5	0.9999	0.0000	0.0000	1.0000	EF hand
PhoLip_ATPase_N	0.9999	0.0000	0.0000	1.0000	Phospholipid-translocating ATPase N-terminal
Peptidase_S26	0.9999	0.0000	0.0000	1.0000	Signal peptidase, peptidase S26
PH	0.9999	0.0000	0.0000	1.0000	PH domain
PP-binding	0.9999	0.0000	0.0000	1.0000	Phosphopantetheine attachment site
PP2C	0.9999	0.0000	0.0000	1.0000	Protein phosphatase 2C
Epimerase	0.9999	0.0000	0.0000	1.0000	NAD dependent epimerase/dehydratase family
TPR_8	0.9999	0.0000	0.0000	1.0000	Tetratricopeptide repeat
TOPRIM_C	0.9999	0.0000	0.0000	1.0000	C-terminal associated domain of TOPRIM
GTP_EFTU	0.9999	0.0000	0.0000	1.0000	Elongation factor Tu GTP binding domain
GTP_EFTU_D2	0.9999	0.0000	0.0000	1.0000	Elongation factor Tu domain 2
CDP-OH_P_transf	0.9999	0.0000	0.0000	1.0000	CDP-alcohol phosphatidyltransferase
ClpB_D2-small	0.9999	0.0000	0.0000	1.0000	C-terminal, D2-small domain, of ClpB protein
TAP42	0.9999	0.0000	0.0000	1.0000	TAP42-like family
PALP	0.9999	0.0000	0.0000	1.0000	Pyridoxal-phosphate dependent enzyme
PAP2	0.9999	0.0000	0.0000	1.0000	PAP2 superfamily
AMP-binding	0.9999	0.0000	0.0000	1.0000	AMP-binding enzyme
AMP-binding_C	0.9999	0.0000	0.0000	1.0000	AMP-binding enzyme C-terminal domain
AMP_N	0.9999	0.0000	0.0000	1.0000	Aminopeptidase P, N-terminal domain
RNB	0.9999	0.0000	0.0000	1.0000	RNB domain
RL10P_insert	0.9999	0.0000	0.0000	1.0000	Insertion domain in 60S ribosomal protein L10P
Sod_Fe_N	0.9999	0.0000	0.0000	1.0000	Iron/manganese superoxide dismutases, alpha-hairpin domain
CTP_transf_1	0.9999	0.0000	0.0000	1.0000	Cytidylyltransferase family
SNase	0.9999	0.0000	0.0000	1.0000	Staphylococcal nuclease homologue
Cation_ATPase	0.9999	0.0000	0.0000	1.0000	P-type ATPase, cytoplasmic domain N
NUDIX	0.9999	0.0000	0.0000	1.0000	NUDIX domain
NIF	0.9999	0.0000	0.0000	1.0000	NLI interacting factor-like phosphatase
tRNA-synt_2	0.9999	0.0000	0.0000	1.0000	tRNA synthetases class II (D, K and N)
TPR_12	0.9999	0.0000	0.0000	0.9167	Tetratricopeptide repeat
Ribosomal_L18_c	0.9999	0.0000	0.0000	0.9167	Ribosomal L18 C-terminal region
FtsJ	0.9999	0.0000	0.0000	0.9167	FtsJ-like methyltransferase
Ribosomal_L11_N	0.9999	0.0000	0.0000	0.9167	Ribosomal protein L11, N-terminal domain
Ribosomal_L11	0.9999	0.0000	0.0000	0.9167	Ribosomal protein L11, RNA binding domain
Ribosomal_L28e	0.9999	0.0000	0.0000	0.9167	Ribosomal L28e protein family
Ribosomal_S8	0.9999	0.0000	0.0000	0.9167	Ribosomal protein S8
Ribosomal_L5e	0.9999	0.0000	0.0000	0.9167	Ribosomal large subunit proteins 60S L5, and 50S L18
Ribosomal_L27e	0.9999	0.0000	0.0000	0.9167	Ribosomal L27e protein family
ABC2_membrane_3	0.9999	0.0000	0.0001	0.9167	ABC-2 family transporter protein
TPR_11	0.9999	0.0000	0.0001	0.9167	TPR repeat
adh_short_C2	0.9999	0.0000	0.0001	0.9167	Enoyl-(Acyl carrier protein) reductase
Ribosomal_S24e	0.9999	0.0000	0.0001	0.9167	Ribosomal protein S24e
U-box	0.9999	0.0000	0.0001	0.9167	U-box domain
NDK	0.9999	0.0000	0.0001	0.9167	Nucleoside diphosphate kinase
SpoU_methylase	0.9999	0.0000	0.0001	0.9167	SpoU rRNA Methylase family
KH_2	0.9999	0.0000	0.0001	0.9167	KH domain
Iso_dh	0.9999	0.0000	0.0001	0.9167	Isocitrate/isopropylmalate dehydrogenase
Ribosomal_L22e	0.9999	0.0000	0.0001	0.9167	Ribosomal L22e protein family
HIT	0.9999	0.0000	0.0001	0.9167	HIT domain
tRNA-synt_1e	0.9999	0.0000	0.0001	0.9167	tRNA synthetases class I (C) catalytic domain
MutS_I	0.9999	0.0000	0.0001	0.9167	MutS domain I
DALR_1	0.9999	0.0000	0.0001	0.9167	DALR anticodon binding domain
YchF-GTPase_C	0.9999	0.0000	0.0001	0.9167	Protein of unknown function (DUF933)
tRNA-synt_2c	0.9999	0.0000	0.0001	0.9167	tRNA synthetases class II (A)
AAA_18	0.9999	0.0000	0.0001	0.9167	AAA domain
tRNA-synt_1d	0.9999	0.0000	0.0001	0.9167	tRNA synthetases class I (R), catalytic domain
GCV_H	0.9999	0.0000	0.0001	0.8333	Glycine cleavage H-protein
RCC1_2	0.9999	0.0000	0.0001	0.8333	Regulator of chromosome condensation (RCC1) repeat
WH2	0.9999	0.0000	0.0026	1.0000	WH2 motif
FMN_red	0.9999	0.0000	0.0026	1.0000	NADPH-dependent FMN reductase
MMM1	0.9999	0.0000	0.0026	1.0000	Maintenance of mitochondrial morphology protein 1
N_BRCA1_IG	0.9999	0.0000	0.0026	1.0000	Ig-like domain from next to BRCA1 gene
Ribonuc_L-PSP	0.9999	0.0000	0.0026	1.0000	Endoribonuclease L-PSP
PTP-SAK	0.9999	0.0000	0.0001	0.8333	Swiss Army Knife protein, DSP-PTPase phosphatase domain
NAD_binding_8	0.9999	0.0000	0.0001	0.8333	NAD(P)-binding Rossmann-like domain
RNase_P-MRP_p29	0.9999	0.0000	0.0036	0.9167	Ribonuclease P/MRP, subunit p29
CAF1C_H4-bd	0.9999	0.0000	0.0001	1.0000	Histone-binding protein RBBP4 or subunit C of CAF1 complex
Cullin_Nedd8	0.9999	0.0000	0.0001	1.0000	Cullin protein neddylation domain
Gelsolin	0.9999	0.0000	0.0001	1.0000	Gelsolin repeat
Gal_mutarotas_2	0.9999	0.0000	0.0001	1.0000	Glycosyl hydrolase 31 N-terminal galactose mutarotase-like domain
Gar1	0.9999	0.0000	0.0001	1.0000	Gar1/Naf1 RNA binding region
Gcd10p	0.9999	0.0000	0.0001	1.0000	Gcd10p family
SEP	0.9999	0.0000	0.0001	1.0000	SEP domain
SET	0.9999	0.0000	0.0001	1.0000	SET domain
PIP5K	0.9999	0.0000	0.0001	1.0000	Phosphatidylinositol-4-phosphate 5-Kinase
Cullin_AB	0.9999	0.0000	0.0001	1.0000	Cullin alpha+beta domain
CAP_C	0.9999	0.0000	0.0001	1.0000	Adenylate cyclase associated (CAP) C terminal
CBF	0.9999	0.0000	0.0001	1.0000	CBF/Mak21 family
TPR_COPA_B	0.9999	0.0000	0.0001	1.0000	COPA/B TPR domain
TPR_IPO5	0.9999	0.0000	0.0001	1.0000	IPO5-like, TPR repeats
S-AdoMet_synt_M	0.9999	0.0000	0.0001	1.0000	S-adenosylmethionine synthetase, central domain
S-AdoMet_synt_N	0.9999	0.0000	0.0001	1.0000	S-adenosylmethionine synthetase, N-terminal domain
TPR_PSMD3_N	0.9999	0.0000	0.0001	1.0000	PSMD3-like, N-terminal TPR repeats
CAF1	0.9999	0.0000	0.0001	1.0000	CAF1 family ribonuclease
Cullin	0.9999	0.0000	0.0001	1.0000	Cullin alpha solenoid domain
PH_SPT16	0.9999	0.0000	0.0001	1.0000	FACT complex subunit SPT16 PH-like domain
Myosin_head	0.9999	0.0000	0.0001	1.0000	Myosin head (motor domain)
PRKCSH_1	0.9999	0.0000	0.0001	1.0000	Glucosidase II beta subunit-like protein
PRA1	0.9999	0.0000	0.0001	1.0000	PRA1 family protein
TRM10_TRM10A	0.9999	0.0000	0.0001	1.0000	tRNA (guanine(9)-N(1))-methyltransferase TRM10/TRM10A
TRM	0.9999	0.0000	0.0001	1.0000	N2,N2-dimethylguanosine tRNA methyltransferase
NAD_binding_4	0.9999	0.0000	0.0001	1.0000	Male sterility protein
NAC	0.9999	0.0000	0.0001	1.0000	NAC domain
Myotub-related	0.9999	0.0000	0.0001	1.0000	Myotubularin-like phosphatase domain
C2	0.9999	0.0000	0.0001	1.0000	C2 domain
Bystin	0.9999	0.0000	0.0001	1.0000	Bystin
Brix	0.9999	0.0000	0.0001	1.0000	Brix domain
Beta_helix	0.9999	0.0000	0.0001	1.0000	Right handed beta helix region
S-AdoMet_synt_C	0.9999	0.0000	0.0001	1.0000	S-adenosylmethionine synthetase, C-terminal domain
NOG1_N	0.9999	0.0000	0.0001	1.0000	NOG1 N-terminal helical domain
GTP-eEF1A_C	0.9999	0.0000	0.0001	1.0000	GTP-eEF1A C-terminal domain-like
FRB_dom	0.9999	0.0000	0.0001	1.0000	FKBP12-rapamycin binding domain
FKBP_C	0.9999	0.0000	0.0001	1.0000	FKBP-type peptidyl-prolyl cis-trans isomerase
FHA	0.9999	0.0000	0.0001	1.0000	FHA domain
CDC50	0.9999	0.0000	0.0001	1.0000	LEM3 (ligand-effect modulator 3) family / CDC50 family
CDC48_2	0.9999	0.0000	0.0001	1.0000	Cell division protein 48 (CDC48), domain 2
SIR2	0.9999	0.0000	0.0001	1.0000	Sir2 family
CoaE	0.9999	0.0000	0.0001	1.0000	Dephospho-CoA kinase
Cnd1	0.9999	0.0000	0.0001	1.0000	non-SMC mitotic condensation complex subunit 1
Clat_adaptor_s	0.9999	0.0000	0.0001	1.0000	Clathrin adaptor complex small chain
PCI	0.9999	0.0000	0.0001	1.0000	PCI domain
TPR_1	0.9999	0.0000	0.0001	1.0000	Tetratricopeptide repeat
Glucosamine_iso	0.9999	0.0000	0.0001	1.0000	Glucosamine-6-phosphate isomerases/6-phosphogluconolactonase
NFACT-R_1	0.9999	0.0000	0.0001	1.0000	NFACT protein RNA binding domain
NAP	0.9999	0.0000	0.0001	1.0000	Nucleosome assembly protein (NAP)
Rttp106-like_middle	0.9999	0.0000	0.0001	1.0000	Histone chaperone Rttp106-like, middle domain
NMT_C	0.9999	0.0000	0.0001	1.0000	Myristoyl-CoA:protein N-myristoyltransferase, C-terminal domain
TGS	0.9999	0.0000	0.0001	1.0000	TGS domain
TPR_2	0.9999	0.0000	0.0001	1.0000	Tetratricopeptide repeat
PGK	0.9999	0.0000	0.0001	1.0000	Phosphoglycerate kinase
FATC	0.9999	0.0000	0.0001	1.0000	FATC domain
FAT	0.9999	0.0000	0.0001	1.0000	FAT domain
PI3_PI4_kinase	0.9999	0.0000	0.0001	1.0000	Phosphatidylinositol 3- and 4-kinase
PI3Ka	0.9999	0.0000	0.0001	1.0000	Phosphoinositide 3-kinase family, accessory domain (PIK domain)
SMC_hinge	0.9999	0.0000	0.0001	1.0000	SMC proteins Flexible Hinge Domain
NOGCT	0.9999	0.0000	0.0001	1.0000	NOGCT (NUC087) domain
Cofilin_ADF	0.9999	0.0000	0.0001	1.0000	Cofilin/tropomyosin-type actin-binding protein
FGGY_N	0.9999	0.0000	0.0001	1.0000	FGGY family of carbohydrate kinases, N-terminal domain
FGGY_C	0.9999	0.0000	0.0001	1.0000	FGGY family of carbohydrate kinases, C-terminal domain
PHF5	0.9999	0.0000	0.0001	1.0000	PHF5-like protein
PGM_PMM_I	0.9999	0.0000	0.0001	1.0000	Phosphoglucomutase/phosphomannomutase, alpha/beta/alpha domain I
Mpp10	0.9999	0.0000	0.0001	1.0000	Mpp10 protein
RPN7	0.9999	0.0000	0.0001	1.0000	26S proteasome subunit RPN7
dCMP_cyt_deam_1	0.9999	0.0000	0.0001	1.0000	Cytidine and deoxycytidylate deaminase zinc-binding region
Zn_ribbon_ZPR1	0.9999	0.0000	0.0001	1.0000	ZPR1 zinc-finger domain
Zn_ribbon_TFIIS	0.9999	0.0000	0.0001	1.0000	Transcription factor S-II (TFIIS)
Peptidase_C13	0.9999	0.0000	0.0001	1.0000	Peptidase C13 family
Peptidase_C1	0.9999	0.0000	0.0001	1.0000	Papain family cysteine protease
Peptidase_A22B	0.9999	0.0000	0.0001	1.0000	Signal peptide peptidase
ThiF	0.9999	0.0000	0.0001	1.0000	ThiF family
Tfb2	0.9999	0.0000	0.0001	1.0000	Transcription factor Tfb2
Beta-prop_IFT122_1st	0.9999	0.0000	0.0001	1.0000	IFT122 first beta-propeller
Beta-Casp	0.9999	0.0000	0.0001	1.0000	Beta-Casp domain
PNP_UDP_1	0.9999	0.0000	0.0001	1.0000	Phosphorylase superfamily
Enolase_N	0.9999	0.0000	0.0001	1.0000	Enolase, N-terminal domain
Enolase_C	0.9999	0.0000	0.0001	1.0000	Enolase, C-terminal TIM barrel domain
EXOC6_Sec15_N	0.9999	0.0000	0.0001	1.0000	Exocyst complex component EXOC6/Sec15, N-terminal
Diphthamide_syn	0.9999	0.0000	0.0001	1.0000	Putative diphthamide synthesis protein
Mob1_phocein	0.9999	0.0000	0.0001	1.0000	Mob1/phocein family
Glyco_tran_28_C	0.9999	0.0000	0.0001	1.0000	Glycosyltransferase family 28 C-terminal domain
TUDOR	0.9999	0.0000	0.0001	1.0000	Tudor domain
DER1	0.9999	0.0000	0.0001	1.0000	Der1-like family
DENN	0.9999	0.0000	0.0001	1.0000	DENN (AEX-3) domain
DEAD_2	0.9999	0.0000	0.0001	1.0000	DEAD_2
Rpn13_ADRM1_Pru	0.9999	0.0000	0.0001	1.0000	Proteasome complex subunit Rpn13, Pru domain
Peptidase_M20	0.9999	0.0000	0.0001	1.0000	Peptidase family M20/M25/M40
Peptidase_M1_N	0.9999	0.0000	0.0001	1.0000	Peptidase M1 N-terminal domain
Peptidase_M1	0.9999	0.0000	0.0001	1.0000	Peptidase family M1 domain
Peptidase_C97	0.9999	0.0000	0.0001	1.0000	PPPDE putative peptidase domain
RNA_pol_Rpb2_3	0.9999	0.0000	0.0001	1.0000	RNA polymerase Rpb2, domain 3
RNA_pol_Rpb2_2	0.9999	0.0000	0.0001	1.0000	RNA polymerase Rpb2, domain 2
RNA_pol_Rpb2_1	0.9999	0.0000	0.0001	1.0000	RNA polymerase beta subunit
RNA_pol_Rpb1_5	0.9999	0.0000	0.0001	1.0000	RNA polymerase Rpb1, domain 5
PIG-L	0.9999	0.0000	0.0001	1.0000	GlcNAc-PI de-N-acetylase
Rtf2	0.9999	0.0000	0.0001	1.0000	Rtf2 RING-finger
Cys_Met_Meta_PP	0.9999	0.0000	0.0001	1.0000	Cys/Met metabolism PLP-dependent enzyme
Cyclin_C	0.9999	0.0000	0.0001	1.0000	Cyclin, C-terminal domain
EMC1_C	0.9999	0.0000	0.0001	1.0000	ER membrane protein complex subunit 1, second beta-propeller
TRAP_beta	0.9999	0.0000	0.0001	1.0000	Translocon-associated protein beta (TRAPB)
TRAPP	0.9999	0.0000	0.0001	1.0000	Transport protein particle (TRAPP) component
TRAM_LAG1_CLN8	0.9999	0.0000	0.0001	1.0000	TLC domain
TP_methylase	0.9999	0.0000	0.0001	1.0000	Tetrapyrrole (Corrin/Porphyrin) Methylases
Beta-prop_WDR3_2nd	0.9999	0.0000	0.0001	1.0000	WDR3 second beta-propeller domain
Beta-prop_RSE1_2nd	0.9999	0.0000	0.0001	1.0000	RSE1/DDB1/CPSF1 second beta-propeller
Beta-prop_RSE1_1st	0.9999	0.0000	0.0001	1.0000	RSE1/DDB1/CPSF1 first beta-propeller
Beta-prop_NOL10_N	0.9999	0.0000	0.0001	1.0000	Nucleolar protein 10-like, N-terminal domain
DAGK_cat	0.9999	0.0000	0.0001	1.0000	Diacylglycerol kinase catalytic domain
SAC3_GANP	0.9999	0.0000	0.0001	1.0000	SAC3/GANP family
PIGA	0.9999	0.0000	0.0001	1.0000	PIGA (GPI anchor biosynthesis)
GTP_EFTU_D4	0.9999	0.0000	0.0001	1.0000	Elongation factor Tu domain 4
Exo_endo_phos2	0.9999	0.0000	0.0001	1.0000	Endonuclease/Exonuclease/phosphatase family 2
Glyco_hydro_31_2nd	0.9999	0.0000	0.0001	1.0000	Glycosyl hydrolases family 31 TIM-barrel domain
Ribul_P_3_epim	0.9999	0.0000	0.0001	1.0000	Ribulose-phosphate 3 epimerase family
Kelch_KLHDC2_KLHL20_DRC7	0.9999	0.0000	0.0001	1.0000	KLHDC2/KLHL20/DRC7 Kelch-repeats domain
IF5A-like_N	0.9999	0.0000	0.0001	1.0000	Translation initiation factor 5A-like, N-terminal
IF4E	0.9999	0.0000	0.0001	1.0000	Eukaryotic initiation factor 4E
IF-2B	0.9999	0.0000	0.0001	1.0000	Initiation factor 2 subunit family
RIBIOP_C	0.9999	0.0000	0.0001	1.0000	40S ribosome biogenesis protein Tsr1 and BMS1 C-terminal
RFC1	0.9999	0.0000	0.0001	1.0000	Replication factor RFC1 C terminal domain
eRF1_3	0.9999	0.0000	0.0001	1.0000	eRF1 domain 3
KH_KRR1_1st	0.9999	0.0000	0.0001	1.0000	Krr1 KH1 domain
KH_6	0.9999	0.0000	0.0001	1.0000	KH domain
KH-I_KHDC4-BBP	0.9999	0.0000	0.0001	1.0000	KHDC4/BBP-like, KH-domain type I
Ku	0.9999	0.0000	0.0001	1.0000	Ku70/Ku80 beta-barrel domain
Kinesin	0.9999	0.0000	0.0001	1.0000	Kinesin motor domain
AA_permease_2	0.9999	0.0000	0.0001	1.0000	Amino acid permease
Nas2_N	0.9999	0.0000	0.0001	1.0000	Nas2 N_terminal domain
Na_H_Exchanger	0.9999	0.0000	0.0001	1.0000	Sodium/hydrogen exchanger, transmembrane
Not3	0.9999	0.0000	0.0001	1.0000	Not1 N-terminal domain, CCR4-Not complex component
Not1	0.9999	0.0000	0.0001	1.0000	CCR4-Not complex component, Not1
Nop	0.9999	0.0000	0.0001	1.0000	snoRNA binding domain, fibrillarin
CPSF_A	0.9999	0.0000	0.0001	1.0000	CPSF A subunit region
CPSF100_C	0.9999	0.0000	0.0001	1.0000	Cleavage and polyadenylation factor 2 C-terminal
COPIIcoated_ERV	0.9999	0.0000	0.0001	1.0000	Endoplasmic reticulum vesicle transporter
COP-gamma_platf	0.9999	0.0000	0.0001	1.0000	Coatomer gamma subunit appendage platform subdomain
Seryl_tRNA_N	0.9999	0.0000	0.0001	1.0000	Seryl-tRNA synthetase N-terminal domain
zf-CCCH	0.9999	0.0000	0.0001	1.0000	Zinc finger C-x8-C-x5-C-x3-H type (and similar)
zf-C3HC4_3	0.9999	0.0000	0.0001	1.0000	Zinc finger, C3HC4 type (RING finger)
AAA_12	0.9999	0.0000	0.0001	1.0000	AAA domain
AAA_11	0.9999	0.0000	0.0001	1.0000	AAA domain
ABC2_membrane	0.9999	0.0000	0.0001	1.0000	ABC-2 type transporter
Serinc	0.9999	0.0000	0.0001	1.0000	Serine incorporator (Serinc)
zf-RING_2	0.9999	0.0000	0.0001	1.0000	Ring finger domain
Sec23_BS	0.9999	0.0000	0.0001	1.0000	Sec23/Sec24 beta-sandwich domain
Sec1	0.9999	0.0000	0.0001	1.0000	Sec1 family
CTP_transf_like	0.9999	0.0000	0.0001	1.0000	Cytidylyltransferase-like
Synaptobrevin	0.9999	0.0000	0.0001	1.0000	Synaptobrevin
Syja_N	0.9999	0.0000	0.0001	1.0000	SacI homology domain
SNF2-rel_dom	0.9999	0.0000	0.0001	1.0000	SNF2-related domain
SNARE	0.9999	0.0000	0.0001	1.0000	SNARE domain
SNAPC3	0.9999	0.0000	0.0001	1.0000	snRNA-activating protein complex (SNAPc), subunit 3
CLN3	0.9999	0.0000	0.0001	1.0000	CLN3 protein
CK_II_beta	0.9999	0.0000	0.0001	1.0000	Casein kinase II regulatory subunit
Steroid_dh	0.9999	0.0000	0.0001	1.0000	3-oxo-5-alpha-steroid 4-dehydrogenase
Syntaxin	0.9999	0.0000	0.0001	1.0000	Syntaxin
GCP_N_terminal	0.9999	0.0000	0.0001	1.0000	Gamma tubulin complex component N-terminal
GCP_C_terminal	0.9999	0.0000	0.0001	1.0000	Gamma tubulin complex component C-terminal
Pus10_C	0.9999	0.0000	0.0001	1.0000	Pus10, C-terminal
zf-CCHC	0.9999	0.0000	0.0001	1.0000	Zinc knuckle
JAB	0.9999	0.0000	0.0001	1.0000	JAB1/Mov34/MPN/PAD-1 ubiquitin protease
Importin_rep_4	0.9999	0.0000	0.0001	1.0000	Importin repeat
tRNA_bind	0.9999	0.0000	0.0001	1.0000	Putative tRNA binding domain
Inhibitor_I29	0.9999	0.0000	0.0001	1.0000	Cathepsin propeptide inhibitor domain (I29)
Inositol_P	0.9999	0.0000	0.0001	1.0000	Inositol monophosphatase family
tRNA_synthFbeta	0.9999	0.0000	0.0001	1.0000	Phenylalanyl tRNA synthetase beta chain CLM domain
Ion_trans_2	0.9999	0.0000	0.0001	1.0000	Ion channel
IU_nuc_hydro	0.9999	0.0000	0.0001	1.0000	Inosine-uridine preferring nucleoside hydrolase
IPK	0.9999	0.0000	0.0001	1.0000	Inositol polyphosphate kinase
KOW1_SPT5	0.9999	0.0000	0.0001	1.0000	Transcription elongation factor SPT5, KOW1 domain
tRNA-synt_1c_C2	0.9999	0.0000	0.0001	1.0000	tRNA synthetases class I (E and Q), anti-codon binding domain
Lipase_3	0.9999	0.0000	0.0001	1.0000	Lipase (class 3)
Sec23_helical	0.9999	0.0000	0.0001	1.0000	Sec23/Sec24 helical domain
Prenyltrans	0.9999	0.0000	0.0001	1.0000	Prenyltransferase alpha-alpha toroid domain
Snf7	0.9999	0.0000	0.0001	1.0000	Snf7
GHMP_kinases_N	0.9999	0.0000	0.0001	1.0000	GHMP kinases N terminal domain
1-cysPrx_C	0.9999	0.0000	0.0001	1.0000	C-terminal domain of 1-Cys peroxiredoxin
zf-met	0.9999	0.0000	0.0001	1.0000	Zinc-finger of C2H2 type
zf-UBP_var	0.9999	0.0000	0.0001	1.0000	Variant UBP zinc finger
zf-UBP	0.9999	0.0000	0.0001	1.0000	Zn-finger in ubiquitin-hydrolases and other protein
zf-Sec23_Sec24	0.9999	0.0000	0.0001	1.0000	Sec23/Sec24 zinc finger
KH_KRR1_2nd	0.9999	0.0000	0.0001	1.0000	KRR1 small subunit processome component, second KH domain
mTOR_dom	0.9999	0.0000	0.0001	1.0000	Serine/threonine-protein kinase mTOR domain
Proteasome_A_N	0.9999	0.0000	0.0001	1.0000	Proteasome subunit A N-terminal signature
Prot_ATP_ID_OB_C	0.9999	0.0000	0.0001	1.0000	Proteasomal ATPase OB C-terminal domain
Profilin	0.9999	0.0000	0.0001	1.0000	Profilin
ProRS-C_1	0.9999	0.0000	0.0001	1.0000	Prolyl-tRNA synthetase, C-terminal
Pribosyltran_N	0.9999	0.0000	0.0001	1.0000	N-terminal domain of ribose phosphate pyrophosphokinase
zf-B_box	0.9999	0.0000	0.0001	1.0000	B-box zinc finger
Pescadillo_N	0.9999	0.0000	0.0001	1.0000	Pescadillo N-terminus
RNA_pol_Rpb2_7	0.9999	0.0000	0.0001	1.0000	RNA polymerase Rpb2, domain 7
SRP68	0.9999	0.0000	0.0001	1.0000	RNA-binding signal recognition particle 68
eIF-5_eIF-2B	0.9999	0.0000	0.0001	1.0000	Domain found in IF2B/IF5
ANTH	0.9999	0.0000	0.0001	1.0000	ANTH domain
AMP_deaminase	0.9999	0.0000	0.0001	1.0000	AMP deaminase
AMMECR1	0.9999	0.0000	0.0001	1.0000	AMMECR1
ADP_ribosyl_GH	0.9999	0.0000	0.0001	1.0000	ADP-ribosylglycohydrolase
RNA_pol_Rpb2_4	0.9999	0.0000	0.0001	1.0000	RNA polymerase Rpb2, domain 4
ICMT	0.9999	0.0000	0.0001	1.0000	Isoprenylcysteine carboxyl methyltransferase (ICMT) family
eRF1_2	0.9999	0.0000	0.0001	1.0000	eRF1 domain 2
eRF1_1	0.9999	0.0000	0.0001	1.0000	eRF1 domain 1
eIF2A	0.9999	0.0000	0.0001	1.0000	Eukaryotic translation initiation factor eIF2A
eIF-6	0.9999	0.0000	0.0001	1.0000	eIF-6 family
eIF-5a	0.9999	0.0000	0.0001	1.0000	Eukaryotic elongation factor 5A hypusine, DNA-binding OB fold
RNA_pol_Rpb5_N	0.9999	0.0000	0.0001	1.0000	RNA polymerase Rpb5, N-terminal domain
RNA_pol_Rpb5_C	0.9999	0.0000	0.0001	1.0000	RNA polymerase Rpb5, C-terminal domain
SRPRB	0.9999	0.0000	0.0001	1.0000	Signal recognition particle receptor beta subunit
RNA_pol_Rpb2_6	0.9999	0.0000	0.0001	1.0000	RNA polymerase Rpb2, domain 6
RNA_pol_Rpb2_5	0.9999	0.0000	0.0001	1.0000	RNA polymerase Rpb2, domain 5
RNA_pol_L_2	0.9999	0.0000	0.0001	1.0000	RNA polymerase Rpb3/Rpb11 dimerisation domain
RNA_pol_L	0.9999	0.0000	0.0001	1.0000	RNA polymerase Rpb3/Rpb11 dimerisation domain
RNA_pol_A_bac	0.9999	0.0000	0.0001	1.0000	RNA polymerase Rpb3/RpoA insert domain
RMMBL	0.9999	0.0000	0.0001	1.0000	Zn-dependent metallo-hydrolase RNA specificity domain
RMI1_N_C	0.9999	0.0000	0.0001	1.0000	RMI1, N-terminal OB-fold domain
RIO1	0.9999	0.0000	0.0001	1.0000	RIO domain
GRAM	0.9999	0.0000	0.0001	1.0000	GRAM domain
NOT2_3_5_C	0.9999	0.0000	0.0001	1.0000	NOT2/NOT3/NOT5 C-terminal
NOP5NT	0.9999	0.0000	0.0001	1.0000	NOP5NT (NUC127) domain
SHQ1	0.9999	0.0000	0.0001	1.0000	SHQ1 protein, Shq1 domain
SH2_2	0.9999	0.0000	0.0001	1.0000	SH2 domain
CorA	0.9999	0.0000	0.0001	1.0000	CorA-like Mg2+ transporter protein
TIP49	0.9999	0.0000	0.0001	1.0000	TIP49 P-loop domain
Sybindin	0.9999	0.0000	0.0001	1.0000	Sybindin-like family
Sld5	0.9999	0.0000	0.0001	1.0000	GINS complex protein helical bundle domain
Skp1_POZ	0.9999	0.0000	0.0001	1.0000	Skp1 family, tetramerisation domain
Skp1	0.9999	0.0000	0.0001	1.0000	Skp1 family, dimerisation domain
CLP1_P	0.9999	0.0000	0.0001	1.0000	mRNA cleavage and polyadenylation factor CLP1 P-loop
SPRY	0.9999	0.0000	0.0001	1.0000	SPRY domain
SUI1	0.9999	0.0000	0.0001	1.0000	Translation initiation factor SUI1
START	0.9999	0.0000	0.0001	1.0000	START domain
Cation_ATPase_C	0.9999	0.0000	0.0001	1.0000	Cation transporting ATPase, C-terminus
Calreticulin	0.9999	0.0000	0.0001	1.0000	Calreticulin family
Calpain_III	0.9999	0.0000	0.0001	1.0000	Calpain large subunit, domain III
NUDIX_2	0.9999	0.0000	0.0001	1.0000	Nucleotide hydrolase
NTP_transferase	0.9999	0.0000	0.0001	1.0000	Nucleotidyl transferase
NTF2	0.9999	0.0000	0.0001	1.0000	Nuclear transport factor 2 (NTF2) domain
SMC_N	0.9999	0.0000	0.0001	1.0000	RecF/RecN/SMC N terminal domain
SIS	0.9999	0.0000	0.0001	1.0000	SIS domain
Peptidase_C12	0.9999	0.0000	0.0001	1.0000	Ubiquitin carboxyl-terminal hydrolase, family 1
Surp	0.9999	0.0000	0.0001	1.0000	Surp module
TBP	0.9999	0.0000	0.0001	1.0000	Transcription factor TFIID (or TATA-binding protein, TBP)
NMT	0.9999	0.0000	0.0001	1.0000	Myristoyl-CoA:protein N-myristoyltransferase, N-terminal domain
NLE	0.9999	0.0000	0.0001	1.0000	NLE (NUC135) domain
SRP54_N	0.9999	0.0000	0.0001	1.0000	SRP54-type protein, helical bundle domain
SRP54	0.9999	0.0000	0.0001	1.0000	SRP54-type protein, GTPase domain
PAP_central	0.9999	0.0000	0.0001	1.0000	Poly(A) polymerase central domain
PAP_assoc	0.9999	0.0000	0.0001	1.0000	Cid1 family poly A polymerase
PAP_NTPase	0.9999	0.0000	0.0001	1.0000	Poly(A) polymerase nucleotidyltransferase domain
SNAP	0.9999	0.0000	0.0001	1.0000	Soluble NSF attachment protein, SNAP
Choline_transpo	0.9999	0.0000	0.0001	1.0000	Plasma-membrane choline transporter
Choline_kinase	0.9999	0.0000	0.0001	1.0000	Choline/ethanolamine kinase
Cation_efflux	0.9999	0.0000	0.0001	1.0000	Cation efflux transmembrane domain
Cation_ATPase_N	0.9999	0.0000	0.0001	1.0000	Cation transporter/ATPase, N-terminus
SRP_SPB	0.9999	0.0000	0.0001	1.0000	Signal peptide binding domain
Actin	0.9999	0.0000	0.0001	1.0000	Actin
V-ATPase_C	0.9999	0.0000	0.0001	1.0000	V-ATPase subunit C
Utp14	0.9999	0.0000	0.0001	1.0000	Utp14 protein
ArfGap	0.9999	0.0000	0.0001	1.0000	Putative GTPase activating protein for Arf
Arf	0.9999	0.0000	0.0001	1.0000	ADP-ribosylation factor family
Ank_4	0.9999	0.0000	0.0001	1.0000	Ankyrin repeats (many copies)
MOZ_SAS	0.9999	0.0000	0.0001	1.0000	MOZ/SAS family
MMR_HSR1_Xtn	0.9999	0.0000	0.0001	1.0000	C-terminal region of MMR_HSR1 domain
HECT	0.9999	0.0000	0.0001	1.0000	HECT-domain (ubiquitin-transferase)
MTPAP-like_central	0.9999	0.0000	0.0001	1.0000	Poly(A) RNA polymerase, mitochondrial-like, central palm domain
VASt	0.9999	0.0000	0.0001	1.0000	VAD1 Analog of StAR-related lipid transfer domain
Vta1	0.9999	0.0000	0.0001	1.0000	Vta1 like
Vps4_C	0.9999	0.0000	0.0001	1.0000	Vps4 C terminal oligomerisation domain
Vps35	0.9999	0.0000	0.0001	1.0000	Vacuolar protein sorting-associated protein 35
Vps26	0.9999	0.0000	0.0001	1.0000	Vacuolar protein sorting-associated protein 26
Voltage_CLC	0.9999	0.0000	0.0001	1.0000	Voltage gated chloride channel
V-SNARE_C	0.9999	0.0000	0.0001	1.0000	Snare region anchored in the vesicle membrane C-terminus
ResIII	0.9999	0.0000	0.0001	1.0000	Type III restriction enzyme, res subunit
Rep_fac_C	0.9999	0.0000	0.0001	1.0000	Replication factor C C-terminal domain
Rce1-like	0.9999	0.0000	0.0001	1.0000	Type II CAAX prenyl endopeptidase Rce1-like
Raptor_N	0.9999	0.0000	0.0001	1.0000	Raptor N-terminal CASPase like domain
Radical_SAM_C	0.9999	0.0000	0.0001	1.0000	Radical_SAM C-terminal domain
RRM_4	0.9999	0.0000	0.0001	1.0000	RNA recognition motif of the spliceosomal PrP8
Rad51	0.9999	0.0000	0.0001	1.0000	Rad51
RWD	0.9999	0.0000	0.0001	1.0000	RWD domain
MA3	0.9999	0.0000	0.0001	1.0000	MA3 domain
M20_dimer	0.9999	0.0000	0.0001	1.0000	Peptidase dimerisation domain
RRP40_S1	0.9999	0.0000	0.0001	1.0000	Exosome complex component RRP40, S1 domain
RRP36	0.9999	0.0000	0.0001	1.0000	rRNA biogenesis protein RRP36
RRM_ESF1	0.9999	0.0000	0.0001	1.0000	ESF1 RRM domain
HHH_5	0.9999	0.0000	0.0001	1.0000	SAM-like Helix-hairpin-helix tandem
Radical_SAM	0.9999	0.0000	0.0001	1.0000	Radical SAM superfamily
LSM	0.9999	0.0000	0.0001	1.0000	LSM domain
PSMD12-CSN4_N	0.9999	0.0000	0.0001	1.0000	PSMD12/CSN4, N-terminal
PSD13_N	0.9999	0.0000	0.0001	1.0000	PSD13 N-terminal repeats
PRP8_domainIV	0.9999	0.0000	0.0001	1.0000	PRP8 domain IV core
PRP38	0.9999	0.0000	0.0001	1.0000	PRP38 family
PROCT	0.9999	0.0000	0.0001	1.0000	PROCT (NUC072) domain
PROCN	0.9999	0.0000	0.0001	1.0000	PROCN (NUC071) domain
PRO8NT	0.9999	0.0000	0.0001	1.0000	PRO8NT (NUC069), PrP8 N-terminal domain
PRMT_C	0.9999	0.0000	0.0001	1.0000	Arginine methyltransferase oligomerization subdomain
PSS	0.9999	0.0000	0.0001	1.0000	Phosphatidyl serine synthase
PSME4_C	0.9999	0.0000	0.0001	1.0000	Proteasome activator complex subunit 4-like, C-terminal
RPN1_RPN2_N	0.9999	0.0000	0.0001	1.0000	RPN1 N-terminal domain
RPN1_C	0.9999	0.0000	0.0001	1.0000	26S proteasome non-ATPase regulatory subunit RPN1 C-terminal
RNase_PH_C	0.9999	0.0000	0.0001	1.0000	3' exoribonuclease family, domain 2
RNase_PH	0.9999	0.0000	0.0001	1.0000	3' exoribonuclease family, domain 1
La	0.9999	0.0000	0.0001	1.0000	La domain
DUF2009	0.9999	0.0000	0.0001	1.0000	Non-canonical E2 ubiquitin-conjugating enzyme, DUF2009 family
Helicase_C_2	0.9999	0.0000	0.0001	1.0000	Helicase C-terminal domain
ATP-synt_F	0.9999	0.0000	0.0001	1.0000	ATP synthase (F/14-kDa) subunit
WHD_HA2	0.9999	0.0000	0.0001	1.0000	Helicase associated domain (HA2), winged-helix
His_Phos_1	0.9999	0.0000	0.0001	1.0000	Histidine phosphatase superfamily (branch 1)
Las1	0.9999	0.0000	0.0001	1.0000	Las1-like
Lactamase_B_6	0.9999	0.0000	0.0001	1.0000	Metallo-beta-lactamase superfamily domain
ATP_bind_1	0.9999	0.0000	0.0001	1.0000	Conserved hypothetical ATP binding protein
ATP-synt_ab_Xtn	0.9999	0.0000	0.0001	1.0000	ATPsynthase alpha/beta subunit barrel-sandwich domain
Ribo_biogen_C	0.9999	0.0000	0.0001	1.0000	Ribosome biogenesis protein, C-terminal
Rhomboid	0.9999	0.0000	0.0001	1.0000	Rhomboid domain
Rft-1	0.9999	0.0000	0.0001	1.0000	Rft protein
DTW	0.9999	0.0000	0.0001	1.0000	DTW domain
DSPc	0.9999	0.0000	0.0001	1.0000	Dual specificity phosphatase, catalytic domain
Ank	0.9999	0.0000	0.0001	1.0000	Ankyrin repeat
Amidohydro_1	0.9999	0.0000	0.0001	1.0000	Amidohydrolase family
AhpC-TSA	0.9999	0.0000	0.0001	1.0000	AhpC/TSA family
Fer4_RLI	0.9999	0.0000	0.0001	1.0000	Possible Fer4-like domain in RNase L inhibitor, RLI
Sec23_trunk	0.9999	0.0000	0.0001	1.0000	Sec23/Sec24 trunk domain
zf-C3HC4	0.9999	0.0000	0.0001	1.0000	Zinc finger, C3HC4 type (RING finger)
VWA_2	0.9999	0.0000	0.0001	1.0000	von Willebrand factor type A domain
VTT_dom	0.9999	0.0000	0.0001	1.0000	VTT domain
VPS9	0.9999	0.0000	0.0001	1.0000	Vacuolar sorting protein 9 (VPS9) domain
Longin	0.9999	0.0000	0.0001	1.0000	Regulated-SNARE-like domain
Adaptin_N	0.9999	0.0000	0.0001	1.0000	Adaptin N terminal region
Adap_comp_sub	0.9999	0.0000	0.0001	1.0000	Adaptor complexes medium subunit family
zf-rbx1	0.9999	0.0000	0.0001	1.0000	RING-H2 zinc finger domain
Lectin_leg-like	0.9999	0.0000	0.0001	1.0000	Legume-like lectin family
MLLE	0.9999	0.0000	0.0001	1.0000	MLLE domain
VPS28	0.9999	0.0000	0.0001	1.0000	VPS28 protein
Aldose_epim	0.9999	0.0000	0.0001	1.0000	Aldose 1-epimerase
Aldo_ket_red	0.9999	0.0000	0.0001	1.0000	Aldo/keto reductase family
Flavodoxin_1	0.9999	0.0000	0.0001	1.0000	Flavodoxin
EF1_GNE	0.9999	0.0000	0.0001	1.0000	EF-1 guanine nucleotide exchange domain
EF1G	0.9999	0.0000	0.0001	1.0000	Elongation factor 1 gamma, conserved domain
EF-hand_8	0.9999	0.0000	0.0001	1.0000	EF-hand domain pair
PX	0.9999	0.0000	0.0001	1.0000	PX domain
PUF	0.9999	0.0000	0.0001	1.0000	Pumilio-family RNA binding repeat
PUA	0.9999	0.0000	0.0001	1.0000	PUA domain
PTPLA	0.9999	0.0000	0.0001	1.0000	Protein tyrosine phosphatase-like protein, PTPLA
mRNA_G-N7_MeTrfase	0.9999	0.0000	0.0001	1.0000	mRNA (guanine-N(7))-methyltransferase domain
jr-ZPR1	0.9999	0.0000	0.0001	1.0000	ZPR1 jelly-roll domain
ABC_tran_Xtn	0.9999	0.0000	0.0001	1.0000	ABC transporter
vATP-synt_E	0.9999	0.0000	0.0001	1.0000	ATP synthase (E/31 kDa) subunit
vATP-synt_AC39	0.9999	0.0000	0.0001	1.0000	ATP synthase (C/AC39) subunit
Prefoldin_2	0.9999	0.0000	0.0001	1.0000	Prefoldin subunit
Prefoldin	0.9999	0.0000	0.0001	1.0000	Prefoldin subunit
Pyridoxal_deC	0.9999	0.0000	0.0001	1.0000	Pyridoxal-dependent decarboxylase conserved domain
DcpS_C	0.9999	0.0000	0.0001	1.0000	Scavenger mRNA decapping enzyme C-term binding
MFS_1	0.9999	0.0000	0.0001	1.0000	Major Facilitator Superfamily
MCM_lid	0.9999	0.0000	0.0001	1.0000	MCM AAA-lid domain
MCM_OB	0.9999	0.0000	0.0001	1.0000	MCM OB domain
MCM_N	0.9999	0.0000	0.0001	1.0000	MCM N-terminal domain
MCM	0.9999	0.0000	0.0001	1.0000	MCM P-loop domain
MBOAT	0.9999	0.0000	0.0001	1.0000	MBOAT, membrane-bound O-acyltransferase family
HMG_box	0.9999	0.0000	0.0001	1.0000	HMG (high mobility group) box
Alg14	0.9999	0.0000	0.0001	1.0000	Oligosaccharide biosynthesis protein Alg14 like
V_ATPase_I	0.9999	0.0000	0.0001	1.0000	V-type ATPase 116kDa subunit family
tRNA-synt_1c_C	0.9999	0.0000	0.0001	1.0000	tRNA synthetases class I (E and Q), anti-codon binding domain
Phosphodiest	0.9999	0.0000	0.0001	1.0000	Type I phosphodiesterase / nucleotide pyrophosphatase
Phos_pyr_kin	0.9999	0.0000	0.0001	1.0000	Phosphomethylpyrimidine kinase
PhetRS_B1	0.9999	0.0000	0.0001	1.0000	Phe-tRNA synthetase beta subunit B1 domain
PseudoU_synth_1	0.9999	0.0000	0.0001	1.0000	tRNA pseudouridine synthase
Peptidase_M8	0.9999	0.0000	0.0001	1.0000	Leishmanolysin
RNA_pol_Rpb1_3	0.9999	0.0000	0.0001	1.0000	RNA polymerase Rpb1, domain 3
14-3-3	0.9999	0.0000	0.0001	1.0000	14-3-3 protein
GHMP_kinases_C	0.9999	0.0000	0.0001	1.0000	GHMP kinases C terminal
GDP_Man_Dehyd	0.9999	0.0000	0.0001	1.0000	GDP-mannose 4,6 dehydratase
GDPD	0.9999	0.0000	0.0001	1.0000	Glycerophosphoryl diester phosphodiesterase family
FYVE	0.9999	0.0000	0.0001	1.0000	FYVE zinc finger
SPT16	0.9999	0.0000	0.0001	1.0000	FACT complex subunit (SPT16/CDC68)
Sec7	0.9999	0.0000	0.0001	1.0000	Sec7 domain
Sec63	0.9999	0.0000	0.0001	1.0000	Sec63 Brl domain
CN_hydrolase	0.9999	0.0000	0.0001	1.0000	Carbon-nitrogen hydrolase
Sof1	0.9999	0.0000	0.0001	1.0000	Sof1-like domain
CS	0.9999	0.0000	0.0001	1.0000	CS domain
OB_NTP_bind	0.9999	0.0000	0.0001	1.0000	Oligonucleotide/oligosaccharide-binding (OB)-fold
OB_Dis3	0.9999	0.0000	0.0001	1.0000	Dis3-like cold-shock domain 2 (CSD2)
Nucleoside_tran	0.9999	0.0000	0.0001	1.0000	Nucleoside transporter
Sec7-like_HUS	0.9999	0.0000	0.0001	1.0000	Mon2/Sec7/BIG1-like, HUS domain
LRR_4	0.9999	0.0000	0.0001	1.0000	Leucine Rich repeats (2 copies)
BOP1NT	0.9999	0.0000	0.0001	1.0000	BOP1NT (NUC169) domain
BING4CT	0.9999	0.0000	0.0001	1.0000	BING4CT (NUC141) domain
UBA_4	0.9999	0.0000	0.0001	1.0000	UBA-like domain
UBA	0.9999	0.0000	0.0001	1.0000	UBA/TS-N domain
UAA	0.9999	0.0000	0.0001	1.0000	UAA transporter family
U6-snRNA_bdg	0.9999	0.0000	0.0001	1.0000	U6-snRNA interacting domain of PrP8
U5_2-snRNA_bdg	0.9999	0.0000	0.0001	1.0000	U5-snRNA binding site 2 of PrP8
DKCLD	0.9999	0.0000	0.0001	1.0000	DKCLD (NUC011) domain
Glycos_transf_1	0.9999	0.0000	0.0001	1.0000	Glycosyl transferases group 1
DNA_pol_B_exo1	0.9999	0.0000	0.0001	1.0000	DNA polymerase family B, exonuclease domain
DNA_pol_B	0.9999	0.0000	0.0001	1.0000	DNA polymerase family B
YjeF_N	0.9999	0.0000	0.0001	1.0000	YjeF-related protein N-terminus
Yip1	0.9999	0.0000	0.0001	1.0000	Yip1 domain
Y_phosphatase	0.9999	0.0000	0.0001	1.0000	Protein-tyrosine phosphatase
ASF1_hist_chap	0.9999	0.0000	0.0001	1.0000	ASF1 like histone chaperone
EMP24_GP25L	0.9999	0.0000	0.0001	1.0000	emp24/gp25L/p24 family/GOLD
YIF1	0.9999	0.0000	0.0001	1.0000	YIF1
Xpo1	0.9999	0.0000	0.0001	1.0000	Exportin 1-like protein
XRN_N	0.9999	0.0000	0.0001	1.0000	XRN 5'-3' exonuclease N-terminus
XRN_M	0.9999	0.0000	0.0001	1.0000	Xrn1 helical domain
XPG_N	0.9999	0.0000	0.0001	1.0000	XPG N-terminal domain
XPG_I	0.9999	0.0000	0.0001	1.0000	XPG I-region
WHD_SNRNP200	0.9999	0.0000	0.0001	1.0000	Winged Helix-turn-helix domain
ATP-synt_C	0.9999	0.0000	0.0001	1.0000	ATP synthase subunit C
ATG8	0.9999	0.0000	0.0001	1.0000	Autophagy protein Atg8 ubiquitin like
RNase_HII	0.9999	0.0000	0.0001	1.0000	Ribonuclease HII
RTC	0.9999	0.0000	0.0001	1.0000	RNA 3'-terminal phosphate cyclase
RRS1	0.9999	0.0000	0.0001	1.0000	Ribosome biogenesis regulatory protein (RRS1)
Patatin	0.9999	0.0000	0.0001	1.0000	Patatin-like phospholipase
HBB	0.9999	0.0000	0.0001	1.0000	Helical and beta-bridge domain
B5	0.9999	0.0000	0.0001	1.0000	tRNA synthetase B5 domain
Hydrolase	0.9999	0.0000	0.0001	1.0000	haloacid dehalogenase-like hydrolase
RNA_pol_Rpb1_4	0.9999	0.0000	0.0001	1.0000	RNA polymerase Rpb1, domain 4
RNA_pol_Rpb1_2	0.9999	0.0000	0.0001	1.0000	RNA polymerase Rpb1, domain 2
RNA_pol_Rpb1_1	0.9999	0.0000	0.0001	1.0000	RNA polymerase Rpb1, domain 1
Hus1	0.9999	0.0000	0.0001	1.0000	Hus1-like protein
HlyIII	0.9999	0.0000	0.0001	1.0000	Haemolysin-III related
Histone_H2A_C	0.9999	0.0000	0.0001	1.0000	C-terminus of histone H2A
Histone	0.9999	0.0000	0.0001	1.0000	Core histone H2A/H2B/H3/H4 domain
Hist_deacetyl	0.9999	0.0000	0.0001	1.0000	Histone deacetylase domain
His_Phos_2	0.9999	0.0000	0.0001	1.0000	Histidine phosphatase superfamily (branch 2)
Zip	0.9999	0.0000	0.0001	1.0000	ZIP Zinc transporter
ZT_dimer	0.9999	0.0000	0.0001	1.0000	Cation efflux protein, cytoplasmic domain
LMBR1	0.9999	0.0000	0.0001	1.0000	LMBR1-like membrane protein
LIM	0.9999	0.0000	0.0001	1.0000	LIM domain
IBN_N	0.9999	0.0000	0.0001	1.0000	Importin-beta N-terminal domain
Hydrolase_4	0.9999	0.0000	0.0001	1.0000	Serine aminopeptidase, S33
XPC-binding	0.9999	0.0000	0.0001	1.0000	XPC-binding domain
Methyltransf_4	0.9999	0.0000	0.0001	1.0000	Putative methyltransferase
Methyltransf_31	0.9999	0.0000	0.0001	1.0000	Methyltransferase domain
Metallophos	0.9999	0.0000	0.0001	1.0000	Calcineurin-like phosphoesterase
EMC3_TMCO1	0.9999	0.0000	0.0001	1.0000	Integral membrane protein EMC3/TMCO1-like
BRO1	0.9999	0.0000	0.0001	1.0000	BRO1-like domain
TruD	0.9999	0.0000	0.0001	1.0000	tRNA pseudouridine synthase D (TruD)
TruB_N	0.9999	0.0000	0.0001	1.0000	TruB family pseudouridylate synthase (N terminal domain)
TruB_C_2	0.9999	0.0000	0.0001	1.0000	tRNA pseudouridylate synthase B C-terminal domain
PQ-loop	0.9999	0.0000	0.0001	1.0000	PQ loop repeat
PPTA	0.9999	0.0000	0.0001	1.0000	Protein prenyltransferase alpha subunit repeat
ER_lumen_recept	0.9999	0.0000	0.0001	1.0000	ER lumen protein retaining receptor
ERGIC_N	0.9999	0.0000	0.0001	1.0000	Endoplasmic Reticulum-Golgi Intermediate Compartment (ERGIC)
ERCC4	0.9999	0.0000	0.0001	1.0000	ERCC4 domain
ERAP1_C	0.9999	0.0000	0.0001	1.0000	ERAP1-like C-terminal domain
Tudor-knot	0.9999	0.0000	0.0001	1.0000	RNA binding activity-knot of a chromodomain
UTP15_C	0.9999	0.0000	0.0001	1.0000	UTP15 C terminal
Autophagy_act_C	0.9999	0.0000	0.0001	1.0000	Autophagocytosis associated protein, active-site domain
HEAT_ATR	0.9999	0.0000	0.0001	1.0000	Serine/threonine-protein kinase ATR-like, HEAT repeats
UQ_con	0.9999	0.0000	0.0001	1.0000	Ubiquitin-conjugating enzyme
HEAT_2	0.9999	0.0000	0.0001	1.0000	HEAT repeats
HEAT	0.9999	0.0000	0.0001	1.0000	HEAT repeat
HD	0.9999	0.0000	0.0001	1.0000	HD domain
Tubulin_C	0.9999	0.0000	0.0001	1.0000	Tubulin C-terminal domain
Mannosyl_trans	0.9999	0.0000	0.0001	1.0000	Mannosyltransferase (PIG-M)
UDPGP	0.9999	0.0000	0.0001	1.0000	UTP--glucose-1-phosphate uridylyltransferase
UBX	0.9999	0.0000	0.0001	1.0000	UBX domain
UBQLN1	0.9999	0.0000	0.0001	1.0000	Ubiquilin-1-like domain
Tyr-DNA_phospho	0.9999	0.0000	0.0001	1.0000	Tyrosyl-DNA phosphodiesterase
HA2_C	0.9999	0.0000	0.0001	1.0000	Helicase associated domain (HA2), ratchet-like
Guanylate_kin	0.9999	0.0000	0.0001	1.0000	Guanylate kinase
Got1	0.9999	0.0000	0.0001	1.0000	Got1/Sft2-like family
MIF4G	0.9999	0.0000	0.0001	1.0000	MIF4G domain
MIP	0.9999	0.0000	0.0001	1.0000	Major intrinsic protein
B-prop_COPA_B_2nd	0.9999	0.0000	0.0001	1.0000	COPA/B second beta-propeller
Mannosyl_trans2	0.9999	0.0000	0.0001	1.0000	Mannosyltransferase (PIG-V)
DNA_primase_S	0.9999	0.0000	0.0001	1.0000	DNA primase small subunit
EIF_2_alpha	0.9999	0.0000	0.0001	1.0000	Eukaryotic translation initiation factor 2 alpha subunit
Gln-synt_C	0.9999	0.0000	0.0001	1.0000	Glutamine synthetase, catalytic domain
PWWP	0.9999	0.0000	0.0001	1.0000	PWWP domain
PTEN_C2	0.9999	0.0000	0.0001	1.0000	C2 domain of PTEN tumour-suppressor protein
OB_NMD3	0.9999	0.0000	0.0001	1.0000	NMD3 OB-fold domain
PRMT5_C	0.9999	0.0000	0.0001	1.0000	PRMT5 oligomerisation domain
tRNA_int_endo	0.9999	0.0000	0.0001	1.0000	tRNA intron endonuclease, catalytic C-terminal domain
Kri1_C	0.9999	0.0000	0.0001	1.0000	KRI1-like family C-terminal
ERCC3_RAD25_C	0.9999	0.0000	0.0001	1.0000	ERCC3/RAD25/XPB C-terminal helicase
TIP120	0.9999	0.0000	0.0001	1.0000	TATA-binding protein interacting (TIP20)
COG3_C	0.9999	0.0000	0.0001	1.0000	Conserved oligomeric Golgi complex subunit 3, C-terminal
COG3_N	0.9999	0.0000	0.0001	1.0000	Conserved oligomeric Golgi complex subunit 3, N-terminal
DHO_dh	0.9999	0.0000	0.0001	1.0000	Dihydroorotate dehydrogenase
2-Hacid_dh_C	0.9999	0.0000	0.0001	1.0000	D-isomer specific 2-hydroxyacid dehydrogenase, NAD binding domain
TLD	0.9999	0.0000	0.0001	1.0000	TLDc domain
CDC45	0.9999	0.0000	0.0001	1.0000	CDC45
RIC1	0.9999	0.0000	0.0001	1.0000	RIC1 C-terminal alpha solenoid region
PDCD2_C	0.9999	0.0000	0.0001	1.0000	Programmed cell death protein 2, C-terminal putative domain
POLQ_helical	0.9999	0.0000	0.0001	1.0000	DNA_pol_Q helicase like region helical domain
PGM_PMM_II	0.9999	0.0000	0.0001	1.0000	Phosphoglucomutase/phosphomannomutase, alpha/beta/alpha domain II
WD40_CDC20-Fz	0.9999	0.0000	0.0001	1.0000	CDC20/Fizzy WD40 domain
CitMHS	0.9999	0.0000	0.0001	0.9167	Citrate transporter
WD40_4	0.9999	0.0000	0.0001	1.0000	Type of WD40 repeat
Arrestin_N	0.9999	0.0000	0.0001	1.0000	Arrestin (or S-antigen), N-terminal domain
Cnd2	0.9999	0.0000	0.0001	1.0000	Condensin complex subunit 2
Glycos_transf_4	0.9999	0.0000	0.0001	1.0000	Glycosyl transferase family 4
Asparaginase	0.9999	0.0000	0.0001	1.0000	Asparaginase, N-terminal
BRCT	0.9999	0.0000	0.0001	1.0000	BRCA1 C Terminus (BRCT) domain
Asparaginase_C	0.9999	0.0000	0.0001	1.0000	Glutaminase/Asparaginase C-terminal domain
Ham1p_like	0.9999	0.0000	0.0001	1.0000	Ham1 family
APC1_5th	0.9999	0.0000	0.0001	1.0000	APC1 fifth domain
IBR	0.9999	0.0000	0.0001	1.0000	IBR domain, a half RING-finger domain
TFIIB	0.9999	0.0000	0.0001	1.0000	Transcription factor TFIIB repeat
PGM_PMM_III	0.9999	0.0000	0.0001	1.0000	Phosphoglucomutase/phosphomannomutase, alpha/beta/alpha domain III
DRMBL	0.9999	0.0000	0.0001	1.0000	DNA repair metallo-beta-lactamase
Sec7-like_HDS	0.9999	0.0000	0.0001	1.0000	Mon2/Sec7/BIG1-like, HDS
Fuz_longin_2	0.9999	0.0000	0.0001	1.0000	Second Longin domain of FUZ, MON1 and HPS1
FtsX	0.9999	0.0000	0.0001	1.0000	FtsX-like permease C-terminal
AATF-Che1	0.9999	0.0000	0.0001	1.0000	Apoptosis antagonizing transcription factor
PK_Tyr_Ser-Thr	0.9999	0.0000	0.0001	1.0000	Protein tyrosine and serine/threonine kinase
SLIDE	0.9999	0.0000	0.0001	1.0000	SLIDE
Rrp44_CSD1	0.9999	0.0000	0.0001	1.0000	Rrp44-like cold shock domain
WWE	0.9999	0.0000	0.0001	1.0000	WWE domain
WW	0.9999	0.0000	0.0001	1.0000	WW domain
NMD3_N	0.9999	0.0000	0.0001	1.0000	NMD3, N-terminal domain
NMD3	0.9999	0.0000	0.0001	1.0000	NMD3, second domain
Rad60-SLD	0.9999	0.0000	0.0001	1.0000	Ubiquitin-2 like Rad60 SUMO-like
SRP-alpha_N	0.9999	0.0000	0.0001	1.0000	Signal recognition particle, alpha subunit, N-terminal
ATG9	0.9999	0.0000	0.0001	1.0000	Autophagy protein ATG9
PRMT5	0.9999	0.0000	0.0001	1.0000	PRMT5 arginine-N-methyltransferase
RecQ_Zn_bind	0.9999	0.0000	0.0001	1.0000	RecQ zinc-binding
SBDS_N	0.9999	0.0000	0.0001	1.0000	Shwachman-Bodian-Diamond syndrome (SBDS) N-terminal domain
N6-adenineMlase	0.9999	0.0000	0.0001	1.0000	Probable N6-adenine methyltransferase
Glyco_hydro_31_3rd	0.9999	0.0000	0.0001	1.0000	Glycosyl hydrolase family 31 C-terminal domain
NADAR	0.9999	0.0000	0.0001	1.0000	NADAR domain
EVH1_PP4R3	0.9999	0.0000	0.0001	1.0000	EVH1-like domain in PP4R3 protein
MMS19_N	0.9999	0.0000	0.0001	1.0000	Dos2-interacting transcription regulator of RNA-Pol-II
Roc	0.9999	0.0000	0.0001	1.0000	Ras of Complex, Roc, domain of DAPkinase
HAT_Syf1_CNRKL1_N	0.9999	0.0000	0.0001	1.0000	Pre-mRNA-splicing factor Syf1/CNRKL1 N-terminal HAT repeat
PIK3R4-like_middle	0.9999	0.0000	0.0001	1.0000	PIK3R4-like, middle domain
BCCIP	0.9999	0.0000	0.0001	1.0000	BCCIP
FH2	0.9999	0.0000	0.0001	1.0000	Formin Homology 2 Domain
SH3_1	0.9999	0.0000	0.0001	1.0000	SH3 domain
SH3_9	0.9999	0.0000	0.0001	1.0000	Variant SH3 domain
Rio2_N	0.9999	0.0000	0.0001	1.0000	Rio2, N-terminal
CH	0.9999	0.0000	0.0001	1.0000	Calponin homology (CH) domain
Ssl1	0.9999	0.0000	0.0001	1.0000	Ssl1-like
DUF1899	0.9999	0.0000	0.0001	1.0000	Domain of unknown function (DUF1899)
UFD1_N1	0.9999	0.0000	0.0001	1.0000	Ubiquitin fusion degradation protein UFD1, N-terminal subdomain 1
UFD1_N2	0.9999	0.0000	0.0001	1.0000	Ubiquitin fusion degradation protein UFD1, N-terminal subdomain 2
CLPTM1	0.9999	0.0000	0.0001	1.0000	Cleft lip and palate transmembrane protein 1 (CLPTM1)
REPA_OB_2	0.9999	0.0000	0.0001	1.0000	Replication protein A OB domain
Alpha_adaptinC2	0.9999	0.0000	0.0001	1.0000	Adaptin C-terminal domain
DUF3381	0.9999	0.0000	0.0001	0.9167	Ribosomal RNA methyltransferase Spb1, DUF3381
RTC_insert	0.9999	0.0000	0.0001	0.9167	RNA 3'-terminal phosphate cyclase (RTC), insert domain
Aha1_N	0.9999	0.0000	0.0001	0.9167	Activator of Hsp90 ATPase, N-terminal
RNA_pol_Rpb6	0.9999	0.0000	0.0001	0.9167	RNA polymerase Rpb6
Coatomer_E	0.9999	0.0000	0.0001	0.9167	Coatomer epsilon subunit
Mak16	0.9999	0.0000	0.0001	0.9167	Mak16 protein C-terminal region
eIF2_C	0.9999	0.0000	0.0001	0.9167	Initiation factor eIF2 gamma, C terminal
Spb1_C	0.9999	0.0000	0.0001	0.9167	Spb1 C-terminal domain
CSN8_PSD8_EIF3K	0.9999	0.0000	0.0001	0.9167	CSN8/PSMD8/EIF3K family
Cullin_binding	0.9999	0.0000	0.0001	0.9167	Cullin binding
TIM	0.9999	0.0000	0.0001	0.9167	Triosephosphate isomerase
Rpn3_C	0.9999	0.0000	0.0001	0.9167	Proteasome regulatory subunit C-terminal
Utp21	0.9999	0.0000	0.0001	0.9167	Utp21 specific WD40 associated putative domain
DUF2428	0.9999	0.0000	0.0001	0.9167	THADA/TRM732, DUF2428
YEATS	0.9999	0.0000	0.0001	0.9167	YEATS family
RNA_pol_Rpc34	0.9999	0.0000	0.0001	0.9167	RNA polymerase Rpc34 subunit
DUF382	0.9999	0.0000	0.0001	1.0000	Domain of unknown function (DUF382)
SPA	0.9999	0.0000	0.0001	1.0000	Stabilization of polarity axis
TauE	0.9999	0.0000	0.0001	1.0000	Sulfite exporter TauE/SafE
TPK_catalytic	0.9999	0.0000	0.0026	1.0000	Thiamin pyrophosphokinase, catalytic domain
RNase_P_p30	0.9999	0.0000	0.0026	1.0000	RNase P subunit p30
Pex19	0.9999	0.0000	0.0001	0.9167	Pex19 protein family
NOG1	0.9999	0.0000	0.0001	0.9167	Nucleolar GTP-binding protein 1 (NOG1)
zf-MIZ	0.9999	0.0000	0.0001	0.9167	MIZ/SP-RING zinc finger
Plus-3	0.9999	0.0000	0.0001	0.9167	Plus-3 domain
zf-C4pol	0.9999	0.0000	0.0001	0.9167	C4-type zinc-finger of DNA polymerase delta
mRNA_cap_enzyme	0.9999	0.0000	0.0002	0.9167	mRNA capping enzyme, catalytic domain
Pribosyl_synth	0.9999	0.0000	0.0002	0.9167	Phosphoribosyl synthetase-associated domain
PC_rep	0.9999	0.0000	0.0002	0.9167	Proteasome/cyclosome repeat
GDI	0.9999	0.0000	0.0002	0.9167	GDP dissociation inhibitor
KH_1	0.9999	0.0000	0.0002	0.9167	KH domain
UPF0020	0.9999	0.0000	0.0002	0.9167	RMKL-like, methyltransferase domain
Mago_nashi	0.9999	0.0000	0.0002	0.9167	Mago nashi protein
IMS	0.9999	0.0000	0.0002	0.9167	impB/mucB/samB family
MitMem_reg	0.9999	0.0000	0.0002	0.9167	Maintenance of mitochondrial structure and function
Methyltransf_PK	0.9999	0.0000	0.0002	0.9167	AdoMet dependent proline di-methyltransferase
UBA_E1_SCCH	0.9999	0.0000	0.0002	0.9167	Ubiquitin-activating enzyme, SCCH domain
DNA_mis_repair	0.9999	0.0000	0.0002	0.9167	DNA mismatch repair protein, C-terminal domain
DNA_pol_E_B	0.9999	0.0000	0.0002	0.9167	DNA polymerase alpha/epsilon subunit B
DNA_pol_D_N	0.9999	0.0000	0.0002	0.9167	DNA polymerase delta subunit OB-fold domain
DNA_pol_A_exo1	0.9999	0.0000	0.0002	0.9167	3'-5' exonuclease
Glycos_transf_2	0.9999	0.0000	0.0002	0.9167	Glycosyl transferase family 2
TPR_IMB1	0.9999	0.0000	0.0002	0.9167	Importin subunit beta-1-like, TPR repeats
S1	0.9999	0.0000	0.0002	0.9167	S1 RNA binding domain
PTPA	0.9999	0.0000	0.0002	0.9167	Phosphotyrosyl phosphate activator (PTPA) protein
MIT	0.9999	0.0000	0.0002	0.9167	MIT (microtubule interacting and transport) domain
DS	0.9999	0.0000	0.0002	0.9167	Deoxyhypusine synthase
UDG	0.9999	0.0000	0.0002	0.9167	Uracil DNA glycosylase superfamily
ATG7_N	0.9999	0.0000	0.0002	0.9167	Ubiquitin-like modifier-activating enzyme ATG7 N-terminus
ZUO1-like_ZHD	0.9999	0.0000	0.0002	0.9167	Zuotin-like, zuotin homology domain
ATP-synt_D	0.9999	0.0000	0.0002	0.9167	ATP synthase subunit D
Sua5_yciO_yrdC	0.9999	0.0000	0.0002	0.9167	Telomere recombination
SRP19	0.9999	0.0000	0.0002	0.9167	SRP19 protein
Strumpellin	0.9999	0.0000	0.0002	0.9167	Hereditary spastic paraplegia protein strumpellin
dsDNA_bind	0.9999	0.0000	0.0002	0.9167	Double-stranded DNA-binding domain
V-ATPase_H_N	0.9999	0.0000	0.0002	0.9167	V-ATPase subunit H
V-ATPase_H_C	0.9999	0.0000	0.0002	0.9167	V-ATPase subunit H
VHS	0.9999	0.0000	0.0002	0.9167	VHS domain
NPL4	0.9999	0.0000	0.0002	0.9167	NPL4 family
VPS51_Exo84_N	0.9999	0.0000	0.0002	0.9167	Vps51/EXO84/COG1 N-terminal
E1_UFD	0.9999	0.0000	0.0002	0.9167	Ubiquitin fold domain
TIP49_C	0.9999	0.0000	0.0002	0.9167	TIP49 AAA-lid domain
TK	0.9999	0.0000	0.0002	0.9167	Thymidine kinase
NOL10_2nd	0.9999	0.0000	0.0002	0.9167	Nucleolar protein 10-like, second domain
SHQ1-like_CS	0.9999	0.0000	0.0002	0.9167	SHQ1-like, CS domain
HRDC	0.9999	0.0000	0.0002	0.9167	HRDC domain
PFU	0.9999	0.0000	0.0002	0.9167	PFU (PLAA family ubiquitin binding)
SLC35F	0.9999	0.0000	0.0002	0.9167	Solute carrier family 35
Hydrolase_like	0.9999	0.0000	0.0002	0.9167	HAD-hyrolase-like
Hydrolase_6	0.9999	0.0000	0.0002	0.9167	Haloacid dehalogenase-like hydrolase
Vps54	0.9999	0.0000	0.0002	0.9167	Vps54-like protein
Ran_BP1	0.9999	0.0000	0.0002	0.9167	RanBP1 domain
FAM91_C	0.9999	0.0000	0.0002	0.9167	FAM91 C-terminus
FAM91_N	0.9999	0.0000	0.0002	0.9167	FAM91 N-terminus
PEX11	0.9999	0.0000	0.0002	0.9167	Peroxisomal biogenesis factor 11 (PEX11)
Cnd3	0.9999	0.0000	0.0002	0.9167	Nuclear condensing complex subunits, C-term domain
Thioredoxin_6	0.9999	0.0000	0.0002	0.9167	Thioredoxin-like domain
EMG1	0.9999	0.0000	0.0002	0.9167	EMG1/NEP1 methyltransferase
ESCRT-II	0.9999	0.0000	0.0002	0.9167	ESCRT-II complex subunit
Torus	0.9999	0.0000	0.0002	0.9167	Torus domain
PPFR1_M	0.9999	0.0000	0.0002	0.9167	Protein phosphatase 4 regulatory subunit 1 middle domain
EMC4	0.9999	0.0000	0.0002	0.9167	ER membrane protein complex subunit 4
Prp3_C	0.9999	0.0000	0.0002	0.9167	Small nuclear ribonucleoprotein Prp3, C-terminal domain
G-patch	0.9999	0.0000	0.0002	0.9167	G-patch domain
AHSA1	0.9999	0.0000	0.0002	0.9167	Activator of Hsp90 ATPase homolog 1-like protein
SecY	0.9999	0.0000	0.0002	0.9167	SecY
CTE_SPB4	0.9999	0.0000	0.0002	0.9167	ATP-dependent rRNA helicase SPB4-like, C-terminal extension
Sas10_Utp3	0.9999	0.0000	0.0002	0.9167	Sas10/Utp3/C1D family
Laminin_G_3	0.9999	0.0000	0.0002	0.9167	Concanavalin A-like lectin/glucanases superfamily
TCTP	0.9999	0.0000	0.0002	0.9167	Translationally controlled tumour protein
AARP2CN	0.9999	0.0000	0.0002	0.9167	AARP2CN (NUC121) domain
Methyltransf_8	0.9999	0.0000	0.0002	0.9167	Hypothetical methyltransferase
BRCA-2_OB1	0.9999	0.0000	0.0002	0.9167	BRCA2, oligonucleotide/oligosaccharide-binding, domain 1
EMP70	0.9999	0.0000	0.0002	0.9167	Endomembrane protein 70
POLO_box	0.9999	0.0000	0.0002	0.9167	POLO box duplicated region
PDS5	0.9999	0.0000	0.0002	0.9167	Sister chromatid cohesion protein PDS5 protein
Sec8_N	0.9999	0.0000	0.0002	0.9167	Exocyst complex component Sec8 N-terminal
COG4_C	0.9999	0.0000	0.0002	0.9167	Conserved oligomeric Golgi complex subunit 4, C-terminal
TPR_Sec16	0.9999	0.0000	0.0002	0.9167	Sec16 Sec23-binding domain
U3_assoc_6	0.9999	0.0000	0.0002	0.9167	U3 small nucleolar RNA-associated protein 6
Mnd1	0.9999	0.0000	0.0002	0.9167	Mnd1 HTH domain
Ebp2	0.9999	0.0000	0.0002	0.9167	Eukaryotic rRNA processing protein EBP2
Intu_longin_1	0.9999	0.0000	0.0002	0.9167	First Longin domain of INTU, CCZ1 and HPS4
DUF846	0.9999	0.0000	0.0002	0.9167	Eukaryotic protein of unknown function (DUF846)
NMD_SH3	0.9999	0.0000	0.0002	0.9167	NMD3 SH3 domain
SPC22	0.9999	0.0000	0.0002	0.9167	Signal peptidase subunit
Isy1	0.9999	0.0000	0.0002	0.9167	Isy1-like splicing family
Fcf1	0.9999	0.0000	0.0002	0.8333	Fcf1
R3H	0.9999	0.0000	0.0002	0.8333	R3H domain
Gpi1	0.9999	0.0000	0.0002	0.8333	N-acetylglucosaminyl transferase component (Gpi1)
Utp11	0.9999	0.0000	0.0002	0.8333	Utp11 protein
AKAP7_NLS	0.9999	0.0000	0.0002	0.8333	AKAP7 2'5' RNA ligase-like domain
AAA_33	0.9999	0.0000	0.0002	0.8333	AAA domain
BTB_2	0.9999	0.0000	0.0002	0.8333	BTB/POZ domain
zf-CCCH_2	0.9999	0.0000	0.0002	0.8333	RNA-binding, Nab2-type zinc finger
Mod_r	0.9999	0.0000	0.0002	0.8333	Modifier of rudimentary (Mod(r)) protein
TPR_19	0.9999	0.0000	0.0002	0.8333	Tetratricopeptide repeat
Dynein_light	0.9999	0.0000	0.0002	0.8333	Dynein light chain type 1
Arm	0.9999	0.0000	0.0002	0.8333	Armadillo/beta-catenin-like repeat
mRNA_triPase	0.9999	0.0000	0.0002	0.8333	mRNA capping enzyme, beta chain
SYS1	0.9999	0.0000	0.0002	0.8333	Integral membrane protein S linking to the trans Golgi network
COG4_m	0.9999	0.0000	0.0002	0.8333	COG4 transport protein, middle alpha-helical bundle
ANAPC10	0.9999	0.0000	0.0002	0.8333	Anaphase-promoting complex, subunit 10 (APC10)
rRNA_processing	0.9999	0.0000	0.0057	0.8333	rRNA processing
NFACT_N	0.9998	0.0000	0.0002	0.8333	NFACT N-terminal and middle domains
Sua5_C	0.9998	0.0000	0.0002	0.8333	Threonylcarbamoyl-AMP synthase, C-terminal domain
RINGv	0.9998	0.0000	0.0002	0.8333	RING-variant domain
Methyltransf_25	0.9998	0.0000	0.0002	0.8333	Methyltransferase domain
RNA_ligase	0.9998	0.0000	0.0002	0.8333	RNA ligase
Sugar_tr	0.9998	0.0000	0.0002	0.8333	Sugar (and other) transporter
PITH	0.9998	0.0000	0.0002	0.8333	PITH domain
TPR_SYVN1_N	0.9998	0.0000	0.0002	0.8333	E3 ubiquitin-protein ligase synoviolin-like, TPR repeats
PPP5	0.9998	0.0000	0.0002	0.8333	PPP5 TPR repeat region
P5CR_dimer	0.9998	0.0000	0.0002	0.8333	Pyrroline-5-carboxylate reductase dimerisation
Pribosyltran	0.9998	0.0000	0.0002	0.8333	Phosphoribosyl transferase domain
OTU	0.9998	0.0000	0.0002	0.8333	OTU-like cysteine protease
CPSF73-100_C	0.9998	0.0000	0.0002	0.8333	Pre-mRNA 3'-end-processing endonuclease polyadenylation factor C-term
Isochorismatase	0.9998	0.0000	0.0002	0.8333	Isochorismatase domain
PMSR	0.9998	0.0000	0.0002	0.8333	Peptide methionine sulfoxide reductase
APH	0.9998	0.0000	0.0002	0.8333	Phosphotransferase enzyme family
Glyoxalase	0.9998	0.0000	0.0002	0.8333	Glyoxalase/Bleomycin resistance protein/Dioxygenase superfamily
SAP	0.9998	0.0000	0.0002	0.8333	SAP domain
Peptidase_S28	0.9998	0.0000	0.0002	1.0000	Serine carboxypeptidase S28
HMGL-like	0.9998	0.0000	0.0003	1.0000	HMGL-like
Lyase_aromatic	0.9997	0.0000	0.0006	1.0000	Aromatic amino acid lyase
PARP	0.9996	0.0000	0.0151	1.0000	Poly(ADP-ribose) polymerase catalytic domain
PARG_cat_C	0.9996	0.0000	0.0151	1.0000	Poly (ADP-ribose) glycohydrolase (PARG), Macro domain fold
RasGEF	0.9996	0.0000	0.0155	1.0000	RasGEF domain
Phospholip_B	0.9996	0.0000	0.0004	1.0000	Phospholipase B
Indigoidine_A	0.9996	0.0000	0.0025	0.9167	Indigoidine synthase A like protein
WGR	0.9995	0.0000	0.0153	0.9167	WGR domain
PARP_reg	0.9995	0.0000	0.0153	0.9167	Poly(ADP-ribose) polymerase, regulatory domain
P21-Arc	0.9995	0.0000	0.0007	1.0000	ARP2/3 complex ARPC3 (21 kDa) subunit
P34-Arc	0.9995	0.0000	0.0007	1.0000	Arp2/3 complex, 34 kD subunit p34-Arc
DUF547	0.9995	0.0000	0.0007	1.0000	Protein of unknown function, DUF547
PRP4	0.9995	0.0000	0.0007	1.0000	pre-mRNA processing factor 4 (PRP4) like
UPF0004	0.9995	0.0000	0.0006	0.9167	Uncharacterized protein family UPF0004
SAM_2	0.9995	0.0000	0.0006	0.8333	SAM domain (Sterile alpha motif)
TP6A_N	0.9995	0.0000	0.0042	0.4167	Type IIB DNA topoisomerase
TOP6A-Spo11_Toprim	0.9995	0.0000	0.0042	0.4167	Topoisomerase 6 subunit A/Spo11, Toprim domain
Peptidase_C2	0.9995	0.0000	0.0042	0.4167	Calpain family cysteine protease
RTE1	0.9995	0.0000	0.0042	0.4167	RTE1-like
Pep3_Vps18	0.9995	0.0000	0.0116	0.8333	Pep3/Vps18/deep orange beta-propeller domain
AOX	0.9994	0.0000	0.0005	0.7500	Alternative oxidase
DUF498	0.9994	0.0000	0.0005	0.7500	Protein of unknown function (DUF498/DUF598)
Ribosomal_L9_N	0.9994	0.0000	0.0005	0.7500	Ribosomal protein L9, N-terminal domain
UbiA	0.9994	0.0000	0.0005	0.7500	UbiA prenyltransferase family
Methyltransf_23	0.9994	0.0000	0.0005	0.7500	Methyltransferase domain
Thiolase_N	0.9994	0.0000	0.0005	0.7500	Thiolase, N-terminal domain
Ligase_CoA	0.9994	0.0000	0.0005	0.7500	CoA-ligase
PCRF	0.9994	0.0000	0.0005	0.7500	PCRF domain
ABC1	0.9994	0.0000	0.0005	0.7500	ABC1 atypical kinase-like domain
Oxidored_FMN	0.9994	0.0000	0.0005	0.7500	NADH:flavin oxidoreductase / NADH oxidase family
THF_DHG_CYH	0.9994	0.0000	0.0005	0.7500	Tetrahydrofolate dehydrogenase/cyclohydrolase, catalytic domain
Complex1_LYR	0.9994	0.0000	0.0005	0.7500	Complex 1 protein (LYR family)
Methyltransf_28	0.9994	0.0000	0.0005	0.7500	Putative S-adenosyl-L-methionine-dependent methyltransferase
Complex1_51K	0.9994	0.0000	0.0005	0.7500	Nuo51 FMN-binding domain
SCO1-SenC	0.9994	0.0000	0.0005	0.7500	SCO1/SenC
L51_S25_CI-B8	0.9994	0.0000	0.0005	0.7500	Mitochondrial ribosomal protein L51 / S25 / CI-B8 domain
NADH_4Fe-4S	0.9994	0.0000	0.0005	0.7500	NADH-ubiquinone oxidoreductase-F iron-sulfur binding region
Biotin_carb_N	0.9994	0.0000	0.0005	0.7500	Biotin carboxylase, N-terminal domain
Biotin_carb_C	0.9994	0.0000	0.0005	0.7500	Biotin carboxylase C-terminal domain
HAGH_C	0.9994	0.0000	0.0005	0.7500	Hydroxyacylglutathione hydrolase C-terminus
Guanylate_cyc	0.9994	0.0000	0.0005	0.7500	Adenylate and Guanylate cyclase catalytic domain
Rieske	0.9994	0.0000	0.0005	0.7500	Rieske [2Fe-2S] domain
ETF_alpha	0.9994	0.0000	0.0005	0.7500	Electron transfer flavoprotein FAD-binding domain
PS_Dcarbxylase	0.9994	0.0000	0.0005	0.7500	Phosphatidylserine decarboxylase
MRP-L47	0.9994	0.0000	0.0005	0.7500	Mitochondrial 39-S ribosomal protein L47 (MRP-L47)
MCD	0.9994	0.0000	0.0005	0.7500	Malonyl-CoA decarboxylase C-terminal domain
LplA-B_cat	0.9994	0.0000	0.0005	0.7500	Lipoyl protein ligase A/B catalytic domain
PK_C	0.9994	0.0000	0.0005	0.7500	Pyruvate kinase, alpha/beta domain
E3_binding	0.9994	0.0000	0.0005	0.7500	e3 binding domain
FAD_binding_4	0.9994	0.0000	0.0005	0.7500	FAD binding domain
Pep_deformylase	0.9994	0.0000	0.0005	0.7500	Polypeptide deformylase
E1_dh	0.9994	0.0000	0.0005	0.7500	Dehydrogenase E1 component
Carboxyl_trans	0.9994	0.0000	0.0005	0.7500	Carboxyl transferase domain
RF-1	0.9994	0.0000	0.0005	0.7500	RF-1 domain
RNase_T	0.9994	0.0000	0.0005	0.7500	Exonuclease
GTP1_OBG	0.9994	0.0000	0.0005	0.7500	GTP1/OBG
THF_DHG_CYH_C	0.9994	0.0000	0.0005	0.7500	Tetrahydrofolate dehydrogenase/cyclohydrolase, NAD(P)-binding domain
LepA_C	0.9994	0.0000	0.0005	0.7500	GTP-binding protein LepA C-terminus
FAD_binding_3	0.9994	0.0000	0.0005	0.7500	FAD binding domain
Transketolase_C	0.9994	0.0000	0.0005	0.7500	Transketolase, C-terminal domain
Glutaredoxin	0.9994	0.0000	0.0005	0.7500	Glutaredoxin
NDH2_C	0.9994	0.0000	0.0005	0.7500	NDH2 C-terminal domain
Abhydrolase_6	0.9994	0.0000	0.0005	0.7500	Alpha/beta hydrolase family
Aconitase	0.9994	0.0000	0.0005	0.7500	Aconitase family (aconitate hydratase)
Ribosomal_L21p	0.9994	0.0000	0.0005	0.7500	Ribosomal prokaryotic L21 protein
NAD_binding_11	0.9994	0.0000	0.0005	0.7500	NAD-binding of NADP-dependent 3-hydroxyisobutyrate dehydrogenase
Amidase	0.9994	0.0000	0.0005	0.7500	Amidase
NAD_binding_2	0.9994	0.0000	0.0005	0.7500	NAD binding domain of 6-phosphogluconate dehydrogenase
Cytochrom_C1	0.9994	0.0000	0.0005	0.7500	Cytochrome C1 family
GCV_T	0.9994	0.0000	0.0005	0.7500	GCVT N-terminal domain
GCV_T_C	0.9994	0.0000	0.0005	0.7500	Glycine cleavage T-protein C-terminal barrel domain
GDC-P	0.9994	0.0000	0.0005	0.7500	Glycine cleavage system P-protein
LETM1_RBD	0.9994	0.0000	0.0005	0.7500	LETM1-like, RBD
ATP-grasp_2	0.9994	0.0000	0.0005	0.7500	ATP-grasp domain
LysM	0.9994	0.0000	0.0005	0.7500	LysM domain
SQS_PSY	0.9994	0.0000	0.0005	0.7500	Squalene/phytoene synthase
FAD_binding_2	0.9994	0.0000	0.0005	0.7500	FAD binding domain
FAD-oxidase_C	0.9994	0.0000	0.0005	0.7500	FAD linked oxidases, C-terminal domain
HMG_CoA_synt_N	0.9994	0.0000	0.0005	0.7500	Hydroxymethylglutaryl-coenzyme A synthase N terminal
HMG-CoA_red	0.9994	0.0000	0.0005	0.7500	Hydroxymethylglutaryl-coenzyme A reductase
ECH_2	0.9994	0.0000	0.0005	0.7500	Enoyl-CoA hydratase/isomerase
2-oxoacid_dh	0.9994	0.0000	0.0005	0.7500	2-oxoacid dehydrogenases acyltransferase (catalytic domain)
2-oxogl_dehyd_N	0.9994	0.0000	0.0005	0.7500	2-oxoglutarate dehydrogenase N-terminus
ECH_1	0.9994	0.0000	0.0005	0.7500	Enoyl-CoA hydratase/isomerase
DEXQc_Suv3	0.9994	0.0000	0.0005	0.7500	DEXQ-box helicase domain of Suv3
Band_7	0.9994	0.0000	0.0005	0.7500	SPFH domain / Band 7 family
ETFQO_UQ-bd	0.9994	0.0000	0.0005	0.7500	ETF-QO, ubiquinone-binding
60KD_IMP	0.9994	0.0000	0.0005	0.7500	60Kd inner membrane protein
3HCDH_N	0.9994	0.0000	0.0005	0.7500	3-hydroxyacyl-CoA dehydrogenase, NAD binding domain
4HBT	0.9994	0.0000	0.0005	0.7500	Thioesterase superfamily
3HCDH	0.9994	0.0000	0.0005	0.7500	3-hydroxyacyl-CoA dehydrogenase, C-terminal domain
Tim17	0.9994	0.0000	0.0005	0.7500	Tim17/Tim22/Tim23/Pmp24 family
AFG1_ATPase	0.9994	0.0000	0.0005	0.7500	AFG1-like ATPase
ADK_lid	0.9994	0.0000	0.0005	0.7500	Adenylate kinase, active site lid
ATP11	0.9994	0.0000	0.0005	0.7500	ATP11 protein
GMC_oxred_N	0.9994	0.0000	0.0005	0.7500	GMC oxidoreductase
Aconitase_C	0.9994	0.0000	0.0005	0.7500	Aconitase C-terminal domain
SLBB_2	0.9994	0.0000	0.0005	0.7500	SLBB domain
ATP12	0.9994	0.0000	0.0005	0.7500	ATP12 chaperone protein
OxoGdeHyase_C	0.9994	0.0000	0.0005	0.7500	2-oxoglutarate dehydrogenase C-terminal
Pterin_4a	0.9994	0.0000	0.0005	0.7500	Pterin 4 alpha carbinolamine dehydratase
Peptidase_S9_N	0.9994	0.0000	0.0005	0.7500	Prolyl oligopeptidase, N-terminal beta-propeller domain
Peptidase_M41	0.9994	0.0000	0.0005	0.7500	Peptidase family M41
PPR	0.9994	0.0000	0.0005	0.7500	PPR repeat
ETF	0.9994	0.0000	0.0005	0.7500	Electron transfer flavoprotein domain
PPR_3	0.9994	0.0000	0.0005	0.7500	Pentatricopeptide repeat domain
GMC_oxred_C	0.9994	0.0000	0.0005	0.7500	GMC oxidoreductase
Fer2	0.9994	0.0000	0.0005	0.7500	2Fe-2S iron-sulfur cluster binding domain
CPSase_L_D2	0.9994	0.0000	0.0005	0.7500	Carbamoyl-phosphate synthase L chain, ATP binding domain
KH_dom-like	0.9994	0.0000	0.0005	0.7500	KH-domain-like of EngA bacterial GTPase enzymes, C-terminal
Ion_trans	0.9994	0.0000	0.0005	0.7500	Ion transport protein
IQ	0.9994	0.0000	0.0005	0.7500	IQ calmodulin-binding motif
Pyr_redox_dim	0.9994	0.0000	0.0005	0.7500	Pyridine nucleotide-disulphide oxidoreductase, dimerisation domain
Pro_dh	0.9994	0.0000	0.0005	0.7500	Proline dehydrogenase
ketoacyl-synt	0.9994	0.0000	0.0005	0.7500	Beta-ketoacyl synthase, N-terminal domain
2Fe-2S_thioredx	0.9994	0.0000	0.0005	0.7500	Thioredoxin-like [2Fe-2S] ferredoxin
ACAS_N	0.9994	0.0000	0.0005	0.7500	Acetyl-coenzyme A synthetase N-terminus
Sacchrp_dh_NADP	0.9994	0.0000	0.0005	0.7500	Saccharopine dehydrogenase NADP binding domain
3Beta_HSD	0.9994	0.0000	0.0005	0.7500	3-beta hydroxysteroid dehydrogenase/isomerase family
Amino_oxidase	0.9994	0.0000	0.0005	0.7500	Flavin containing amine oxidoreductase
SFXNs	0.9994	0.0000	0.0005	0.7500	Sideroflexins
FAA_hydrolase	0.9994	0.0000	0.0005	0.7500	Fumarylacetoacetate (FAA) hydrolase C-terminal
Acyl-CoA_dh_N	0.9994	0.0000	0.0005	0.7500	Acyl-CoA dehydrogenase, N-terminal domain
OGG_N	0.9994	0.0000	0.0005	0.7500	8-oxoguanine DNA glycosylase, N-terminal domain
Acyl-CoA_dh_1	0.9994	0.0000	0.0005	0.7500	Acyl-CoA dehydrogenase, C-terminal domain
Acyl-CoA_dh_M	0.9994	0.0000	0.0005	0.7500	Acyl-CoA dehydrogenase, middle domain
EF-G_D2	0.9994	0.0000	0.0005	0.7500	Elongation factor G domain 2
NAD_binding_6	0.9994	0.0000	0.0005	0.7500	Ferric reductase NAD binding domain
FAD_binding_8	0.9994	0.0000	0.0005	0.7500	FAD-binding domain
Complex1_LYR_2	0.9994	0.0000	0.0005	0.7500	Complex1_LYR-like
NBCH_WD40	0.9994	0.0000	0.0005	0.7500	Neurobeachin beta propeller domain
GcvP2_C	0.9994	0.0000	0.0005	0.7500	Glycine dehydrogenase, C-terminal domain
Kelch_1	0.9994	0.0000	0.0005	0.7500	Kelch motif
Frataxin_Cyay	0.9994	0.0000	0.0006	0.7500	Frataxin-like domain
FSH1	0.9994	0.0000	0.0006	0.7500	Serine hydrolase (FSH1)
Formyl_trans_N	0.9994	0.0000	0.0006	0.7500	Formyl transferase
COX17	0.9994	0.0000	0.0005	0.6667	Cytochrome C oxidase copper chaperone (COX17)
LZ3wCH	0.9994	0.0000	0.0009	0.9167	Leucine zipper with capping helix domain
ATG27	0.9994	0.0000	0.0009	0.9167	Autophagy-related protein 27
B2-adapt-app_C	0.9994	0.0000	0.0155	0.8333	Beta2-adaptin appendage, C-terminal sub-domain
Fer4_ETF_QO	0.9994	0.0000	0.0005	0.6667	Electron transfer flavoprotein-ubiquinone oxidoreductase, 4Fe-4S
IMS_C	0.9993	0.0000	0.0054	0.2500	impB/mucB/samB family C-terminal domain
Alpha-amylase	0.9993	0.0000	0.0031	1.0000	Alpha amylase, catalytic domain
Anti-Pycsar_Apyc1	0.9993	0.0000	0.0031	1.0000	Anti-Pycsar protein Apyc1
dNK	0.9993	0.0000	0.0031	1.0000	Deoxynucleoside kinase
DIL	0.9993	0.0000	0.0031	1.0000	DIL domain
IQGAP_helical	0.9992	0.0000	0.0070	1.0000	IQGAP, helical domain
HHH_7	0.9992	0.0000	0.0070	1.0000	Helix-hairpin-helix motif
Rho_GDI	0.9992	0.0000	0.0070	1.0000	RHO protein GDP dissociation inhibitor
Homeobox_KN	0.9992	0.0000	0.0070	1.0000	Homeobox KN domain
SRF-TF	0.9992	0.0000	0.0070	1.0000	SRF-type transcription factor (DNA-binding and dimerisation domain)
ASMase_C	0.9992	0.0000	0.0070	1.0000	Acid sphingomyelin phosphodiesterase C-terminal region
SANT_DAMP1_like	0.9992	0.0000	0.0070	1.0000	SANT/Myb-like domain of DAMP1
Ssu72	0.9992	0.0000	0.0070	1.0000	Ssu72-like protein
C2H2-zf_KIN17	0.9992	0.0000	0.0070	1.0000	KIN17 C2H2-type zinc finger domain
VHP	0.9992	0.0000	0.0070	1.0000	Villin headpiece domain
G-alpha	0.9992	0.0000	0.0070	1.0000	G-protein alpha subunit
DUF92	0.9992	0.0000	0.0070	1.0000	Integral membrane protein DUF92
WHD_MCM8	0.9992	0.0000	0.0070	1.0000	MCM8 winged helix domain
SprT-like	0.9992	0.0000	0.0070	0.9167	SprT-like family
PAC2	0.9992	0.0000	0.0070	1.0000	PAC2 family
OST3_OST6	0.9992	0.0000	0.0070	1.0000	OST3 / OST6 family, transporter family
TPR_XPO6_C	0.9992	0.0000	0.0070	1.0000	Exportin-6, C-terminal TPR repeats
TPR_TAF2_C	0.9992	0.0000	0.0070	1.0000	TAF2-like, TPR repeats
Ribonuclease_T2	0.9992	0.0000	0.0069	0.9167	Ribonuclease T2 family
DHR-2_Lobe_C	0.9992	0.0000	0.0070	1.0000	DHR-2, Lobe C
Bromo_TP	0.9992	0.0000	0.0070	1.0000	Bromodomain associated
Med7	0.9992	0.0000	0.0070	1.0000	MED7 protein
WHD_Rad26_CSB	0.9992	0.0000	0.0070	1.0000	Rad26/CSB winged helix DNA-binding domain
WH_KIN17	0.9992	0.0000	0.0070	1.0000	KIN17 WH-like domain
Prp31_C	0.9992	0.0000	0.0070	1.0000	Prp31 C terminal domain
F_actin_bund_C	0.9992	0.0000	0.0070	1.0000	F actin bundling C terminal
Cwf_Cwc_15	0.9992	0.0000	0.0070	1.0000	Cwf15/Cwc15 cell cycle control protein
SapB_2	0.9992	0.0000	0.0070	1.0000	Saposin-like type B, region 2
IRS	0.9992	0.0000	0.0070	1.0000	PTB domain (IRS-1 type)
IQGAP_C	0.9992	0.0000	0.0070	1.0000	IQGAP, C-terminal domain
KTI12	0.9992	0.0000	0.0070	1.0000	Chromatin associated protein KTI12
KOW5_SPT5	0.9992	0.0000	0.0070	1.0000	Transcription elongation factor SPT5, fifth KOW domain
SWIRM	0.9992	0.0000	0.0070	1.0000	SWIRM domain
CRAL_TRIO_2	0.9992	0.0000	0.0070	1.0000	Divergent CRAL/TRIO domain
Filamin	0.9992	0.0000	0.0070	1.0000	Filamin/ABP280 repeat
Drf_FH3	0.9992	0.0000	0.0070	1.0000	Diaphanous FH3 Domain
PBD	0.9992	0.0000	0.0070	1.0000	P21-Rho-binding domain
Hat1_N	0.9992	0.0000	0.0070	1.0000	Histone acetyl transferase HAT1 N-terminus
PC4	0.9992	0.0000	0.0070	1.0000	Transcriptional Coactivator p15 (PC4)
A-sol_ELP1	0.9992	0.0000	0.0070	1.0000	ELP1 alpha-solenoid
Drf_GBD	0.9992	0.0000	0.0070	1.0000	Diaphanous GTPase-binding Domain
ZZ_ADA2	0.9992	0.0000	0.0070	1.0000	ADA2 ZZ-type zing finger
GlfB_C	0.9992	0.0000	0.0070	1.0000	GlfB-like, C-terminal domain
Rap_GAP	0.9992	0.0000	0.0070	1.0000	Rap/ran-GAP
TADA2A-like_3rd	0.9992	0.0000	0.0070	1.0000	Transcriptional adapter 2-alpha-like domain
VWA_4	0.9992	0.0000	0.0070	1.0000	von Willebrand factor A domain
RWP-RK	0.9992	0.0000	0.0070	1.0000	RWP-RK domain
HEAT_GCN1	0.9992	0.0000	0.0070	1.0000	Stalled ribosome sensor GCN1-like, HEAT repeats
Ribonuc_2-5A	0.9992	0.0000	0.0070	1.0000	Ribonuclease 2-5A
Med21	0.9992	0.0000	0.0070	1.0000	Subunit 21 of Mediator complex
UNC-93	0.9992	0.0000	0.0070	1.0000	Ion channel regulatory protein UNC-93
Beta-prop_WDR75_2nd	0.9992	0.0000	0.0070	1.0000	WD repeat-containing protein 75 second beta-propeller
PRP6_TPR	0.9992	0.0000	0.0070	1.0000	PRP6, TPR-like domain
EH	0.9992	0.0000	0.0070	1.0000	EH domain
RGS	0.9992	0.0000	0.0070	1.0000	Regulator of G protein signaling domain
SYF2	0.9992	0.0000	0.0070	1.0000	SYF2 splicing factor
CYRIA-B_Rac1-bd	0.9992	0.0000	0.0070	1.0000	CYRIA/CYRIB Rac1 binding domain
DUF3591	0.9992	0.0000	0.0070	1.0000	Protein of unknown function (DUF3591)
TAFII28	0.9992	0.0000	0.0070	1.0000	hTAFII28-like protein conserved region
NXF_NTF2	0.9992	0.0000	0.0070	1.0000	Nuclear RNA export factor, NTF2 domain
NT-C2	0.9992	0.0000	0.0070	1.0000	N-terminal C2 in EEIG1 and EHBP1 proteins
TFIID-31kDa	0.9992	0.0000	0.0070	1.0000	Transcription initiation factor IID, 31kD subunit
Rad52_Rad22	0.9992	0.0000	0.0070	1.0000	Rad52/22 family double-strand break repair protein
Glyco_hydro_15	0.9992	0.0000	0.0070	1.0000	Glycosyl hydrolases family 15
C1_4	0.9992	0.0000	0.0070	1.0000	TFIIH C1-like domain
BAR	0.9992	0.0000	0.0070	1.0000	BAR domain
A_thal_3526	0.9992	0.0000	0.0070	0.9167	Plant protein 1589 of unknown function (A_thal_3526)
TAF8_C	0.9992	0.0000	0.0070	1.0000	Transcription factor TFIID complex subunit 8 C-term
Nse4_C	0.9992	0.0000	0.0070	1.0000	Nse4 C-terminal
TFIID-18kDa	0.9992	0.0000	0.0070	0.9167	Transcription initiation factor IID, 18kD subunit
DAD	0.9992	0.0000	0.0070	0.9167	DAD family
Far-17a_AIG1	0.9992	0.0000	0.0070	0.9167	FAR-17a/AIG1-like protein
2_5_RNA_ligase2	0.9992	0.0000	0.0070	0.9167	2'-5' RNA ligase superfamily
DWNN	0.9992	0.0000	0.0070	0.9167	DWNN domain
NOPCHAP1	0.9992	0.0000	0.0070	0.9167	NOP protein chaperone 1
DUF1765	0.9992	0.0000	0.0070	0.9167	Protein of unknown function (DUF1765)
BP28CT	0.9992	0.0000	0.0070	0.9167	BP28CT (NUC211) domain
Spindle_Spc25	0.9992	0.0000	0.0070	0.8333	Chromosome segregation protein Spc25
Myosin_TH1	0.9991	0.0000	0.0016	1.0000	Unconventional myosin tail, actin- and lipid-binding
RasGEF_N	0.9991	0.0000	0.0016	1.0000	RasGEF N-terminal motif
PH_3	0.9991	0.0000	0.0016	1.0000	PH domain
Rad10	0.9991	0.0000	0.0016	1.0000	Binding domain of DNA repair protein Ercc1 (rad10/Swi10)
FERM_M	0.9991	0.0000	0.0016	1.0000	FERM central domain
Oxysterol_BP	0.9991	0.0000	0.0016	1.0000	Oxysterol-binding protein
ABC_membrane_2	0.9989	0.0000	0.0014	0.7500	ABC transporter transmembrane region 2
ACBP	0.9989	0.0000	0.0014	0.7500	Acyl CoA binding protein
PqqF-like_C_4	0.9989	0.0000	0.0014	0.7500	PQQ synthase PqqF-like, C-terminal lobe domain 4
6PGD	0.9989	0.0000	0.0014	0.7500	6-phosphogluconate dehydrogenase, C-terminal domain
ACOX	0.9989	0.0000	0.0014	0.7500	Acyl-CoA oxidase
BD-FAE	0.9989	0.0000	0.0014	0.7500	BD-FAE
BCS1_N	0.9989	0.0000	0.0014	0.7500	BCS1 N terminal
Pex2_Pex12	0.9989	0.0000	0.0014	0.7500	Pex2 / Pex12 amino terminal region
DIOX_N	0.9989	0.0000	0.0014	0.7500	non-haem dioxygenase in morphine synthesis N-terminal
PMC2NT	0.9989	0.0000	0.0014	0.7500	PMC2NT (NUC016) domain
Tctex-1	0.9989	0.0000	0.0014	0.7500	Tctex-1 family
Motile_Sperm	0.9989	0.0000	0.0014	0.7500	MSP (Major sperm protein) domain
Glyco_transf_22	0.9989	0.0000	0.0014	0.7500	Alg9-like mannosyltransferase family
Glyco_hydro_65m	0.9989	0.0000	0.0014	0.7500	Glycosyl hydrolase family 65 central catalytic domain
DNA_pol_B_palm	0.9989	0.0000	0.0014	0.7500	DNA polymerase beta palm
DNA_pol_B_thumb	0.9989	0.0000	0.0014	0.7500	DNA polymerase beta thumb
DDRGK	0.9989	0.0000	0.0014	0.7500	DDRGK domain
G6PD_C	0.9989	0.0000	0.0014	0.7500	Glucose-6-phosphate dehydrogenase, C-terminal domain
GATase	0.9989	0.0000	0.0014	0.7500	Glutamine amidotransferase class-I
Dabb	0.9989	0.0000	0.0014	0.7500	Stress responsive A/B Barrel Domain
Dcc1	0.9989	0.0000	0.0014	0.7500	Sister chromatid cohesion protein Dcc1
EIF3I	0.9989	0.0000	0.0014	0.7500	EIF3I
CNNM	0.9989	0.0000	0.0014	0.7500	Cyclin M transmembrane N-terminal domain
Ku_N	0.9989	0.0000	0.0014	0.7500	Ku70/Ku80 N-terminal alpha/beta domain
cobW	0.9989	0.0000	0.0014	0.7500	CobW/HypB/UreG, nucleotide-binding domain
euk_SelB_III	0.9989	0.0000	0.0014	0.7500	Selenocysteine-specific elongation factor, eukaryotes, 3rd domain
cNMP_binding	0.9989	0.0000	0.0014	0.7500	Cyclic nucleotide-binding domain
ARD	0.9989	0.0000	0.0014	0.7500	ARD/ARD' family
RNA_pol	0.9989	0.0000	0.0014	0.7500	DNA-dependent RNA polymerase
IMPDH	0.9989	0.0000	0.0014	0.7500	IMP dehydrogenase / GMP reductase domain
eIF3_p135	0.9989	0.0000	0.0014	0.7500	Translation initiation factor eIF3 subunit 135
GCS	0.9989	0.0000	0.0014	0.7500	Glutamate-cysteine ligase
MaoC_dehydratas	0.9989	0.0000	0.0014	0.7500	MaoC like domain
Beta-sand_DEX1	0.9989	0.0000	0.0014	0.7500	DEX1 beta-sandwich
PDEase_I	0.9989	0.0000	0.0014	0.7500	3'5'-cyclic nucleotide phosphodiesterase
S-methyl_trans	0.9989	0.0000	0.0014	0.7500	Homocysteine S-methyltransferase
TBCC	0.9989	0.0000	0.0014	0.7500	Tubulin binding cofactor C
Cytochrom_B561	0.9989	0.0000	0.0014	0.7500	Eukaryotic cytochrome b561
Peptidase_M17	0.9989	0.0000	0.0014	0.7500	Cytosol aminopeptidase family, catalytic domain
Peptidase_M16_M	0.9989	0.0000	0.0014	0.7500	Middle or third domain of peptidase_M16
Peptidase_M14	0.9989	0.0000	0.0014	0.7500	Zinc carboxypeptidase
LRR_9	0.9989	0.0000	0.0014	0.7500	Leucine-rich repeat
Spermine_synt_N	0.9989	0.0000	0.0014	0.7500	Spermidine synthase tetramerisation domain
Spermine_synth	0.9989	0.0000	0.0014	0.7500	Spermine/spermidine synthase domain
OMPdecase	0.9989	0.0000	0.0014	0.7500	Orotidine 5'-phosphate decarboxylase / HUMPS family
Nic96	0.9989	0.0000	0.0014	0.7500	Nup93/Nic96
PAP_RNA-bind	0.9989	0.0000	0.0014	0.7500	Poly(A) polymerase predicted RNA binding domain
Suc_Fer-like	0.9989	0.0000	0.0014	0.7500	Sucrase/ferredoxin-like
NAD_binding_1	0.9989	0.0000	0.0014	0.7500	Oxidoreductase NAD-binding domain
TPR_PEP5_VPS11	0.9989	0.0000	0.0014	0.7500	PEP5/VPS11 Clathrin repeat
Reticulon	0.9989	0.0000	0.0014	0.7500	Reticulon
DUF1744	0.9989	0.0000	0.0014	0.7500	Domain of unknown function (DUF1744)
Ribonuc_red_lgC	0.9989	0.0000	0.0014	0.7500	Ribonucleotide reductase, barrel domain
MVD-like_N	0.9989	0.0000	0.0014	0.7500	Diphosphomevalonate decarboxylase-like N-terminal domain
Ribonuc_red_sm	0.9989	0.0000	0.0014	0.7500	Ribonucleotide reductase, small chain
Ribonuc_red_lgN	0.9989	0.0000	0.0014	0.7500	Ribonucleotide reductase, all-alpha domain
Atx10homo_assoc	0.9989	0.0000	0.0014	0.7500	Spinocerebellar ataxia type 10 protein domain
MORN	0.9989	0.0000	0.0014	0.7500	MORN repeat
Arm_3	0.9989	0.0000	0.0014	0.7500	Atypical Arm repeat
HAD_Pex22	0.9989	0.0000	0.0014	0.7500	Peroxisome biogenesis protein 22, Haloacid dehydrogenase-like domain
MatE	0.9989	0.0000	0.0014	0.7500	MatE
MT	0.9989	0.0000	0.0014	0.7500	Microtubule-binding stalk of dynein motor
ELO	0.9989	0.0000	0.0014	0.7500	GNS1/SUR4 family
ELMO_CED12	0.9989	0.0000	0.0014	0.7500	ELMO/CED-12 family
CIAPIN1	0.9989	0.0000	0.0014	0.7500	Cytokine-induced anti-apoptosis inhibitor 1, Fe-S biogenesis
CLU	0.9989	0.0000	0.0014	0.7500	Clustered mitochondria
Cupin_8	0.9989	0.0000	0.0014	0.7500	Cupin-like domain
Cyt-b5	0.9989	0.0000	0.0014	0.7500	Cytochrome b5-like Heme/Steroid binding domain
SAM_decarbox	0.9989	0.0000	0.0014	0.7500	Adenosylmethionine decarboxylase
AAA_lid_BCS1	0.9989	0.0000	0.0014	0.7500	Mitochondrial chaperone BCS1-like, ATPase lid domain
AAA_9	0.9989	0.0000	0.0014	0.7500	ATP-binding dynein motor region
OTCace_N	0.9989	0.0000	0.0014	0.7500	Aspartate/ornithine carbamoyltransferase, carbamoyl-P binding domain
2OG-FeII_Oxy	0.9989	0.0000	0.0014	0.7500	2OG-Fe(II) oxygenase superfamily
6PF2K	0.9989	0.0000	0.0014	0.7500	6-phosphofructo-2-kinase
zf-AN1	0.9989	0.0000	0.0014	0.7500	AN1-like Zinc finger
AAA_8	0.9989	0.0000	0.0014	0.7500	P-loop containing dynein motor region D4
AAA_7	0.9989	0.0000	0.0014	0.7500	P-loop containing dynein motor region
AAA_6	0.9989	0.0000	0.0014	0.7500	Hydrolytic ATP binding site of dynein motor region
2OG-FeII_Oxy_3	0.9989	0.0000	0.0014	0.7500	2OG-Fe(II) oxygenase superfamily
2OG-FeII_Oxy_2	0.9989	0.0000	0.0014	0.7500	2OG-Fe(II) oxygenase superfamily
ERG4_ERG24	0.9989	0.0000	0.0014	0.7500	Ergosterol biosynthesis ERG4/ERG24 family
Topoisom_I_N	0.9989	0.0000	0.0014	0.7500	Eukaryotic DNA topoisomerase I, DNA binding fragment
DHC_N1	0.9989	0.0000	0.0014	0.7500	Dynein heavy chain, N-terminal region 1
DHC_N2	0.9989	0.0000	0.0014	0.7500	Dynein heavy chain, N-terminal region 2
PPR_2	0.9989	0.0000	0.0014	0.7500	PPR repeat family
Beta-prop_EIPR1	0.9989	0.0000	0.0014	0.7500	EIPR1 beta-propeller
Methyltransf_5	0.9989	0.0000	0.0014	0.7500	MraW methylase family
Nucleoporin_N	0.9989	0.0000	0.0014	0.7500	Nup133 N terminal like
Prp19	0.9989	0.0000	0.0014	0.7500	Prp19/Pso4-like
AIRS	0.9989	0.0000	0.0014	0.7500	AIR synthase related protein, N-terminal domain
PhyH	0.9989	0.0000	0.0014	0.7500	Phytanoyl-CoA dioxygenase (PhyH)
DYN_lid	0.9989	0.0000	0.0014	0.7500	Dynein heavy chain, ATPase lid domain
Peptidase_S8	0.9989	0.0000	0.0014	0.7500	Subtilase family
p450	0.9989	0.0000	0.0014	0.7500	Cytochrome P450
Abhydrolase_2	0.9989	0.0000	0.0014	0.7500	Phospholipase/Carboxylesterase
Dynein_C	0.9989	0.0000	0.0014	0.7500	Dynein heavy chain C-terminal domain
Vps16_N	0.9989	0.0000	0.0014	0.7500	Vps16, N-terminal region
Vps52_C	0.9989	0.0000	0.0014	0.7500	Vps52, C-terminal
Vps52_CC	0.9989	0.0000	0.0014	0.7500	Vps52/Sac2 family, coiled-coil
Lysine_decarbox	0.9989	0.0000	0.0014	0.7500	Possible lysine decarboxylase
GST_N	0.9989	0.0000	0.0014	0.7500	Glutathione S-transferase, N-terminal domain
FA_hydroxylase	0.9989	0.0000	0.0014	0.7500	Fatty acid hydroxylase
CBS	0.9989	0.0000	0.0014	0.7500	CBS domain
FA_desaturase	0.9989	0.0000	0.0014	0.7500	Fatty acid desaturase
GTP_EFTU_D3	0.9989	0.0000	0.0014	0.7500	Elongation factor Tu C-terminal domain
GSH_synth_ATP	0.9989	0.0000	0.0014	0.7500	Eukaryotic glutathione synthase, ATP binding domain
GSH_synthase	0.9989	0.0000	0.0014	0.7500	Eukaryotic glutathione synthase
Dynein_heavy	0.9989	0.0000	0.0014	0.7500	Dynein heavy chain region D6 P-loop domain
E3_UFM1_ligase	0.9989	0.0000	0.0014	0.7500	E3 UFM1-protein ligase 1
Dymeclin	0.9989	0.0000	0.0014	0.7500	Dyggve-Melchior-Clausen syndrome protein
Dynein_AAA_lid	0.9989	0.0000	0.0014	0.7500	Dynein heavy chain AAA lid domain
GST_C	0.9989	0.0000	0.0014	0.7500	Glutathione S-transferase, C-terminal domain
MATH_2	0.9989	0.0000	0.0014	0.7500	MATH domain
HHH_8	0.9989	0.0000	0.0014	0.7500	Helix-hairpin-helix domain
MDD_C	0.9989	0.0000	0.0014	0.7500	Mevalonate 5-diphosphate decarboxylase C-terminal domain
Vps16_C	0.9989	0.0000	0.0014	0.7500	Vps16, C-terminal region
FAD_binding_6	0.9989	0.0000	0.0014	0.7500	Oxidoreductase FAD-binding domain
PI-PLC-Y	0.9989	0.0000	0.0014	0.7500	Phosphatidylinositol-specific phospholipase C, Y domain
PI-PLC-X	0.9989	0.0000	0.0014	0.7500	Phosphatidylinositol-specific phospholipase C, X domain
FAD_binding_1	0.9989	0.0000	0.0014	0.7500	FAD binding domain
VPS18_solenoid_2nd	0.9989	0.0000	0.0014	0.7500	VPS18, alpha-solenoid domain, second half
Adenylsucc_synt	0.9989	0.0000	0.0014	0.7500	Adenylosuccinate synthetase
DUF1771	0.9989	0.0000	0.0014	0.7500	Domain of unknown function (DUF1771)
HORMA	0.9989	0.0000	0.0014	0.7500	HORMA domain
LsmAD	0.9989	0.0000	0.0014	0.7500	LsmAD domain
TPR_ANAPC2	0.9989	0.0000	0.0014	0.7500	ANAPC2-like, TPR repeats
CAS_CSE1	0.9989	0.0000	0.0014	0.7500	CAS/CSE protein, C-terminus
CAP_GLY	0.9989	0.0000	0.0014	0.7500	CAP-Gly domain
zf-MYND	0.9989	0.0000	0.0014	0.7500	MYND finger
CRAL_TRIO	0.9989	0.0000	0.0014	0.7500	CRAL/TRIO domain
Iml2-TPR_39	0.9989	0.0000	0.0014	0.7500	Iml2/Tetratricopeptide repeat protein 39
Oxidored_q6	0.9989	0.0000	0.0014	0.7500	NADH ubiquinone oxidoreductase, 20 Kd subunit
OTCace	0.9989	0.0000	0.0014	0.7500	Aspartate/ornithine carbamoyltransferase, Asp/Orn binding domain
COPI_C	0.9989	0.0000	0.0014	0.7500	Coatomer (COPI) alpha subunit C-terminus
CTP_synth_N	0.9989	0.0000	0.0014	0.7500	CTP synthase N-terminus
OB_POLE2	0.9989	0.0000	0.0014	0.7500	DNA polymerase epsilon subunit 2-like, OB-fold domain
ADH_zinc_N_2	0.9989	0.0000	0.0014	0.7500	Zinc-binding dehydrogenase
eIF-3_zeta	0.9989	0.0000	0.0014	0.7500	Eukaryotic translation initiation factor 3 subunit 7 (eIF-3)
AIRS_C	0.9989	0.0000	0.0014	0.7500	AIR synthase related protein, C-terminal domain
ALG3	0.9989	0.0000	0.0014	0.7500	ALG3 protein
COX15-CtaA	0.9989	0.0000	0.0014	0.7500	Cytochrome oxidase assembly protein
Topo_C_assoc	0.9989	0.0000	0.0014	0.7500	C-terminal topoisomerase domain
Topoisom_I	0.9989	0.0000	0.0014	0.7500	Eukaryotic DNA topoisomerase I, catalytic core
PEP5_VPS11_N	0.9989	0.0000	0.0014	0.7500	PEP5/VPS11 N-terminal
GMPPB_C	0.9989	0.0000	0.0014	0.7500	GMPPB C-terminal domain
SM-ATX	0.9989	0.0000	0.0014	0.7500	Ataxin 2 SM domain
PEPCK_ATP	0.9989	0.0000	0.0014	0.7500	Phosphoenolpyruvate carboxykinase
ABC2_membrane_7	0.9989	0.0000	0.0014	0.7500	ABC-2 type transporter
Nup54	0.9989	0.0000	0.0014	0.7500	Nucleoporin complex subunit 54
Vps54_N	0.9989	0.0000	0.0014	0.7500	Vacuolar-sorting protein 54, of GARP complex
Peptidase_S10	0.9989	0.0000	0.0014	0.7500	Serine carboxypeptidase
Dak1	0.9989	0.0000	0.0014	0.7500	Dak1 domain
HpcH_HpaI	0.9989	0.0000	0.0014	0.7500	HpcH/HpaI aldolase/citrate lyase
YGR210-like_G4	0.9989	0.0000	0.0014	0.7500	Obg-like GTPase YGR210-like, G4 motif-containing domain
TPT	0.9989	0.0000	0.0014	0.7500	Triose-phosphate Transporter family
PTR2	0.9989	0.0000	0.0014	0.7500	POT family
PLAC8	0.9989	0.0000	0.0014	0.7500	PLAC8 family
TANGO2	0.9989	0.0000	0.0014	0.7500	Transport and Golgi organisation 2
MtN3_slv	0.9989	0.0000	0.0014	0.7500	Sugar efflux transporter for intercellular exchange
Prenyltransf	0.9989	0.0000	0.0014	0.7500	Putative undecaprenyl diphosphate synthase
PLDc_2	0.9989	0.0000	0.0014	0.7500	Cardiolipin synthase, PLD-like domain
Mpo1-like	0.9989	0.0000	0.0014	0.7500	2-hydroxy-palmitic acid dioxygenase Mpo1-like
VID27	0.9989	0.0000	0.0014	0.7500	VID27 C-terminal WD40-like domain
Maf1	0.9989	0.0000	0.0014	0.7500	Maf1 regulator
UPF0220	0.9989	0.0000	0.0014	0.7500	Uncharacterised protein family (UPF0220)
DENR_N	0.9989	0.0000	0.0014	0.7500	DENR, N-terminal
Beta-prop_Vps41	0.9989	0.0000	0.0014	0.7500	Vps42 beta-propeller
COG5_C	0.9989	0.0000	0.0014	0.7500	Conserved oligomeric Golgi complex subunit 5, C-terminal
TXD17-like_Trx	0.9989	0.0000	0.0014	0.7500	Thioredoxin domain-containing protein 17-like, thioredoxin domain
Med26	0.9989	0.0000	0.0014	0.7500	TFIIS helical bundle-like domain
ACCA_BT	0.9989	0.0000	0.0014	0.7500	Acetyl-CoA carboxylase, BT domain
ACC_central	0.9989	0.0000	0.0014	0.7500	Acetyl-CoA carboxylase, central region
RNA_lig_T4_1	0.9989	0.0000	0.0014	0.7500	RNA ligase
APC1_4th	0.9989	0.0000	0.0014	0.7500	APC1 fourth domain
PA26	0.9989	0.0000	0.0014	0.7500	PA26 p53-induced protein (sestrin)
COG2_C	0.9989	0.0000	0.0014	0.7500	COG complex component, COG2, C-terminal
Zn_ribbon_Elf1	0.9989	0.0000	0.0014	0.7500	Transcription elongation factor Elf1 like
DDAH_eukar	0.9989	0.0000	0.0014	0.7500	N,N dimethylarginine dimethylhydrolase, eukaryotic
Y_phosphatase2	0.9989	0.0000	0.0014	0.7500	Tyrosine phosphatase family
Exportin-T	0.9989	0.0000	0.0014	0.7500	Exportin-T
Cyclin	0.9989	0.0000	0.0014	0.7500	Cyclin
TRAP_alpha	0.9989	0.0000	0.0014	0.7500	Translocon-associated protein (TRAP), alpha subunit
VRR_NUC	0.9989	0.0000	0.0014	0.7500	VRR-NUC domain
Vac14_Fig4_bd	0.9989	0.0000	0.0014	0.7500	Vacuolar protein 14 C-terminal Fig4p binding
Vps5	0.9989	0.0000	0.0014	0.7500	Vps5 C terminal like
WD40_RLD	0.9989	0.0000	0.0014	0.7500	RCC1-like domain
LSM14	0.9989	0.0000	0.0014	0.7500	Scd6-like Sm domain
PIN_4	0.9989	0.0000	0.0014	0.7500	PIN domain
TPR_Vps41	0.9989	0.0000	0.0014	0.7500	Vps41 TPR-like region
YegS_C	0.9989	0.0000	0.0014	0.7500	YegS C-terminal NAD kinase beta sandwich-like domain
ARM_TBCD_2nd	0.9989	0.0000	0.0014	0.7500	Tubulin-specific chaperone D-like, ARM repeats
LNS2	0.9989	0.0000	0.0014	0.7500	LNS2 (Lipin/Ned1/Smp2)
CCDC53	0.9989	0.0000	0.0014	0.7500	Subunit CCDC53 of WASH complex
Prp18	0.9989	0.0000	0.0014	0.7500	Prp18 domain
SepSecS	0.9989	0.0000	0.0014	0.7500	O-phosphoseryl-tRNA(Sec) selenium transferase, SepSecS
Nop14	0.9989	0.0000	0.0014	0.7500	Nop14-like family
Nucleoporin_C	0.9989	0.0000	0.0014	0.7500	Non-repetitive/WGA-negative nucleoporin C-terminal
Ins_P5_2-kin	0.9989	0.0000	0.0014	0.7500	Inositol-pentakisphosphate 2-kinase
GPAT_C	0.9989	0.0000	0.0014	0.7500	Glycerol-3-phosphate acyltransferase C-terminal region
Lipin_N	0.9989	0.0000	0.0014	0.7500	lipin, N-terminal conserved region
TFCD_C	0.9989	0.0000	0.0014	0.7500	Tubulin folding cofactor D C terminal
GRASP55_65	0.9989	0.0000	0.0014	0.7500	GRASP55/65 PDZ-like domain
Pentapeptide	0.9989	0.0000	0.0014	0.7500	Pentapeptide repeats (8 copies)
VPS18_solenoid_1st	0.9989	0.0000	0.0014	0.7500	VPS18, alpha-solenoid domain, first half
TPR_Trm732_C	0.9989	0.0000	0.0014	0.7500	Trm732, C-terminal TPR repeats
VPS13_VAB	0.9989	0.0000	0.0014	0.7500	Vacuolar-sorting associated protein 13, adaptor binding domain
Tau95	0.9989	0.0000	0.0015	0.7500	RNA polymerase III transcription factor (TF)IIIC subunit HTH domain
Glyco_hydro_63	0.9989	0.0000	0.0015	0.7500	Glycosyl hydrolase family 63 C-terminal domain
Glyco_hydro_63N	0.9989	0.0000	0.0015	0.7500	Glycosyl hydrolase family 63 N-terminal domain
KOWx_SPT5	0.9989	0.0000	0.0015	0.7500	Transcription elongation factor SPT5, KOWx domain
F-actin_cap_A	0.9989	0.0000	0.0021	0.9167	F-actin capping protein alpha subunit
PRELI	0.9989	0.0000	0.0048	1.0000	PRELI-like family
Alpha_adaptin_C	0.9989	0.0000	0.0098	0.9167	Alpha adaptin AP2, C-terminal domain
BORCS6	0.9989	0.0000	0.0098	0.9167	BLOC-1-related complex sub-unit 6 C-terminal helix
Med6	0.9989	0.0000	0.0098	0.9167	MED6 mediator sub complex component
Exo84_C	0.9989	0.0000	0.0098	0.9167	Exocyst component 84 C-terminal
GATA	0.9989	0.0000	0.0098	0.9167	GATA zinc finger
dDENN	0.9989	0.0000	0.0098	0.9167	dDENN domain
Gpi16	0.9989	0.0000	0.0098	0.9167	Gpi16 subunit, GPI transamidase component
DCP2	0.9989	0.0000	0.0098	0.9167	Dcp2, box A domain
SNRNP27	0.9989	0.0000	0.0098	0.9167	U4/U6.U5 small nuclear ribonucleoproteins
LIG3_BRCT	0.9989	0.0000	0.0098	0.9167	DNA ligase 3 BRCT domain
SRP14	0.9989	0.0000	0.0098	0.9167	Signal recognition particle 14kD protein
CwfJ_C_1	0.9989	0.0000	0.0098	0.9167	Protein similar to CwfJ C-terminal
Ig_TRAPPC9-Trs120_1st	0.9989	0.0000	0.0098	0.9167	Trs120/TRAPPC9, first Ig-like domain
TAFII55_N	0.9989	0.0000	0.0098	0.9167	TAFII55 protein conserved region
SMC_Nse1	0.9989	0.0000	0.0098	0.9167	Nse1 non-SMC component of SMC5-6 complex
CCDC47	0.9989	0.0000	0.0098	0.9167	PAT complex subunit CCDC47
TOF-1-like_helical	0.9989	0.0000	0.0098	0.9167	TOF1-like, helical domain
E2_bind	0.9989	0.0000	0.0098	0.9167	E2 binding domain
EFTUD2	0.9989	0.0000	0.0098	0.9167	116 kDa U5 small nuclear ribonucleoprotein component N-terminus
LisH_WDR26	0.9989	0.0000	0.0098	0.9167	WDR26 Lis-homology domain
DCP1	0.9989	0.0000	0.0098	0.9167	Dcp1-like decapping family
SWIM	0.9989	0.0000	0.0098	0.8333	SWIM zinc finger
TAF6_C	0.9989	0.0000	0.0098	0.8333	TAF6 C-terminal HEAT repeat domain
Tau95_N	0.9988	0.0000	0.0100	0.8333	Tau95 Triple barrel domain
PWI	0.9988	0.0000	0.0100	0.8333	PWI domain
CwfJ_C_2	0.9988	0.0000	0.0100	0.8333	Protein similar to CwfJ C-terminus 2
NUFIP1	0.9988	0.0000	0.0100	0.8333	FMR1-interacting protein 1 (NUFIP1)
Ribophorin_II_C	0.9988	0.0000	0.0100	0.8333	Ribophorin_II, C-terminal domain
DHR-2_Lobe_B	0.9988	0.0000	0.0100	0.8333	DHR-2, Lobe B
zf-C2H2_13	0.9988	0.0000	0.0100	0.8333	C2H2-type zinc finger
SAGA-Tad1	0.9988	0.0000	0.0100	0.8333	Transcriptional regulator of RNA polII, SAGA, subunit
Beta-prop_WDR11_1st	0.9988	0.0000	0.0100	0.7500	WDR11 first beta-propeller
FAM192A_Fyv6_N	0.9988	0.0000	0.0100	0.7500	FAM192A/Fyv6, N-terminal domain
UBA_7	0.9984	0.0000	0.0132	0.8333	UBA-like domain
BET	0.9984	0.0000	0.0132	0.8333	Bromodomain extra-terminal - transcription regulation
C9orf72-like	0.9984	0.0000	0.0132	0.8333	C9orf72-like protein family
Paf1	0.9984	0.0000	0.0132	0.8333	Paf1
HTH_9	0.9984	0.0000	0.0132	0.8333	RNA polymerase III subunit RPC82 helix-turn-helix domain
Tfb2_C	0.9984	0.0000	0.0132	0.8333	Transcription factor Tfb2 (p52) C-terminal domain
Tmemb_14	0.9981	0.0000	0.0026	0.7500	Transmembrane proteins 14C
Nudix_hydro	0.9980	0.0000	0.0586	0.7500	Nudix hydrolase domain
tRNA-synt_1_2	0.9980	0.0000	0.0586	0.7500	Leucyl-tRNA synthetase, editing domain
Lon_lid	0.9980	0.0000	0.0586	0.7500	Lon protease AAA+ ATPase lid domain
Lon_C	0.9980	0.0000	0.0586	0.7500	Lon protease (S16) C-terminal proteolytic domain
NDUS4	0.9980	0.0000	0.0586	0.7500	NADH dehydrogenase ubiquinone Fe-S protein 4
Ribosomal_L23eN	0.9980	0.0000	0.0586	0.7500	Ribosomal protein L23, N-terminal domain
Lip_prot_lig_C	0.9980	0.0000	0.0586	0.7500	Bacterial lipoate protein ligase C-terminus
FDX-ACB	0.9980	0.0000	0.0586	0.7500	Ferredoxin-fold anticodon binding domain
Ubiq_cyt_C_chap	0.9980	0.0000	0.0586	0.7500	Ubiquinol-cytochrome C chaperone
Pept_tRNA_hydro	0.9980	0.0000	0.0586	0.7500	Peptidyl-tRNA hydrolase
Ribosomal_S18	0.9980	0.0000	0.0586	0.7500	Ribosomal protein S18
MRS2-like	0.9980	0.0000	0.0586	0.7500	Magnesium transporter MRS2-like
GIDA	0.9980	0.0000	0.0586	0.7500	Glucose inhibited division protein A
Zn_clus	0.9980	0.0000	0.0586	0.7500	Fungal Zn(2)-Cys(6) binuclear cluster domain
LON_substr_bdg	0.9980	0.0000	0.0586	0.7500	ATP-dependent protease La (LON) substrate-binding domain
ATP-synt_10	0.9980	0.0000	0.0586	0.7500	ATP10 protein
MnmE_helical	0.9980	0.0000	0.0586	0.7500	MnmE helical domain
Trehalose_PPase	0.9980	0.0000	0.0586	0.7500	Trehalose-phosphatase
DUF829	0.9980	0.0000	0.0586	0.7500	Eukaryotic protein of unknown function (DUF829)
Glyco_transf_20	0.9980	0.0000	0.0586	0.7500	Glycosyltransferase family 20
TrmE_N	0.9980	0.0000	0.0586	0.7500	GTP-binding protein TrmE N-terminus
Tam41_Mmp37	0.9980	0.0000	0.0586	0.7500	Phosphatidate cytidylyltransferase, mitochondrial
NHL	0.9978	0.0000	0.0082	0.4167	NHL repeat
Mo25	0.9968	0.0000	0.0044	0.7500	Mo25-like
GalKase_gal_bdg	0.9967	0.0000	0.0011	1.0000	Galactokinase galactose-binding signature
DUF34_NIF3	0.9967	0.0000	0.0011	1.0000	Duf34/NIF3 (NGG1p interacting factor 3)
Presenilin	0.9967	0.0000	0.0011	1.0000	Presenilin
PDCD2_N	0.9967	0.0000	0.0011	1.0000	Programmed cell death protein 2, N-terminal domain
AlaDh_PNT_N	0.9967	0.0000	0.0071	1.0000	Alanine dehydrogenase/PNT, N-terminal domain
VIT	0.9967	0.0000	0.0071	1.0000	Vault protein inter-alpha-trypsin domain
E1_DerP2_DerF2	0.9967	0.0000	0.0071	1.0000	ML domain
TPR_XPO7	0.9967	0.0000	0.0071	1.0000	Exportin-7-like, TPR domain
PIG-S	0.9967	0.0000	0.0071	1.0000	Phosphatidylinositol-glycan biosynthesis class S protein
TRM82_WD	0.9967	0.0000	0.0071	1.0000	tRNA methyltransferase TRM82 WD40 domain
Fer4_20	0.9967	0.0000	0.0071	1.0000	Dihydroprymidine dehydrogenase domain II, 4Fe-4S cluster
MIR	0.9967	0.0000	0.0071	1.0000	MIR domain
Fer4_21	0.9967	0.0000	0.0071	1.0000	4Fe-4S dicluster domain
PHAF1	0.9967	0.0000	0.0071	1.0000	Phagosome assembly factor 1
TMEM144	0.9967	0.0000	0.0071	1.0000	Transmembrane family, TMEM144 of transporters
GWT1	0.9967	0.0000	0.0071	1.0000	GWT1
RPN11_C	0.9967	0.0000	0.0071	1.0000	26S proteasome regulatory subunit RPN11 C-terminal domain
PLDc	0.9967	0.0000	0.0071	1.0000	Phospholipase D
EXS	0.9967	0.0000	0.0071	1.0000	EXS family
SPC25	0.9967	0.0000	0.0071	1.0000	Microsomal signal peptidase 25 kDa subunit (SPC25)
RALGAPB_N	0.9965	0.0000	0.0070	0.9167	RALGAPB N-terminal domain
Acetyltransf_9	0.9963	0.0000	0.0224	0.5000	Acetyltransferase (GNAT) domain
Glyco_hydro_38N	0.9959	0.0000	0.0064	0.7500	Glycosyl hydrolases family 38 N-terminal domain
Glyco_hydro_38C	0.9959	0.0000	0.0064	0.7500	Glycosyl hydrolases family 38 C-terminal domain
Alpha-mann_mid	0.9959	0.0000	0.0064	0.7500	Alpha mannosidase middle domain
Ctf8	0.9959	0.0000	0.0064	0.7500	Ctf8
WDR55	0.9958	0.0000	0.0095	0.9167	WDR55
PH1_SSRP1-like	0.9958	0.0000	0.0095	0.9167	SSRP1 PH domain
Sterol-sensing	0.9958	0.0000	0.0095	0.9167	Sterol-sensing domain of SREBP cleavage-activation
Scramblase	0.9951	0.0000	0.0513	0.5833	Scramblase
Peptidase_M48	0.9951	0.0000	0.0303	1.0000	Peptidase family M48
PNPOx_N	0.9945	0.0000	0.0122	0.8333	Pyridoxamine 5'-phosphate oxidase
Transglut_core	0.9945	0.0000	0.0122	0.8333	Transglutaminase-like superfamily
Cellulase	0.9945	0.0000	0.0122	0.8333	Cellulase (glycosyl hydrolase family 5)
Sacchrp_dh_C	0.9937	0.0000	0.0270	0.7500	Saccharopine dehydrogenase C-terminal domain
NAD_binding_10	0.9937	0.0000	0.0270	0.7500	NAD(P)H-binding
Aminotran_3	0.9937	0.0000	0.0270	0.7500	Aminotransferase class-III
ribosomal_L24	0.9937	0.0000	0.0270	0.7500	Large ribosomal subunit protein uL24, C-terminal domain
Tmrp11_N	0.9933	0.0000	0.0170	0.9167	Tmrp11 THUMP N-terminal domain
RasGAP	0.9931	0.0000	0.0162	1.0000	GTPase-activator protein for Ras-like GTPase
uDENN	0.9931	0.0000	0.0162	1.0000	uDENN domain
OCD_Mu_crystall	0.9929	0.0000	0.0168	1.0000	Ornithine cyclodeaminase/mu-crystallin family
RPN5_C	0.9929	0.0000	0.0168	1.0000	26S proteasome regulatory subunit RPN5 C-terminal domain
RNA_pol_Rpb4	0.9929	0.0000	0.0168	1.0000	RNA polymerase Rpb4
KOW4_SPT5	0.9929	0.0000	0.0168	1.0000	Transcription elongation factor SPT5, fourth KOW domain
Glycohydro_20b2	0.9929	0.0000	0.0168	1.0000	beta-acetyl hexosaminidase like
PPP2R1A-like_HEAT	0.9929	0.0000	0.0168	1.0000	PPP2R1A-like HEAT repeat
Bap31	0.9929	0.0000	0.0168	1.0000	Bap31/Bap29 transmembrane region
TPR_DOCK9	0.9929	0.0000	0.0310	1.0000	DOCK6-11, TPR domain
PRKCSH-like	0.9927	0.0000	0.0273	1.0000	Glucosidase II beta subunit-like
PCNA_N	0.9927	0.0000	0.0181	1.0000	Proliferating cell nuclear antigen, N-terminal domain
PCNA_C	0.9927	0.0000	0.0181	1.0000	Proliferating cell nuclear antigen, C-terminal domain
CNH	0.9926	0.0000	0.0146	0.7500	CNH domain
DUF155	0.9924	0.0000	0.0028	0.7500	RMND1/Sif2-Sif3/Mrx10, DUF155
RNA_pol_Rpb8	0.9920	0.0000	0.0029	0.9167	RNA polymerase Rpb8
Suf	0.9920	0.0000	0.0025	1.0000	Suppressor of forked protein (Suf)
Macro	0.9920	0.0000	0.0025	1.0000	Macro domain
BLOC1_2	0.9912	0.0000	0.0225	0.9167	Biogenesis of lysosome-related organelles complex-1 subunit 2
Saposin	0.9911	0.0000	0.0115	0.7500	Saposin-like domain
Beta-prop_EMC1_N	0.9911	0.0000	0.0117	0.6667	EMC1 N-terminal beta-propeller domain
Plug_translocon	0.9910	0.0000	0.0264	0.8333	Plug domain of Sec61p
BCDHK_Adom3	0.9910	0.0000	0.0029	0.1667	Mitochondrial branched-chain alpha-ketoacid dehydrogenase kinase
Cu-oxidase_2	0.9910	0.0000	0.0029	0.1667	Multicopper oxidase
Cu-oxidase_3	0.9910	0.0000	0.0029	0.1667	Multicopper oxidase
Carb_kinase	0.9909	0.0000	0.0125	1.0000	NAD(P)H-hydrate dehydratase
Ribosomal_L31e	0.9909	0.0000	0.0125	1.0000	Ribosomal protein L31e
SGT1	0.9909	0.0000	0.0221	0.9167	SGT1 protein
TRAPPC13_C	0.9909	0.0000	0.0221	0.9167	Trafficking protein particle complex subunit 13, C-terminal
NPR2	0.9909	0.0000	0.0221	0.9167	Nitrogen permease regulator 2
Telomere_reg-2	0.9909	0.0000	0.0221	0.9167	Telomere length regulation protein
Cir_N	0.9909	0.0000	0.0221	0.9167	N-terminal domain of CBF1 interacting co-repressor CIR
DDE_3	0.9906	0.0000	0.0263	0.5833	DDE superfamily endonuclease
Ribonucleas_3_3	0.9906	0.0000	0.0263	0.5833	Ribonuclease-III-like
Beta-prop_ELP1_2nd	0.9903	0.0000	0.0193	1.0000	ELP1 N-terminal second beta-propeller
Glyco_hydro_14	0.9901	0.0000	0.0192	0.7500	Glycosyl hydrolase family 14
Rogdi_lz	0.9898	0.0000	0.0192	0.7500	Rogdi leucine zipper containing protein
MutS_II	0.9893	0.0000	0.0060	1.0000	MutS domain II
Lipase_GDSL	0.9890	0.0000	0.0041	1.0000	GDSL-like Lipase/Acylhydrolase
Fuz_longin_1	0.9889	0.0000	0.0041	1.0000	First Longin domain of FUZ, MON1 and HPS1
DUF2921	0.9888	0.0000	0.0194	1.0000	Transmembrane E3 ligase/DUF2921 transmembrane domain
RRN3	0.9888	0.0000	0.0194	1.0000	RNA polymerase I specific transcription initiation factor RRN3
ANAPC4_WD40	0.9887	0.0000	0.0042	0.9167	Anaphase-promoting complex subunit 4 WD40 domain
F420_oxidored	0.9883	0.0000	0.0032	0.7500	NADP oxidoreductase coenzyme F420-dependent
Trypsin_2	0.9878	0.0000	0.0042	0.7500	Trypsin-like peptidase domain
G-patch_2	0.9878	0.0000	0.0254	0.8333	G-patch domain
RING_ZNF598	0.9878	0.0000	0.0254	0.7500	ZNF598 RING finger domain
PRP21_like_P	0.9876	0.0000	0.0254	0.9167	Pre-mRNA splicing factor PRP21 like protein
Thr_synth_N	0.9871	0.0000	0.0045	0.3333	Threonine synthase N terminus
zf-CHCC	0.9869	0.0000	0.0559	0.7500	Zinc-finger domain
TMEM18	0.9867	0.0000	0.0416	0.1667	Transmembrane protein 18
NAD_Gly3P_dh_N	0.9867	0.0000	0.0416	0.1667	NAD-dependent glycerol-3-phosphate dehydrogenase N-terminus
WHD	0.9867	0.0000	0.0416	0.1667	Winged helix domain, variant
DNA_photolyase	0.9867	0.0000	0.0416	0.1667	DNA photolyase
UvrD_C	0.9867	0.0000	0.0388	0.1667	UvrD-like helicase C-terminal domain
zf-C2HC_2	0.9867	0.0000	0.0388	0.1667	zinc-finger of a C2HC-type
Carb_anhydrase	0.9867	0.0000	0.0388	0.1667	Eukaryotic-type carbonic anhydrase
DUF4139	0.9867	0.0000	0.0388	0.1667	Domain of unknown function (DUF4139)
Put_Phosphatase	0.9867	0.0000	0.0388	0.1667	Putative Phosphatase
TPMT	0.9867	0.0000	0.0388	0.1667	Thiopurine S-methyltransferase (TPMT)
YhhN	0.9866	0.0000	0.0199	1.0000	YhhN family
MAGE	0.9866	0.0000	0.0199	1.0000	MAGE homology domain
Mac	0.9866	0.0000	0.0199	1.0000	Maltose acetyltransferase hexapeptide capping motif
TFIID_20kDa	0.9866	0.0000	0.0199	1.0000	Transcription initiation factor TFIID subunit A
Med31	0.9866	0.0000	0.0199	0.9167	SOH1
NUC153	0.9866	0.0000	0.0199	0.9167	NUC153 domain
RQC	0.9866	0.0000	0.0199	0.9167	RQC domain
dUTPase	0.9865	0.0000	0.0105	0.9167	dUTPase
TPR_10	0.9861	0.0000	0.0035	0.6667	Tetratricopeptide repeat
A_deaminase	0.9856	0.0000	0.0064	1.0000	Adenosine deaminase
Glyco_hydro_18	0.9856	0.0000	0.0064	1.0000	Glycosyl hydrolases family 18
Tc-R-P	0.9856	0.0000	0.0064	1.0000	Polymorphic toxin system, DSP-PTPase phosphatase
POL3_N	0.9855	0.0000	0.0057	0.8333	DNA polymerase delta catalytic subunit-like, N-terminal domain
Pmp3	0.9853	0.0000	0.0259	0.7500	Proteolipid membrane potential modulator
Peptidase_M18	0.9847	0.0000	0.0271	1.0000	Aminopeptidase I zinc metalloprotease (M18)
RFC_C	0.9847	0.0000	0.0271	1.0000	Replication factor C subunit 3, C-terminal domain
Utp25_C	0.9847	0.0000	0.0271	1.0000	Utp25, C-terminal domain
Sas10	0.9847	0.0000	0.0271	1.0000	Sas10 C-terminal domain
UTP25_NTPase-like	0.9847	0.0000	0.0271	1.0000	UTP25, NTP hydrolase-like domain
Transketolase_C_1	0.9847	0.0000	0.0271	1.0000	Transketolase-like TK C-terminal domain
EAP30	0.9847	0.0000	0.0271	1.0000	EAP30/Vps36 family
DIM1	0.9847	0.0000	0.0271	1.0000	Mitosis protein DIM1
V-ATPase_G	0.9847	0.0000	0.0271	1.0000	Vacuolar (H+)-ATPase G subunit
CLP1_N	0.9847	0.0000	0.0271	1.0000	N-terminal beta-sandwich domain of polyadenylation factor
Transketolase_N	0.9847	0.0000	0.0271	1.0000	Transketolase, thiamine diphosphate binding domain
PMI_typeI_cat	0.9847	0.0000	0.0271	1.0000	Phosphomannose isomerase type I, catalytic domain
RhoGAP	0.9847	0.0000	0.0271	1.0000	RhoGAP domain
LCAT	0.9845	0.0000	0.0176	0.7500	Lecithin:cholesterol acyltransferase
Img2	0.9844	0.0000	0.0503	0.6667	Mitochondrial large subunit ribosomal protein (Img2)
DDE_Tnp_1_7	0.9843	0.0000	0.0314	0.6667	Transposase IS4
NFD4_C	0.9843	0.0000	0.0314	0.7500	NFD4, C-terminal domain
POP1_N	0.9836	0.0000	0.0130	0.8333	Ribonucleases P/MRP protein subunit POP1, N-terminal
AcetylCoA_hyd_C	0.9835	0.0000	0.0147	0.7500	Acetyl-CoA hydrolase/transferase C-terminal domain
JmjC	0.9832	0.0000	0.0166	0.7500	JmjC domain, hydroxylase
W2	0.9827	0.0000	0.0262	0.9167	eIF4-gamma/eIF5/eIF2-epsilon
Med10	0.9827	0.0000	0.0262	0.9167	Transcription factor subunit Med10 of Mediator complex
PPR_long	0.9826	0.0000	0.0057	0.6667	Pentacotripeptide-repeat region of PRORP
Nuf2	0.9825	0.0000	0.0266	0.8333	Nuf2 family
LAMTOR5	0.9824	0.0000	0.0266	0.7500	Ragulator complex protein LAMTOR5
RH_dom	0.9817	0.0000	0.0067	0.7500	Rubicon Homology Domain
Adaptin_binding	0.9816	0.0000	0.0317	0.8333	Alpha and gamma adaptin binding protein p34
RhoGEF	0.9814	0.0000	0.0112	1.0000	RhoGEF domain
Acyltransf_C	0.9813	0.0000	0.0112	1.0000	Acyltransferase C-terminus
Lys-1	0.9809	0.0000	0.0086	0.9167	Lysozyme-like protein 1
G6PD_N	0.9795	0.0000	0.0061	0.6667	Glucose-6-phosphate dehydrogenase, NAD binding domain
Avl9	0.9794	0.0000	0.0208	1.0000	Transport protein Avl9
Synapsin	0.9789	0.0000	0.0116	0.4167	Synapsin pre-ATP-grasp domain
Synapsin_C	0.9789	0.0000	0.0116	0.4167	Synapsin, ATP binding domain
Serpin	0.9789	0.0000	0.0116	0.4167	Serpin (serine protease inhibitor)
AI-2E_transport	0.9789	0.0000	0.0116	0.3333	AI-2E family transporter
Nitroreductase	0.9789	0.0000	0.0043	0.4167	Nitroreductase family
SAM_GIDA_C	0.9788	0.0000	0.0506	0.7500	tRNA modifying enzyme MnmG/GidA C-terminal helical bundle
Anticodon_2	0.9788	0.0000	0.0506	0.7500	Anticodon binding domain
UPF0203	0.9788	0.0000	0.0506	0.7500	Uncharacterised protein family (UPF0203)
COX24_C	0.9788	0.0000	0.0506	0.6667	Mitochondrial mRNA-processing protein COX24, C-terminal
KLRAQ	0.9778	0.0000	0.1274	0.7500	Predicted coiled-coil domain-containing protein
KOW2_Spt5	0.9778	0.0000	0.1274	0.7500	Transcription elongation factor SPT5, second KOW domain
hSac2	0.9778	0.0000	0.1274	0.7500	Inositol phosphatase
ACDH-11_C	0.9778	0.0000	0.1274	0.7500	Acyl-CoA dehydrogenase 11 C-terminal domain-like
eEFSec_4th	0.9778	0.0000	0.1274	0.7500	eEFSec C-terminal RIFT domain
ADH_N_2	0.9778	0.0000	0.1274	0.7500	N-terminal domain of oxidoreductase
Ints3_N	0.9778	0.0000	0.1274	0.7500	Integrator complex subunit 3 N-terminal
Ipi1_N	0.9778	0.0000	0.1274	0.7500	Rix1 complex component involved in 60S ribosome maturation
Peroxin-3	0.9778	0.0000	0.1274	0.7500	Peroxin-3
Phytochelatin	0.9778	0.0000	0.1274	0.7500	Phytochelatin synthase
DUSP	0.9778	0.0000	0.1274	0.7500	DUSP domain
eIF_4EBP	0.9778	0.0000	0.1274	0.7500	Eukaryotic translation initiation factor 4E binding protein (EIF4EBP)
Ig_CMFA_3rd	0.9778	0.0000	0.1274	0.7500	Conditioned medium factor 3rd Ig-like domain
PigN	0.9778	0.0000	0.1274	0.7500	Phosphatidylinositolglycan class N (PIG-N)
Prenylcys_lyase	0.9778	0.0000	0.1274	0.7500	Prenylcysteine lyase
Response_reg	0.9778	0.0000	0.1274	0.7500	Response regulator receiver domain
Rgp1	0.9778	0.0000	0.1274	0.7500	Rgp1
Ribosomal_L27	0.9778	0.0000	0.1274	0.7500	Ribosomal L27 protein
DOCK_N	0.9778	0.0000	0.1274	0.7500	DOCK N-terminus
Laa1_Sip1_HTR5	0.9778	0.0000	0.1274	0.7500	Laa1/Sip1/HEATR5 HEAT repeat region
NARG2_C	0.9778	0.0000	0.1274	0.7500	NMDA receptor-regulated gene protein 2 C-terminus
Gad2	0.9778	0.0000	0.1274	0.7500	Gabija anti-defense 2 family protein
TPR_IPO11	0.9778	0.0000	0.1274	0.7500	Importin-11-like, TPR repeats
TPR_CAND1	0.9778	0.0000	0.1274	0.7500	CAND1-like, TPR repeats
GPKOW_C	0.9778	0.0000	0.1274	0.7500	GPKOW C-terminal domain
GPR180-TMEM145_TM	0.9778	0.0000	0.1274	0.7500	GPR180/TMEM145, transmembrane domain
THOC2_N	0.9778	0.0000	0.1274	0.7500	THO complex subunit 2 N-terminus
TH1	0.9778	0.0000	0.1274	0.7500	TH1 protein
TFIID_NTD2	0.9778	0.0000	0.1274	0.7500	WD40 associated region in TFIID subunit, NTD2 domain
TM2	0.9778	0.0000	0.1274	0.7500	TM2 domain
DUF1731	0.9778	0.0000	0.1274	0.7500	Domain of unknown function (DUF1731)
Hemerythrin	0.9778	0.0000	0.1274	0.7500	Hemerythrin HHE cation binding domain
Nbl1_Borealin_N	0.9778	0.0000	0.1274	0.7500	Nbl1 / Borealin N terminal
Nckap1	0.9778	0.0000	0.1274	0.7500	Nck-associated protein 1
WHD_MCM2	0.9778	0.0000	0.1274	0.7500	DNA replication licensing factor MCM2-like, winged-helix domain
WH1	0.9778	0.0000	0.1274	0.7500	WH1 domain
Hira	0.9778	0.0000	0.1274	0.7500	TUP1-like enhancer of split
WHD_E2F_TDP	0.9778	0.0000	0.1274	0.7500	E2F/DP family winged-helix DNA-binding domain
HisKA	0.9778	0.0000	0.1274	0.7500	His Kinase A (phospho-acceptor) domain
MAD	0.9778	0.0000	0.1274	0.7500	Mitotic checkpoint protein
AidB_N	0.9778	0.0000	0.1274	0.7500	Adaptive response protein AidB N-terminal domain
MAPEG	0.9778	0.0000	0.1274	0.7500	MAPEG family
EME1-MUS81_C	0.9778	0.0000	0.1274	0.7500	EME1/MUS81, C-terminal
DEP	0.9778	0.0000	0.1274	0.7500	Domain found in Dishevelled, Egl-10, and Pleckstrin (DEP)
Sgf11	0.9778	0.0000	0.1274	0.7500	Sgf11 (transcriptional regulation protein)
Fra10Ac1	0.9778	0.0000	0.1274	0.7500	Folate-sensitive fragile site protein Fra10Ac1
Slu7	0.9778	0.0000	0.1274	0.7500	Pre-mRNA splicing Prp18-interacting factor
COMMD1_N	0.9778	0.0000	0.1274	0.7500	COMMD1 N-terminal domain
CSN5_C	0.9778	0.0000	0.1274	0.7500	Cop9 signalosome subunit 5 C-terminal domain
CSN7_HB_subdom	0.9778	0.0000	0.1274	0.7500	CSN7 helical bundle subdomain
Sod_Cu	0.9778	0.0000	0.1274	0.7500	Copper/zinc superoxide dismutase (SODC)
Sin3_corepress	0.9778	0.0000	0.1274	0.7500	Sin3 family co-repressor
Sin3a_C	0.9778	0.0000	0.1274	0.7500	C-terminal domain of Sin3a protein
Stk19	0.9778	0.0000	0.1274	0.7500	Inactive serine-threonine protein kinase 19
GLE1	0.9778	0.0000	0.1274	0.7500	GLE1-like protein
GET4	0.9778	0.0000	0.1274	0.7500	Golgi to ER traffic protein 4
CTLH	0.9778	0.0000	0.1274	0.7500	CTLH/CRA C-terminal to LisH motif domain
Fy-3	0.9778	0.0000	0.1274	0.7500	Ferry endosomal RAB5 effector complex subunit 3
CLU_N	0.9778	0.0000	0.1274	0.7500	Mitochondrial function, CLU-N-term
CMFA_C	0.9778	0.0000	0.1274	0.7500	Conditioned medium factor C-terminal domain
Glutaminase	0.9778	0.0000	0.1274	0.7500	Glutaminase
TPR_NUP160_120_M	0.9778	0.0000	0.1274	0.7500	NUP160/120 middle TPR
C12orf66_like	0.9778	0.0000	0.1274	0.7500	KICSTOR complex C12orf66 like
TRAPPC10-Trs130_NTS	0.9778	0.0000	0.1274	0.7500	TRAPPC10/Trs130, NTS-like domain
Mad3_BUB1_I	0.9778	0.0000	0.1274	0.7500	Mad3/BUB1 homology region 1
Methyltransf_10	0.9778	0.0000	0.1274	0.7500	RNA methyltransferase
E2F_CC-MB	0.9778	0.0000	0.1274	0.7500	E2F transcription factor CC-MB domain
ApbA	0.9778	0.0000	0.1274	0.7500	Ketopantoate reductase PanE/ApbA
GCFC	0.9778	0.0000	0.1274	0.7500	GC-rich sequence DNA-binding factor-like protein
ECR1_N	0.9778	0.0000	0.1274	0.7500	Exosome complex exonuclease RRP4 N-terminal region
Ribophorin_II_3rd	0.9778	0.0000	0.1274	0.7500	Ribophorin II third domain
EDC4_C	0.9778	0.0000	0.1274	0.7500	Enhancer of mRNA-decapping protein 4, C-terminal
RecA-like_ORC2	0.9778	0.0000	0.1274	0.7500	Origin recognition complex subunit 2 RecA-like domain
DUF2053	0.9778	0.0000	0.1274	0.7500	Predicted membrane protein (DUF2053)
RTP1_C1	0.9778	0.0000	0.1274	0.7500	Required for nuclear transport of RNA pol II C-terminus 1
RUN	0.9778	0.0000	0.1274	0.7500	RUN domain
DUF2340	0.9778	0.0000	0.1274	0.7500	Uncharacterized conserved protein (DUF2340)
ARM_TANGO6	0.9778	0.0000	0.1274	0.7500	Transport and Golgi organization protein 6 homolog, ARM-like repeat
ATG17_like	0.9778	0.0000	0.1274	0.7500	Autophagy protein ATG17-like domain
RPOL_N	0.9778	0.0000	0.1274	0.7500	DNA-directed RNA polymerase N-terminal
CWC25	0.9778	0.0000	0.1274	0.7500	Pre-mRNA splicing factor
FmiP_Thoc5	0.9778	0.0000	0.1274	0.7500	Fms-interacting protein/Thoc5
ATG2_CAD	0.9778	0.0000	0.1274	0.7500	Autophagy-related protein 2
ScaA_C	0.9778	0.0000	0.1274	0.7500	ScaA C-terminal domain
CABIN1_N	0.9778	0.0000	0.1274	0.7500	CABIN1 N-terminal domain
CASP_C	0.9778	0.0000	0.1274	0.7500	CASP C terminal
Cactin_mid	0.9778	0.0000	0.1274	0.7500	Conserved mid region of cactin
OPT	0.9778	0.0000	0.1274	0.7500	OPT oligopeptide transporter protein
Thioredox_DsbH	0.9778	0.0000	0.1274	0.7500	Protein of unknown function, DUF255
MyTH4	0.9778	0.0000	0.1274	0.7500	MyTH4 domain
Thg1	0.9778	0.0000	0.1274	0.7500	tRNAHis guanylyltransferase
Beta-barrel_INTS6	0.9778	0.0000	0.1274	0.7500	INTS6 beta-barrel domain
Nucleopor_Nup85	0.9778	0.0000	0.1274	0.7500	Nup85 Nucleoporin
ATE_C	0.9778	0.0000	0.1274	0.7500	Arginine-tRNA-protein transferase, C terminus
TRAPPC9-Trs120	0.9778	0.0000	0.1274	0.7500	Trs120/TRAPPC9, N-terminal domain
FragX_IP	0.9778	0.0000	0.1274	0.7500	Cytoplasmic Fragile-X interacting family
Med27	0.9778	0.0000	0.1274	0.7500	Mediator complex subunit 27
RSN1_TM	0.9778	0.0000	0.1274	0.7500	Late exocytosis, associated with Golgi transport
Sec16	0.9778	0.0000	0.1274	0.7500	Vesicle coat trafficking protein Sec16 mid-region
Dsc3_C	0.9778	0.0000	0.1274	0.7500	DSC E3 ubiquitin ligase complex subunit 3, C-terminal domain
ApbA_C	0.9778	0.0000	0.1274	0.7500	Ketopantoate reductase PanE/ApbA C terminal
Aquarius_N_1st	0.9778	0.0000	0.1274	0.7500	Intron-binding protein aquarius N-terminal
Ams1-like_1st	0.9778	0.0000	0.1274	0.7500	Alpha-mannosidase, jelly roll domain
Elongin_A	0.9778	0.0000	0.1274	0.7500	RNA polymerase II transcription factor SIII (Elongin) subunit A
Ric8	0.9778	0.0000	0.1274	0.7500	Guanine nucleotide exchange factor synembryn
DD3_cupredoxin	0.9778	0.0000	0.1274	0.7500	DD3-3 cupredoxin-like domain
Aquarius_N_2nd	0.9778	0.0000	0.1274	0.7500	Intron-binding protein aquarius, beta-barrel
POB3_N	0.9778	0.0000	0.1274	0.7500	POB3-like N-terminal PH domain
Elong_Iki1	0.9778	0.0000	0.1274	0.7500	Elongator subunit Iki1
HSA	0.9778	0.0000	0.1274	0.7500	HSA domain
Voldacs	0.9778	0.0000	0.1274	0.7500	Regulator of volume decrease after cellular swelling
UVSSA_N	0.9778	0.0000	0.1274	0.7500	UVSSA N-terminal domain
Tup_N	0.9778	0.0000	0.1274	0.7500	Tup N-terminal
SapB_1	0.9778	0.0000	0.1274	0.7500	Saposin-like type B, region 1
Palm_thioest	0.9778	0.0000	0.1274	0.7500	Palmitoyl protein thioesterase
Pantoate_transf	0.9778	0.0000	0.1274	0.7500	Ketopantoate hydroxymethyltransferase
WD40_RFWD3	0.9778	0.0000	0.1274	0.7500	E3 ubiquitin-protein ligase RFWD3 WD40 domain
DUF4211	0.9778	0.0000	0.1274	0.7500	Domain of unknown function (DUF4211)
SAC9_GBDL_1st	0.9778	0.0000	0.1274	0.7500	SAC9 first GBDL domain
DD3_N	0.9778	0.0000	0.1274	0.7500	DD3-3 N-terminal domain
BRCA-2_helical	0.9778	0.0000	0.1274	0.7500	BRCA2, helical
MID_MedPIWI	0.9778	0.0000	0.1274	0.7500	MID domain of medPIWI
Ceramidase_alk	0.9778	0.0000	0.1274	0.7500	Neutral/alkaline non-lysosomal ceramidase, N-terminal
BRAP2	0.9778	0.0000	0.1274	0.7500	BRCA1-associated protein 2
PAH	0.9778	0.0000	0.1274	0.7500	Paired amphipathic helix repeat
Beta-prop_WDR5	0.9778	0.0000	0.1274	0.7500	WDR5 beta-propeller domain
SWIFT	0.9778	0.0000	0.1274	0.7500	SWIFT domain
SWIB	0.9778	0.0000	0.1274	0.7500	SWIB/MDM2 domain
ZnF_RZ-type	0.9778	0.0000	0.1274	0.7500	RZ type zinc finger domain
bZIP_1	0.9778	0.0000	0.1274	0.7500	bZIP transcription factor
IFRD	0.9778	0.0000	0.1274	0.7500	Interferon-related developmental regulator (IFRD)
eIF3a_PCI_TPR-like	0.9778	0.0000	0.1274	0.7500	eIF3a, PCI domain, TPR-like region
eIF3h_C	0.9778	0.0000	0.1274	0.7500	C-terminal region of eIF3h
ARID	0.9778	0.0000	0.1274	0.7500	ARID/BRIGHT DNA binding domain
ARMH3_C	0.9778	0.0000	0.1274	0.7500	Armadillo-like helical domain-containing protein 3, C-terminal
efThoc1	0.9778	0.0000	0.1274	0.7500	THO complex subunit 1 transcription elongation factor
cwf18	0.9778	0.0000	0.1274	0.7500	cwf18 pre-mRNA splicing factor
RA_2	0.9778	0.0000	0.1274	0.7500	RA like domain
Exportin-5	0.9778	0.0000	0.1274	0.7500	Exportin-5 family
Es2	0.9778	0.0000	0.1274	0.7500	Nuclear protein Es2
VPS18_RING_C	0.9778	0.0000	0.1274	0.7500	VPS18 RING C-terminal domain
MJ1316	0.9778	0.0000	0.1274	0.7500	MJ1316 RNA cyclic group end recognition domain
Alk_phosphatase	0.9778	0.0000	0.1274	0.7500	Alkaline phosphatase
PIG-F	0.9778	0.0000	0.1274	0.7500	GPI biosynthesis protein family Pig-F
FANCI_S1	0.9778	0.0000	0.1274	0.7500	FANCI solenoid 1
FF	0.9778	0.0000	0.1274	0.7500	FF domain
Cystatin	0.9778	0.0000	0.1274	0.7500	Cystatin domain
PHM7_cyt	0.9778	0.0000	0.1274	0.7500	Cytosolic domain of 10TM putative phosphate transporter
SGF29_Tudor	0.9778	0.0000	0.1274	0.7500	SGF29 tudor-like domain
Ctr	0.9778	0.0000	0.1274	0.7500	Ctr copper transporter family
Countin_N	0.9778	0.0000	0.1274	0.7500	Countin N-terminal domain
Countin_C	0.9778	0.0000	0.1274	0.7500	Countin C-terminal domain
FANCI_S4	0.9778	0.0000	0.1274	0.7500	FANCI solenoid 4
Ceramidase	0.9778	0.0000	0.1274	0.7500	Ceramidase
SOR_SNZ	0.9778	0.0000	0.1274	0.7500	SOR/SNZ family
FNIP_C	0.9778	0.0000	0.1274	0.7500	Folliculin-interacting protein C-terminus
PDEase_II	0.9778	0.0000	0.1274	0.7500	cAMP phosphodiesterases class-II
SCP2	0.9778	0.0000	0.1274	0.7500	SCP-2 sterol transfer family
FACT-Spt16_Nlob	0.9778	0.0000	0.1274	0.7500	FACT complex subunit SPT16 N-terminal lobe domain
FAN1_TPR	0.9778	0.0000	0.1274	0.7500	Fanconi-associated nuclease 1, TPR domain
Cyclin_C_2	0.9778	0.0000	0.1274	0.7500	Cyclin C-terminal domain
MIF4G_like	0.9778	0.0000	0.1274	0.7500	MIF4G like
MIOS_a-sol	0.9778	0.0000	0.1274	0.7500	MIOS, alpha-solenoid
MMS19_C	0.9778	0.0000	0.1274	0.7500	RNAPII transcription regulator C-terminal
Use1	0.9778	0.0000	0.1274	0.7500	Membrane fusion protein Use1
Translin	0.9778	0.0000	0.1274	0.7500	Translin family
BIG2_C	0.9778	0.0000	0.1274	0.7500	BIG2 C-terminal domain
BcrAD_BadFG	0.9778	0.0000	0.1274	0.7500	BadF/BadG/BcrA/BcrD ATPase family
BTG	0.9778	0.0000	0.1274	0.7500	BTG family
SMCR8_C	0.9778	0.0000	0.1274	0.7500	Guanine nucleotide exchange protein SMCR8, C-terminal domain
Med4	0.9778	0.0000	0.1274	0.7500	Vitamin-D-receptor interacting Mediator subunit 4
HAMP	0.9778	0.0000	0.1274	0.7500	HAMP domain
SAPS	0.9778	0.0000	0.1274	0.7500	SIT4 phosphatase-associated protein
SAC9_GBDL_2nd	0.9778	0.0000	0.1274	0.7500	SAC9 second GBDL domain
VID27_PH	0.9778	0.0000	0.1274	0.7500	VID27 PH-like domain
VPS11_C	0.9778	0.0000	0.1274	0.7500	Vacuolar protein sorting protein 11 C terminal
JmjN	0.9778	0.0000	0.1274	0.7500	jmjN domain
HEAT_ECM29	0.9778	0.0000	0.1274	0.7500	Proteasome adapter and scaffold protein ECM29, HEAT-repeat domain
Ig_mannosidase	0.9778	0.0000	0.1274	0.7500	Ig-fold domain
Ig_TPPC8_2nd	0.9778	0.0000	0.1274	0.7500	TPPC8 second Ig-like domain
Josephin	0.9778	0.0000	0.1274	0.7500	Josephin
MSC	0.9778	0.0000	0.1274	0.7500	Man1-Src1p-C-terminal domain
INTS7_N	0.9778	0.0000	0.1274	0.7500	Integrator complex subunit 7, N-terminal
RB_A	0.9778	0.0000	0.1274	0.7500	Retinoblastoma-associated protein A domain
zf-C2H2_OTU1_C	0.9778	0.0000	0.1274	0.7500	Ubiquitin thioesterase OTU1, C-terminal C2H2-type zinc finger
5_nucleotid	0.9778	0.0000	0.1274	0.7500	5' nucleotidase family
zf-CHY	0.9778	0.0000	0.1274	0.7500	CHY zinc finger
Init_tRNA_PT	0.9778	0.0000	0.1274	0.7500	Rit1 DUSP-like domain
ABI	0.9778	0.0000	0.1274	0.7500	Abl interactor protein
zf-4CXXC_R1	0.9778	0.0000	0.1274	0.7500	Zinc-finger domain of monoamine-oxidase A repressor R1
AD	0.9778	0.0000	0.1274	0.7500	Anticodon-binding domain
Ig_CMFA_2nd	0.9778	0.0000	0.1274	0.7500	Conditioned medium factor 2nd Ig-like domain
RB_B	0.9778	0.0000	0.1274	0.7500	Retinoblastoma-associated protein B domain
RALGAPA1_N	0.9778	0.0000	0.1274	0.7500	RALGAPA1 N-terminal domain
KPTN	0.9778	0.0000	0.1274	0.7500	KICSTOR complex protein kaptin
GTP_cyclohydroI	0.9778	0.0000	0.1274	0.7500	GTP cyclohydrolase I
ICAT	0.9778	0.0000	0.1274	0.7500	Beta-catenin-interacting protein ICAT
Rpr2	0.9776	0.0000	0.0120	0.8333	RNAse P Rpr2/Rpp21/SNM1 subunit domain
MRP-L27	0.9775	0.0000	0.0505	0.6667	Mitochondrial ribosomal protein L27
SYY_C-terminal	0.9768	0.0000	0.0497	0.4167	Tyrosine--tRNA ligase SYY-like C-terminal domain
zf-C2H2_jaz	0.9764	0.0000	0.0032	1.0000	Zinc-finger double-stranded RNA-binding
RPN7_PSMD6_C	0.9761	0.0000	0.0048	0.6667	26S proteasome regulatory subunit RPN7/PSMD6 C-terminal helix
PH_FAN	0.9756	0.0000	0.0420	0.9167	FAN protein N-terminal PH domain
DNA_pol_phi	0.9756	0.0000	0.0126	1.0000	DNA polymerase phi
zf-C2H2_2	0.9747	0.0000	0.0061	1.0000	C2H2 type zinc-finger (2 copies)
DAGK_acc	0.9747	0.0000	0.0061	1.0000	Diacylglycerol kinase accessory domain
MS_channel_2nd	0.9747	0.0000	0.0061	1.0000	Mechanosensitive ion channel, beta-domain
DDB_G0292058_C	0.9729	0.0000	0.0180	1.0000	DDB_G0292058-like C-terminal domain
SH2	0.9729	0.0000	0.0180	1.0000	SH2 domain
DAGAT	0.9728	0.0000	0.0102	0.7500	Diacylglycerol acyltransferase
CtaG_Cox11	0.9728	0.0000	0.0102	0.7500	Cytochrome c oxidase assembly protein CtaG/Cox11
Fer2_3	0.9728	0.0000	0.0102	0.7500	2Fe-2S iron-sulfur cluster binding domain
Nop53	0.9728	0.0000	0.0102	0.7500	Nop53 (60S ribosomal biogenesis)
Sulfate_transp	0.9728	0.0000	0.0102	0.7500	Sulfate permease family
RMD1-3	0.9728	0.0000	0.0102	0.7500	Regulator of microtubule dynamics protein 1-3
WHD_MCM6	0.9727	0.0000	0.0102	0.7500	MCM6 C-terminal winged-helix domain
Paf67	0.9727	0.0000	0.0102	0.7500	RNA polymerase I-associated factor PAF67
COG6_N	0.9727	0.0000	0.0102	0.7500	Conserved oligomeric complex COG6, N-terminal
TARBP1	0.9727	0.0000	0.0102	0.7500	TARBP1 domain
ANAPC2	0.9726	0.0000	0.0559	0.7500	Anaphase promoting complex (APC) subunit 2
HEAT_MROH2B_C	0.9726	0.0000	0.0559	0.7500	MROH2B-like, HEAT repeats
HEAT_Maestro	0.9726	0.0000	0.0559	0.7500	Maestro, HEAT repeats
HEAT_Maestro_2	0.9726	0.0000	0.0559	0.7500	MROH2B-like, HEAT repeats
Ariadne	0.9726	0.0000	0.0559	0.7500	Ariadne domain
MOSC	0.9726	0.0000	0.0559	0.7500	MOSC domain
MOSC_N	0.9726	0.0000	0.0559	0.7500	MOSC N-terminal beta barrel domain
HEAT_MROH2B_1st	0.9726	0.0000	0.0559	0.7500	MROH2B-like, HEAT repeats
FAD_binding_5	0.9726	0.0000	0.0559	0.7500	FAD binding domain in molybdopterin dehydrogenase
CoA_transf_3	0.9726	0.0000	0.0559	0.7500	CoA-transferase family III
CobW_C	0.9726	0.0000	0.0559	0.7500	Cobalamin synthesis protein cobW C-terminal domain
BACK	0.9726	0.0000	0.0559	0.7500	BTB And C-terminal Kelch
Sortilin_C	0.9726	0.0000	0.0559	0.7500	Sortilin, neurotensin receptor 3, C-terminal
Sortilin-Vps10	0.9726	0.0000	0.0559	0.7500	Sortilin, neurotensin receptor 3,
CO_deh_flav_C	0.9726	0.0000	0.0559	0.7500	CO dehydrogenase flavoprotein C-terminal domain
COesterase	0.9726	0.0000	0.0559	0.7500	Carboxylesterase family
Glyco_hydro_5_C	0.9726	0.0000	0.0559	0.7500	Glycoside hydrolase family 5 C-terminal domain
Ald_Xan_dh_C	0.9726	0.0000	0.0559	0.7500	Aldehyde oxidase and xanthine dehydrogenase, a/b hammerhead domain
ER	0.9726	0.0000	0.0559	0.7500	Enhancer of rudimentary
CCDC22_CC	0.9726	0.0000	0.0559	0.7500	CCDC22 protein coiled-coil region
Glyco_hydro_2_N2	0.9726	0.0000	0.0559	0.7500	Glycosyl hydrolase 2 galactose-binding domain-like
CAP	0.9726	0.0000	0.0559	0.7500	Cysteine-rich secretory protein family
Big_9	0.9726	0.0000	0.0559	0.7500	Bacterial Ig domain
CRT-like	0.9726	0.0000	0.0559	0.7500	CRT-like, chloroquine-resistance transporter-like
ORMDL	0.9726	0.0000	0.0559	0.7500	ORMDL family
Rit1_C	0.9726	0.0000	0.0559	0.7500	Rit1 N-terminal domain
Arb2	0.9726	0.0000	0.0559	0.7500	Arb2 domain
MoCoBD_1	0.9726	0.0000	0.0559	0.7500	Molybdopterin cofactor-binding domain
Peptidase_C26	0.9726	0.0000	0.0559	0.7500	Peptidase C26
ARTD15_N	0.9726	0.0000	0.0559	0.7500	ARTD15 N-terminal domain
Fer2_2	0.9726	0.0000	0.0559	0.7500	[2Fe-2S] binding domain
Amidohydro_2	0.9726	0.0000	0.0559	0.7500	Amidohydrolase
QRPTase_C	0.9726	0.0000	0.0559	0.7500	Quinolinate phosphoribosyl transferase, C-terminal domain
GNT-I	0.9726	0.0000	0.0559	0.7500	GNT-I family
MoCoBD_2	0.9726	0.0000	0.0559	0.7500	Molybdopterin cofactor-binding domain
Metallophos_C	0.9726	0.0000	0.0559	0.7500	Iron/zinc purple acid phosphatase-like protein C
QRPTase_N	0.9726	0.0000	0.0559	0.7500	Quinolinate phosphoribosyl transferase, N-terminal domain
REJ	0.9726	0.0000	0.0559	0.7500	REJ domain
Ku_C	0.9726	0.0000	0.0559	0.7500	Ku70/Ku80 C-terminal arm
LBP_BPI_CETP_C	0.9726	0.0000	0.0559	0.7500	LBP / BPI / CETP family, C-terminal domain
3-HAO	0.9726	0.0000	0.0559	0.7500	3-hydroxyanthranilic acid dioxygenase
ACOX_C_alpha1	0.9726	0.0000	0.0559	0.7500	Acyl-CoA oxidase, C-alpha1 domain
Ig_TPPC8_1st	0.9726	0.0000	0.0559	0.7500	TPPC8 first Ig-like domain
DUF5601	0.9726	0.0000	0.0559	0.7500	Domain of unknown function (DUF5601)
Abhydro_lipase	0.9726	0.0000	0.0559	0.7500	Partial alpha/beta-hydrolase lipase region
CDO_I	0.9726	0.0000	0.0559	0.7500	Cysteine dioxygenase type I
HgmA_N	0.9726	0.0000	0.0559	0.7500	Homogentisate 1,2-dioxygenase N-terminal
HgmA_C	0.9726	0.0000	0.0559	0.7500	Homogentisate 1,2-dioxygenase C-terminal
GPS	0.9726	0.0000	0.0559	0.7500	GAIN subdomain B
Pro-kuma_activ	0.9726	0.0000	0.0559	0.7500	Pro-kumamolisin, activation domain
DOMON	0.9726	0.0000	0.0559	0.7500	DOMON domain
TAP_C	0.9726	0.0000	0.0559	0.7500	TAP C-terminal domain
ASTER	0.9721	0.0000	0.0976	0.6667	PAT complex subunit Asterix
HEAT_IPO9_c	0.9721	0.0000	0.0976	0.6667	Importin-9 central HEAT repeats
EXOSC1	0.9721	0.0000	0.0976	0.6667	Exosome component EXOSC1/CSL4
SPase_CTS	0.9721	0.0000	0.0976	0.6667	Signal peptidase C-terminal short helix
WKF	0.9721	0.0000	0.0976	0.6667	WKF domain
Med18	0.9719	0.0000	0.0993	0.6667	Med18 protein
LisH_TPL	0.9719	0.0000	0.0993	0.6667	LisH-like dimerisation domain
RPN6_C_helix	0.9719	0.0000	0.0993	0.6667	26S proteasome subunit RPN6 C-terminal helix domain
FANCL_d3	0.9719	0.0000	0.0993	0.6667	FANCL UBC-like domain 3
PI4KB-PIK1_PIK	0.9719	0.0000	0.0993	0.6667	PI4KB/PIK1, accessory (PIK) domain
Act-Frag_cataly	0.9719	0.0000	0.0993	0.6667	Actin-fragmin kinase, catalytic
Beta-prop_WDR11_2nd	0.9719	0.0000	0.0971	0.5833	WDR11 second beta-propeller
DUF8412	0.9718	0.0000	0.1012	0.5000	Domain of unknown function (DUF8412)
TREH_N	0.9718	0.0000	0.0987	0.5833	Trehalase-like, N-terminal
Kinetochor_Ybp2	0.9718	0.0000	0.0996	0.5000	Uncharacterised protein family, YAP/Alf4/glomulin
TPR_EMC2	0.9718	0.0000	0.0138	1.0000	EMC2 TPR-like repeat domain
F_actin_cap_B	0.9718	0.0000	0.0138	1.0000	F-actin capping protein, beta subunit
COP9_hel_rpt	0.9716	0.0000	0.0139	1.0000	COP9 signalosome complex subunit 3, N-terminal helical repeats
BPL_N	0.9716	0.0000	0.0161	0.3333	Biotin-protein ligase, N terminal
UBL_ZFAND1	0.9716	0.0000	0.0161	0.3333	ZFAND1-like ubiquitin-like domain
OGFOD2-like	0.9704	0.0000	0.0521	0.6667	OGFOD2-like domain
eIF3g	0.9703	0.0000	0.0521	0.6667	Eukaryotic translation initiation factor 3 subunit G
RNase_P_Rpp14	0.9703	0.0000	0.0146	1.0000	Rpp14/Pop5 family
Clp1	0.9701	0.0000	0.0110	1.0000	Pre-mRNA cleavage complex II protein Clp1
Leuk-A4-hydro_C	0.9699	0.0000	0.0522	0.7500	Leukotriene A4 hydrolase, C-terminal
Alg6_Alg8	0.9695	0.0000	0.0519	0.6667	ALG6, ALG8 glycosyltransferase family
SARAF	0.9695	0.0000	0.0519	0.6667	SOCE-associated regulatory factor of calcium homoeostasis
DIE2_ALG10	0.9690	0.0000	0.0519	0.6667	DIE2/ALG10 family
Peptidase_C39_2	0.9686	0.0000	0.0364	0.7500	Peptidase_C39 like family
Sec6	0.9678	0.0000	0.0159	1.0000	Exocyst complex component Sec6
Pex14_N	0.9677	0.0000	0.0083	0.9167	Pex14 N-terminal domain
EcKL	0.9677	0.0000	0.0691	0.5833	Ecdysteroid kinase-like family
VWA	0.9677	0.0000	0.0161	1.0000	von Willebrand factor type A domain
GCN5L1	0.9676	0.0000	0.0119	0.9167	GCN5-like protein 1 (GCN5L1)
Solute_trans_a	0.9673	0.0000	0.0084	0.8333	Organic solute transporter Ostalpha
zf-LYAR	0.9673	0.0000	0.0084	0.7500	LYAR-type C2HC zinc finger
Glyco_hydro_20	0.9672	0.0000	0.0163	1.0000	Glycosyl hydrolase family 20, catalytic domain
Rad9	0.9672	0.0000	0.0163	0.9167	Rad9
Hydant_A_N	0.9671	0.0000	0.0164	0.7500	Hydantoinase/oxoprolinase N-terminal region
Hydantoinase_B	0.9671	0.0000	0.0164	0.7500	Hydantoinase B/oxoprolinase
Hydantoinase_A	0.9671	0.0000	0.0164	0.7500	Hydantoinase/oxoprolinase
DCB	0.9670	0.0000	0.0164	1.0000	Mon2/Sec7/BIG1-like, dimerisation and cyclophilin-binding domain
Arrestin_C	0.9670	0.0000	0.0164	1.0000	Arrestin (or S-antigen), C-terminal domain
Ephrin_rec_like	0.9670	0.0000	0.0164	1.0000	Tyrosine-protein kinase ephrin type A/B receptor-like
Formyl_trans_C	0.9666	0.0000	0.0494	0.4167	Formyl transferase, C-terminal domain
Biopterin_H	0.9665	0.0000	0.0229	0.7500	Biopterin-dependent aromatic amino acid hydroxylase
Pre-PUA_NSUN2	0.9654	0.0000	0.0129	1.0000	NSUN2 Pre-PUA domain
CAP_N-CM	0.9648	0.0000	0.0183	0.9167	CAP N-terminal conserved motif
EMARD_N	0.9648	0.0000	0.0183	0.9167	EMARD, N-terminal domain
DNA_alkylation	0.9648	0.0000	0.0182	0.8333	DNA alkylation repair enzyme
CBFB_NFYA	0.9646	0.0000	0.0182	0.8333	CCAAT-binding transcription factor (CBF-B/NF-YA) subunit B
Anticodon_3	0.9635	0.0000	0.0067	0.9167	Anticodon binding domain of methionyl tRNA ligase
COMM_domain	0.9632	0.0000	0.0188	0.9167	COMM domain
VPS35L_C	0.9632	0.0000	0.0188	0.9167	VPS35L C-terminal domain
COMM_HN	0.9632	0.0000	0.0188	0.9167	COMMD2-7/10, HN domain
UMP1	0.9626	0.0000	0.0192	0.8333	Proteasome maturation factor UMP1
FumaraseC_C	0.9612	0.0000	0.0208	0.9167	Fumarase C C-terminus
DLIC	0.9611	0.0000	0.0168	0.7500	Dynein light intermediate chain (DLIC)
TPR1-like_2nd	0.9610	0.0000	0.0305	0.7500	TPR1-like, CTLH-containing domain
HEAT_EF3_N	0.9607	0.0000	0.0050	1.0000	EF3 N-terminal HEAT repeat
HEAT_EF3_GNC1	0.9607	0.0000	0.0050	1.0000	Elongation factor 3/GNC1 HEAT repeat
NAD_binding_5	0.9607	0.0000	0.0050	1.0000	Myo-inositol-1-phosphate synthase
Nrap_D4	0.9607	0.0000	0.0050	1.0000	Nrap protein nucleotidyltransferase domain 4
CNOT1_TTP_bind	0.9607	0.0000	0.0050	1.0000	CCR4-NOT transcription complex subunit 1 TTP binding domain
CNOT1_CAF1_bind	0.9607	0.0000	0.0050	1.0000	CCR4-NOT transcription complex subunit 1 CAF1-binding domain
Coatomer_g_Cpla	0.9607	0.0000	0.0050	1.0000	Coatomer subunit gamma-1 C-terminal appendage platform
AAA_lid_7	0.9607	0.0000	0.0050	1.0000	Midasin AAA lid domain
AAA_5	0.9607	0.0000	0.0050	1.0000	AAA domain (dynein-related subfamily)
Inos-1-P_synth	0.9607	0.0000	0.0050	1.0000	Myo-inositol-1-phosphate synthase
XMAP215_CLASP_TOG	0.9605	0.0000	0.0051	1.0000	XMAP215/Dis1/CLASP, TOG domain
Nucleoporin2	0.9605	0.0000	0.0051	1.0000	Nup98-96 autopeptidase S59
THU_Piezo1	0.9601	0.0000	0.0159	0.9167	Piezo1-like, transmembrane helical unit
Acyl_transf_3	0.9601	0.0000	0.0210	0.8333	Acyltransferase domain
DUF4326	0.9588	0.0000	0.0532	0.7500	Domain of unknown function (DUF4326)
STX6_10_61_N	0.9588	0.0000	0.0532	0.7500	Syntaxin 6/10/61, N-terminal
Acyl-CoA_ox_N	0.9588	0.0000	0.0532	0.7500	Acyl-coenzyme A oxidase N-terminal
GSKIP_dom	0.9588	0.0000	0.0532	0.7500	GSKIP domain
D123	0.9586	0.0000	0.0183	1.0000	D123
PRMT5_TIM	0.9586	0.0000	0.0258	1.0000	PRMT5 TIM barrel domain
DUF4246	0.9586	0.0000	0.0469	0.1667	Protein of unknown function (DUF4246)
DUF455	0.9586	0.0000	0.0469	0.1667	Protein of unknown function (DUF455)
SRR1	0.9579	0.0000	0.0079	0.6667	SRR1 domain
LigB	0.9577	0.0000	0.0152	0.7500	Catalytic LigB subunit of aromatic ring-opening dioxygenase
NopRA1	0.9577	0.0000	0.0115	0.8333	Nucleolar pre-ribosomal-associated protein 1
GOST_TM	0.9573	0.0000	0.0217	0.8333	GOST, seven transmembrane domain
Mre11_DNA_bind	0.9559	0.0000	0.0060	0.9167	Mre11 DNA-binding presumed domain
DUF3819	0.9559	0.0000	0.0060	0.9167	CCR4-Not complex, Not1 subunit, domain of unknown function DUF3819
Nrap_D5	0.9559	0.0000	0.0060	0.9167	Nrap protein PAP/OAS1-like domain 5
tRNA_synt_1c_R1	0.9559	0.0000	0.0060	0.9167	Glutaminyl-tRNA synthetase, non-specific RNA binding region part 1
Gln-synt_C-ter	0.9558	0.0000	0.0266	1.0000	Glutamine synthetase C-terminal domain
GSIII_N	0.9558	0.0000	0.0266	1.0000	Glutamine synthetase type III N terminal
SF1-HH	0.9558	0.0000	0.0266	1.0000	Splicing factor 1 helix-hairpin domain
RNA_pol_I_A49	0.9558	0.0000	0.0266	1.0000	A49-like RNA polymerase I associated factor
SART-1	0.9558	0.0000	0.0266	1.0000	SART-1 family
Dna2	0.9558	0.0000	0.0266	0.9167	DNA replication factor Dna2
SBF2	0.9558	0.0000	0.0267	0.9167	Myotubularin protein
Ribophorin_I	0.9553	0.0000	0.0185	0.9167	Ribophorin I
DCD	0.9553	0.0000	0.0185	0.9167	dCTP deaminase-like
ELP3_N	0.9553	0.0000	0.0185	0.9167	ELP3 N-terminal domain
SLU7_N	0.9553	0.0000	0.0185	0.9167	SLU7_N
GBP	0.9553	0.0000	0.0185	0.9167	Guanylate-binding protein, N-terminal domain
U1snRNP70_N	0.9553	0.0000	0.0185	0.9167	U1 small nuclear ribonucleoprotein of 70kDa MW N terminal
Stealth_CR4	0.9553	0.0000	0.0185	0.9167	Stealth protein CR4, conserved region 4
Med14	0.9553	0.0000	0.0185	0.9167	Mediator complex subunit MED14
Exo70_C	0.9553	0.0000	0.0185	0.9167	Exo70 exocyst complex subunit C-terminal
Tfb4	0.9553	0.0000	0.0185	0.9167	Transcription factor Tfb4
OST48_MD	0.9553	0.0000	0.0185	0.9167	OST48 middle domain
VPS13_C	0.9553	0.0000	0.0185	0.9167	Intermembrane lipid transfer protein VPS13, C-terminal
MRNIP	0.9553	0.0000	0.0185	0.9167	MRN-interacting protein
RdRP	0.9553	0.0000	0.0185	0.9167	RNA dependent RNA polymerase
OST48_N	0.9553	0.0000	0.0185	0.9167	OST48, N-terminal domain
SCAI	0.9550	0.0000	0.0239	0.8333	Protein SCAI
NPC1_MLD	0.9550	0.0000	0.0239	0.8333	NPC1, middle luminal domain
ZGRF1-like_N	0.9549	0.0000	0.0185	0.7500	DNA helicase ZGRF1-like, N-terminal domain
zf-NF-X1	0.9544	0.0000	0.0119	0.7500	NF-X1 type zinc finger
Y_phosphatase3	0.9539	0.0000	0.0125	0.9167	Tyrosine phosphatase family
DUF229	0.9529	0.0000	0.0398	0.6667	Protein of unknown function (DUF229)
KH_12	0.9525	0.0000	0.0202	0.9167	KH-domain
DNA_methylase	0.9523	0.0000	0.0253	0.9167	C-5 cytosine-specific DNA methylase
Ribosomal_S6e	0.9520	0.0000	0.0082	0.9167	Ribosomal protein S6e
NifU_N	0.9520	0.0000	0.0082	0.9167	NifU-like N terminal domain
DUF1295	0.9519	0.0000	0.0118	0.7500	Protein of unknown function (DUF1295)
GST_N_4	0.9519	0.0000	0.0128	0.6667	Glutathione S-transferase N-terminal domain
Stealth_CR3	0.9518	0.0000	0.0414	0.9167	Stealth protein CR3, conserved region 3
TAF2_3rd	0.9515	0.0000	0.0262	1.0000	TAF2 Ig-like domain
Tho2	0.9515	0.0000	0.0262	1.0000	Transcription factor/nuclear export subunit protein 2
MFAP1	0.9515	0.0000	0.0262	1.0000	Microfibril-associated/Pre-mRNA processing
CNOT1_HEAT	0.9515	0.0000	0.0262	1.0000	CCR4-NOT transcription complex subunit 1 HEAT repeat
Ig_NUP210_7th	0.9514	0.0000	0.0263	0.9167	NUP210 Ig-like domain 7
Ig_NUP210_2nd	0.9514	0.0000	0.0263	0.9167	NUP210 Ig-like domain 2
Myb_DNA-bind_6	0.9513	0.0000	0.0260	1.0000	Myb-like DNA-binding domain
SET_TTL	0.9513	0.0000	0.0714	0.4167	Tubulin tyrosine ligase SET-like domain
Asn_synthase	0.9512	0.0000	0.0261	1.0000	Asparagine synthase
CUE	0.9512	0.0000	0.0280	1.0000	CUE domain
OCRL-like_ASH	0.9512	0.0000	0.0221	1.0000	Inositol polyphosphate 5-phosphatase OCRL-like, ASH domain
Acetyltransf_7	0.9511	0.0000	0.0262	0.9167	Acetyltransferase (GNAT) domain
AlaDh_PNT_C	0.9507	0.0000	0.0187	0.9167	Alanine dehydrogenase/PNT, C-terminal domain
MRP-L20	0.9494	0.0000	0.0592	0.1667	Mitochondrial ribosomal protein subunit L20
NAPRTase_N	0.9492	0.0000	0.0154	0.9167	Nicotinate phosphoribosyltransferase (NAPRTase) N-terminal domain
SNAPC1	0.9490	0.0000	0.0274	0.9167	Small nuclear RNA activating complex (SNAPc), subunit 1
Sec10_N	0.9483	0.0000	0.0271	0.9167	Exocyst complex component Sec10, N-terminal
TFIIF_beta	0.9476	0.0000	0.0184	0.9167	TFIIF, beta subunit HTH domain
CNOT11	0.9476	0.0000	0.0184	0.9167	CCR4-NOT transcription complex subunit 11
ATG5_HBR	0.9476	0.0000	0.0184	0.9167	Autophagy protein ATG5, alpha-helical bundle region
5_3_exonuc	0.9468	0.0000	0.0083	0.7500	5'-3' exonuclease, C-terminal SAM fold
5_3_exonuc_N	0.9468	0.0000	0.0083	0.7500	5'-3' exonuclease, N-terminal resolvase-like domain
ATP-synt_DE_N	0.9468	0.0000	0.0083	0.7500	ATP synthase, Delta/Epsilon chain, beta-sandwich domain
PF1765-like	0.9466	0.0000	0.0083	0.9167	PF1765 protein family
zf-CCHC_2	0.9466	0.0000	0.0083	0.9167	Zinc knuckle
tRNA_Me_trans	0.9465	0.0000	0.0083	0.7500	tRNA methyl transferase HUP domain
SBDS_domain_II	0.9464	0.0000	0.0083	0.9167	SBDS protein, domain II
Endonuclease_5	0.9464	0.0000	0.0083	0.9167	Endonuclease V
RRM_2	0.9459	0.0000	0.0952	0.6667	RNA recognition motif 2
ING	0.9459	0.0000	0.0942	0.6667	Inhibitor of growth proteins N-terminal histone-binding
WHD_CHMP7_1st	0.9459	0.0000	0.0958	0.6667	CHMP7 N-terminal winged helix domain
KxDL	0.9459	0.0000	0.0958	0.6667	Uncharacterized conserved protein
GFO_IDH_MocA_C	0.9459	0.0000	0.0958	0.6667	Oxidoreductase family, C-terminal alpha/beta domain
Bin3	0.9459	0.0000	0.0958	0.6667	Bicoid-interacting protein 3 (Bin3)
Vma22_CCDC115	0.9459	0.0000	0.0958	0.6667	Vma22/CCDC115
Ribosomal_L20	0.9459	0.0000	0.0958	0.6667	Ribosomal protein L20
LUC7	0.9459	0.0000	0.0958	0.6667	LUC7 N_terminus
SPT2	0.9459	0.0000	0.0958	0.6667	SPT2 chromatin protein
PDDEXK_1	0.9458	0.0000	0.0964	0.6667	PD-(D/E)XK nuclease superfamily
Acetyltransf_CG	0.9458	0.0000	0.0964	0.6667	GCN5-related N-acetyl-transferase
EFP_N	0.9457	0.0000	0.0139	0.7500	Elongation factor P (EF-P) KOW-like domain
ABA_GPCR	0.9453	0.0000	0.0095	0.9167	Abscisic acid G-protein coupled receptor
RRP7	0.9452	0.0000	0.0322	0.9167	Ribosomal RNA-processing protein 7 (RRP7) C-terminal domain
Tsr1_G-like	0.9452	0.0000	0.0299	0.9167	Tsr1, G-like domain
zf-Nse	0.9452	0.0000	0.0299	0.9167	Zinc-finger of the MIZ type in Nse subunit
Beta-prop_ELP1_1st	0.9450	0.0000	0.0956	0.7500	ELP1 first N-terminal beta-propeller
INTS5_C	0.9450	0.0000	0.0956	0.7500	Integrator complex subunit 5 C-terminus
zf-DNA_Pol	0.9450	0.0000	0.0956	0.7500	DNA Polymerase alpha zinc finger
TPR_ELP1	0.9450	0.0000	0.0956	0.7500	ELP1 TPR domain
HB_ELP1	0.9450	0.0000	0.0956	0.7500	ELP1 three-helix bundle
TPR_PATROL1	0.9450	0.0000	0.0956	0.7500	PATROL1-like, TPR repeats
DUF4476	0.9449	0.0000	0.0911	0.5833	Domain of unknown function (DUF4476)
zf-CCHH	0.9442	0.0000	0.0106	0.9167	PBZ domain
PTCB-BRCT	0.9441	0.0000	0.0247	0.9167	twin BRCT domain
HVSL	0.9437	0.0000	0.0347	0.9167	Uncharacterised conserved protein
NAD_kinase_C	0.9437	0.0000	0.0347	0.9167	ATP-NAD kinase C-terminal domain
Ank_3	0.9436	0.0000	0.0233	0.8333	Ankyrin repeat
Cdc6-ORC-like_ATPase_lid	0.9433	0.0000	0.0909	0.5833	Cdc6/ORC-like, ATPase lid domain
CCDC22_N	0.9433	0.0000	0.0227	0.8333	CCDC22 protein N-terminal domain
Pam16	0.9432	0.0000	0.0468	0.6667	Pam16
Mdm34_N	0.9432	0.0000	0.0468	0.6667	Mdm34, N-terminal domain
AcetylCoA_hydro	0.9432	0.0000	0.0468	0.6667	Acetyl-CoA hydrolase/transferase N-terminal domain
Mgm101p	0.9432	0.0000	0.0468	0.6667	Mitochondrial genome maintenance MGM101
Rrp44_S1	0.9430	0.0000	0.0243	0.8333	S1 domain
CPL	0.9430	0.0000	0.0243	0.8333	CPL (NUC119) domain
RPAP1_C	0.9430	0.0000	0.0243	0.8333	RPAP1-like, C-terminal
WD40_Gbeta	0.9430	0.0000	0.0243	0.8333	G protein beta WD-40 repeat protein
TCR	0.9430	0.0000	0.0243	0.8333	Tesmin/TSO1-like CXC domain, cysteine-rich domain
AAA_25	0.9430	0.0000	0.0468	0.5833	AAA domain
HTH_CHD1_Hrp3	0.9428	0.0000	0.0352	0.8333	ATP-dependent helicase CHD1-2/hrp3 HTH domain
DDX23	0.9428	0.0000	0.0352	0.8333	DDX23-like domain
Zn_Ribbon_TF	0.9428	0.0000	0.0295	0.7500	TFIIB zinc-binding
Proteasom_PSMB	0.9427	0.0000	0.0949	0.6667	Proteasome non-ATPase 26S subunit
Fuz_longin_3	0.9427	0.0000	0.0949	0.6667	Third Longin domain of FUZ, MON1 and HPS1
Ig_TMEM131_2	0.9427	0.0000	0.0949	0.6667	Transmembrane protein 131 second Ig-like domain
DP	0.9427	0.0000	0.0949	0.6667	Transcription factor DP
Tubulin_3	0.9424	0.0000	0.1044	0.7500	Tubulin domain
RPAP2_Rtr1	0.9424	0.0000	0.1044	0.7500	Rtr1/RPAP2 family
APG12	0.9424	0.0000	0.1044	0.7500	Ubiquitin-like autophagy protein Apg12
Pantoate_ligase	0.9424	0.0000	0.1044	0.7500	Pantoate-beta-alanine ligase
NmrA	0.9424	0.0000	0.1044	0.7500	NmrA-like family
Methyltransf_3	0.9424	0.0000	0.1044	0.7500	O-methyltransferase
Ada3	0.9421	0.0000	0.0247	0.7500	Histone acetyltransferases subunit 3
SRP9-21	0.9411	0.0000	0.0933	0.5833	Signal recognition particle 9 kDa protein (SRP9)
Metalloenzyme	0.9401	0.0000	0.0085	0.8333	Metalloenzyme superfamily
GPHR_N	0.9393	0.0000	0.0082	0.9167	The Golgi pH Regulator (GPHR) Family N-terminal
HEAT_PSME4_mid	0.9390	0.0000	0.0244	0.7500	Proteasome activator complex subunit 4, mid HEAT repeats region
TAF10	0.9388	0.0000	0.1245	0.6667	Transcription initiation factor TFIID 23-30kDa subunit
DUF1604	0.9382	0.0000	0.0342	0.9167	G patch domain-containing protein, N-terminal
POP1_C	0.9382	0.0000	0.0342	0.9167	POP1 C-terminal domain
PADR1_N	0.9382	0.0000	0.0342	0.9167	PADR1, N-terminal helical domain
B-block_TFIIIC	0.9382	0.0000	0.0342	0.9167	B-block binding subunit of TFIIIC
PIG-U	0.9380	0.0000	0.0348	1.0000	GPI transamidase subunit PIG-U
DUF1681	0.9380	0.0000	0.0348	1.0000	Protein of unknown function (DUF1681)
SDE2	0.9380	0.0000	0.0348	1.0000	Splicing regulator SDE2, SDE2 domain
HMG_CoA_synt_C	0.9378	0.0000	0.0406	0.7500	Hydroxymethylglutaryl-coenzyme A synthase C terminal
STL11_N	0.9376	0.0000	0.0199	0.9167	STL11, N-terminal
DDB_G0273449	0.9375	0.0000	0.0199	0.8333	Uncharacterised protein DDB_G0273449
CENP-T_C	0.9375	0.0000	0.0299	0.9167	Centromere kinetochore component CENP-T histone fold
Foie-gras_1	0.9368	0.0000	0.0909	0.7500	Foie gras liver health family 1
GH116_catalytic	0.9368	0.0000	0.0909	0.7500	Glycosyl-hydrolase family 116, catalytic region
ELP6	0.9368	0.0000	0.0909	0.7500	Elongation complex protein 6
Glyco_hydr_116N	0.9368	0.0000	0.0909	0.7500	beta-glucosidase 2, glycosyl-hydrolase family 116 N-term
TAF4	0.9368	0.0000	0.0909	0.7500	Transcription initiation factor TFIID component TAF4 family
zf-UBR_1	0.9368	0.0000	0.0909	0.7500	UBR box
BCAS2	0.9368	0.0000	0.0909	0.7500	Breast carcinoma amplified sequence 2 (BCAS2)
Itfg2	0.9368	0.0000	0.0909	0.6667	Integrin-alpha FG-GAP repeat-containing protein 2
Pirin_C	0.9366	0.0000	0.0270	0.7500	Pirin C-terminal cupin domain
Pirin	0.9366	0.0000	0.0270	0.7500	Pirin
MRP-S28	0.9361	0.0000	0.0541	0.7500	Mitochondrial ribosomal subunit protein
HAT_PRP39_N	0.9358	0.0000	0.0424	0.6667	PRP39 N-terminal HAT repeat
Spt20_SEP	0.9350	0.0000	0.0904	0.6667	Spt20, SEP domain
R1_ABCA1	0.9350	0.0000	0.0128	0.6667	ABCA1-like, C-terminal R1 regulatory domain
CutC	0.9348	0.0000	0.0262	0.6667	CutC family
Nrap_D6	0.9343	0.0000	0.0353	0.9167	Nrap protein domain 6
HSCB_C	0.9339	0.0000	0.0362	0.7500	HSCB C-terminal oligomerisation domain
COG7	0.9338	0.0000	0.0267	0.7500	Golgi complex component 7 (COG7)
Urocanase_C	0.9338	0.0000	0.0267	0.7500	Urocanase C-terminal domain
Fer4_8	0.9335	0.0000	0.0344	0.7500	4Fe-4S dicluster domain
DIRP	0.9330	0.0000	0.0903	0.6667	DIRP
Ribosomal_S10	0.9322	0.0000	0.0338	1.0000	Ribosomal protein S10p/S20e
Methyltrans_RNA	0.9316	0.0000	0.0517	0.5000	RNA methyltransferase domain
ETC_C1_NDUFA5	0.9316	0.0000	0.0552	0.7500	ETC complex I subunit conserved region
CCDC93_N	0.9314	0.0000	0.0245	0.9167	CCDC93 protein N-terminal domain
CCDC93_CC	0.9314	0.0000	0.0245	0.9167	CCDC93 coiled-coil domain
F-box-like	0.9303	0.0000	0.0069	1.0000	F-box-like
DSHCT	0.9303	0.0000	0.0032	1.0000	DSHCT (NUC185) domain
MTR4_beta-barrel	0.9303	0.0000	0.0032	1.0000	Mtr4-like, beta-barrel domain
Sep15_SelM	0.9301	0.0000	0.0413	0.9167	Sep15/SelM redox domain
GCD14	0.9301	0.0000	0.0100	0.9167	tRNA methyltransferase complex GCD14 subunit
NAD_synthase	0.9301	0.0000	0.0100	0.9167	NAD synthase
NatA_aux_su	0.9301	0.0000	0.0100	0.9167	N-terminal acetyltransferase A, auxiliary subunit
Vps53_N	0.9301	0.0000	0.0100	0.9167	Vps53, N-terminal
Rcd1	0.9301	0.0000	0.0100	0.9167	Cell differentiation family, Rcd1-like
OB_PRS7	0.9301	0.0000	0.0100	0.9167	26S proteasome regulatory subunit 7, OB domain
CDC48_N	0.9301	0.0000	0.0100	0.9167	Cell division protein 48 (CDC48), N-terminal domain
KH_PNO1_2nd	0.9301	0.0000	0.0100	0.9167	Eukaryotic type KH-domain (KH-domain type I)
RNA_pol_Rpb1_6	0.9301	0.0000	0.0100	0.9167	RNA polymerase Rpb1, domain 6
TMEM208_SND2	0.9301	0.0000	0.0100	0.9167	SRP-independent targeting protein 2/TMEM208
RRP12_HEAT	0.9301	0.0000	0.0100	0.9167	Ribosomal RNA-processing protein 12, HEAT repeats
NPL	0.9301	0.0000	0.0100	0.9167	Nucleoplasmin-like domain
Fe_hyd_lg_C	0.9301	0.0000	0.0100	0.9167	Iron only hydrogenase large subunit, C-terminal domain
DNA_primase_lrg_N	0.9301	0.0000	0.0100	0.9167	Eukaryotic and archaeal DNA primase, large subunit N-terminal domain
Noc2	0.9301	0.0000	0.0100	0.9167	Noc2p family
Utp13	0.9301	0.0000	0.0100	0.9167	Utp13 specific WD40 associated domain
VPS13_N	0.9301	0.0000	0.0100	0.9167	VPS13-like family N-terminal region
RtcB	0.9301	0.0000	0.0100	0.9167	tRNA-splicing ligase RtcB
SF3a60_Prp9_C	0.9301	0.0000	0.0100	0.9167	SF3a60/Prp9 C-terminal
DNA_primase_lrg	0.9301	0.0000	0.0100	0.9167	Eukaryotic and archaeal DNA primase, large subunit C-terminal domain
CRM1_C	0.9301	0.0000	0.0100	0.9167	CRM1 C terminal
RNA_pol_Rpb1_7	0.9301	0.0000	0.0100	0.9167	RNA polymerase Rpb1, domain 7
RPN6_N	0.9301	0.0000	0.0100	0.9167	26S proteasome regulatory subunit RPN6 N-terminal domain
Cornichon	0.9301	0.0000	0.0100	0.9167	Cornichon protein
Gp_dh_N	0.9301	0.0000	0.0100	0.9167	Glyceraldehyde 3-phosphate dehydrogenase, NAD binding domain
SDA1_HEAT	0.9301	0.0000	0.0100	0.9167	SDA1, HEAT repeat
Gp_dh_C	0.9301	0.0000	0.0100	0.9167	Glyceraldehyde 3-phosphate dehydrogenase, C-terminal domain
Memo	0.9301	0.0000	0.0100	0.9167	Memo-like protein
Clp_N	0.9301	0.0000	0.0100	0.9167	Clp repeat (R) N-terminal domain
Pre-PUA	0.9301	0.0000	0.0100	0.9167	Pre-PUA-like domain
eIF-1a	0.9301	0.0000	0.0100	0.9167	Translation initiation factor 1A / IF-1
eIF-3c_N	0.9301	0.0000	0.0100	0.9167	Eukaryotic translation initiation factor 3 subunit 8 N-terminus
PNK3P	0.9301	0.0000	0.0078	1.0000	Polynucleotide kinase 3 phosphatase
RPC5	0.9300	0.0000	0.0101	0.8333	RPC5 protein
Vta1_C	0.9300	0.0000	0.0100	0.8333	Vta1 C-terminal domain
Peptidase_M48_N	0.9300	0.0000	0.0033	1.0000	CAAX prenyl protease N-terminal, five membrane helices
Peptidase_S74	0.9298	0.0000	0.0575	1.0000	Chaperone of endosialidase
ANKRD13_C	0.9298	0.0000	0.0575	1.0000	ANKRD13 C-terminal
Pus10_N_euk	0.9298	0.0000	0.0575	1.0000	Eukaryotic Pus10, N-terminal
DG1062_N	0.9298	0.0000	0.0575	1.0000	DG1062 N-terminal domain
Akirin	0.9298	0.0000	0.0575	1.0000	Akirin
LRR_CARMIL	0.9298	0.0000	0.0575	1.0000	CARMIL family, LRR domain
CBM_20	0.9298	0.0000	0.0575	1.0000	Starch binding domain
Alpha-amylase_C	0.9298	0.0000	0.0575	1.0000	Alpha amylase, C-terminal all-beta domain
FCH	0.9298	0.0000	0.0575	1.0000	Fes/CIP4, and EFC/F-BAR homology domain
I_LWEQ	0.9298	0.0000	0.0575	1.0000	I/LWEQ domain
Phosphorylase	0.9298	0.0000	0.0575	1.0000	Carbohydrate phosphorylase
CBM_48	0.9298	0.0000	0.0575	1.0000	Carbohydrate-binding module 48 (Isoamylase N-terminal domain)
HSF_DNA-bind	0.9298	0.0000	0.0575	1.0000	HSF-type DNA-binding
RNase_Zc3h12a	0.9298	0.0000	0.0575	1.0000	Zc3h12a-like Ribonuclease NYN domain
Ndc80_HEC	0.9298	0.0000	0.0575	1.0000	HEC/Ndc80p family
Erf4	0.9298	0.0000	0.0575	1.0000	Golgin subfamily A member 7/ERF4 family
Fip1	0.9298	0.0000	0.0166	0.9167	Fip1 motif
Spt4	0.9298	0.0000	0.0166	0.9167	Spt4/RpoE2 zinc finger
Nipped-B_C	0.9298	0.0000	0.0166	0.9167	Sister chromatid cohesion C-terminus
FPL	0.9298	0.0000	0.0166	0.9167	Uncharacterised conserved protein
Nop52	0.9298	0.0000	0.0166	0.9167	Nucleolar protein,Nop52
Ig_NUP210_13th	0.9298	0.0000	0.0576	0.9167	NUP210 Ig-like domain 13
NTP_transf_7	0.9298	0.0000	0.0576	0.9167	Nucleotidyltransferase
Beta-prop_WDR36-Utp21_1st	0.9296	0.0000	0.0166	0.8333	WDR36/Utp21 first beta-propeller
Beta-prop_WDR36-Utp21_2nd	0.9296	0.0000	0.0166	0.8333	WDR36/Utp21 second beta-propeller domain
Sad1_UNC	0.9296	0.0000	0.0034	0.9167	Sad1 / UNC-like C-terminal
DUF747	0.9296	0.0000	0.0034	0.9167	Eukaryotic membrane protein family
MTR4-like_stalk	0.9296	0.0000	0.0033	0.9167	Exosome RNA helicase MTR4-like, stalk
PARG_cat_N	0.9295	0.0000	0.0035	1.0000	Poly (ADP-ribose) glycohydrolase (PARG), helical domain
Coatomer_b_Cpla	0.9293	0.0000	0.0088	1.0000	Coatomer beta subunit appendage platform
Coatamer_beta_C	0.9293	0.0000	0.0088	1.0000	Coatomer beta C-terminal region
ANAPC3	0.9292	0.0000	0.0036	1.0000	Anaphase-promoting complex, cyclosome, subunit 3
HTH_3	0.9292	0.0000	0.0156	1.0000	Helix-turn-helix
TPP_enzyme_C	0.9292	0.0000	0.0156	1.0000	Thiamine pyrophosphate enzyme, C-terminal TPP binding domain
PEP_mutase	0.9290	0.0000	0.0439	0.5833	Phosphoenolpyruvate phosphomutase
Bax1-I	0.9289	0.0000	0.0099	0.9167	Inhibitor of apoptosis-promoting Bax1
zf-Tim10_DDP	0.9289	0.0000	0.0036	0.7500	Tim10/DDP family zinc finger
Nucleoporin_FG	0.9287	0.0000	0.0422	0.8333	Nucleoporin FG repeat region
zf-PARP	0.9287	0.0000	0.0033	0.9167	Poly(ADP-ribose) polymerase and DNA-Ligase Zn-finger region
Pelota_N	0.9287	0.0000	0.0033	0.9167	Pelota N-terminal domain
Sec5	0.9285	0.0000	0.0085	1.0000	Exocyst complex component Sec5
BipA_C	0.9283	0.0000	0.0035	0.7500	TypA/BipA C-terminal domain
MCU	0.9283	0.0000	0.0035	0.7500	Mitochondrial calcium uniporter
Pet127	0.9282	0.0000	0.0461	0.6667	Mitochondrial protein Pet127
AIF_C	0.9282	0.0000	0.0461	0.6667	Apoptosis-inducing factor, mitochondrion-associated, C-term
GatB_Yqey	0.9282	0.0000	0.0461	0.6667	GatB domain
GatB_N	0.9282	0.0000	0.0461	0.6667	GatB/GatE catalytic domain
Ribosomal_L28	0.9282	0.0000	0.0461	0.6667	Ribosomal L28 family
dsrm	0.9282	0.0000	0.0039	0.7500	Double-stranded RNA binding motif
Ribosomal_S30	0.9281	0.0000	0.0045	0.9167	Ribosomal protein S30
ArsA_ATPase	0.9281	0.0000	0.0040	1.0000	Anion-transporting ATPase
POPLD	0.9279	0.0000	0.0180	0.8333	POPLD (NUC188) domain
Acetyltransf_3	0.9279	0.0000	0.0089	1.0000	Acetyltransferase (GNAT) domain
PROPPIN	0.9278	0.0000	0.0040	1.0000	PROPPIN
TFIIE_alpha	0.9278	0.0000	0.0295	0.7500	TFIIE alpha subunit
TRM5-TYW2_MTfase	0.9277	0.0000	0.0025	0.9167	TRM5/TYW2 methyltransferase domain
NAD_Gly3P_dh_C	0.9276	0.0000	0.0160	0.1667	NAD-dependent glycerol-3-phosphate dehydrogenase C-terminus
CKS	0.9273	0.0000	0.0042	0.9167	Cyclin-dependent kinase regulatory subunit
PEMT	0.9272	0.0000	0.0043	1.0000	Phospholipid methyltransferase
Q_salvage	0.9272	0.0000	0.0043	1.0000	Queuosine salvage protein
Glyco_transf_4	0.9272	0.0000	0.0043	1.0000	Glycosyltransferase Family 4
Asp_protease	0.9271	0.0000	0.0033	1.0000	Aspartyl protease
Peptidase_C54	0.9271	0.0000	0.0033	1.0000	Peptidase C54 catalytic domain
Tyr_Deacylase	0.9271	0.0000	0.0033	1.0000	D-Tyr-tRNA(Tyr) deacylase
UNC-50	0.9271	0.0000	0.0033	1.0000	UNC-50 family
zf-HIT	0.9271	0.0000	0.0033	1.0000	HIT zinc finger
MutL_C	0.9271	0.0000	0.0033	1.0000	MutL C terminal dimerisation domain
TRM13	0.9271	0.0000	0.0033	1.0000	Methyltransferase TRM13
PIF1	0.9271	0.0000	0.0033	1.0000	PIF1-like helicase
TFIIS_M	0.9269	0.0000	0.0262	0.9167	Transcription factor S-II (TFIIS), central domain
Yippee-Mis18	0.9269	0.0000	0.0262	0.9167	Yippee zinc-binding/DNA-binding /Mis18, centromere assembly
RCF1-5-like_lid	0.9269	0.0000	0.0045	1.0000	RCF1/5-like, AAA+ ATPase lid domain
Ribosomal_L37ae	0.9267	0.0000	0.0040	1.0000	Ribosomal L37ae protein family
HMA	0.9266	0.0000	0.0038	0.7500	Heavy-metal-associated domain
HTH_61	0.9265	0.0000	0.0232	0.8333	Helix-turn-helix domain
Rrp15p	0.9264	0.0000	0.0034	0.9167	Rrp15p
Zn_ribbon_CSL	0.9263	0.0000	0.0039	0.7500	CSL zinc finger
SAM_1	0.9263	0.0000	0.0040	0.7500	SAM domain (Sterile alpha motif)
BolA	0.9263	0.0000	0.0046	0.7500	BolA-like protein
AdoHcyase	0.9262	0.0000	0.0046	0.9167	S-adenosyl-L-homocysteine hydrolase
AdoHcyase_NAD	0.9262	0.0000	0.0046	0.9167	S-adenosyl-L-homocysteine hydrolase, NAD binding domain
mRNA_cap_C	0.9262	0.0000	0.0046	0.9167	mRNA capping enzyme, C-terminal domain
EMC6	0.9262	0.0000	0.0046	0.9167	EMC6
DNA_pol3_delta2	0.9262	0.0000	0.0046	0.9167	DNA polymerase III, delta subunit
DUF676	0.9262	0.0000	0.0046	0.9167	Putative serine esterase (DUF676)
GPI2	0.9262	0.0000	0.0034	0.9167	Phosphatidylinositol N-acetylglucosaminyltransferase
TPR_28	0.9262	0.0000	0.0047	1.0000	GBF1-like, tetratrico peptide repeat region
Myb_DNA-bind_7	0.9261	0.0000	0.0047	1.0000	Myb DNA-binding like
Saf4_Yju2	0.9261	0.0000	0.0047	1.0000	Saf4/Yju2 protein
Diphthami_syn_2_N	0.9261	0.0000	0.0047	1.0000	Diphthamide synthase N-terminal domain
RNA_pol_Rpa2_4	0.9261	0.0000	0.0047	1.0000	RNA polymerase I, Rpa2 specific domain
PKD_channel	0.9261	0.0000	0.0249	0.7500	Polycystin cation channel
Ribosomal_L12	0.9260	0.0000	0.0036	0.7500	Ribosomal protein L7/L12 C-terminal domain
Evr1_Alr	0.9260	0.0000	0.0036	0.7500	Erv1 / Alr family
PSP	0.9260	0.0000	0.0033	0.9167	PSP
Ketoacyl-synt_C	0.9259	0.0000	0.0048	0.7500	Beta-ketoacyl synthase, C-terminal domain
EF_TS	0.9259	0.0000	0.0048	0.7500	Elongation factor TS
zf-DNL	0.9259	0.0000	0.0036	0.7500	DNL zinc finger
Gly_kinase	0.9255	0.0000	0.0049	1.0000	Glycerate kinase family
PP4R3	0.9254	0.0000	0.0050	1.0000	Phosphatase 4 regulatory subunit 3
Redoxin	0.9254	0.0000	0.0305	0.7500	Redoxin
Copine	0.9254	0.0000	0.0050	1.0000	Copine
UBC_like	0.9253	0.0000	0.0048	0.9167	Ubiquitin conjugating domain-like
Acetyltransf_13	0.9253	0.0000	0.0048	0.9167	ESCO1/2 acetyl-transferase
RNA_pol_Rpc4	0.9253	0.0000	0.0048	0.9167	RNA polymerase III RPC4
UDPG_MGDP_dh	0.9253	0.0000	0.0319	0.1667	UDP-glucose/GDP-mannose dehydrogenase family, central domain
Fibrillarin	0.9252	0.0000	0.0027	0.9167	Fibrillarin
Orn_Arg_deC_N	0.9251	0.0000	0.0049	1.0000	Pyridoxal-dependent decarboxylase, pyridoxal binding domain
BTB	0.9251	0.0000	0.0049	1.0000	BTB/POZ domain
DCTN5	0.9251	0.0000	0.0049	0.7500	Dynactin subunit 5
SelR	0.9250	0.0000	0.0057	0.8333	SelR domain
ATG16	0.9249	0.0000	0.0917	0.7500	Autophagy protein 16 (ATG16)
XAP5	0.9249	0.0000	0.0917	0.7500	XAP5, circadian clock regulator C-terminal domain
SPRING1	0.9249	0.0000	0.0917	0.7500	SREBP regulating gene protein
BORCS7	0.9249	0.0000	0.0917	0.7500	BLOC-1-related complex sub-unit 7
HABP4_PAI-RBP1	0.9249	0.0000	0.0917	0.7500	Hyaluronan / mRNA binding family
CIA30	0.9249	0.0000	0.0917	0.7500	Complex I intermediate-associated protein 30 (CIA30)
Rrn7_cyclin_N	0.9249	0.0000	0.0917	0.7500	Rrn7/TAF1B, N-terminal cyclin domain
DSS1_SEM1	0.9249	0.0000	0.0917	0.7500	DSS1/SEM1 family
Ap4A_phos_N	0.9249	0.0000	0.0917	0.7500	Ap4A phosphorylase N-terminal domain
DDB_G0286829	0.9249	0.0000	0.0917	0.7500	Uncharacterised protein DDB_G0286829
Ost5	0.9249	0.0000	0.0917	0.7500	Oligosaccharyltransferase subunit 5
ATP_transf	0.9249	0.0000	0.0917	0.7500	ATP adenylyltransferase C-terminal domain
CTNNBL	0.9249	0.0000	0.0917	0.7500	Catenin-beta-like, Arm-motif containing nuclear
Myb_Cef	0.9249	0.0000	0.0917	0.7500	pre-mRNA splicing factor component
Med22	0.9249	0.0000	0.0917	0.7500	Surfeit locus protein 5 subunit 22 of Mediator complex
GYF	0.9249	0.0000	0.0917	0.7500	GYF domain
RRM_Nup35	0.9249	0.0000	0.0917	0.7500	Nup53/35/40-type RNA recognition motif
ATG101	0.9249	0.0000	0.0917	0.7500	Autophagy-related protein 101
ATG13	0.9249	0.0000	0.0917	0.7500	Autophagy-related protein 13
Intu_longin_3	0.9249	0.0000	0.0917	0.7500	Intu longin-like domain 3
AASDHPPT_N	0.9249	0.0000	0.0917	0.7500	4'-phosphopantetheinyl transferase, N-terminal
NOMO1-like_9th	0.9249	0.0000	0.0917	0.7500	BOS complex subunit NOMO1-like, beta sandwich domain
AAR2	0.9249	0.0000	0.0917	0.7500	AAR2 C-terminal repeat region
INTS2	0.9249	0.0000	0.0917	0.7500	Integrator complex subunit 2
zf-MYST	0.9249	0.0000	0.0285	0.9167	MYST family zinc finger domain
zf-NOSIP	0.9249	0.0000	0.0930	0.6667	Zinc-finger of nitric oxide synthase-interacting protein
MMADHC	0.9249	0.0000	0.0930	0.6667	Methylmalonic aciduria and homocystinuria type D protein
tRNA_int_end_N2	0.9249	0.0000	0.0917	0.6667	tRNA-splicing endonuclease subunit sen54 N-term
Mu_AP3	0.9249	0.0000	0.0917	0.6667	AP3 Mu C-terminal domain
KN17_SH3	0.9249	0.0000	0.0917	0.6667	KN17 SH3-like domain
AAA_22	0.9248	0.0000	0.0060	1.0000	AAA domain
AA_kinase	0.9247	0.0000	0.0052	0.9167	Amino acid kinase family
DLH	0.9246	0.0000	0.0052	0.8333	Dienelactone hydrolase family
CID	0.9246	0.0000	0.0052	1.0000	CID domain
Ribosomal_uL15_N	0.9245	0.0000	0.0542	0.7500	Ribosomal protein uL15, N-terminal region
tRNA_Me_trans_M	0.9245	0.0000	0.0542	0.7500	tRNA methyl transferase PRC-barrel domain
BLTP3A_B	0.9245	0.0000	0.0542	0.7500	Bridge-like lipid transfer protein family member 3A/B
Rubrerythrin	0.9245	0.0000	0.0950	0.3333	Rubrerythrin
CDC73_C	0.9244	0.0000	0.0027	0.8333	RNA pol II accessory factor, Cdc73 family, C-terminal
GatC	0.9244	0.0000	0.0542	0.6667	Glu-tRNAGln amidotransferase C subunit
ELFV_dehydrog_N	0.9244	0.0000	0.0054	0.7500	Glu/Leu/Phe/Val dehydrogenase, dimerisation domain
Cob_adeno_trans	0.9244	0.0000	0.0054	0.7500	Cobalamin adenosyltransferase
GAF	0.9242	0.0000	0.0039	0.6667	GAF domain
Porin_3	0.9242	0.0000	0.0061	0.9167	Eukaryotic porin
Piezo_cap	0.9242	0.0000	0.0070	0.9167	Piezo non-specific cation channel, cap domain
Piezo_THU9_anchor	0.9242	0.0000	0.0070	0.9167	Piezo, THU9 and anchor domain
DUF1751	0.9241	0.0000	0.0046	0.7500	Eukaryotic integral membrane protein (DUF1751)
Vps55	0.9241	0.0000	0.0235	0.6667	Vacuolar protein sorting 55
DAO_C	0.9240	0.0000	0.0029	0.6667	C-terminal domain of alpha-glycerophosphate oxidase
SURF1	0.9240	0.0000	0.0029	0.6667	SURF1 family
Toprim_2	0.9237	0.0000	0.0464	0.6667	Toprim-like
Romo1	0.9237	0.0000	0.0464	0.6667	Reactive mitochondrial oxygen species modulator 1
SUV3_C	0.9237	0.0000	0.0195	0.6667	ATP-dependent RNA helicase SUV3 C-terminal domain
B12-binding	0.9236	0.0000	0.0062	0.7500	B12 binding domain
MM_CoA_mutase	0.9236	0.0000	0.0062	0.7500	Methylmalonyl-CoA mutase
MYCBP_helical	0.9236	0.0000	0.0049	0.7500	c-Myc-binding protein
PBP	0.9235	0.0000	0.0423	0.6667	Phosphatidylethanolamine-binding protein
PMI_typeI_hel	0.9235	0.0000	0.0050	0.7500	Phosphomannose isomerase type I, helical insertion domain
MTHFR	0.9235	0.0000	0.0050	0.7500	Methylenetetrahydrofolate reductase
FTHFS	0.9235	0.0000	0.0050	0.7500	Formate--tetrahydrofolate ligase
Aldolase_II	0.9235	0.0000	0.0050	0.7500	Class II Aldolase and Adducin N-terminal domain
AMPK1_CBM	0.9234	0.0000	0.0038	0.7500	Glycogen recognition site of AMP-activated protein kinase
COG6_C	0.9234	0.0000	0.0038	0.7500	Conserved Oligomeric Golgi complex subunit 6, C-terminal
NSUN5_N	0.9234	0.0000	0.0038	0.7500	NOL1/NOP2/Sun domain family member 5, N-terminal domain
BCD1	0.9234	0.0000	0.0038	0.7500	BCD1 domain
DUF423	0.9234	0.0000	0.0038	0.7500	Protein of unknown function (DUF423)
FBPase	0.9234	0.0000	0.0038	0.7500	Fructose-1-6-bisphosphatase, N-terminal domain
Vps23_core	0.9234	0.0000	0.0038	0.7500	Vps23 core domain
PAPS_reduct	0.9234	0.0000	0.0038	0.7500	Phosphoadenosine phosphosulfate reductase domain
FBPase_C	0.9234	0.0000	0.0038	0.7500	Fructose-1-6-bisphosphatase, C-terminal domain
LCM	0.9234	0.0000	0.0038	0.7500	Leucine carboxyl methyltransferase
Pex16	0.9233	0.0000	0.0038	0.7500	Peroxisomal membrane protein (Pex16)
UPRTase	0.9233	0.0000	0.0038	0.7500	Uracil phosphoribosyltransferase
SecE	0.9232	0.0000	0.0166	0.8333	SecE/Sec61-gamma subunits of protein translocation complex
BSD	0.9232	0.0000	0.0051	0.7500	BSD domain
GMP_synt_C	0.9232	0.0000	0.0051	0.7500	GMP synthase C terminal domain
DFRP_C	0.9232	0.0000	0.0051	0.7500	DRG Family Regulatory Proteins, Tma46
UFC1	0.9232	0.0000	0.0051	0.7500	Ubiquitin-fold modifier-conjugating enzyme 1
ChaC	0.9232	0.0000	0.0051	0.7500	ChaC-like protein
FeS_assembly_P	0.9232	0.0000	0.0051	0.7500	Iron-sulfur cluster assembly protein
PUA_elF2D	0.9232	0.0000	0.0051	0.7500	elF2D, PUA domain
Nkap_C	0.9232	0.0000	0.0051	0.7500	NF-kappa-B-activating protein C-terminal domain
TAL_FSA	0.9232	0.0000	0.0051	0.7500	Transaldolase/Fructose-6-phosphate aldolase
Lipid_desat	0.9232	0.0000	0.0051	0.7500	Lipid desaturase domain
HROB	0.9232	0.0000	0.0051	0.7500	Homologous recombination OB-fold protein
ERG2_Sigma1R	0.9232	0.0000	0.0051	0.7500	ERG2 and Sigma1 receptor like protein
bVLRF1	0.9232	0.0000	0.0051	0.7500	Bacteroidetes VLRF1 release factor
DnaJ-like_C11_C	0.9232	0.0000	0.0051	0.7500	DnaJ-like protein C11, C-terminal
UPF0172	0.9232	0.0000	0.0073	0.7500	Uncharacterised protein family (UPF0172)
Dor1	0.9232	0.0000	0.0039	0.7500	Dor1-like family
AMPKBI	0.9231	0.0000	0.0039	0.7500	5'-AMP-activated protein kinase beta subunit, interaction domain
NMO	0.9228	0.0000	0.0052	0.6667	Nitronate monooxygenase
Pcc1	0.9223	0.0000	0.0035	0.7500	Transcription factor Pcc1
RSN1_7TM	0.9223	0.0000	0.0053	0.7500	Calcium-dependent channel, 7TM region, putative phosphate
YqgF	0.9223	0.0000	0.0053	0.7500	Holliday-junction resolvase-like of SPT6
CPSase_L_D1	0.9223	0.0000	0.0053	0.7500	Carbamoyl phosphate synthase preATP-grasp domain
CPSase_L_D3	0.9223	0.0000	0.0053	0.7500	Carbamoyl-phosphate synthetase large chain, oligomerisation domain
CPSase_sm_chain	0.9223	0.0000	0.0053	0.7500	Carbamoyl-phosphate synthase small chain, CPSase domain
WBS_methylT	0.9223	0.0000	0.0045	0.9167	Methyltransferase involved in Williams-Beuren syndrome
EamA	0.9221	0.0000	0.0064	1.0000	EamA-like transporter family
F5_F8_type_C	0.9220	0.0000	0.0416	0.8333	F5/8 type C domain
Na_Ca_ex	0.9219	0.0000	0.0056	0.9167	Sodium/calcium exchanger protein
Rotamase	0.9219	0.0000	0.0034	1.0000	PPIC-type PPIASE domain
Tcf25	0.9218	0.0000	0.0055	0.7500	Transcriptional repressor TCF25
Mon2_C	0.9218	0.0000	0.0055	0.7500	C-terminal region of Mon2 protein
GNAT_acetyltr_2	0.9218	0.0000	0.0105	0.8333	GNAT acetyltransferase 2
tRNA_bind_2	0.9218	0.0000	0.0105	0.8333	Possible tRNA binding domain
TmcA_N	0.9218	0.0000	0.0105	0.8333	tRNA(Met) cytidine acetyltransferase TmcA, N-terminal
Rer1	0.9218	0.0000	0.0105	0.8333	Rer1 family
NGP1NT	0.9218	0.0000	0.0105	0.8333	NGP1NT (NUC091) domain
EMC7_beta-sandw	0.9218	0.0000	0.0182	0.8333	ER membrane protein complex subunit 7, beta-sandwich domain
Ribosomal_S27e	0.9218	0.0000	0.0042	0.9167	Ribosomal protein S27
NOMO1-like_2nd	0.9217	0.0000	0.0921	0.5000	BOS complex subunit NOMO1-like, second beta sandwich domain
CAP_N	0.9217	0.0000	0.0066	1.0000	CAP, N-terminal domain
SH3_12	0.9213	0.0000	0.0031	0.6667	Xrn1 SH3-like domain
XRN1_D1	0.9213	0.0000	0.0031	0.6667	Exoribonuclease Xrn1 D1 domain
Beta-lactamase	0.9213	0.0000	0.0060	0.8333	Beta-lactamase
ACPS	0.9212	0.0000	0.0058	0.9167	4'-phosphopantetheinyl transferase superfamily
LRR_14	0.9212	0.0000	0.0065	1.0000	Leucine-rich repeat region
Fumble	0.9212	0.0000	0.0106	0.7500	Fumble
Ribosomal_L29e	0.9212	0.0000	0.0045	0.8333	Ribosomal L29e protein family
SGL	0.9211	0.0000	0.0057	0.7500	SMP-30/Gluconolactonase/LRE-like region
RasGEF_N_2	0.9211	0.0000	0.0036	0.8333	Rapamycin-insensitive companion of mTOR RasGEF_N domain
Utp12	0.9211	0.0000	0.0065	1.0000	Dip2/Utp12 Family
TIG	0.9211	0.0000	0.0064	1.0000	IPT/TIG domain
DUF525	0.9210	0.0000	0.0139	0.6667	ApaG domain
SERF-like_N	0.9210	0.0000	0.0052	0.8333	Small EDRK-rich factor 1/2-like, N-terminal
B12-binding_2	0.9208	0.0000	0.0065	0.7500	B12 binding domain
Met_synt_B12	0.9208	0.0000	0.0065	0.7500	Vitamin B12 dependent methionine synthase, activation domain
Pterin_bind	0.9208	0.0000	0.0065	0.7500	Pterin binding enzyme
ECM10	0.9206	0.0000	0.0026	0.7500	ER membrane protein complex subunit 10
COBRA1	0.9205	0.0000	0.0909	0.6667	Cofactor of BRCA1 (COBRA1)
TSEN34_N	0.9205	0.0000	0.0909	0.6667	TSEN34-like, N-terminal domain
FANCL_d2	0.9205	0.0000	0.0909	0.6667	FANCL UBC-like domain 2
BCAS3_WD40	0.9204	0.0000	0.0067	1.0000	BCAS3, WD40 repeat
Thioredoxin_7	0.9204	0.0000	0.0377	0.6667	Thioredoxin-like
Pkinase_C	0.9204	0.0000	0.0068	1.0000	Protein kinase C terminal domain
Glucokinase	0.9203	0.0000	0.0061	0.7500	Glucokinase
DDE_Tnp_4	0.9202	0.0000	0.0365	0.8333	DDE superfamily endonuclease
RTT107_BRCT_5	0.9201	0.0000	0.0050	0.7500	Regulator of Ty1 transposition protein 107 BRCT domain
Omp85	0.9201	0.0000	0.0027	0.8333	Omp85 superfamily domain
FG-GAP_3	0.9201	0.0000	0.0155	0.9167	FG-GAP-like repeat
TNFAIP8	0.9197	0.0000	0.0541	0.9167	Tumor necrosis factor alpha-induced protein 8-like
G-gamma	0.9197	0.0000	0.0261	0.7500	GGL domain
YL1	0.9197	0.0000	0.0052	0.6667	YL1 nuclear protein
TBCA	0.9196	0.0000	0.0051	0.7500	Tubulin binding cofactor A
UCH_1	0.9196	0.0000	0.0051	0.7500	Ubiquitin carboxyl-terminal hydrolase
Ig_NUP210_9th	0.9196	0.0000	0.0542	0.8333	NUP210, Ig-like domain 9
Rieske_4	0.9193	0.0000	0.0164	0.1667	Soluble Rieske-type ferredoxin
Vac14_Fab1_bd	0.9193	0.0000	0.0064	0.7500	Vacuolar 14 Fab1-binding region
ARMT1-like_dom	0.9193	0.0000	0.0164	0.1667	Damage-control phosphatase ARMT1-like domain
MPC	0.9190	0.0000	0.0118	0.6667	Mitochondrial pyruvate carriers
SE	0.9190	0.0000	0.0118	0.6667	Squalene epoxidase
Urocanase	0.9187	0.0000	0.0345	0.7500	Urocanase Rossmann-like domain
PheRS_DBD3	0.9185	0.0000	0.0226	1.0000	PheRS DNA binding domain 3
Syntaxin_2	0.9185	0.0000	0.0369	0.7500	Syntaxin-like protein
UCH_C	0.9181	0.0000	0.0020	0.9167	Ubiquitin carboxyl-terminal hydrolases
Nicastrin	0.9181	0.0000	0.0172	1.0000	Nicastrin large lobe
MTP18	0.9179	0.0000	0.0260	0.1667	Mitochondrial 18 KDa protein (MTP18)
Ins134_P3_kin	0.9178	0.0000	0.0315	1.0000	Inositol 1,3,4-trisphosphate 5/6-kinase ATP-grasp domain
PIG-X	0.9178	0.0000	0.0315	1.0000	PIG-X / PBN1
UbiB_helical	0.9176	0.0000	0.0145	0.7500	UbiB helical domain
ARM_TBCD	0.9175	0.0000	0.0023	0.6667	Tubulin-specific chaperone D-like, ARM repeat
PAS	0.9174	0.0000	0.0024	0.6667	PAS fold
Sdh5	0.9173	0.0000	0.0039	0.7500	Flavinator of succinate dehydrogenase
2-Hacid_dh	0.9167	0.0000	0.0081	1.0000	D-isomer specific 2-hydroxyacid dehydrogenase, catalytic domain
CGI-121	0.9164	0.0000	0.0465	0.7500	Kinase binding protein CGI-121
PB1	0.9160	0.0000	0.0398	1.0000	PB1 domain
HAD_2	0.9155	0.0000	0.0208	0.4167	Haloacid dehalogenase-like hydrolase
Pept_C14_Metacaspase	0.9147	0.0000	0.0135	0.5000	Metacaspase, peptidase C14 domain
SIP1	0.9147	0.0000	0.0134	1.0000	Survival motor neuron (SMN) interacting protein 1 (SIP1)
Nup84_Nup100	0.9147	0.0000	0.0304	0.7500	Nuclear pore protein 84 / 107
AAA_lid_5	0.9144	0.0000	0.0035	1.0000	Midasin AAA lid domain
Methyltransf_12	0.9143	0.0000	0.0094	1.0000	Methyltransferase domain
SSrecog	0.9135	0.0000	0.0364	0.9167	Structure-specific recognition protein (SSRP1)
Ltn1_1st	0.9135	0.0000	0.0035	0.9167	E3 ubiquitin-protein ligase listerin, N-terminal domain
LisH	0.9134	0.0000	0.0127	0.9167	LisH
Cupin_2	0.9132	0.0000	0.0370	0.5000	Cupin domain
Acyl_transf_1	0.9132	0.0000	0.0131	0.7500	Acyl transferase domain
POL2_thumb	0.9132	0.0000	0.0131	0.7500	DNA polymerase epsilon catalytic subunit A, thumb domain
Peptidase_C78	0.9126	0.0000	0.0132	0.7500	Peptidase family C78
CLASP_N	0.9126	0.0000	0.0132	0.7500	CLASP N terminal
TRAPPC-Trs85	0.9126	0.0000	0.0132	0.7500	ER-Golgi trafficking TRAPP I complex 85 kDa subunit
Mcl1_mid	0.9126	0.0000	0.0132	0.7500	Minichromosome loss protein, Mcl1, middle region
YbjQ_2	0.9126	0.0000	0.0132	0.7500	C2 domain-containing protein 5, YbjQ-like domain
Rav1p_C	0.9121	0.0000	0.0026	1.0000	RAVE protein 1 C terminal
Asp	0.9121	0.0000	0.0397	0.7500	Eukaryotic aspartyl protease
Asparaginase_2	0.9121	0.0000	0.0397	0.7500	Asparaginase
MTHFR_C	0.9121	0.0000	0.0397	0.7500	MTHFR, SAM-binding regulatory domain
Glyco_hydro_3	0.9117	0.0000	0.0192	1.0000	Glycosyl hydrolase family 3 N terminal domain
Fn3-like	0.9117	0.0000	0.0192	1.0000	Fibronectin type III-like domain
Mo-co_dimer	0.9105	0.0000	0.0404	0.7500	Mo-co oxidoreductase dimerisation domain
Oxidored_molyb	0.9105	0.0000	0.0404	0.7500	Oxidoreductase molybdopterin binding domain
EI24	0.9102	0.0000	0.0386	0.6667	Sulfate transporter CysZ/Etoposide-induced protein 2.4
PAH_ZNF598	0.9099	0.0000	0.0754	0.7500	ZNF598 PAH domain
Slo-like_RCK	0.9099	0.0000	0.0039	0.7500	Calcium-activated potassium channel slowpoke-like RCK domain
zf-C2HC5	0.9095	0.0000	0.0347	0.9167	Putative zinc finger motif, C2HC5-type
PAS_9	0.9095	0.0000	0.0404	0.7500	PAS domain
Cytochrom_C	0.9091	0.0000	0.0000	0.7500	Cytochrome c
GRIM-19	0.9091	0.0000	0.0000	0.7500	GRIM-19 protein
NDUF_B7	0.9091	0.0000	0.0000	0.7500	NADH-ubiquinone oxidoreductase B18 subunit (NDUFB7)
Mpv17_PMP22	0.9091	0.0000	0.0000	0.7500	Mpv17 / PMP22 family
Fe-S_biosyn	0.9091	0.0000	0.0000	0.7500	Iron-sulphur cluster biosynthesis
SHMT	0.9091	0.0000	0.0000	0.7500	Serine hydroxymethyltransferase
Sec10_HB	0.9091	0.0000	0.0000	1.0000	Exocyst complex component Sec10-like, alpha-helical bundle
DUF2039	0.9091	0.0000	0.0048	0.9167	Uncharacterized conserved protein (DUF2039)
zf-CCHC_3	0.9091	0.0000	0.0000	1.0000	Zinc knuckle
PAZ	0.9091	0.0000	0.0000	1.0000	PAZ domain
LMWPc	0.9091	0.0000	0.0086	1.0000	Low molecular weight phosphotyrosine protein phosphatase
GFO_IDH_MocA	0.9091	0.0000	0.0000	0.9167	Oxidoreductase family, NAD-binding Rossmann fold
PGM1_C_vert_fung	0.9091	0.0000	0.0000	0.9167	Phosphoglucomutase-1, C-terminal domain
Methyltransf_32	0.9091	0.0000	0.0000	1.0000	Methyltransferase domain
PI3K_C2	0.9091	0.0000	0.0000	1.0000	Phosphoinositide 3-kinase C2
PGI	0.9091	0.0000	0.0000	1.0000	Phosphoglucose isomerase
PHD	0.9091	0.0000	0.0000	1.0000	PHD-finger
WASH-7_C	0.9091	0.0000	0.0000	0.9167	WASH complex subunit 7, C-terminal
Sedlin_N	0.9091	0.0000	0.0000	0.9167	Sedlin
F-box	0.9091	0.0000	0.0000	1.0000	F-box domain
B3_4	0.9091	0.0000	0.0000	1.0000	B3/4 domain
PRP3	0.9091	0.0000	0.0000	0.9167	pre-mRNA processing factor 3 domain
SF3b10	0.9091	0.0000	0.0000	1.0000	Splicing factor 3B subunit 10 (SF3b10)
WASH-7_mid	0.9091	0.0000	0.0000	0.9167	WASH complex subunit 7
Diphthami_syn_2_C	0.9091	0.0000	0.0000	1.0000	Diphthamide synthase C-terminal domain
Chromo	0.9091	0.0000	0.0000	1.0000	Chromo (CHRromatin Organisation MOdifier) domain
SPX	0.9091	0.0000	0.0000	1.0000	SPX domain
ENTH	0.9091	0.0000	0.0000	1.0000	ENTH domain
Frag1	0.9091	0.0000	0.0000	1.0000	Frag1/DRAM/Sfk1/Cwh43P N-terminal domain
TsaD	0.9091	0.0000	0.0000	1.0000	tRNA N6-adenosine threonylcarbamoyltransferase
zf-U1	0.9091	0.0000	0.0000	0.9167	U1 zinc finger
CoA_trans	0.9091	0.0000	0.0050	0.7500	Coenzyme A transferase
PUF_NOP9	0.9091	0.0000	0.0000	0.9167	NOP9-like PUF repeat domain
Beta-prop_CAF1B_HIR1	0.9091	0.0000	0.0000	1.0000	CAF1B/HIR1 beta-propeller domain
Pro_CA	0.9091	0.0000	0.0000	1.0000	Carbonic anhydrase
PRK	0.9091	0.0000	0.0000	1.0000	Phosphoribulokinase / Uridine kinase family
ATP-cone	0.9091	0.0000	0.0000	0.8333	ATP cone domain
Separin_C	0.9091	0.0000	0.0000	0.9167	Separin, protease domain
STPPase_N	0.9091	0.0000	0.0000	0.8333	Serine-threonine protein phosphatase N-terminal domain
PI3K_rbd	0.9091	0.0000	0.0000	1.0000	PI3-kinase family, ras-binding domain
PRT6_C	0.9091	0.0000	0.0000	1.0000	Proteolysis_6 C-terminal
SH3_2	0.9091	0.0000	0.0000	1.0000	Variant SH3 domain
zf-UBR	0.9091	0.0000	0.0000	1.0000	Putative zinc finger in N-recognin (UBR box)
PIN_6	0.9091	0.0000	0.0056	1.0000	PIN domain of ribonuclease
RPN2_C	0.9091	0.0000	0.0000	1.0000	26S proteasome regulatory subunit RPN2 C-terminal domain
Glyco_transf_10	0.9091	0.0000	0.0000	0.7500	Glycosyltransferase family 10 (fucosyltransferase) C-term
Zn_ribbon_NOB1	0.9091	0.0000	0.0056	1.0000	Nin one binding (NOB1) Zn-ribbon like
Ku_PK_bind	0.9091	0.0000	0.0197	0.7500	Ku C terminal domain like
Ist1	0.9091	0.0000	0.0056	1.0000	Regulator of Vps4 activity in the MVB pathway
RPN2_N	0.9091	0.0000	0.0056	1.0000	26S proteasome subunit RPN2, N-terminal domain
Dak2	0.9091	0.0000	0.0000	0.7500	DAK2 domain
TPR_NAA35	0.9091	0.0000	0.0000	1.0000	NAA35-like, TPR repeats
JmjC_2	0.9091	0.0000	0.0000	0.7500	JmjC domain
PMM	0.9091	0.0000	0.0056	1.0000	Eukaryotic phosphomannomutase
Sterile	0.9091	0.0000	0.0000	0.7500	Male sterility protein
GST_N_2	0.9091	0.0000	0.0197	0.7500	Glutathione S-transferase, N-terminal domain
PGAP1	0.9091	0.0000	0.0000	0.7500	PGAP1-like alpha/beta domain
Clathrin	0.9091	0.0000	0.0056	1.0000	Region in Clathrin and VPS
TrkH	0.9091	0.0000	0.0000	1.0000	Cation transport protein
PFK	0.9091	0.0000	0.0056	1.0000	Phosphofructokinase
Hikeshi-like_N	0.9091	0.0000	0.0000	0.7500	Hikeshi-like, N-terminal domain
PTS_2-RNA	0.9091	0.0000	0.0000	1.0000	RNA 2'-phosphotransferase, Tpt1 / KptA family
SAM_Ribosomal_mS41	0.9091	0.0000	0.0636	0.7500	Small ribosomal subunit protein mS41 SAM domain
NatB_MDM20	0.9091	0.0000	0.0050	0.9167	N-acetyltransferase B complex (NatB) non catalytic subunit
TIP41	0.9091	0.0000	0.0000	0.7500	TIP41-like family
Afi1	0.9091	0.0000	0.0347	0.7500	Docking domain of Afi1 for Arf3 in vesicle trafficking
DHHA1	0.9091	0.0000	0.0000	0.7500	DHHA1 domain
RICTOR_N	0.9091	0.0000	0.0000	0.8333	Rapamycin-insensitive companion of mTOR, N-term
TPR_Psidin_N	0.9091	0.0000	0.0000	0.8333	Psidin, N-terminal TPR repeats region
RNA_pol_N	0.9091	0.0000	0.0000	0.7500	RNA polymerases N / 8 kDa subunit
DPPIV_N	0.9091	0.0000	0.0000	0.7500	Dipeptidyl peptidase IV (DPP IV) N-terminal region
Meth_synt_2	0.9091	0.0000	0.0000	0.7500	Cobalamin-independent synthase, Catalytic domain
Robl_LC7	0.9091	0.0000	0.0040	0.7500	Roadblock/LC7 domain
IPP-2	0.9091	0.0000	0.0040	0.7500	Protein phosphatase inhibitor 2 (IPP-2)
Meth_synt_1	0.9091	0.0000	0.0000	0.7500	Cobalamin-independent synthase, N-terminal domain
GST_N_3	0.9091	0.0000	0.0000	0.6667	Glutathione S-transferase, N-terminal domain
SF3A2	0.9091	0.0000	0.0000	0.9167	Pre-mRNA-splicing factor SF3a complex subunit 2 (Prp11)
GBBH-like_N	0.9091	0.0000	0.0000	0.5833	Gamma-butyrobetaine hydroxylase-like, N-terminal
Beta-prop_ATRN-LZTR1	0.9091	0.0000	0.0000	0.9167	Attractin/LZTR1 beta-propeller
Alpha_kinase	0.9091	0.0000	0.0000	1.0000	Alpha-kinase family
TYW2_N_2	0.9091	0.0000	0.0000	0.9167	TYW2 N-terminal domain
Ribosomal_S25	0.9091	0.0000	0.0000	0.9167	S25 ribosomal protein
Ribosomal_L44	0.9091	0.0000	0.0000	0.7500	Ribosomal protein L44
RICTOR_M	0.9091	0.0000	0.0022	0.6667	Rapamycin-insensitive companion of mTOR, middle domain
Hikeshi-like_C	0.9091	0.0000	0.0000	0.6667	Hikeshi-like, C-terminal domain
A_deamin	0.9091	0.0000	0.0000	0.9167	Adenosine-deaminase (editase) domain
SRP40_C	0.9091	0.0000	0.0000	0.8333	SRP40, C-terminal domain
Erv26	0.9091	0.0000	0.0047	0.9167	Transmembrane adaptor Erv26
SGS	0.9091	0.0000	0.0047	0.9167	SGS domain
Pif1_2B_dom	0.9091	0.0000	0.0047	0.9167	DNA helicase Pif1, 2B domain
Fer4	0.9091	0.0000	0.0000	0.9167	4Fe-4S binding domain
Smr	0.9091	0.0000	0.0000	0.8333	Smr domain
Telomerase_RBD	0.9091	0.0000	0.0000	0.6667	Telomerase ribonucleoprotein complex - RNA binding domain
PEX-1N	0.9091	0.0000	0.0000	0.6667	Peroxisome biogenesis factor 1, N-terminal
WHD_TBPIP	0.9091	0.0000	0.0058	0.7500	TBPIP/Hop2 winged helix domain
zinc_ribbon_16	0.9091	0.0000	0.0000	0.7500	Zinc-ribbon like family
zf-TRAF	0.9091	0.0000	0.0000	0.7500	TRAF-type zinc finger
ZZ	0.9091	0.0000	0.0000	0.7500	Zinc finger, ZZ type
zf-U11-48K	0.9091	0.0000	0.0000	0.8333	U11-48K-like CHHC zinc finger
EF-hand_1	0.9091	0.0000	0.0000	1.0000	EF hand domain
ARPC4	0.9091	0.0000	0.0001	0.9167	ARP2/3 complex 20 kDa subunit (ARPC4)
PUL	0.9091	0.0000	0.0000	1.0000	PUL domain
EF-hand_6	0.9091	0.0000	0.0000	1.0000	EF-hand domain
Thioredoxin_13	0.9091	0.0000	0.0000	0.8333	Thioredoxin-like domain
Thioredoxin_14	0.9091	0.0000	0.0000	0.9167	Thioredoxin-like domain
Ferric_reduct	0.9091	0.0000	0.0000	1.0000	Ferric reductase like transmembrane component
Thiolase_C	0.9091	0.0000	0.0000	0.7500	Thiolase, C-terminal domain
PCMT	0.9091	0.0000	0.0000	0.6667	Protein-L-isoaspartate(D-aspartate) O-methyltransferase (PCMT)
HAT_Syf1_CNRKL1_C	0.9091	0.0000	0.0000	1.0000	Pre-mRNA-splicing factor Syf1/CRNKL1 C-terminal HAT repeat
SPC12	0.9091	0.0000	0.0000	0.6667	Microsomal signal peptidase 12 kDa subunit (SPC12)
P16-Arc	0.9091	0.0000	0.0000	1.0000	ARP2/3 complex 16 kDa subunit (p16-Arc)
SKIP_SNW	0.9091	0.0000	0.0000	0.8333	SKIP/SNW domain
LRR_FBXL15	0.9091	0.0000	0.0000	0.7500	F-box/LRR-repeat protein 15, leucine rich repeat domain
WASH_WAHD	0.9091	0.0000	0.0000	0.9167	WAHD domain of WASH complex
TRAPPC13_N	0.9091	0.0000	0.0000	0.7500	Trafficking protein particle complex subunit 13, N-terminal
UDP-g_GGTase	0.9091	0.0000	0.0000	0.7500	UDP-glucose:Glycoprotein Glucosyltransferase
DUF1674	0.9091	0.0000	0.0000	0.7500	Protein of unknown function (DUF1674)
Citrate_synt	0.9091	0.0000	0.0000	0.7500	Citrate synthase, C-terminal domain
Cmc1	0.9091	0.0000	0.0000	0.7500	Cytochrome c oxidase biogenesis protein Cmc1 like
HEAT_EZ	0.9091	0.0000	0.0000	0.7500	HEAT-like repeat
CoA_binding	0.9091	0.0000	0.0000	0.7500	CoA binding domain
Clathrin_H_link	0.9091	0.0000	0.0000	1.0000	Clathrin-H-link
Creatinase_N_2	0.9091	0.0000	0.0000	0.9167	Creatinase/Prolidase N-terminal domain
Rubis-subs-bind	0.9091	0.0000	0.0000	0.7500	Rubisco LSMT substrate-binding
Creatinase_N	0.9091	0.0000	0.0000	0.9167	Creatinase/Prolidase N-terminal domain
DUF2838	0.9091	0.0000	0.0000	1.0000	Protein of unknown function (DUF2838)
Hexapep	0.9091	0.0000	0.0000	1.0000	Bacterial transferase hexapeptide (six repeats)
WASH-4_N	0.9091	0.0000	0.0000	0.7500	WASH complex subunit 4, N-terminal
Sey1_3HB	0.9091	0.0000	0.0000	1.0000	Sey1 three-helix bundle domain
COG4_N	0.9091	0.0000	0.0000	0.9167	Conserved oligomeric Golgi complex subunit 4, N-terminal
Trm112p	0.9091	0.0000	0.0000	1.0000	Trm112p-like protein
FMO-like	0.9091	0.0000	0.0000	0.7500	Flavin-binding monooxygenase-like
DBR1	0.9091	0.0000	0.0000	0.7500	Lariat debranching enzyme, C-terminal domain
STT3-PglB_core	0.9091	0.0000	0.0000	1.0000	STT3/PglB/AglB core domain
STT3	0.9091	0.0000	0.0000	1.0000	Oligosaccharyl transferase STT3, N-terminal
IBR_1	0.9091	0.0000	0.0000	1.0000	IBR domain
Peptidase_M24_C	0.9091	0.0000	0.0000	0.9167	C-terminal region of peptidase_M24
HHH	0.9091	0.0000	0.0000	0.9167	Helix-hairpin-helix motif
Glyco_transf_24	0.9091	0.0000	0.0000	0.9167	Glucosyltransferase 24
PIG-P	0.9091	0.0000	0.0000	1.0000	PIG-P
DHR-2_Lobe_A	0.9091	0.0000	0.0000	1.0000	DHR-2, Lobe A
UAE_UbL	0.9091	0.0000	0.0477	0.6667	Ubiquitin/SUMO-activating enzyme ubiquitin-like domain
UCR_14kD	0.9091	0.0000	0.0000	0.7500	Ubiquinol-cytochrome C reductase complex 14kD subunit
USP7_ICP0_bdg	0.9091	0.0000	0.0000	0.7500	ICP0-binding domain of Ubiquitin-specific protease 7
Urm1	0.9091	0.0000	0.0000	1.0000	Urm1 (Ubiquitin related modifier)
Ribosomal_L30_N	0.9091	0.0000	0.0285	0.6667	Ribosomal L30 N-terminal domain
Ribosomal_L30	0.9091	0.0000	0.0000	0.9167	Ribosomal protein L30p/L7e
PPI_Ypi1	0.9091	0.0000	0.0000	0.7500	Protein phosphatase inhibitor
ERp29	0.9091	0.0000	0.0000	0.9167	Endoplasmic reticulum protein ERp29, C-terminal domain
DOCK-C2	0.9091	0.0000	0.0000	1.0000	C2 domain in Dock180 and Zizimin proteins
Ribosomal_L17	0.9091	0.0000	0.0000	0.6667	Ribosomal protein L17
HSP33	0.9091	0.0000	0.0000	0.6667	Hsp33 protein
Ribosomal_L19e_C	0.9091	0.0000	0.0000	1.0000	Ribosomal protein L19e, C-terminal domain
Ribosomal_L19e	0.9091	0.0000	0.0000	0.9167	Ribosomal protein L19e, N-terminal domain
V-SNARE	0.9091	0.0000	0.0779	0.7500	Vesicle transport v-SNARE protein N-terminus
CBFD_NFYB_HMF	0.9091	0.0000	0.0000	1.0000	Histone-like transcription factor (CBF/NF-Y) and archaeal histone
C2_ITFG1	0.9091	0.0000	0.0000	0.8333	ITFG1, C2 domain
VWA_3	0.9091	0.0000	0.0000	1.0000	von Willebrand factor type A domain
Glyco_hydro_47	0.9091	0.0000	0.0000	0.7500	Glycosyl hydrolase family 47
Ribosomal_S17e	0.9091	0.0000	0.0000	1.0000	Ribosomal S17
Ribosomal_S7	0.9091	0.0000	0.0000	1.0000	Ribosomal protein S7p/S5e
Ribosomal_S21e	0.9091	0.0000	0.0000	1.0000	Ribosomal protein S21e
Ribosomal_S2	0.9091	0.0000	0.0000	0.9167	Ribosomal protein S2
CXXC_Zn-b_euk	0.9091	0.0000	0.0000	0.6667	CXXC motif containing zinc binding protein, eukaryotic
CactinC_cactus	0.9091	0.0000	0.0000	0.9167	Cactus-binding C-terminus of cactin protein
CRAL_TRIO_N	0.9091	0.0000	0.0000	0.7500	CRAL/TRIO, N-terminal domain
GATase_6	0.9091	0.0000	0.0000	0.9167	Glutamine amidotransferase domain
RHD3_GTPase	0.9091	0.0000	0.0000	1.0000	Root hair defective 3 GTP-binding protein (RHD3) GTPase domain
PreP_C	0.9091	0.0000	0.0000	1.0000	PreP C-terminal domain
RNase_H2_suC	0.9091	0.0000	0.0000	0.7500	Ribonuclease H2 non-catalytic subunit (Ylr154p-like)
NDUFA12	0.9091	0.0000	0.0000	0.7500	NADH ubiquinone oxidoreductase subunit NDUFA12
ANAPC8	0.9091	0.0000	0.0000	0.7500	Anaphase promoting complex subunit 8 / Cdc23
AMP-binding_C_3	0.9091	0.0000	0.0000	0.9167	AMP-binding enzyme C-terminal domain
ALIX_LYPXL_bnd	0.9091	0.0000	0.0000	1.0000	ALIX V-shaped domain binding to HIV
CDK5RAP3	0.9091	0.0000	0.0000	0.7500	CDK5 regulatory subunit-associated protein 3
Piwi	0.9091	0.0000	0.0000	1.0000	Piwi domain
Phosducin	0.9091	0.0000	0.0000	1.0000	Phosducin
zf-C2H2	0.9091	0.0000	0.0000	1.0000	Zinc finger, C2H2 type
ALG11_N	0.9091	0.0000	0.0000	1.0000	ALG11 mannosyltransferase N-terminus
Polyketide_cyc	0.9091	0.0000	0.0000	0.6667	Polyketide cyclase / dehydrase and lipid transport
Glyco_transf_61	0.9091	0.0000	0.0000	0.6667	Glycosyltransferase 61
USP7_C2	0.9091	0.0000	0.0103	0.6667	Ubiquitin-specific protease C-terminal
Ribosomal_L26	0.9090	0.0000	0.0001	0.9167	Ribosomal proteins L26 eukaryotic, L24P archaeal
Cpn10	0.9090	0.0000	0.0001	0.8333	Chaperonin 10 Kd subunit
Ribosomal_L38e	0.9090	0.0000	0.0001	0.8333	Ribosomal L38e protein family
Ribosomal_S28e	0.9090	0.0000	0.0001	0.7500	Ribosomal protein S28e
MCM_bind	0.9090	0.0000	0.0001	0.9167	Mini-chromosome maintenance replisome factor
Dopey_N	0.9090	0.0000	0.0001	0.9167	Dopey, N-terminal
Beta-prop_VPS8	0.9090	0.0000	0.0001	0.8333	Vps8 beta-propeller
Myb_DNA-binding_2	0.9090	0.0000	0.0082	0.8333	Myb-like DNA-binding domain
DFP	0.9090	0.0000	0.0144	0.8333	DNA/pantothenate metabolism flavoprotein C-terminal domain
Rad1	0.9090	0.0000	0.0001	0.8333	Repair protein Rad1/Rec1/Rad17
ATG5_UblA	0.9090	0.0000	0.0346	0.9167	Autophagy protein ATG5, UblA domain
zn-ribbon_14	0.9090	0.0000	0.0001	0.8333	Zinc-ribbon
Flavokinase	0.9090	0.0000	0.0001	0.8333	Riboflavin kinase
RS4NT	0.9090	0.0000	0.0001	0.8333	RS4NT (NUC023) domain
STI1-HOP_DP	0.9090	0.0000	0.0082	0.8333	STI1/HOP, DP domain
VPS35L_N	0.9087	0.0000	0.0410	0.7500	VPS35L
Trp_dioxygenase	0.9087	0.0000	0.0410	0.7500	Tryptophan 2,3-dioxygenase
DNA_repr_REX1B	0.9087	0.0000	0.0410	0.7500	DNA repair REX1-B
Ig_TRAPPC11_2nd	0.9083	0.0000	0.0424	0.9167	TRAPPC11 second Ig-like domain
zf-DPOE	0.9080	0.0000	0.0414	0.7500	Zinc finger domain of DNA polymerase-epsilon
Abhydrolase_3	0.9080	0.0000	0.0414	0.7500	alpha/beta hydrolase fold
G_glu_transpept	0.9078	0.0000	0.0980	0.4167	Gamma-glutamyltranspeptidase
UBA_ARI1	0.9076	0.0000	0.0442	0.9167	E3 ubiquitin-protein ligase ARIH1, UBA-like domain
Ammonium_transp	0.9072	0.0000	0.0417	0.7500	Ammonium Transporter Family
MBTPS1_4th	0.9072	0.0000	0.0417	0.7500	MBTPS1, fourth GATase-like domain
LbH_EIF2B	0.9072	0.0000	0.0417	0.7500	EIF2B subunit epsilon LbH domain
EGF_2	0.9072	0.0000	0.0418	0.7500	EGF-like domain
AAA_16	0.9072	0.0000	0.0418	0.7500	AAA ATPase domain
FERM_f0	0.9071	0.0000	0.0748	0.9167	N-terminal or F0 domain of Talin-head FERM
H_lectin	0.9071	0.0000	0.0748	0.9167	H-type lectin domain
AIG1	0.9071	0.0000	0.0748	0.9167	AIG1 family
Myosin_tail_1	0.9071	0.0000	0.0748	0.9167	Myosin tail
TPR_AP5Z1_C	0.9055	0.0000	0.0759	0.8333	AP-5 complex subunit zeta-1, C-terminal TPR repeats
Rsm22	0.9053	0.0000	0.0208	0.7500	Mitochondrial small ribosomal subunit Rsm22
Spt5-NGN	0.9041	0.0000	0.0024	0.9167	Early transcription elongation factor of RNA pol II, NGN section
Nop25	0.9014	0.0000	0.0206	0.7500	Nucleolar protein 12 (25kDa)
DUF5600	0.9013	0.0000	0.0146	0.9167	Domain of unknown function (DUF5600)
UPF1_Zn_bind	0.9006	0.0000	0.0148	1.0000	RNA helicase (UPF2 interacting domain)
GRIP	0.9004	0.0000	0.0048	0.5833	GRIP domain
Big_2	0.8999	0.0000	0.0311	0.3333	Bacterial Ig-like domain (group 2)
EDR1_CTR1_ARMC3_pept	0.8999	0.0000	0.0190	0.1667	EDR1/CTR1/ARMC3, peptidase-like
Golgin_A5	0.8999	0.0000	0.0190	0.1667	Golgin subfamily A member 5
HAT_Syf1_M	0.8998	0.0000	0.0077	0.9167	Pre-mRNA-splicing factor SYF1 middle HAT repeat
AP_endonuc_2	0.8984	0.0000	0.0903	0.5833	Xylose isomerase-like TIM barrel
C1_1	0.8981	0.0000	0.0356	1.0000	Phorbol esters/diacylglycerol binding domain (C1 domain)
GKRP_SIS_N	0.8957	0.0000	0.0456	0.6667	Glucokinase regulatory protein N-terminal SIS domain
Chal_sti_synt_N	0.8957	0.0000	0.0456	0.6667	Chalcone and stilbene synthases, N-terminal domain
Glyco_hydro_39	0.8957	0.0000	0.0456	0.6667	Glycosyl hydrolases family 39
Glyco_transf_49	0.8957	0.0000	0.0456	0.6667	Glycosyl-transferase for dystroglycan
SGL_GH162	0.8957	0.0000	0.0456	0.6667	Endo-beta-1,2-glucanase SGL
Chal_sti_synt_C	0.8957	0.0000	0.0456	0.6667	Chalcone and stilbene synthases, C-terminal domain
DUF4291	0.8954	0.0000	0.0460	0.5833	Domain of unknown function (DUF4291)
Succ_DH_flav_C	0.8949	0.0000	0.0144	0.6667	Fumarate reductase flavoprotein C-term
RRF	0.8949	0.0000	0.0144	0.6667	Ribosome recycling factor
Peptidase_M76	0.8949	0.0000	0.0144	0.6667	Peptidase M76 family
Alba	0.8949	0.0000	0.0144	0.6667	Alba
RsfS	0.8949	0.0000	0.0144	0.6667	Ribosomal silencing factor during starvation
BAG	0.8949	0.0000	0.0256	0.2500	BAG domain
OsmC	0.8935	0.0000	0.0486	0.7500	OsmC-like protein
Zn_ribbon_RPB9	0.8924	0.0000	0.0231	1.0000	RNA polymerases M/15 Kd subunit
RNase_H	0.8922	0.0000	0.0058	0.5000	RNase H
Rep_fac-A_C	0.8920	0.0000	0.0199	0.6667	Replication factor-A C terminal domain
U-box_ZFPL1	0.8916	0.0000	0.0714	0.7500	ZFPL1-like, U-box domain
RRM_5	0.8889	0.0000	0.0640	0.8333	RNA recognition motif. (a.k.a. RRM, RBD, or RNP domain)
DeoC	0.8887	0.0000	0.0195	0.5833	DeoC/LacD family aldolase
Nop16	0.8887	0.0000	0.0062	0.8333	Ribosome biogenesis protein Nop16
CNOT10_TPR	0.8884	0.0000	0.0921	0.7500	CNOT10 tetratricopeptide repeat domain
TPR_DOCK	0.8884	0.0000	0.0921	0.7500	Dedicator of cytokinesis (DOCK) TPR region
DCC1-like	0.8884	0.0000	0.0921	0.7500	DCC1-like thiol-disulfide oxidoreductase
PAS_3	0.8884	0.0000	0.0921	0.7500	PAS fold
XLF	0.8884	0.0000	0.0921	0.7500	XLF N-terminal domain
Clathrin_propel	0.8884	0.0000	0.0921	0.7500	Clathrin propeller repeat
PhosphMutase	0.8881	0.0000	0.0068	0.6667	2,3-bisphosphoglycerate-independent phosphoglycerate mutase
Glyco_hydro_3_C	0.8876	0.0000	0.0259	1.0000	Glycosyl hydrolase family 3 C-terminal domain
NAD_kinase	0.8871	0.0000	0.0261	1.0000	ATP-NAD kinase N-terminal domain
Vault	0.8870	0.0000	0.0159	0.6667	Major Vault Protein repeat domain
tRNA_edit	0.8864	0.0000	0.0194	0.5000	Aminoacyl-tRNA editing domain
Rep_fac-A_3	0.8859	0.0000	0.0214	0.1667	Replication factor A protein 3
DHH	0.8847	0.0000	0.0192	0.5000	DHH family, N-terminal domain
MVP_shoulder	0.8840	0.0000	0.0127	0.6667	Shoulder domain
SQHop_cyclase_N	0.8840	0.0000	0.0127	0.6667	Squalene-hopene cyclase N-terminal domain
MKT1_N	0.8840	0.0000	0.0127	0.6667	Temperature dependent protein affecting M2 dsRNA replication
MKT1_C	0.8840	0.0000	0.0127	0.6667	Temperature dependent protein affecting M2 dsRNA replication
zf-CRD	0.8840	0.0000	0.0127	0.6667	Cysteine rich domain with multizinc binding regions
GlcNAc	0.8840	0.0000	0.0127	0.6667	Glycosyltransferase (GlcNAc)
RPN13_C	0.8837	0.0000	0.0539	0.7500	UCH-binding domain
DHFR_1	0.8836	0.0000	0.0195	0.7500	Dihydrofolate reductase
SQHop_cyclase_C	0.8835	0.0000	0.0127	0.6667	Squalene-hopene cyclase C-terminal domain
BRCT_3	0.8825	0.0000	0.0544	0.7500	BRCA1 C Terminus (BRCT) domain
SH3BGR	0.8818	0.0000	0.0252	0.7500	SH3-binding, glutamic acid-rich protein
5-FTHF_cyc-lig	0.8809	0.0000	0.0223	0.1667	5-formyltetrahydrofolate cyclo-ligase family
Spatacsin_C	0.8802	0.0000	0.1354	0.9167	Spatacsin C-terminus
eIF3_N	0.8802	0.0000	0.0558	0.7500	eIF3 subunit 6 N terminal domain
IBB	0.8799	0.0000	0.0397	0.7500	Importin beta binding domain
MR_MLE_C	0.8799	0.0000	0.0397	0.7500	Enolase C-terminal domain-like
DUF4832	0.8798	0.0000	0.0261	0.4167	Domain of unknown function (DUF4832)
Ubie_methyltran	0.8796	0.0000	0.0116	0.6667	ubiE/COQ5 methyltransferase family
Coq4	0.8796	0.0000	0.0116	0.6667	Coenzyme Q (ubiquinone) biosynthesis protein Coq4
Catalase-rel	0.8787	0.0000	0.0566	0.7500	Catalase-related immune-responsive
Catalase	0.8787	0.0000	0.0566	0.7500	Catalase
Fcf2	0.8786	0.0000	0.0566	0.7500	Fcf2 pre-rRNA processing
THUMP	0.8784	0.0000	0.0555	1.0000	THUMP domain
SLX9	0.8784	0.0000	0.0567	0.7500	Ribosome biogenesis protein SLX9
MIOS_WD40	0.8784	0.0000	0.0567	0.7500	MIOS, WD40 repeat
zf_DPOE_2	0.8784	0.0000	0.0567	0.7500	Zinc finger domain of DNA polymerase-epsilon
Ribonuclease_3	0.8784	0.0000	0.0566	0.7500	Ribonuclease III domain
TPR_WDR11	0.8781	0.0000	0.0737	0.6667	WDR11 TPR domain
Ribosomal_L18A	0.8780	0.0000	0.0111	0.8333	Ribosomal proteins 50S-L18Ae/60S-L20/60S-L18A
Ribosomal_S19e	0.8780	0.0000	0.0111	0.8333	Ribosomal protein S19e
S10_plectin	0.8778	0.0000	0.0124	0.8333	Plectin/S10 domain
Ribosomal_L34e	0.8776	0.0000	0.0110	0.8333	Ribosomal protein L34e
SOS1_NGEF_PH	0.8769	0.0000	0.0886	0.8333	SOS1/NGEF-like PH domain
SLBP_RNA_bind	0.8766	0.0000	0.1194	0.9167	Histone RNA hairpin-binding protein RNA-binding domain
HD_4	0.8764	0.0000	0.0297	0.9167	HD domain
Arginase	0.8762	0.0000	0.0115	0.6667	Arginase family
pre-PUA_NIP7	0.8751	0.0000	0.0112	0.9167	NIP7/UPF0113, pre-PUA domain
UPF0113	0.8751	0.0000	0.0112	0.9167	UPF0113 PUA domain
S1_RRP4	0.8747	0.0000	0.0194	0.9167	RRP4, S1 domain
Urocanase_N	0.8746	0.0000	0.0563	0.7500	Urocanase N-terminal domain
PRKCSH	0.8745	0.0000	0.0079	0.7500	Glucosidase II beta subunit-like protein
NifU	0.8740	0.0000	0.0115	0.9167	NifU-like domain
NFACT-C	0.8739	0.0000	0.0112	0.8333	NFACT protein C-terminal domain
Flavoprotein	0.8737	0.0000	0.0256	0.8333	Flavoprotein
COG2_N	0.8737	0.0000	0.0256	0.8333	COG2 N-terminal
Mlh1_C	0.8737	0.0000	0.0256	0.8333	DNA mismatch repair protein Mlh1 C-terminus
PSF2_N	0.8737	0.0000	0.0256	0.8333	PSF2 N-terminal domain
Rad21_Rec8_N	0.8737	0.0000	0.0256	0.8333	N terminus of Rad21 / Rec8 like protein
NCA2	0.8730	0.0000	0.0111	0.6667	ATP synthase regulation protein NCA2
DUF1764	0.8728	0.0000	0.0208	0.8333	Eukaryotic protein of unknown function (DUF1764)
Ribosomal_S3_C	0.8727	0.0000	0.0104	0.8333	Ribosomal protein S3, C-terminal domain
Zn_ribbon_PADR1	0.8721	0.0000	0.0459	0.9167	PADR1 domain, zinc ribbon fold
DUF3336	0.8704	0.0000	0.0158	0.3333	Domain of unknown function (DUF3336)
PrmA	0.8702	0.0000	0.0138	0.8333	Ribosomal protein L11 methyltransferase (PrmA)
GFA	0.8700	0.0000	0.0446	0.6667	Glutathione-dependent formaldehyde-activating enzyme
APEH_N	0.8700	0.0000	0.0446	0.6667	Acylamino-acid-releasing enzyme, N-terminal domain
Kinesin_assoc	0.8700	0.0000	0.0446	0.6667	Kinesin-associated
Melibiase_2	0.8699	0.0000	0.0637	0.7500	Alpha galactosidase A
DUF599	0.8699	0.0000	0.0637	0.7500	Protein of unknown function, DUF599
RT_RNaseH	0.8699	0.0000	0.0637	0.7500	RNase H-like domain found in reverse transcriptase
Senescence	0.8699	0.0000	0.0637	0.7500	Senescence domain
PEPcase	0.8699	0.0000	0.0637	0.7500	Phosphoenolpyruvate carboxylase
Methyltransf_2	0.8699	0.0000	0.0637	0.7500	O-methyltransferase domain
Thymidylate_kin	0.8697	0.0000	0.0117	0.9167	Thymidylate kinase
Glyco_hydro_16	0.8697	0.0000	0.0637	0.6667	Glycosyl hydrolases family 16
MYG1_exonuc	0.8695	0.0000	0.0105	0.9167	Uncharacterised protein family (UPF0160)
BRCT_2	0.8695	0.0000	0.0105	0.9167	BRCT domain
DNA_pol_lambd_f	0.8691	0.0000	0.0112	0.6667	Fingers domain of DNA polymerase lambda
Herpes_UL52	0.8688	0.0000	0.0207	0.5000	Herpesviridae UL52/UL70 DNA primase
Impact_N	0.8685	0.0000	0.0117	0.8333	Impact N-terminal domain
Ufd2P_core	0.8683	0.0000	0.0105	0.8333	Ubiquitin elongating factor core
RMC1_C	0.8682	0.0000	0.0105	0.9167	Regulator of MON1-CCZ1 complex, C-terminal
Hydrolase_3	0.8680	0.0000	0.0122	0.9167	haloacid dehalogenase-like hydrolase
Nfu_N	0.8679	0.0000	0.0116	0.6667	Scaffold protein Nfu/NifU N terminal
Ubiquitin_2	0.8675	0.0000	0.0113	0.6667	Ubiquitin-like domain
Nodulin-like	0.8667	0.0000	0.0124	0.6667	Nodulin-like
SACS	0.8667	0.0000	0.0635	0.6667	Sacsin domain
NAT10_TcmA_helicase	0.8664	0.0000	0.0130	0.7500	RNA cytidine acetyltransferase NAT10/TcmA, helicase domain
STAS	0.8661	0.0000	0.0321	0.7500	STAS domain
Vps39_1	0.8659	0.0000	0.0298	0.6667	Vacuolar sorting protein 39 domain 1
WGG	0.8658	0.0000	0.0274	0.9167	Pre-rRNA-processing protein TSR2
Lactamase_B_4	0.8656	0.0000	0.0652	1.0000	tRNase Z endonuclease
CARME	0.8645	0.0000	0.0127	0.8333	Carnosine N-methyltransferase
zf-CCCH_4	0.8639	0.0000	0.0130	0.8333	CCCH-type zinc finger
Rad21_Rec8	0.8632	0.0000	0.0127	0.7500	Conserved region of Rad21 / Rec8 like protein
RAB3GAP2_N	0.8631	0.0000	0.0102	0.8333	Rab3 GTPase-activating protein regulatory subunit N-terminus
RPAP3_C	0.8631	0.0000	0.0127	0.6667	Potential Monad-binding region of RPAP3
DAP3	0.8625	0.0000	0.0126	0.5833	Mitochondrial ribosomal death-associated protein 3
DUF7932	0.8625	0.0000	0.0812	0.5000	Domain of unknown function (DUF7932)
zf-C2H2_3	0.8619	0.0000	0.0102	0.8333	zinc-finger of acetyl-transferase ESCO
TPP_enzyme_N	0.8614	0.0000	0.0322	0.7500	Thiamine pyrophosphate enzyme, N-terminal TPP binding domain
Pur_ac_phosph_N	0.8576	0.0000	0.0623	0.7500	Purple acid Phosphatase, N-terminal domain
CEMIP_beta-hel	0.8576	0.0000	0.0623	0.7500	CEMIP beta-helix
FPN1	0.8576	0.0000	0.0623	0.7500	Ferroportin1 (FPN1)
zf-RING_4	0.8576	0.0000	0.0623	0.7500	RING/Ubox like zinc-binding domain
WHD_POLR3C	0.8575	0.0000	0.0151	0.8333	POLR3C, C-terminal winged-helix domain
PG_binding_1	0.8573	0.0000	0.0924	0.8333	Putative peptidoglycan binding domain
Helicase_C_3	0.8572	0.0000	0.0150	0.8333	Helicase conserved C-terminal domain
Peptidase_M49	0.8555	0.0000	0.0127	0.9167	Peptidase family M49
Arv1	0.8552	0.0000	0.0134	0.9167	Arv1-like family
Rad17	0.8540	0.0000	0.0380	1.0000	Rad17 P-loop domain
Pho88	0.8536	0.0000	0.0475	0.7500	Phosphate transport (Pho88)
DBP10CT	0.8535	0.0000	0.0395	0.6667	DBP10CT (NUC160) domain
zf-C6H2	0.8533	0.0000	0.0396	0.6667	zf-MYND-like zinc finger, mRNA-binding
SF3A3	0.8529	0.0000	0.0116	0.8333	Pre-mRNA-splicing factor SF3A3, of SF3a complex, Prp9
AAR2_1st	0.8524	0.0000	0.0963	0.7500	AAR2 N-terminal domain
DUF383	0.8524	0.0000	0.0963	0.7500	Domain of unknown function (DUF383)
PANTS-like	0.8524	0.0000	0.0963	0.7500	Synaptic plasticity regulator PANTS-like
BRWD_AD	0.8524	0.0000	0.0963	0.7500	BRWD/PHIP ancillary domain-like domain
Integrase_H2C2	0.8524	0.0000	0.0963	0.7500	Integrase zinc binding domain
AZUL	0.8522	0.0000	0.0637	0.7500	Amino-terminal Zinc-binding domain of ubiquitin ligase E3A
Sec3_CC	0.8512	0.0000	0.0143	0.8333	Exocyst complex component Sec3, coiled-coil
Endonuclease_NS	0.8512	0.0000	0.0151	0.6667	DNA/RNA non-specific endonuclease
Cse1	0.8512	0.0000	0.0151	0.6667	Cse1
CRM1_repeat_2	0.8512	0.0000	0.0151	0.6667	CRM1 / Exportin repeat 2
CRM1_repeat_3	0.8512	0.0000	0.0151	0.6667	CRM1 / Exportin repeat 3
TPR_DNAAF5	0.8512	0.0000	0.0151	0.6667	Dynein axonemal assembly factor 5-like, TPR repeats
Leo1	0.8512	0.0000	0.0151	0.6667	Leo1-like protein
SCAMP	0.8512	0.0000	0.0151	0.6667	SCAMP family
ERO1	0.8512	0.0000	0.0151	0.6667	Endoplasmic Reticulum Oxidoreductin 1 (ERO1)
DUF202	0.8512	0.0000	0.0151	0.6667	Domain of unknown function (DUF202)
AAA_lid_11	0.8512	0.0000	0.0151	0.6667	Dynein heavy chain AAA lid domain
BHD_3	0.8512	0.0000	0.0151	0.6667	Rad4 beta-hairpin domain 3
Nup96	0.8512	0.0000	0.0151	0.6667	Nuclear protein 96
MCM5_C	0.8512	0.0000	0.0151	0.6667	MCM5, C-terminal domain
Glycolytic	0.8512	0.0000	0.0151	0.6667	Fructose-bisphosphate aldolase class-I
NSUN5_fdxn-like	0.8512	0.0000	0.0151	0.6667	NOL1/NOP2/Sun domain family member 5, ferredoxin-like domain
zf-Vps39_C	0.8512	0.0000	0.0151	0.6667	Vacuolar sorting protein 39 C-terminal zinc finger domain
EF-hand_13	0.8512	0.0000	0.0151	0.6667	EF-hand domain
HEAT_SCC3-SA	0.8505	0.0000	0.0157	0.6667	Cohesin subunit SCC3/SA, HEAT-repeats domain
PNTB_4TM	0.8502	0.0000	0.0262	0.9167	4TM region of pyridine nucleotide transhydrogenase, mitoch
PNTB	0.8502	0.0000	0.0262	0.9167	NAD(P) transhydrogenase beta subunit
BK_channel_a	0.8502	0.0000	0.0310	0.7500	Calcium-activated BK potassium channel alpha subunit
IBR_2	0.8478	0.0000	0.0278	0.8333	IBR domain
Helicase_PWI	0.8467	0.0000	0.0353	1.0000	N-terminal helicase PWI domain
PAP2_C	0.8463	0.0000	0.0415	0.3333	PAP2 superfamily C-terminal
Stealth_CR2	0.8462	0.0000	0.0134	0.9167	Stealth protein CR2, conserved region 2
Fumerase	0.8455	0.0000	0.0539	0.2500	Fumarate hydratase (Fumerase)
Ins134_P3_kin_N	0.8448	0.0000	0.1027	0.6667	Inositol 1,3,4-trisphosphate 5/6-kinase pre-ATP-grasp domain
Ten1_2	0.8448	0.0000	0.1027	0.6667	Telomere-capping, CST complex subunit
WHD_Cdc6	0.8447	0.0000	0.0975	0.5000	CDC6, C terminal winged helix domain
PRP1_N	0.8431	0.0000	0.0366	1.0000	PRP1 splicing factor, N-terminal
Arg_tRNA_synt_N	0.8420	0.0000	0.0141	0.7500	Arginyl tRNA synthetase N terminal domain
PAN2_N	0.8412	0.0000	0.0696	0.7500	PAN2 N-terminal
Costars	0.8411	0.0000	0.0686	0.7500	Costars
Glyco_hydro38C2	0.8409	0.0000	0.0687	0.7500	Glycosyl hydrolases family 38 C-terminal beta sandwich domain
DUF1168	0.8409	0.0000	0.0584	0.7500	Protein of unknown function (DUF1168)
PPP4R2	0.8409	0.0000	0.0687	0.7500	PPP4R2
COG5_N	0.8376	0.0000	0.0258	0.7500	Conserved oligomeric Golgi complex subunit 5, N-terminal
DnaJ-X	0.8343	0.0000	0.0450	0.7500	X-domain of DnaJ-containing
Mog1	0.8321	0.0000	0.0198	0.5833	Ran-interacting Mog1 protein
MINDY_DUB	0.8317	0.0000	0.0632	0.6667	MINDY deubiquitinase
DUF179	0.8311	0.0000	0.0102	0.6667	AlgH-like
T6SS_HCP	0.8292	0.0000	0.0739	0.5833	Type VI secretion system effector, Hcp
PDZ_3	0.8288	0.0000	0.0534	0.7500	PDZ domain
Citrate_synth_N	0.8288	0.0000	0.0534	0.7500	ATP-citrate synthase ATP-grasp domain
Citrate_bind	0.8288	0.0000	0.0534	0.7500	ATP citrate lyase citrate-binding
KHA	0.8265	0.0000	0.0876	0.5833	KHA, dimerisation domain of potassium ion channel
SH3_KIN17_C	0.8265	0.0000	0.0889	0.5833	KIN17 C-terminal SH3 domain
FDF	0.8263	0.0000	0.0921	0.5833	FDF domain
TMF_TATA_bd	0.8263	0.0000	0.1002	0.6667	TATA element modulatory factor 1 TATA binding
BORCS8	0.8263	0.0000	0.1002	0.6667	BLOC-1-related complex sub-unit 8
MRG	0.8257	0.0000	0.0316	0.9167	MRG
LOR	0.8255	0.0000	0.0888	0.5833	LURP-one-related
NOC3p	0.8253	0.0000	0.0415	0.9167	Nucleolar complex-associated protein
PIG-H	0.8251	0.0000	0.0122	0.7500	GPI-GlcNAc transferase complex, PIG-H component
MCRS_N	0.8215	0.0000	0.0780	0.6667	N-terminal region of micro-spherule protein
UBA_HYPK	0.8214	0.0000	0.0219	0.5833	HYPK UBA domain
TFIIA_gamma_C	0.8211	0.0000	0.0738	0.6667	Transcription initiation factor IIA, gamma subunit
MFS_2	0.8211	0.0000	0.0655	0.6667	MFS/sugar transport protein
FANCL_C	0.8211	0.0000	0.0655	0.6667	FANCL C-terminal domain
TFIIA	0.8211	0.0000	0.0655	0.6667	Transcription factor IIA, alpha/beta subunit
GKRP_SIS_2	0.8211	0.0000	0.0655	0.6667	Glucokinase regulatory protein, second SIS domain
Hep_59	0.8211	0.0000	0.0655	0.6667	Hepatocellular carcinoma-associated antigen 59
Seipin	0.8211	0.0000	0.0655	0.6667	Putative adipose-regulatory protein (Seipin)
GKRP-like_C	0.8211	0.0000	0.0655	0.6667	C-terminal lid domain of glucokinase regulatory protein
EFhand_Ca_insen	0.8211	0.0000	0.0655	0.6667	Ca2+ insensitive EF hand
TRAP-gamma	0.8211	0.0000	0.0655	0.6667	Translocon-associated protein, gamma subunit (TRAP-gamma)
SBDS_C	0.8211	0.0000	0.0655	0.6667	SBDS protein, C-terminal domain
ROK	0.8211	0.0000	0.0655	0.6667	ROK family
Apc1_MidN	0.8211	0.0000	0.0655	0.6667	Anaphase-promoting complex subunit 1 middle domain
D-ser_dehydrat	0.8211	0.0000	0.0655	0.6667	Putative serine dehydratase domain
RlaP	0.8211	0.0000	0.0655	0.6667	RNA repair pathway DNA polymerase beta family
Med25_VWA	0.8211	0.0000	0.0655	0.6667	Mediator complex subunit 25 von Willebrand factor type A
ThrE	0.8211	0.0000	0.0655	0.6667	Putative threonine/serine exporter
zf-C3HC3H_KANSL2	0.8211	0.0000	0.0655	0.6667	KANL2-like, probable zinc-finger domain
XPO4	0.8211	0.0000	0.0655	0.6667	Exportin-4
ParBc_2	0.8211	0.0000	0.0655	0.6667	Putative ParB-like nuclease
GAT	0.8211	0.0000	0.0655	0.6667	GAT domain
TFIIA_gamma_N	0.8211	0.0000	0.0655	0.6667	Transcription initiation factor IIA, gamma subunit, helical domain
Ig_TMEM131L_5	0.8211	0.0000	0.0655	0.6667	TMEM131L fifth Ig-like domain
RNR-II_ins_dom	0.8211	0.0000	0.0655	0.6667	B12-dependent ribonucleotide reductase, insertion domain
HPS3_C	0.8210	0.0000	0.0736	0.5833	Hermansky-Pudlak syndrome 3 protein, C-terminal region
Ferrochelatase	0.8208	0.0000	0.0448	0.7500	Ferrochelatase
Ribophorin_II	0.8205	0.0000	0.0611	0.5833	Ribophorin II N-terminal domain
SAM_MT	0.8204	0.0000	0.0654	0.5833	Putative SAM-dependent methyltransferase
WAC_Acf1_DNA_bd	0.8204	0.0000	0.0654	0.5833	ATP-utilising chromatin assembly and remodelling N-terminal
SRI	0.8188	0.0000	0.0813	0.6667	SRI (Set2 Rpb1 interacting) domain
ASL_C	0.8185	0.0000	0.0471	0.7500	Adenylosuccinate lyase C-terminal
MFS_1_like	0.8185	0.0000	0.0493	0.7500	MFS_1 like family
VIT1	0.8185	0.0000	0.0471	0.7500	VIT family
VKOR	0.8185	0.0000	0.0471	0.7500	Vitamin K epoxide reductase family
MAM33	0.8185	0.0000	0.0471	0.7500	Mitochondrial glycoprotein
FUSC_2	0.8185	0.0000	0.0471	0.7500	Fusaric acid resistance protein-like
MoaC	0.8183	0.0000	0.0472	0.7500	MoaC family
TROVE	0.8183	0.0000	0.0472	0.7500	TROVE domain
DUF3402	0.8183	0.0000	0.0650	0.6667	Domain of unknown function (DUF3402)
DUF4461	0.8183	0.0000	0.0650	0.6667	Domain of unknown function (DUF4461)
RNA_hel_CTD	0.8165	0.0000	0.0424	0.7500	C-terminal domain in RNA helicases
UcrQ	0.8161	0.0000	0.0576	0.5000	UcrQ family
Swi3	0.8146	0.0000	0.0319	0.8333	Replication Fork Protection Component Swi3
Ribosomal_L33	0.8139	0.0000	0.0749	0.5833	Ribosomal protein L33
EB1	0.8131	0.0000	0.0107	0.6667	EB1-like C-terminal motif
rve	0.8124	0.0000	0.0757	0.6667	Integrase core domain
LINES_N	0.8118	0.0000	0.0757	0.6667	Lines N-terminus
Glyco_hydro_2	0.8115	0.0000	0.0861	0.8333	Glycosyl hydrolases family 2
SCD	0.8114	0.0000	0.0205	0.5833	Stromalin conservative domain
Mem_trans	0.8097	0.0000	0.0654	0.3333	Membrane transport protein
COX16	0.8084	0.0000	0.0666	0.5833	Cytochrome c oxidase assembly protein COX16
TUG-UBL1	0.8062	0.0000	0.0600	0.5833	TUG ubiquitin-like domain
HIG_1_N	0.8058	0.0000	0.0835	0.7500	Hypoxia induced protein conserved region
COX5B	0.8058	0.0000	0.0835	0.7500	Cytochrome c oxidase subunit Vb
TMEM135_C_rich	0.8058	0.0000	0.0835	0.7500	N-terminal cysteine-rich region of Transmembrane protein 135
GIDA_C_1st	0.8058	0.0000	0.0835	0.7500	tRNA modifying enzyme MnmG/GidA C-terminal helical domain
UCR_TM	0.8058	0.0000	0.0835	0.7500	Ubiquinol cytochrome reductase transmembrane region
PEPCK_N	0.8058	0.0000	0.0835	0.7500	Phosphoenolpyruvate carboxykinase N-terminal domain
Cox20	0.8058	0.0000	0.0835	0.7500	Cytochrome c oxidase assembly protein COX20
PEPCK_GTP	0.8058	0.0000	0.0835	0.7500	Phosphoenolpyruvate carboxykinase C-terminal P-loop domain
Usp	0.8058	0.0000	0.0835	0.7500	Universal stress protein family
Rad4	0.8010	0.0000	0.0290	0.7500	Rad4 transglutaminase-like domain
Clathrin-link	0.8010	0.0000	0.0290	0.7500	Clathrin, heavy-chain linker
DDB_G0281145	0.8004	0.0000	0.0277	0.9167	Small transmembrane protein DDB_G0281145
NPR3	0.8004	0.0000	0.0277	0.9167	Nitrogen Permease regulator of amino acid transport activity 3
MDN1_4th	0.8004	0.0000	0.0277	0.9167	Midasin AAA+ ATPase lid domain
PAP2_3	0.7993	0.0000	0.0321	0.8333	PAP2 superfamily
GSHPx	0.7993	0.0000	0.0286	0.3333	Glutathione peroxidase
Nrap_D3	0.7992	0.0000	0.0155	0.9167	Nrap protein domain 3
Methyltransf_15	0.7990	0.0000	0.0187	0.9167	RNA cap guanine-N2 methyltransferase
SRAP	0.7976	0.0000	0.0589	0.4167	SOS response associated peptidase (SRAP)
UME	0.7969	0.0000	0.0960	0.7500	UME (NUC010) domain
Pyrid_ox_like	0.7962	0.0000	0.0836	0.1667	Pyridoxamine 5'-phosphate oxidase like
ARCH_RTEL1	0.7962	0.0000	0.0836	0.1667	RTEL1 helicase, ARCH domain
ADIP	0.7962	0.0000	0.0836	0.1667	Afadin- and alpha -actinin-Binding
HAUS4	0.7962	0.0000	0.0836	0.1667	HAUS augmin-like complex subunit 4
SLC52_ribofla_tr	0.7962	0.0000	0.0836	0.1667	Solute carrier family 52, riboflavin transporter
HAUS5	0.7962	0.0000	0.0836	0.1667	HAUS augmin-like complex subunit 5
Questin_oxidase	0.7962	0.0000	0.0836	0.1667	Questin oxidase-like
TSPO_2	0.7962	0.0000	0.0836	0.1667	TSPO-like protein
MT-A70	0.7962	0.0000	0.0836	0.1667	MT-A70
Thioredoxin_4	0.7962	0.0000	0.0836	0.1667	Thioredoxin
SAD_SRA	0.7962	0.0000	0.0836	0.1667	SAD/SRA domain
PBP_like_2	0.7962	0.0000	0.0836	0.1667	PBP superfamily domain
HAUS1	0.7962	0.0000	0.0836	0.1667	HAUS augmin-like complex subunit 1
TsaE	0.7962	0.0000	0.0836	0.1667	Threonylcarbamoyl adenosine biosynthesis protein TsaE
BAH	0.7962	0.0000	0.0836	0.1667	BAH domain
Folate_rec	0.7962	0.0000	0.0836	0.1667	Folate receptor family
TspO_MBR	0.7962	0.0000	0.0836	0.1667	TspO/MBR family
Glyco_hydro_99	0.7962	0.0000	0.0836	0.1667	Glycosyl hydrolase family 99
Gly_transf_sug	0.7962	0.0000	0.0836	0.1667	Glycosyltransferase sugar-binding region containing DXD motif
TPPII_Ig-like-1	0.7962	0.0000	0.0836	0.1667	Tripeptidyl-peptidase II, first Ig-like domain
PRiA4_ORF3	0.7962	0.0000	0.0836	0.1667	Plasmid pRiA4b ORF-3-like protein
DUF1264	0.7962	0.0000	0.0836	0.1667	Protein of unknown function (DUF1264)
ENT	0.7962	0.0000	0.0836	0.1667	ENT domain
IRK_C	0.7962	0.0000	0.0836	0.1667	Inward rectifier potassium channel C-terminal domain
TPPII	0.7962	0.0000	0.0836	0.1667	Tripeptidyl peptidase II
TPPII_GBD	0.7962	0.0000	0.0836	0.1667	TPPII, galactose-binding domain-like
Glyco_hydro_76	0.7962	0.0000	0.0836	0.1667	Glycosyl hydrolase family 76
NADH-u_ox-rdase	0.7961	0.0000	0.0185	0.6667	NADH-ubiquinone oxidoreductase complex I, 21 kDa subunit
BHD_1	0.7950	0.0000	0.0134	0.6667	Rad4 beta-hairpin domain 1
FAM13A	0.7950	0.0000	0.0134	0.6667	FAM13A-like domain
MAT1	0.7950	0.0000	0.0998	0.7500	CDK-activating kinase assembly factor MAT1
Arc1p_N_like	0.7950	0.0000	0.0998	0.7500	Nuclear-export cofactor Arc1p
Peptidase_M50	0.7950	0.0000	0.0998	0.7500	Peptidase family M50
zf-C2H2_ZFAND2	0.7945	0.0000	0.0186	0.3333	ZFAND2A/B-like C2H2 zinc finger
DUF4460	0.7943	0.0000	0.0134	0.6667	Domain of unknown function (DUF4460)
Glyco_hydro_85	0.7943	0.0000	0.0134	0.6667	Glycosyl hydrolase family 85
T1R_D3-like	0.7939	0.0000	0.1300	0.9167	Type I restriction enzyme subunit R domain 3
PUA_2	0.7939	0.0000	0.1300	0.9167	PUA-like domain
ATP-sulfurylase	0.7939	0.0000	0.1300	0.9167	ATP-sulfurylase
HCO3_cotransp	0.7935	0.0000	0.0718	0.5833	HCO3- transporter integral membrane domain
FMN_dh	0.7930	0.0000	0.0171	0.8333	FMN-dependent dehydrogenase
Lactonase	0.7928	0.0000	0.0625	0.5000	Lactonase, 7-bladed beta-propeller
PHO4	0.7914	0.0000	0.0196	0.2500	Phosphate transporter family
Anoctamin	0.7912	0.0000	0.0175	0.6667	Calcium-activated chloride channel
CFAP70_TPR_C	0.7907	0.0000	0.0196	0.2500	Cilia and flagella-associated protein 70 C-terminal domain
ACT_13	0.7895	0.0000	0.0155	0.6667	ACT-like domain
Vault_3	0.7895	0.0000	0.0155	0.6667	Major Vault Protein Repeat domain
Pentapeptide_4	0.7889	0.0000	0.0687	0.5833	Pentapeptide repeat region
Eaf7	0.7889	0.0000	0.0687	0.5833	Chromatin modification-related protein EAF7
Pan3_CK	0.7856	0.0000	0.0199	0.5833	Pan3 C-terminal knob domain
STAG	0.7849	0.0000	0.0146	0.5833	STAG domain
TRIP4_3rd	0.7846	0.0000	0.0798	0.6667	TRIP4, third domain
RRM_3	0.7845	0.0000	0.1011	0.7500	RNA binding motif
RICTOR_V	0.7841	0.0000	0.1012	0.7500	Rapamycin-insensitive companion of mTOR, domain 5
Dicty_CAR	0.7841	0.0000	0.1012	0.7500	Slime mold cyclic AMP receptor
BOS1_GOSR2_MEM11-like_N	0.7838	0.0000	0.0969	0.7500	BOS1/GOSR2/MEM11, N-terminal domain
SAP18	0.7838	0.0000	0.0969	0.7500	Sin3 associated polypeptide p18 (SAP18)
CycT2-like_C	0.7838	0.0000	0.0969	0.7500	Cyclin-T2-like, C-terminal domain
FR47	0.7838	0.0000	0.0969	0.7500	FR47-like protein
MS_C	0.7838	0.0000	0.0969	0.7500	Malate synthase, C-terminal
ORC4_C	0.7838	0.0000	0.0969	0.7500	Origin recognition complex (ORC) subunit 4 C-terminus
Transthyretin	0.7838	0.0000	0.0969	0.7500	HIUase/Transthyretin family
Fucosidase_C	0.7838	0.0000	0.0969	0.7500	Alpha-L-fucosidase C-terminal domain
OHCU_decarbox	0.7838	0.0000	0.0969	0.7500	OHCU decarboxylase
Glrx-like	0.7838	0.0000	0.0969	0.7500	Glutaredoxin-like domain (DUF836)
XRCC4	0.7838	0.0000	0.0969	0.7500	XRCC4 N-terminal domain
PUA_NSUN2	0.7838	0.0000	0.0969	0.7500	NSUN2 PUA domain
PTPS	0.7838	0.0000	0.0969	0.7500	6-pyruvoyl tetrahydropterin synthase
DUF2470	0.7838	0.0000	0.0969	0.7500	Domain of unknown function (DUF2470)
LTN1_E3_ligase_6th	0.7838	0.0000	0.0969	0.7500	LTN1 family HEAT repeat region
TPR_20	0.7838	0.0000	0.0969	0.7500	Tetratricopeptide repeat
Rib_5-P_isom_A	0.7838	0.0000	0.0969	0.7500	Ribose 5-phosphate isomerase A (phosphoriboisomerase A)
Uricase	0.7838	0.0000	0.0969	0.7500	Uricase
DHX37_C	0.7838	0.0000	0.0969	0.7500	DEAH helicase DHX37 C-terminal domain
Branch	0.7838	0.0000	0.0969	0.7500	Core-2/I-Branching enzyme
UTP6_C	0.7838	0.0000	0.0969	0.7500	U3 small nucleolar RNA-associated protein 6 C-terminal
PH_TRF2_HOY1	0.7838	0.0000	0.0969	0.7500	TRF2/HOY1 PH-like domain
MIOX	0.7838	0.0000	0.0969	0.7500	Myo-inositol oxygenase
Muted	0.7838	0.0000	0.0969	0.7500	Organelle biogenesis, Muted-like protein
TPR_SYO1	0.7838	0.0000	0.0969	0.7500	SYO1-like, TPR repeats
PHD_UBR7-like	0.7838	0.0000	0.0969	0.7500	UBR7-like PHD finger
FG-GAP	0.7838	0.0000	0.0969	0.7500	FG-GAP repeat
Beta-prop_THOC3	0.7838	0.0000	0.0969	0.7500	THOC3 beta-propeller domain
Med1	0.7838	0.0000	0.0969	0.7500	Mediator of RNA polymerase II transcription subunit 1
SNF5	0.7838	0.0000	0.0969	0.7500	SNF5 / SMARCB1 / INI1
SCAR_helical	0.7838	0.0000	0.0969	0.7500	SCAR helical domain
MS_TIM-barrel	0.7838	0.0000	0.0969	0.7500	Malate synthase, TIM barrel domain
DUF3605	0.7838	0.0000	0.0969	0.7500	Protein of unknown function (DUF3605)
Alpha_L_fucos	0.7838	0.0000	0.0969	0.7500	Alpha-L-fucosidase
Nramp	0.7838	0.0000	0.0969	0.7500	Natural resistance-associated macrophage protein-like
Ncstrn_small	0.7838	0.0000	0.0969	0.7500	Nicastrin small lobe
Allantoicase	0.7838	0.0000	0.0969	0.7500	Allantoicase repeat
Dynactin	0.7838	0.0000	0.0969	0.7500	Dynein associated protein
Zn_dep_PLPC	0.7838	0.0000	0.0969	0.7500	Zinc dependent phospholipase C
CE2_N	0.7838	0.0000	0.0969	0.7500	Carbohydrate esterase 2 N-terminal
THOC7	0.7838	0.0000	0.0969	0.7500	Tho complex subunit 7
Melibiase_C	0.7838	0.0000	0.0969	0.7500	Alpha galactosidase C-terminal beta sandwich domain
ORC3_N	0.7838	0.0000	0.0969	0.7500	Origin recognition complex (ORC) subunit 3 N-terminus
RAI1	0.7838	0.0000	0.0969	0.7500	RAI1 like PD-(D/E)XK nuclease
eIF3m_C_helix	0.7838	0.0000	0.0969	0.7500	eIF3 subunit M, C-terminal helix
IP_trans	0.7838	0.0000	0.0969	0.7500	Phosphatidylinositol transfer protein
Pinin_SDK_memA	0.7838	0.0000	0.0969	0.7500	pinin/SDK/memA/ protein conserved region
ADP_PFK_GK	0.7838	0.0000	0.0969	0.7500	ADP-specific Phosphofructokinase/Glucokinase conserved region
HAMP_2	0.7838	0.0000	0.0969	0.7500	HAMP domain
zf-Di19	0.7838	0.0000	0.0969	0.7500	Drought induced 19 protein (Di19), zinc-binding
XRCC4_CC	0.7838	0.0000	0.0929	0.6667	XRCC4 coiled-coil
CENP-X	0.7838	0.0000	0.0929	0.6667	CENP-S associating Centromere protein X
SNO	0.7836	0.0000	0.0969	0.6667	SNO glutamine amidotransferase family
CRM1_repeat	0.7834	0.0000	0.0146	0.6667	Chromosome region maintenance or exportin repeat
Lectin_legB	0.7834	0.0000	0.0968	0.6667	Legume lectin domain
MFE-2_hydrat-2_N	0.7834	0.0000	0.0968	0.6667	MFE-2 hydratase 2 N-terminal domain
SAE2	0.7834	0.0000	0.0968	0.6667	DNA endonuclease activator SAE2/CtIP C-terminus
4HBT_2	0.7826	0.0000	0.0215	0.4167	Thioesterase-like superfamily
PqiA	0.7826	0.0000	0.0284	0.4167	Paraquat-inducible protein A
MAPKK1_Int	0.7815	0.0000	0.0716	0.5833	Mitogen-activated protein kinase kinase 1 interacting
zf-RING_16	0.7815	0.0000	0.0704	0.6667	RING/Ubox like zinc-binding domain
DONSON	0.7815	0.0000	0.0704	0.6667	Protein downstream neighbor of Son
P5-ATPase	0.7815	0.0000	0.0704	0.6667	P5-type ATPase cation transporter
OB_Ssb-like	0.7815	0.0000	0.0704	0.6667	Single-stranded DNA binding protein Ssb-like, OB fold
PI31_Prot_N	0.7815	0.0000	0.0704	0.6667	PI31 proteasome regulator N-terminal
MARCHF6_C	0.7815	0.0000	0.0704	0.6667	E3 ubiquitin-protein ligase MARCHF6-like, C-terminal domain
Ubl_WDR48-Bun107	0.7815	0.0000	0.0704	0.6667	WDR48/Bun107, ubiquitin-like domain
Exo70_N	0.7815	0.0000	0.0704	0.6667	Exocyst complex component Exo70 N-terminal
MCM9_N	0.7815	0.0000	0.0704	0.6667	MCM9, N-terminal domain
SYMPK_PTA1_N	0.7815	0.0000	0.0704	0.6667	Symplekin/PTA1 N-terminal
Ceramidse_alk_C	0.7815	0.0000	0.0704	0.6667	Neutral/alkaline non-lysosomal ceramidase, C-terminal
Rrp40_N	0.7815	0.0000	0.0704	0.6667	Exosome complex exonuclease Rrp40 N-terminal domain
SctB-like	0.7815	0.0000	0.0704	0.6667	Secreted protein B-like
EPL1	0.7815	0.0000	0.0704	0.6667	Enhancer of polycomb-like
EIF3CL_C	0.7815	0.0000	0.0704	0.6667	EIF3CL-like, C-terminal domain
TPR_DOP1B	0.7815	0.0000	0.0704	0.6667	DOP1B-like, TPR repeats
TRAPPC13_M	0.7815	0.0000	0.0704	0.6667	Trafficking protein particle complex subunit 13, middle domain
TPR_Vps8	0.7815	0.0000	0.0704	0.6667	Vps8 central TPR
PI31_Prot_C	0.7815	0.0000	0.0704	0.6667	PI31 proteasome regulator
USP8_dimer	0.7815	0.0000	0.0704	0.6667	USP8 dimerisation domain
HEAT_RRP12_N	0.7815	0.0000	0.0704	0.6667	RRP12-like, N-terminal HEAT repeats
HIND	0.7815	0.0000	0.0704	0.6667	HIND motif
PAXNEB	0.7815	0.0000	0.0704	0.6667	PAXNEB protein
Folliculin_C	0.7815	0.0000	0.0704	0.6667	Folliculin C-terminal domain
3HBD	0.7815	0.0000	0.0704	0.6667	Three-helical bundle domain
YL1_C	0.7815	0.0000	0.0704	0.6667	YL1 nuclear protein C-terminal domain
TMEM120A-B	0.7815	0.0000	0.0704	0.6667	TMEM120A/B
NSRP1_N	0.7815	0.0000	0.0704	0.6667	Nuclear speckle splicing regulatory protein 1, N-terminal
EFL1	0.7815	0.0000	0.0704	0.6667	Elongation factor-like GTPase 1-like domain
ATE_N	0.7815	0.0000	0.0704	0.6667	Arginine-tRNA-protein transferase, N terminus
zinc_ribbon_6	0.7815	0.0000	0.0704	0.6667	Zinc-ribbon
Keratin_assoc	0.7815	0.0000	0.0704	0.6667	Keratinocyte-associated protein 2
RdRP_head	0.7815	0.0000	0.0704	0.6667	RdRP, head domain
INCENP_ARK-bind	0.7815	0.0000	0.0704	0.6667	Inner centromere protein, ARK binding region
PepS8_pro_Ba	0.7815	0.0000	0.0704	0.6667	Peptidase S8 propeptide domain, Bacteroidota
zf-LITAF-like	0.7810	0.0000	0.0314	0.8333	LITAF-like zinc ribbon domain
ALO	0.7807	0.0000	0.0267	0.3333	D-arabinono-1,4-lactone oxidase
RimK	0.7807	0.0000	0.0703	0.5833	RimK-like ATP-grasp domain
RRM_LARP4	0.7807	0.0000	0.0703	0.5833	La-related protein 4-like, RNA recognition motif
CTU2	0.7807	0.0000	0.0703	0.5833	Cytoplasmic tRNA 2-thiolation protein 2
Catalase_C	0.7788	0.0000	0.0783	0.5000	C-terminal domain found in long catalases
zf-C3HC	0.7782	0.0000	0.0703	0.6667	NuBaID N-terminal domain (aka zf-C3HC)
MeaB	0.7780	0.0000	0.0078	0.7500	Methylmalonyl Co-A mutase-associated GTPase MeaB
Glyoxalase_4	0.7780	0.0000	0.0078	0.7500	Glyoxalase/Bleomycin resistance protein/Dioxygenase superfamily
Methyltransf_ANTKMT	0.7769	0.0000	0.0538	0.5833	ANTKMT methyltransferase domain
Smg4_UPF3	0.7769	0.0000	0.0228	0.9167	Smg-4/UPF3 family
GST_C_3	0.7768	0.0000	0.0119	0.7500	Glutathione S-transferase, C-terminal domain
TRAM	0.7764	0.0000	0.0406	0.5833	TRAM domain
KYNU_C	0.7762	0.0000	0.0108	0.7500	Kynureninase C-terminal domain
zf-met2	0.7760	0.0000	0.0127	0.7500	Zinc-binding
TPK_B1_binding	0.7759	0.0000	0.0048	0.9167	Thiamin pyrophosphokinase, vitamin B1 binding domain
PCC_BT	0.7757	0.0000	0.0081	0.7500	Propionyl-coenzyme A carboxylase BT domain
TMEM234	0.7754	0.0000	0.0056	0.9167	Putative transmembrane family 234
SWI2_SNF2	0.7750	0.0000	0.1279	0.8333	SWI2/SNF2 ATPase
Trp_Tyr_perm	0.7749	0.0000	0.1280	0.7500	Tryptophan/tyrosine permease family
Snapin_Pallidin	0.7747	0.0000	0.0233	0.9167	Snapin/Pallidin
Clathrin_lg_ch	0.7746	0.0000	0.0592	0.7500	Clathrin light chain
TPR_7	0.7741	0.0000	0.0084	0.8333	Tetratricopeptide repeat
SLD5_C	0.7739	0.0000	0.0397	0.7500	DNA replication complex GINS protein SLD5 C-terminus
MTS	0.7732	0.0000	0.0056	0.8333	Methyltransferase small domain
PDCD10_N	0.7731	0.0000	0.0941	0.6667	Programmed cell death protein 10, dimerisation domain
ANAPC1	0.7731	0.0000	0.0941	0.6667	Anaphase-promoting complex subunit 1 WD40 beta-propeller domain
MSL3_chromo-like	0.7731	0.0000	0.0941	0.6667	MSL3 chromodomain-like
TPR_NOC4	0.7731	0.0000	0.0941	0.6667	Nucleolar complex protein 4-like, TPR repeats
PPP1R21_C	0.7731	0.0000	0.0941	0.6667	Protein phosphatase 1 regulatory subunit 21, C-terminal
TM_HPP	0.7730	0.0000	0.0116	0.7500	HPP, transmembrane region
Pet191_N	0.7726	0.0000	0.0365	0.6667	Cytochrome c oxidase assembly protein PET191
Mak10	0.7726	0.0000	0.0083	0.7500	Mak10 subunit, NatC N(alpha)-terminal acetyltransferase
Fe-ADH	0.7725	0.0000	0.0061	0.9167	Iron-containing alcohol dehydrogenase
SelO	0.7723	0.0000	0.0448	0.1667	Protein adenylyltransferase SelO
5_nucleotid_C	0.7723	0.0000	0.0448	0.1667	5'-nucleotidase, C-terminal domain
Asp_Arg_Hydrox	0.7723	0.0000	0.0448	0.1667	Aspartyl/Asparaginyl beta-hydroxylase
Vint	0.7723	0.0000	0.0448	0.1667	Hint-domain
RPE65	0.7723	0.0000	0.0448	0.1667	Retinal pigment epithelial membrane protein
Vwaint	0.7723	0.0000	0.0448	0.1667	VWA / Hh  protein intein-like
M-HEAT_ATR	0.7722	0.0000	0.0088	0.7500	Serine/threonine-protein kinase ATR, M-HEAT region
Ribosomal_S14	0.7722	0.0000	0.0062	0.7500	Ribosomal protein S14p/S29e
Rab3-GTPase_cat	0.7716	0.0000	0.0152	0.6667	Rab3 GTPase-activating protein catalytic subunit
COX6B	0.7713	0.0000	0.0089	0.7500	Cytochrome oxidase c subunit VIb
CHD1-like_C	0.7711	0.0000	0.0389	0.7500	Chromodomain-helicase-DNA-binding protein 1-like, C-terminal
EBP	0.7707	0.0000	0.0054	0.6667	EXPERA (EXPanded EBP superfamily)
ATP-synt	0.7705	0.0000	0.0326	0.7500	ATP synthase
MFS_5	0.7703	0.0000	0.0162	0.6667	Sugar-tranasporters, 12 TM
EGF_Teneurin	0.7702	0.0000	0.0075	0.6667	Teneurin-like EGF domain
RYDR_ITPR	0.7692	0.0000	0.0070	0.7500	RIH domain
WHD_RIOX1	0.7691	0.0000	0.0307	0.7500	Ribosomal oxygenase 1, C-terminal winged helix domain
CytochromB561_N	0.7691	0.0000	0.0080	0.6667	Cytochrome B561, N terminal
Glyco_hydro_35	0.7691	0.0000	0.0788	0.6667	Glycosyl hydrolases family 35
ABM	0.7689	0.0000	0.0067	0.7500	Antibiotic biosynthesis monooxygenase
Fucose_pyrophosphorylase	0.7686	0.0000	0.0558	0.7500	Fucose pyrophosphorylase domain
BUD31	0.7685	0.0000	0.0171	0.7500	Pre-mRNA-splicing factor BUD31
Fumerase_C	0.7684	0.0000	0.0367	0.2500	Fumarase C-terminus
WHD_eIF2D	0.7678	0.0000	0.0075	0.7500	eIF2D winged helix domain
ATG14	0.7672	0.0000	0.0832	0.7500	Vacuolar sorting 38 and autophagy-related subunit 14
G8	0.7667	0.0000	0.0078	0.7500	G8 domain
TIMELESS	0.7667	0.0000	0.0991	0.7500	Timeless protein
Ig_CMFA_1st	0.7667	0.0000	0.0991	0.7500	Conditioned medium factor 1st Ig-like domain
Lectin_L-type_dom	0.7667	0.0000	0.0991	0.7500	Legume lectin beta-barrel domain
Linker_histone	0.7667	0.0000	0.0991	0.7500	linker histone H1 and H5 family
MBTPS1_3rd	0.7667	0.0000	0.0991	0.7500	MBTPS1, third Ig-like domain
MOR2-PAG1_C	0.7667	0.0000	0.0991	0.7500	Cell morphogenesis C-terminal
MOR2-PAG1_mid	0.7667	0.0000	0.0991	0.7500	Cell morphogenesis central region
MOR2-PAG1_N	0.7667	0.0000	0.0991	0.7500	Cell morphogenesis N-terminal
DBINO	0.7667	0.0000	0.0991	0.7500	DNA-binding domain
EryCIII-like_C	0.7667	0.0000	0.0991	0.7500	Erythromycin biosynthesis protein CIII-like, C-terminal domain
HEAT_GCN1_2	0.7667	0.0000	0.0991	0.7500	Stalled ribosome sensor GCN1, HEAT repeats
An_peroxidase	0.7667	0.0000	0.0991	0.7500	Animal haem peroxidase
Tra1_ring	0.7667	0.0000	0.0991	0.7500	Tra1 HEAT repeat ring region
FAN1_HTH	0.7667	0.0000	0.0991	0.7500	FAN1, HTH domain
BBE	0.7667	0.0000	0.0991	0.7500	Berberine and berberine like
Sec8_C	0.7667	0.0000	0.0991	0.7500	Exocyst complex component Sec8 C-terminal
TPR_Trm732	0.7667	0.0000	0.0991	0.7500	Trm732, TPR repeats
Misat_Tub_SegII	0.7667	0.0000	0.0991	0.7500	Misato Segment II tubulin-like domain
Mss4	0.7667	0.0000	0.0991	0.7500	Mss4 protein
Cbl_N2	0.7667	0.0000	0.0991	0.7500	CBL proto-oncogene N-terminus, EF hand-like domain
FolB	0.7667	0.0000	0.0991	0.7500	Dihydroneopterin aldolase
FNIP_M	0.7667	0.0000	0.0991	0.7500	Folliculin-interacting protein middle domain
HCNGP	0.7667	0.0000	0.0991	0.7500	HCNGP-like protein
MRPL52	0.7667	0.0000	0.0991	0.7500	Mitoribosomal protein mL52
SAP30_Sin3_bdg	0.7667	0.0000	0.0991	0.7500	Sin3 binding region of histone deacetylase complex subunit SAP30
Thoc2	0.7667	0.0000	0.0991	0.7500	Transcription- and export-related complex subunit
Tra1_central	0.7667	0.0000	0.0991	0.7500	Tra1 HEAT repeat central region
DUF3535	0.7667	0.0000	0.0991	0.7500	Domain of unknown function (DUF3535)
bMG10	0.7667	0.0000	0.0991	0.7500	Bacterial Alpha-2-macroglobulin MG10 domain
Dynactin_p62	0.7667	0.0000	0.0991	0.7500	Dynactin p62 family
ZW10_C2	0.7667	0.0000	0.0991	0.7500	ZW10 C-terminal helical domain
Dynamitin	0.7667	0.0000	0.0991	0.7500	Dynamitin
Med20	0.7667	0.0000	0.0991	0.7500	TATA-binding related factor (TRF) of subunit 20 of Mediator complex
Beta-prop_WDR3_1st	0.7667	0.0000	0.0991	0.7500	WDR3 first beta-propeller domain
Dyp_perox_C	0.7667	0.0000	0.0991	0.7500	Dyp-type peroxidase, C-terminal
ECM29_N	0.7667	0.0000	0.0991	0.7500	Proteasome component ECM29, N-terminal
HAM1_N	0.7667	0.0000	0.0991	0.7500	HAM1-like, N-terminal domain
BRR2_plug	0.7667	0.0000	0.0991	0.7500	Pre-mRNA-splicing helicase BRR2 plug domain
FancD2	0.7667	0.0000	0.0991	0.7500	Fanconi anaemia protein FancD2 nuclease
SMCHD1_S5	0.7667	0.0000	0.0991	0.7500	SMCHD1, ribosomal S5 domain 2-like domain
RELCH_C	0.7667	0.0000	0.0991	0.7500	RAB11-binding protein RELCH C-terminal domain
A2M	0.7667	0.0000	0.0991	0.7500	Alpha-2-macroglobulin family
Sulf_transp	0.7667	0.0000	0.0991	0.7500	Sulphur transport
RELCH_LH	0.7667	0.0000	0.0991	0.7500	RELCH LisH-containing region
Med12	0.7667	0.0000	0.0991	0.7500	Transcription mediator complex subunit Med12
A2M_BRD	0.7667	0.0000	0.0991	0.7500	Alpha-2-macroglobulin bait region domain
TPR_ZFYVE26	0.7667	0.0000	0.0991	0.7500	ZFYVE26-like, TPR repeats
GAD	0.7667	0.0000	0.0991	0.6667	GAD domain
PTPlike_phytase	0.7666	0.0000	0.0277	0.1667	Inositol hexakisphosphate
Thioredoxin_8	0.7666	0.0000	0.0277	0.1667	Thioredoxin-like
Zn_ribbon_RanBP	0.7666	0.0000	0.0277	0.1667	Zn-finger in Ran binding protein and others
Polyketide_cyc2	0.7665	0.0000	0.0989	0.6667	Polyketide cyclase / dehydrase and lipid transport
Erg28	0.7665	0.0000	0.0989	0.6667	Erg28 like protein
zf_PCFS4	0.7665	0.0000	0.0991	0.6667	PCFS4 zinc finger domain
ORC5_C	0.7665	0.0000	0.0991	0.6667	Origin recognition complex (ORC) subunit 5 C-terminus
DUF913	0.7665	0.0000	0.0991	0.6667	Domain of Unknown Function (DUF913)
U3snoRNP10	0.7665	0.0000	0.0991	0.6667	U3 small nucleolar RNA-associated protein 10
Zn_ribbon_GRF	0.7660	0.0000	0.0601	0.5833	GRF zinc finger
GATase_7	0.7659	0.0000	0.0136	0.8333	Glutamine amidotransferase domain
S1-P1_nuclease	0.7654	0.0000	0.0278	0.1667	S1/P1 Nuclease
Oxidored-like	0.7653	0.0000	0.0056	0.6667	Oxidoreductase-like protein, N-terminal
Suv3_C_1	0.7647	0.0000	0.0358	0.5833	Suv3 C-terminal domain 1
Nop10p	0.7638	0.0000	0.0062	0.6667	Nucleolar RNA-binding protein, Nop10p family
LPA1_N	0.7637	0.0000	0.0686	0.6667	P-loop NTPase domain-containing protein LPA1 N-terminal domain
DUF2418	0.7637	0.0000	0.0686	0.6667	Protein of unknown function (DUF2418)
Mat89Bb	0.7637	0.0000	0.0686	0.6667	Cell cycle and development regulator Mat89Bb
GSAP-16	0.7633	0.0000	0.0703	0.5833	gamma-Secretase-activating protein C-term
PSF1_C	0.7633	0.0000	0.0703	0.5833	PSF1 C-terminal domain
CFA20_dom	0.7617	0.0000	0.0248	0.2500	CFA20 domain
MIF4G_like_2	0.7616	0.0000	0.0987	0.6667	MIF4G like
GGACT	0.7610	0.0000	0.0247	0.2500	Gamma-glutamyl cyclotransferase, AIG2-like
Beta-prop_RIC1_2nd	0.7609	0.0000	0.0053	0.6667	RIC1 second beta propeller domain
OGFr_N	0.7608	0.0000	0.0642	0.7500	Opioid growth factor receptor (OGFr) conserved region
WSD	0.7604	0.0000	0.0046	0.5833	Williams-Beuren syndrome DDT (WSD), D-TOX E motif
UvrD-helicase	0.7601	0.0000	0.0245	0.2500	UvrD/REP helicase N-terminal domain
Importin_rep_6	0.7590	0.0000	0.0516	0.5000	Importin repeat 6
FH3_FHOD1-3	0.7590	0.0000	0.0197	0.9167	FHOD1/3 FH3 domain
RsmF-B_ferredox	0.7582	0.0000	0.0697	0.7500	Methyltr_RsmF/B-like, ferredoxin-like domain
SRP72	0.7582	0.0000	0.0697	0.7500	SRP72 RNA-binding domain
SURF6	0.7582	0.0000	0.0697	0.7500	Surfeit locus protein 6
Ins145_P3_rec	0.7581	0.0000	0.0051	0.5833	Inositol 1,4,5-trisphosphate/ryanodine receptor
DUF1242	0.7568	0.0000	0.0027	0.8333	Protein of unknown function (DUF1242)
UCR_hinge	0.7562	0.0000	0.0029	0.6667	Ubiquinol-cytochrome C reductase hinge protein
MBTP1_N	0.7554	0.0000	0.0963	0.6667	Membrane-bound Site-1 Protease Family N-terminal domain
Cnd1_N	0.7554	0.0000	0.0963	0.6667	non-SMC mitotic condensation complex subunit 1, N-term
ZW10_C	0.7554	0.0000	0.0963	0.6667	Centromere/kinetochore protein zw10, C-terminal
FANCI_HD2	0.7554	0.0000	0.0963	0.6667	FANCI helical domain 2
FANCI_S2	0.7554	0.0000	0.0963	0.6667	FANCI solenoid 2
AAA_lid_TRIP13_C	0.7552	0.0000	0.0055	0.4167	TRIP13-like, AAA+ ATPase lid C-terminal domain
Fis1_TPR_C	0.7551	0.0000	0.0235	0.5000	Fis1 C-terminal tetratricopeptide repeat
GrpE	0.7540	0.0000	0.0186	0.6667	GrpE
hDGE_amylase	0.7539	0.0000	0.1482	0.9167	Glycogen debranching enzyme, glucanotransferase domain
MgsA_C	0.7539	0.0000	0.1482	0.9167	MgsA AAA+ ATPase C terminal
Glyco_hydro_77	0.7539	0.0000	0.1482	0.9167	4-alpha-glucanotransferase
zf-B_box_ZFPL1	0.7539	0.0000	0.1482	0.9167	ZFPL1-like, B-box zinc-binding domain
Auto_anti-p27	0.7539	0.0000	0.1482	0.9167	Sjogren's syndrome/scleroderma autoantigen 1 (Autoantigen p27)
GDE_C	0.7537	0.0000	0.1483	0.8333	Amylo-alpha-1,6-glucosidase
hGDE_central	0.7537	0.0000	0.1483	0.8333	Central domain of human glycogen debranching enzyme
AP5B1_C	0.7533	0.0000	0.0331	0.7500	AP5B1, C-terminal
COQ9	0.7532	0.0000	0.0069	0.6667	COQ9
Ribonuc_P_40	0.7517	0.0000	0.0669	0.6667	Ribonuclease P 40kDa (Rpp40) subunit
TFIIF_beta_N	0.7517	0.0000	0.0669	0.6667	TFIIF, beta subunit N-terminus
TAF	0.7516	0.0000	0.0215	0.8333	TATA box binding protein associated factor (TAF)
TRAUB	0.7513	0.0000	0.0103	0.6667	Apoptosis-antagonizing transcription factor, C-terminal
GIY-YIG	0.7509	0.0000	0.0263	0.5833	GIY-YIG catalytic domain
DUF5110	0.7503	0.0000	0.0525	0.4167	Domain of unknown function (DUF5110)
DUF4704	0.7500	0.0000	0.0083	0.7500	Neurobeachin/BDCP, DUF4704 alpha solenoid region
Wheel	0.7500	0.0000	0.0000	1.0000	Cns1/TTC4 Wheel domain
RVT_1	0.7500	0.0000	0.0000	0.8333	Reverse transcriptase (RNA-dependent DNA polymerase)
Ank_5	0.7500	0.0000	0.0000	1.0000	Ankyrin repeats (many copies)
eIF3_subunit	0.7500	0.0000	0.0000	0.9167	Translation initiation factor eIF3 subunit
GST_C_2	0.7500	0.0000	0.0000	0.7500	Glutathione S-transferase, C-terminal domain
SHS2_Rpb7-N	0.7500	0.0000	0.0000	0.7500	SHS2 domain found in N terminus of Rpb7p/Rpc25p/MJ0397
SF3b1	0.7500	0.0000	0.0000	0.7500	Splicing factor 3B subunit 1
SRP_TPR_like	0.7500	0.0000	0.0000	0.7500	Putative TPR-like repeat
SKI	0.7500	0.0000	0.0000	0.6667	Shikimate kinase
RIH_assoc	0.7500	0.0000	0.0039	0.7500	RyR and IP3R Homology associated
Thioredoxin_12	0.7500	0.0000	0.0000	0.7500	Thioredoxin-like domain
GN3L_Grn1	0.7500	0.0000	0.0000	0.8333	GNL3L/Grn1 putative GTPase
DPM2	0.7500	0.0000	0.0000	0.5833	Dolichol phosphate-mannose biosynthesis regulatory protein (DPM2)
Ribosomal_L40e	0.7500	0.0000	0.0000	0.7500	Ribosomal L40e family
ADH_Fe_C	0.7500	0.0000	0.0000	0.8333	Fe-containing alcohol dehydrogenase family, C-terminal
Lipase_GDSL_2	0.7500	0.0000	0.0022	0.5000	GDSL-like Lipase/Acylhydrolase family
TPR_6	0.7500	0.0000	0.0000	0.7500	Tetratricopeptide repeat
UIM	0.7500	0.0000	0.0056	0.8333	Ubiquitin interaction motif
Cupin_5	0.7500	0.0000	0.0000	0.4167	Cupin superfamily (DUF985)
MCM2_N	0.7500	0.0000	0.0000	0.5833	Mini-chromosome maintenance protein 2
Syndetin_C	0.7500	0.0000	0.0000	0.7500	Syndetin, C-terminal
UEV	0.7500	0.0000	0.0000	1.0000	UEV domain
Esterase	0.7500	0.0000	0.0000	0.9167	Putative esterase
Swi5	0.7500	0.0000	0.0000	0.8333	Swi5
FAM210A-B_dom	0.7500	0.0000	0.0000	0.7500	FAM210A/B-like domain
Exo_endo_phos_PGAP2IP	0.7500	0.0000	0.0000	0.5833	PGAP2IP, C-terminal nuclease-like domain
Peptidase_M28	0.7500	0.0000	0.0000	0.7500	Peptidase family M28
UTP20_N	0.7500	0.0000	0.0000	0.6667	U3 small nucleolar RNA-associated protein 20, N-terminal
HSBP1	0.7500	0.0000	0.0000	0.6667	Heat shock factor binding protein 1
XRN1_D2_D3	0.7500	0.0000	0.0000	0.6667	Exoribonuclease Xrn1 D2/D3 domain
UDPGT	0.7500	0.0000	0.1474	0.2500	UDP-glucoronosyl and UDP-glucosyl transferase
Nsp1_C	0.7500	0.0000	0.0568	0.7500	Nsp1-like C-terminal region
PEN-2	0.7500	0.0000	0.0000	0.8333	Presenilin enhancer-2 subunit of gamma secretase
Gaa1	0.7500	0.0000	0.0000	0.9167	Gaa1-like, GPI transamidase component
GST_C_6	0.7500	0.0000	0.0000	0.6667	Glutathione S-transferase, C-terminal domain
RNA_pol_Rbc25	0.7500	0.0000	0.0000	0.8333	RNA polymerase III subunit Rpc25
Tmemb_185A	0.7500	0.0000	0.0000	0.6667	Transmembrane Fragile-X-F protein
CUX1_N	0.7493	0.0000	0.0383	0.5833	CUX1-like, N-terminal tRNA-binding arm
Tfb5	0.7482	0.0000	0.0678	0.5833	Transcription factor TFIIH complex subunit Tfb5
DUF4187	0.7478	0.0000	0.1076	0.7500	Domain of unknown function (DUF4187)
Thiolase_C_1	0.7476	0.0000	0.0309	0.1667	Thiolase C-terminal domain-like
Thymidylat_synt	0.7476	0.0000	0.0309	0.1667	Thymidylate synthase
TPP_enzyme_M	0.7474	0.0000	0.0611	0.7500	Thiamine pyrophosphate enzyme, central domain
fn3	0.7474	0.0000	0.0046	0.4167	Fibronectin type III domain
BCNT	0.7468	0.0000	0.0554	0.5833	Bucentaur or craniofacial development
AAA_lid_RFC1	0.7465	0.0000	0.0029	0.5833	RFC1-like, AAA+ ATPase lid domain
zf-ANAPC11	0.7459	0.0000	0.0026	0.6667	Anaphase-promoting complex subunit 11 RING-H2 finger
Orn_DAP_Arg_deC	0.7458	0.0000	0.0034	0.5000	Pyridoxal-dependent decarboxylase, C-terminal sheet domain
DOT1	0.7450	0.0000	0.0557	0.5000	Histone methylation protein DOT1
UBM	0.7446	0.0000	0.0500	0.6667	Ubiquitin binding region
Glyco_transf_5	0.7434	0.0000	0.1536	0.8333	Starch synthase catalytic domain
SIN1_PH	0.7429	0.0000	0.0034	0.5833	SAPK-interacting protein 1 (Sin1), Pleckstrin-homology
YqeH-like_C	0.7426	0.0000	0.0736	0.5000	YqeH-like, C-terminal
TRAPPC10_1st	0.7424	0.0000	0.0646	0.5833	Trafficking protein particle complex subunit 10-like, N-terminal
EAF	0.7424	0.0000	0.0646	0.5833	RNA polymerase II transcription elongation factor
HEPN_Swt1	0.7424	0.0000	0.0646	0.5833	Swt1-like HEPN
TPR_INTS8	0.7424	0.0000	0.0646	0.5833	INTS8, TPR repeats
GOSR1_N	0.7418	0.0000	0.0037	0.5000	GOSR1 N-terminal domain
TMEM164	0.7416	0.0000	0.0379	0.9167	TMEM164 family
Cauli_VI	0.7414	0.0000	0.0068	0.5000	Ribonuclease H1 N-terminal domain
Sec3_C-term	0.7403	0.0000	0.0046	0.9167	Exocyst complex component Sec3, C-terminal
Aph-1	0.7402	0.0000	0.0625	0.7500	Aph-1 protein
SAYSvFN	0.7401	0.0000	0.0742	0.5833	Uncharacterized conserved domain (SAYSvFN)
Rsa3	0.7395	0.0000	0.1381	0.8333	Ribosome-assembly protein 3
Archease	0.7395	0.0000	0.1381	0.8333	Archease protein family (MTH1598/TM1083)
Sec20	0.7393	0.0000	0.0052	0.6667	Sec20
PAS_8	0.7393	0.0000	0.0278	0.6667	PAS domain
Bud13	0.7391	0.0000	0.0052	0.8333	Pre-mRNA-splicing factor of RES complex
VPS53_C	0.7390	0.0000	0.0052	0.6667	Vacuolar protein sorting-associated protein 53 C-terminus
NuA4	0.7390	0.0000	0.0052	0.6667	Histone acetyltransferase subunit NuA4
MRP-S34	0.7377	0.0000	0.0047	0.6667	Mitochondrial 28S ribosomal protein S34
DNA-PKcs_N	0.7375	0.0000	0.0048	0.6667	DNA-PKcs, N-terminal
Taxilin	0.7365	0.0000	0.0058	0.5833	Myosin-like coiled-coil protein
RBD_LARS1	0.7364	0.0000	0.0049	0.8333	Leucine--tRNA ligase, RagD-binding domain
DNA_binding_1	0.7362	0.0000	0.0054	0.6667	6-O-methylguanine DNA methyltransferase, DNA binding domain
zf-C2HE	0.7361	0.0000	0.0054	0.5000	C2HE / C2H2 / C2HC zinc-binding finger
Kri1	0.7359	0.0000	0.0315	0.3333	KRI1-like family
FtsZ_C	0.7357	0.0000	0.0524	0.6667	FtsZ family, C-terminal domain
Ufm1	0.7354	0.0000	0.0054	0.5833	Ubiquitin fold modifier 1 protein
PI4K_N	0.7354	0.0000	0.0054	0.9167	PI4-kinase N-terminal region
vWA_IML1	0.7353	0.0000	0.0082	0.9167	Vacuolar membrane-associated protein Iml1, vWA-like domain
MAP65_ASE1	0.7348	0.0000	0.0641	0.7500	Microtubule associated protein (MAP65/ASE1 family)
Str_synth	0.7347	0.0000	0.0556	0.5000	Strictosidine synthase
Yos1	0.7344	0.0000	0.0066	0.7500	Yos1-like
tRNA_Me_trans_C	0.7342	0.0000	0.0052	0.5000	Aminomethyltransferase beta-barrel domain
Ribosomal_L37e	0.7340	0.0000	0.0062	0.7500	Ribosomal protein L37e
Stealth_CR1	0.7336	0.0000	0.1082	0.9167	Stealth protein CR1, conserved region 1
RELCH_N	0.7313	0.0000	0.0586	0.7500	RAB11-binding protein RELCH N-terminal domain
DUF5915	0.7308	0.0000	0.0051	0.9167	Domain of unknown function (DUF5915)
PAPA-1	0.7289	0.0000	0.0446	0.1667	PAPA-1-like conserved region
Polysacc_deac_1	0.7286	0.0000	0.0351	0.5833	Polysaccharide deacetylase
DREV	0.7243	0.0000	0.0160	0.6667	DREV methyltransferase
IML1_small	0.7239	0.0000	0.0071	0.5833	IML1 small domain
HTH_DNAJC9	0.7234	0.0000	0.0160	0.6667	DNAJC9 HTH domain
SKICH	0.7228	0.0000	0.0869	0.6667	SKICH domain
ANAPC5	0.7227	0.0000	0.0606	0.6667	Anaphase-promoting complex subunit 5
Folliculin	0.7215	0.0000	0.0130	0.5833	Vesicle coat protein involved in Golgi to plasma membrane transport
PGAP4	0.7215	0.0000	0.0618	0.1667	GPI-N-acetylgalactosamine transferase PGAP4
GILT	0.7209	0.0000	0.0409	0.3333	Gamma interferon inducible lysosomal thiol reductase (GILT)
ATG5_UblB	0.7202	0.0000	0.0236	0.9167	Autophagy protein ATG5, UblB domain
PGM_PMM_IV	0.7191	0.0000	0.0151	0.8333	Phosphoglucomutase/phosphomannomutase, C-terminal domain
Haspin_kinase	0.7189	0.0000	0.0367	0.5000	Haspin like kinase domain
MMACHC	0.7158	0.0000	0.0671	0.6667	Methylmalonic aciduria and homocystinuria type C family
Hpt	0.7158	0.0000	0.0671	0.6667	Hpt domain
CdiA_CT_tRNase	0.7158	0.0000	0.0671	0.6667	CdiA C-terminal tRNase toxin domain
PIGO_PIGG	0.7158	0.0000	0.0671	0.6667	GPI ethanolamine phosphate transferase membrane region
TFIIIC_sub6	0.7158	0.0000	0.0671	0.6667	TFIIIC subunit triple barrel domain
HD_assoc_2	0.7158	0.0000	0.0671	0.6667	HD associated region
Intu_longin_2	0.7156	0.0000	0.0922	0.3333	Intu longin-like domain 2
Mannosidase_ig	0.7156	0.0000	0.0922	0.3333	Mannosidase Ig/CBM-like domain
EGF_TEN	0.7155	0.0000	0.0531	0.5000	Teneurin EGF domain
zf-CDGSH	0.7149	0.0000	0.0112	0.5833	Iron-binding zinc finger CDGSH type
PA	0.7146	0.0000	0.0285	0.1667	PA domain
PAD_porph	0.7145	0.0000	0.0683	0.2500	Porphyromonas-type peptidyl-arginine deiminase
DUF4457	0.7139	0.0000	0.0422	0.5833	Domain of unknown function (DUF4457)
Peptidase_S49	0.7136	0.0000	0.0414	0.5833	Peptidase family S49
HAT_PRP39_C	0.7122	0.0000	0.0390	0.6667	PRP39 C-terminal HAT repeat
DUF3522	0.7115	0.0000	0.0515	0.5833	Protein of unknown function (DUF3522)
TRAPPC10_C	0.7112	0.0000	0.0777	0.6667	TRAPPC10 C-terminal domain
ARM_UBR_1_2_3	0.7112	0.0000	0.0777	0.6667	UBR1/2/3-like ARM repeat domain
TPR_MLP1_2	0.7111	0.0000	0.0778	0.6667	TPR/MLP1/MLP2-like protein
AWS	0.7111	0.0000	0.0778	0.6667	AWS domain
UTP20	0.7107	0.0000	0.0220	0.9167	U3 small nucleolar RNA-associated protein 20 domain
DUF3638	0.7103	0.0000	0.0103	0.3333	Protein of unknown function (DUF3638)
DUF3645	0.7103	0.0000	0.0103	0.3333	Protein of unknown function (DUF3645)
Glyco_hydro_cc	0.7100	0.0000	0.0540	0.6667	Glycosyl hydrolase catalytic core
ATP-synt_Eps	0.7082	0.0000	0.0400	0.7500	Mitochondrial ATP synthase epsilon chain
Dzip-like_N	0.7080	0.0000	0.0103	0.4167	Iguana/Dzip1-like DAZ-interacting protein N-terminal
Sterol_MT_C	0.7060	0.0000	0.0195	0.6667	Sterol methyltransferase C-terminal
COPI_assoc	0.7060	0.0000	0.0195	0.6667	COPI associated protein
NTPase_I-T	0.7060	0.0000	0.0195	0.6667	Protein of unknown function DUF84
HAP2-GCS1	0.7051	0.0000	0.0196	0.6667	Male gamete fusion factor
Na_sulph_symp	0.7041	0.0000	0.0612	0.1667	Sodium:sulfate symporter transmembrane region
MGH1-like_GH	0.7038	0.0000	0.0437	0.5833	Mannosylglycerate hydrolase MGH1-like glycoside hydrolase domain
INTS4_C	0.7004	0.0000	0.0601	0.4167	Integrator subunit 4 family C-terminal Ig-like domain
YjbQ	0.6999	0.0000	0.0345	0.4167	UPF0047 protein YjbQ-like
NAPRTase	0.6984	0.0000	0.0249	0.7500	Nicotinate phosphoribosyltransferase (NAPRTase) family
ATP_synt_H	0.6972	0.0000	0.0145	0.5000	ATP synthase subunit H
DUF6787	0.6945	0.0000	0.0336	0.5833	Family of unknown function (DUF6787)
OTU1_UBXL	0.6938	0.0000	0.0277	0.6667	OTU1, UBXL domain
NUDT19_Nudix	0.6934	0.0000	0.0594	0.7500	NUDT19 Nudix domain
Hydant_A_C	0.6909	0.0000	0.0578	0.6667	Hydantoinase/oxoprolinase C-terminal domain
DOP1_C	0.6899	0.0000	0.0282	0.6667	DOP1 C-terminal
Band_7_C	0.6889	0.0000	0.1106	0.0833	C-terminal region of band_7
UDPG_MGDP_dh_N	0.6888	0.0000	0.0372	0.1667	UDP-glucose/GDP-mannose dehydrogenase family, NAD binding domain
Tex_central_region	0.6885	0.0000	0.0376	0.6667	Tex central region-like
FIBP	0.6880	0.0000	0.0285	0.6667	Acidic fibroblast growth factor binding (FIBP)
DUF2046	0.6879	0.0000	0.0285	0.6667	Uncharacterized conserved protein H4 (DUF2046)
TerD	0.6879	0.0000	0.0285	0.6667	TerD domain
Acylphosphatase	0.6879	0.0000	0.1043	0.1667	Acylphosphatase
SH3-C_UBE2O	0.6864	0.0000	0.0929	0.5000	UBE2O, ubiquitin binding SH3-C domain
PH_UBFD1_C	0.6845	0.0000	0.0613	0.1667	C-terminal PH-like domain in UBFD1
MOZART1	0.6845	0.0000	0.0613	0.1667	Mitotic-spindle organizing gamma-tubulin ring associated
Tom37	0.6845	0.0000	0.0613	0.1667	Outer mitochondrial membrane transport complex protein
IRK	0.6845	0.0000	0.0613	0.1667	Inward rectifier potassium channel transmembrane domain
SCI1_hairpin	0.6845	0.0000	0.0613	0.1667	Style cell-cycle inhibitor 1-like helix hairpin domain
SSXT	0.6845	0.0000	0.0613	0.1667	SSXT protein (N-terminal region)
DUF3429	0.6845	0.0000	0.0613	0.1667	Protein of unknown function (DUF3429)
HAUS6_N	0.6845	0.0000	0.0613	0.1667	HAUS augmin-like complex subunit 6 N-terminus
HARE-HTH	0.6845	0.0000	0.0613	0.1667	HB1, ASXL, restriction endonuclease HTH domain
DOPA_dioxygen	0.6845	0.0000	0.0613	0.1667	Dopa 4,5-dioxygenase family
OSCP	0.6830	0.0000	0.0211	0.6667	ATP synthase delta (OSCP) subunit
Fascin	0.6818	0.0000	0.0372	0.5833	Fascin domain
TRAPPC11_N	0.6818	0.0000	0.1087	0.7500	Trafficking protein particle complex subunit 11 N-terminal domain
HTH_44	0.6818	0.0000	0.1087	0.7500	Helix-turn-helix DNA-binding domain of SPT6
TPR_TTI1_C	0.6818	0.0000	0.1087	0.7500	TTI1 C-terminal TPR domain
CEMIP_X	0.6818	0.0000	0.1087	0.7500	CEMIP domain X
HI0933_like_1st	0.6808	0.0000	0.0709	0.2500	HI0933-like protein barrel and H2TH domain
HI0933_like	0.6808	0.0000	0.0709	0.2500	HI0933-like protein Rossmann domain
DDB_G0268226	0.6803	0.0000	0.1165	0.5833	Uncharacterised protein DDB_G0268226
PH_NISCH_C	0.6799	0.0000	0.1152	0.5000	Nischarin, C-terminal PH domain
DPBB_1	0.6799	0.0000	0.1093	0.5000	Lytic transglycolase
Glyco_transf_8	0.6790	0.0000	0.0335	0.5833	Glycosyl transferase family 8
DUF3752	0.6786	0.0000	0.0659	0.5833	Protein of unknown function (DUF3752)
DUF3825	0.6786	0.0000	0.0659	0.5833	Domain of unknown function (DUF3825)
RED_N	0.6770	0.0000	0.1026	0.5833	RED-like protein N-terminal region
Upf2	0.6770	0.0000	0.1026	0.5833	Up-frameshift suppressor 2
DSBA	0.6768	0.0000	0.0423	0.3333	DSBA-like thioredoxin domain
Chromo_shadow	0.6761	0.0000	0.1026	0.5833	Chromo shadow domain
TPR_TTI1_2nd	0.6761	0.0000	0.0633	0.4167	TELO2-interacting protein 1 homologue second TPR domain
NTF2_SigF	0.6748	0.0000	0.1014	0.5833	SigF NTF2-like domain
Ctf4_C	0.6744	0.0000	0.0324	0.5833	DNA polymerase alpha-binding protein Ctf4, C-terminal domain
PIG-Y	0.6710	0.0000	0.0378	0.6667	Phosphatidylinositol N-acetylglucosaminyltransferase subunit Y
CDC27	0.6705	0.0000	0.0416	0.5000	DNA polymerase subunit Cdc27
Cohesin_HEAT	0.6682	0.0000	0.0474	0.9167	HEAT repeat associated with sister chromatid cohesion
Symplekin_C	0.6677	0.0000	0.0195	0.5833	Symplekin tight junction protein C terminal
Sec15_C	0.6668	0.0000	0.0511	0.7500	Exocyst complex subunit Sec15 C-terminal
DUF1294	0.6646	0.0000	0.0548	0.6667	Protein of unknown function (DUF1294)
DOCK_C-D_N	0.6645	0.0000	0.1074	0.4167	Dedicator of cytokinesis C/D, N terminal
BRF1	0.6636	0.0000	0.0393	0.8333	Brf1-like TBP-binding domain
SH3-B_UBE2O	0.6605	0.0000	0.0519	0.5000	UBE2O, SH3-B domain
Med12-LCEWAV	0.6593	0.0000	0.1032	0.5000	Eukaryotic Mediator 12 subunit domain
SnoaL_2	0.6576	0.0000	0.0483	0.3333	SnoaL-like domain
YqaJ	0.6573	0.0000	0.0237	0.3333	YqaJ-like viral recombinase domain
APS_kinase	0.6546	0.0000	0.0568	0.9167	Adenylylsulphate kinase
APG6	0.6540	0.0000	0.0298	0.6667	Apg6 BARA domain
PIH1_CS	0.6534	0.0000	0.0179	0.6667	PIH1 CS-like domain
PhzC-PhzF	0.6531	0.0000	0.0388	0.2500	Phenazine biosynthesis-like protein
RNA_pol_Rpc82	0.6526	0.0000	0.0629	0.3333	RNA polymerase III subunit RPC82
VMA21	0.6525	0.0000	0.0286	0.6667	VMA21-like domain
Dimer_Tnp_hAT	0.6524	0.0000	0.0413	0.6667	hAT family C-terminal dimerisation region
C2CD5_C	0.6522	0.0000	0.0179	0.6667	C2CD5, C-terminal domain
Apyrase	0.6517	0.0000	0.0396	0.3333	Apyrase
ARM_Cnot1	0.6506	0.0000	0.0583	0.7500	Cnot1 ARM repeat
Ig_NUP210_1st	0.6498	0.0000	0.0980	0.6667	NUP210 Ig-like domain 1
Coprogen_oxidas	0.6497	0.0000	0.0758	0.7500	Coproporphyrinogen III oxidase
FKBP15	0.6485	0.0000	0.0469	0.6667	FK506-binding protein 15-like domain
P_proprotein	0.6461	0.0000	0.0641	0.2500	Proprotein convertase P-domain
PARG_cat_microb	0.6461	0.0000	0.0641	0.2500	Microbial-type PARG, catalytic domain
Tma16	0.6461	0.0000	0.0445	0.8333	Translation machinery-associated protein 16
B12D	0.6460	0.0000	0.0567	0.5000	NADH-ubiquinone reductase complex 1 MLRQ subunit
TrAA12	0.6459	0.0000	0.0974	0.4167	TrAA12-like
ACT	0.6453	0.0000	0.0643	0.1667	ACT domain
HAD_SAK_1	0.6448	0.0000	0.0296	0.6667	HAD domain family 1 in Swiss Army Knife RNA repair proteins
TELO2_ARM	0.6444	0.0000	0.0644	0.2500	TELO2 ARM repeat domain
PUA_4	0.6435	0.0000	0.0542	0.5000	RNA methyltransferase PUA domain
Acetyltransf_4	0.6434	0.0000	0.0618	0.4167	Acetyltransferase (GNAT) domain
HEAT_PSME4	0.6429	0.0000	0.0478	0.3333	Proteasome activator complex subunit 4-like, HEAT repeat-like
AAA_17	0.6425	0.0000	0.0329	0.5833	AAA domain
DCX	0.6418	0.0000	0.0455	0.6667	Doublecortin
CUB	0.6417	0.0000	0.0334	0.1667	CUB domain
CSTF2_hinge	0.6410	0.0000	0.0166	0.7500	Hinge domain of cleavage stimulation factor subunit 2
Glyco_hydro_71	0.6385	0.0000	0.0650	0.3333	Glycosyl hydrolase family 71
TauD	0.6369	0.0000	0.0384	0.1667	Taurine catabolism dioxygenase TauD, TfdA family
Dimerisation	0.6369	0.0000	0.0473	0.6667	O-methyltransferase dimerisation domain
MMgT	0.6369	0.0000	0.0473	0.6667	Membrane magnesium transporter
Flavin_Reduct	0.6355	0.0000	0.0282	0.5833	Flavin reductase like domain
Fic	0.6346	0.0000	0.0215	0.5833	Fic/DOC family
UCR_UQCRX_QCR9	0.6331	0.0000	0.0903	0.4167	Cytochrome b-c1 complex subunit 9
Glyco_tran_10_N	0.6329	0.0000	0.0912	0.5000	Fucosyltransferase, N-terminal
RRM_ACIN1	0.6325	0.0000	0.0646	0.5833	ACIN1-like, RNA-recognition domain
CRIM	0.6325	0.0000	0.0646	0.5833	SAPK-interacting protein 1 (Sin1), middle CRIM domain
Zn_ribbon_19	0.6325	0.0000	0.0565	0.5833	zinc-ribbon
MBF1	0.6325	0.0000	0.0408	0.1667	Multiprotein bridging factor 1
RRM_8	0.6317	0.0000	0.0219	0.5833	RRM-like domain
WAPL	0.6300	0.0000	0.0571	0.1667	Wings apart-like protein regulation of heterochromatin
Bac_rhamnosid_C	0.6300	0.0000	0.0571	0.1667	Bacterial alpha-L-rhamnosidase C-terminal domain
GYF_2	0.6298	0.0000	0.0542	0.8333	GYF domain 2
FYRC	0.6288	0.0000	0.0209	0.2500	F/Y rich C-terminus
NACHT	0.6282	0.0000	0.0434	0.4167	NACHT domain
CAF1A_acidic	0.6276	0.0000	0.0983	0.4167	Chromatin assembly factor 1 complex p150 subunit, acidic region
DUF7646	0.6260	0.0000	0.0932	0.5833	Domain of unknown function (DUF7646)
PWI_CCDC43	0.6260	0.0000	0.0932	0.5833	CCDC43 PWI-like domain
CIMR	0.6259	0.0000	0.0730	0.4167	Cation-independent mannose-6-phosphate receptor repeat
DUF5898	0.6258	0.0000	0.0932	0.5000	Family of unknown function (DUF5898)
Nucleotid_trans	0.6252	0.0000	0.0290	0.6667	Nucleotide-diphospho-sugar transferase
Pre-SET	0.6242	0.0000	0.0827	0.5833	Pre-SET motif
Cyclase	0.6238	0.0000	0.0187	0.1667	Putative cyclase
NOMO1-like_1st	0.6227	0.0000	0.1211	0.7500	BOS complex subunit NOMO1-like, first beta sandwich domain
UPF1_1B_dom	0.6227	0.0000	0.1211	0.7500	RNA helicase UPF1, 1B domain
Htt_N-HEAT_1	0.6227	0.0000	0.1211	0.7500	Huntingtin, N-terminal HEAT 1
Ski2_N	0.6227	0.0000	0.1211	0.7500	Ski2 N-terminal region
Ig_NOMO	0.6227	0.0000	0.1211	0.7500	NOMO Ig-like domain
Med13_C	0.6227	0.0000	0.1211	0.7500	Mediator complex subunit 13 C-terminal domain
ARM_UBP24_USP9X-Y	0.6227	0.0000	0.1211	0.7500	UBP24/USP9X/USP9Y ARM repeat
WHD_UBR1	0.6227	0.0000	0.1211	0.7500	E3 ubiquitin-protein ligase UBR1-like, winged-helix domain
SPG48	0.6227	0.0000	0.1211	0.7500	AP-5 complex subunit, vesicle trafficking
AP-5_subunit_s1	0.6227	0.0000	0.1211	0.7500	AP-5 complex subunit sigma-1
XRCC1_N	0.6227	0.0000	0.1211	0.7500	XRCC1 N terminal domain
HGTP_anticodon2	0.6227	0.0000	0.1211	0.7500	Anticodon binding domain of tRNAs
TraB_PrgY_gumN	0.6227	0.0000	0.1211	0.7500	TraB/PrgY/gumN family
TPR_17	0.6225	0.0000	0.0265	0.6667	Tetratricopeptide repeat
HEAT_GCN1_C_2	0.6225	0.0000	0.0642	0.4167	Stalled ribosome sensor GCN1-like, HEAT repeats
RAD24_helical	0.6219	0.0000	0.0646	0.4167	Checkpoint protein RAD24-like, helical bundle
E1_4HB	0.6218	0.0000	0.0807	0.5000	Ubiquitin-activating enzyme E1 four-helix bundle
HGSNAT_cat	0.6211	0.0000	0.0661	0.5833	Heparan-alpha-glucosaminide N-acetyltransferase, catalytic
RMI2	0.6210	0.0000	0.0583	0.5000	RecQ-mediated genome instability protein 2
EF_assoc_2	0.6209	0.0000	0.0774	0.6667	EF hand associated
ADI	0.6201	0.0000	0.0356	0.6667	Arginine deiminase
EFR3_ARM	0.6196	0.0000	0.0356	0.6667	EFR3, armadillo repeat
KBP_C	0.6195	0.0000	0.0497	0.5000	KIF-1 binding protein C terminal
Ig_TPPC8_C	0.6193	0.0000	0.0594	0.6667	TPPC8 C-terminal Ig-like domain
Cnn_1N	0.6192	0.0000	0.0923	0.5000	Centrosomin N-terminal motif 1
MPAB_Lcp_cat	0.6187	0.0000	0.0669	0.2500	ER-bound oxygenase mpaB/B'/Rubber oxygenase, catalytic domain
Rpp20	0.6176	0.0000	0.0293	0.3333	Rpp20 subunit of nuclear RNase MRP and P
POT1	0.6173	0.0000	0.0714	0.4167	Telomeric single stranded DNA binding POT1/CDC13
RecA_C	0.6127	0.0000	0.0550	0.5833	RecA C-terminal domain
KR	0.6124	0.0000	0.0449	0.6667	KR domain
NLPC_P60	0.6124	0.0000	0.0449	0.6667	NlpC/P60 family
PKS_DH_N	0.6124	0.0000	0.0449	0.6667	Polyketide synthase dehydratase domain
PhoPQ_related	0.6124	0.0000	0.0449	0.6667	PhoPQ-activated pathogenicity-related protein
MACPF	0.6116	0.0000	0.0481	0.5000	MAC/Perforin domain
HEM4	0.6114	0.0000	0.0762	0.5833	Uroporphyrinogen-III synthase HemD
EHD_N	0.6113	0.0000	0.0490	0.9167	N-terminal EH-domain containing protein
bZIP_2	0.6111	0.0000	0.0510	0.7500	Basic region leucine zipper
DUF218	0.6094	0.0000	0.1073	0.7500	DUF218 domain
Acatn	0.6094	0.0000	0.0271	0.6667	Acetyl-coenzyme A transporter 1
Acetyltransf_2	0.6079	0.0000	0.0322	0.6667	N-acetyltransferase
LANC_like	0.6078	0.0000	0.0462	0.4167	Lanthionine synthetase C-like protein
FYRN	0.6067	0.0000	0.0278	0.3333	F/Y-rich N-terminus
COMMD8_HN	0.6060	0.0000	0.0510	0.5000	COMMD8, helical N-terminal domain
TAD3_N	0.6054	0.0000	0.0384	0.4167	tRNA-specific adenosine deaminase TAD3 N-terminal domain
NosD	0.6049	0.0000	0.0183	0.5833	Periplasmic copper-binding protein (NosD)
PA28_C	0.6046	0.0000	0.0338	0.6667	Proteasome activator PA28, C-terminal
Vault_2	0.6046	0.0000	0.0338	0.6667	Major Vault Protein repeat domain
Vault_4	0.6046	0.0000	0.0338	0.6667	Major Vault Protein repeat domain
SUZ	0.6044	0.0000	0.1078	0.4167	SUZ domain
Nuf2_DHR10-like	0.6044	0.0000	0.1078	0.4167	Nuf2, DHR10-like domain
NPC1_N	0.6043	0.0000	0.0386	0.7500	Niemann-Pick C1 N terminus
DUF4062	0.6043	0.0000	0.0338	0.6667	Domain of unknown function (DUF4062)
CRCB	0.6037	0.0000	0.0202	0.2500	CrcB-like protein, Camphor Resistance (CrcB)
PH_RBD	0.6019	0.0000	0.0274	0.6667	Rab-binding domain (RBD)
Gryzun-like	0.6013	0.0000	0.0265	0.6667	TRAPPC11 C-terminal domain
DUF8773	0.6012	0.0000	0.0911	0.3333	Domain of unknown function (DUF8773)
WD40_WDHD1_1st	0.6012	0.0000	0.0911	0.3333	WDHD1 first WD40 domain
Phosphoesterase	0.6009	0.0000	0.0400	0.2500	Phosphoesterase family
Hid1	0.6009	0.0000	0.0400	0.2500	High-temperature-induced dauer-formation protein
DUF2804	0.5986	0.0000	0.0291	0.6667	Domain of unknown function (DUF2804)
MoeA_C	0.5961	0.0000	0.1112	0.7500	MoeA C-terminal region (domain IV)
MoeA_N	0.5961	0.0000	0.1112	0.7500	MoeA N-terminal region (domain I and II)
FAA_hydrolase_N	0.5961	0.0000	0.1112	0.7500	Fumarylacetoacetase N-terminal
CD36	0.5961	0.0000	0.1112	0.7500	CD36 family
AhpC-TSA_2	0.5961	0.0000	0.1112	0.7500	AhpC/TSA antioxidant enzyme
LMF1_C	0.5961	0.0000	0.1112	0.7500	Lipase maturation factor C-terminal domain
MoCF_biosynth	0.5961	0.0000	0.1112	0.7500	Probable molybdopterin binding domain
ATPase_2	0.5961	0.0000	0.0512	0.3333	ATPase domain predominantly from Archaea
RT_RNaseH_2	0.5958	0.0000	0.0984	0.6667	RNase H-like domain found in reverse transcriptase
Tetraspanin	0.5955	0.0000	0.0144	0.8333	Tetraspanin family
TPR_TNPO3_IPO13_2nd	0.5943	0.0000	0.0522	0.5000	Transportin-3/Importin-13 second TPR domain
WS_DGAT_C	0.5931	0.0000	0.0430	0.3333	WS/DGAT C-terminal domain
WS_DGAT_cat	0.5931	0.0000	0.0430	0.3333	Wax ester synthase/diacylglycerol acyltransferase catalytic domain
TMTC_DUF1736	0.5926	0.0000	0.0291	0.6667	Protein O-mannosyl-transferase TMTC, DUF1736
DAP_epimerase	0.5918	0.0000	0.0260	0.6667	Diaminopimelate epimerase
TERT_C	0.5906	0.0000	0.0483	0.3333	Telomerase reverse transcriptase, C-terminal extension
YfaP_C	0.5906	0.0000	0.0446	0.4167	YfaP C-terminal domain
Gpr1_Fun34_YaaH	0.5903	0.0000	0.0309	0.1667	GPR1/FUN34/yaaH family
Nup98_GLEBS	0.5902	0.0000	0.0971	0.4167	Nup98, Gle2-binding sequence
DUF1749	0.5850	0.0000	0.0527	0.3333	Protein of unknown function (DUF1749)
OPA3	0.5836	0.0000	0.0257	0.6667	Optic atrophy 3 protein (OPA3)
PPDK_N	0.5835	0.0000	0.2409	0.2500	Pyruvate phosphate dikinase, AMP/ATP-binding domain
Ribophorin_II_2nd	0.5835	0.0000	0.0495	0.5833	Ribophorin II second domain
Mrr_cat	0.5834	0.0000	0.0437	0.5833	Restriction endonuclease
TPR_TEX10	0.5832	0.0000	0.0493	0.5833	TEX10-like, TPR repeats
MRP-S33	0.5826	0.0000	0.0467	0.5833	Mitochondrial ribosomal subunit S27
Sec61_beta	0.5821	0.0000	0.0297	0.5000	Sec61beta family
Tim44	0.5816	0.0000	0.1903	0.3333	Tim44-like domain
Beta-lactamase2	0.5788	0.0000	0.0496	0.6667	Beta-lactamase enzyme family
Ig_NUP210_4th	0.5788	0.0000	0.0496	0.6667	NUP210 forth Ig-like domain
Pacs-1	0.5776	0.0000	0.0381	0.6667	PACS-1 cytosolic sorting protein
DOLK	0.5762	0.0000	0.0728	0.4167	Dolichol kinase
Nuc_sug_transp	0.5754	0.0000	0.0473	0.5833	Nucleotide-sugar transporter
TPR_TRIP12_N	0.5745	0.0000	0.0198	0.5833	E3 ubiquitin-protein ligase TRIP12-like, TPR repeats
BetaGal_ABD_1	0.5714	0.0000	0.0755	0.5000	Beta-galactosidase, first all-beta domain
Sulfatase	0.5705	0.0000	0.0283	0.2500	Sulfatase
RRM_11	0.5695	0.0000	0.0608	0.2500	RRM domain
DUF1348	0.5693	0.0000	0.0482	0.5833	Protein of unknown function (DUF1348)
DHHA2	0.5691	0.0000	0.0432	0.1667	DHHA2 domain
Acid_PPase	0.5683	0.0000	0.0267	0.1667	Acid Phosphatase
Vps36_ESCRT-II	0.5668	0.0000	0.0262	0.6667	Vacuolar protein sorting protein 36 Vps36
DUF924	0.5659	0.0000	0.0396	0.2500	Bacterial protein of unknown function (DUF924)
Peptidase_S24	0.5640	0.0000	0.0198	0.6667	Peptidase S24-like
SIP5_N	0.5639	0.0000	0.0415	0.4167	SIP5 protein N-terminal domain
TMEM70	0.5620	0.0000	0.0274	0.2500	TMEM70/TMEM186/TMEM223 protein family
COQ7	0.5619	0.0000	0.0402	0.5833	Ubiquinone biosynthesis protein COQ7
RPA_interact_C	0.5571	0.0000	0.0244	0.0833	Replication protein A interacting C-terminal
DBC1	0.5548	0.0000	0.0479	0.5833	DBC1
LAIKA	0.5548	0.0000	0.0479	0.5833	LAIKA domain
BetaGal_gal-bd	0.5533	0.0000	0.0482	0.5833	Beta-galactosidase, galactose-binding domain
K_trans	0.5518	0.0000	0.0546	0.4167	K+ potassium transporter integral membrane domain
PAN_4	0.5518	0.0000	0.0546	0.4167	PAN domain
K_trans_C	0.5518	0.0000	0.0546	0.4167	K+ potassium transporter C-terminal domain
NYN	0.5518	0.0000	0.0402	0.6667	NYN domain
PNP_phzG_C	0.5518	0.0000	0.0402	0.6667	Pyridoxine 5'-phosphate oxidase C-terminal dimerisation region
Notch	0.5518	0.0000	0.0402	0.6667	LNR domain
Amidohydro_3	0.5499	0.0000	0.0337	0.1667	Amidohydrolase family
Fes1	0.5491	0.0000	0.0725	0.7500	Nucleotide exchange factor Fes1
HutD	0.5489	0.0000	0.0622	0.5833	HutD
VCPO_2nd	0.5489	0.0000	0.0622	0.5833	VCPO second helical-bundle domain
Beta-prop_EML_2	0.5481	0.0000	0.0219	0.5833	Echinoderm microtubule-associated protein second beta-propeller
Homeodomain	0.5476	0.0000	0.1333	0.7500	Homeodomain
Fer4_7	0.5473	0.0000	0.0715	0.9167	4Fe-4S dicluster domain
RSB_motif	0.5461	0.0000	0.0814	0.4167	RNSP1-SAP18 binding (RSB) motif
CYTH	0.5458	0.0000	0.0221	0.8333	CYTH domain
Med23	0.5445	0.0000	0.1272	0.4167	Mediator complex subunit 23
Mitofilin	0.5445	0.0000	0.0449	0.5833	Mitochondrial inner membrane protein
Neurobeachin	0.5445	0.0000	0.0449	0.5833	Neurobeachin alpha solenoid region
R3H-assoc	0.5437	0.0000	0.0321	0.6667	R3H-associated N-terminal domain
Ccdc124	0.5437	0.0000	0.0321	0.6667	Coiled-coil domain-containing protein 124 /Oxs1
CAF1A_dimeriz	0.5434	0.0000	0.0321	0.6667	Chromatin assembly factor 1 subunit A dimerization domain
DUF726	0.5432	0.0000	0.0322	0.6667	Protein of unknown function (DUF726)
TMEM131_like_N	0.5425	0.0000	0.0439	0.5833	Transmembrane protein 131-like N-terminal
PheRS_DBD1	0.5421	0.0000	0.0694	0.0833	PheRS DNA binding domain 1
RPA_C	0.5421	0.0000	0.0694	0.0833	Replication protein A C terminal
PUB	0.5421	0.0000	0.0694	0.0833	PUB domain
T4_Rnl2_C	0.5416	0.0000	0.0693	0.0833	T4 RNA ligase 2 C-terminal
NTP_transf_2	0.5409	0.0000	0.0691	0.0833	Nucleotidyltransferase domain
BioY	0.5392	0.0000	0.0479	0.5833	BioY family
FAF1	0.5389	0.0000	0.0293	0.6667	Fas-associated factor 1
FUN14	0.5367	0.0000	0.0621	0.6667	FUN14 family
HIRA_B	0.5356	0.0000	0.0528	0.5000	HIRA B motif
Nup192	0.5351	0.0000	0.0447	0.5833	Nuclear pore complex scaffold, nucleoporins 186/192/205
AT_hook	0.5348	0.0000	0.0437	0.5833	AT hook motif
SpoU_sub_bind	0.5346	0.0000	0.0229	0.6667	RNA 2'-O ribose methyltransferase substrate binding
PAC4	0.5343	0.0000	0.0364	0.5833	Proteasome assembly chaperone 4
TANGO6_N	0.5331	0.0000	0.0437	0.5833	TANGO6 N-terminal domain
NB-ARC	0.5330	0.0000	0.0608	0.3333	NB-ARC domain
MRP-L46	0.5310	0.0000	0.0112	0.5000	39S mitochondrial ribosomal protein L46
Vezatin	0.5302	0.0000	0.0440	0.5833	Mysoin-binding motif of peroxisomes
CLEC16A_helical	0.5296	0.0000	0.0429	0.5833	CLEC16A helical domain
Ribosomal_L39	0.5267	0.0000	0.0282	0.5000	Ribosomal L39 protein
Acetyltransf_10	0.5267	0.0000	0.0170	0.8333	Acetyltransferase (GNAT) domain
DNAPKcs_CC3	0.5263	0.0000	0.0207	0.6667	DNA-dependent protein kinase catalytic subunit, CC3
zf-HC5HC2H_2	0.5254	0.0000	0.0169	0.6667	PHD-zinc-finger like domain
PQQ_2	0.5250	0.0000	0.0360	0.1667	Outer membrane protein assembly factor BamB
Mut7-C	0.5234	0.0000	0.1391	0.0833	Mut7-C RNAse domain
NUDIX-like	0.5225	0.0000	0.0567	0.1667	NADH pyrophosphatase-like rudimentary NUDIX domain
Pirin_C_2	0.5225	0.0000	0.0567	0.1667	Quercetinase C-terminal cupin domain
Haem_oxygenas_2	0.5225	0.0000	0.0567	0.1667	Iron-containing redox enzyme
UPF0176_N	0.5225	0.0000	0.0567	0.1667	UPF0176 acylphosphatase like domain
DUF1746	0.5225	0.0000	0.0567	0.1667	Fungal domain of unknown function (DUF1746)
Reductase_C	0.5225	0.0000	0.0567	0.1667	Reductase C-terminal
DIT1_PvcA	0.5225	0.0000	0.0567	0.1667	Pyoverdine/dityrosine biosynthesis protein
Cyclin_D1_bind	0.5225	0.0000	0.0567	0.1667	Cyclin D1 binding domain
Rng_hyd_C	0.5225	0.0000	0.0567	0.1667	Aromatic-ring hydroxylase, C-terminal
Ring_hydroxyl_A	0.5225	0.0000	0.0567	0.1667	Ring hydroxylating alpha subunit (catalytic domain)
Cytokin_check_N	0.5225	0.0000	0.0567	0.1667	Cdc14 phosphatase binding protein N-terminus
Hva1_TUDOR	0.5225	0.0000	0.0567	0.1667	Hypervirulence associated proteins TUDOR domain
FAD_oxidored	0.5225	0.0000	0.0567	0.1667	FAD dependent oxidoreductase
Cu_amine_oxidN2	0.5225	0.0000	0.0567	0.1667	Copper amine oxidase, N2 domain
Cript	0.5225	0.0000	0.0567	0.1667	Microtubule-associated protein CRIPT
S8_pro-domain	0.5225	0.0000	0.0567	0.1667	Peptidase S8 pro-domain
Thaumatin	0.5225	0.0000	0.0567	0.1667	Thaumatin family
Bac_rhodopsin	0.5225	0.0000	0.0567	0.1667	Bacteriorhodopsin-like protein
DUF5127	0.5225	0.0000	0.0567	0.1667	Domain of unknown function (DUF5127)
TPX2	0.5225	0.0000	0.0567	0.1667	Targeting protein for Xklp2 (TPX2) domain
YDMC	0.5225	0.0000	0.0567	0.1667	Oxidoreductase/YMDC permease-like domain
WHD_MCM7	0.5225	0.0000	0.0567	0.1667	DNA replication licensing factor MCM7, winged helix
Ferritin_2	0.5225	0.0000	0.0567	0.1667	Ferritin-like domain
DUF4385	0.5225	0.0000	0.0567	0.1667	Domain of unknown function (DUF4385)
Cu_amine_oxid	0.5225	0.0000	0.0567	0.1667	Copper amine oxidase, enzyme domain
PBC	0.5225	0.0000	0.0567	0.1667	PBC domain
DUF4874	0.5225	0.0000	0.0567	0.1667	Domain of unknown function (DUF4874)
Inhibitor_I9	0.5225	0.0000	0.0567	0.1667	Peptidase inhibitor I9
DUF5054	0.5225	0.0000	0.0567	0.1667	Domain of unknown function (DUF5054)
DUF4964	0.5225	0.0000	0.0567	0.1667	Domain of unknown function (DUF4964)
CDT1	0.5225	0.0000	0.0567	0.1667	DNA replication factor CDT1 like
DUF4246_N	0.5225	0.0000	0.0567	0.1667	Domain of unknown function DUF4246, N-terminal
GST_C_7	0.5225	0.0000	0.0567	0.1667	Glutathione S-transferase, C-terminal domain
DNAPKcs_CC5	0.5200	0.0000	0.0216	0.6667	DNA-PKcs, CC5
DHOase	0.5194	0.0000	0.1377	0.7500	Dihydro-orotase-like
PHD-1st_NSD	0.5190	0.0000	0.1406	0.7500	Histone-lysine N-methyltransferase NSD-like, PHD zinc finger 1
Transferase	0.5171	0.0000	0.0186	0.4167	Transferase family
MBIP_C	0.5167	0.0000	0.0433	0.5833	MAP3K12-binding inhibitory protein C-terminal domain
DUF543	0.5158	0.0000	0.0468	0.2500	Domain of unknown function (DUF543)
Cgr1	0.5148	0.0000	0.0702	0.4167	Cgr1 family
Pyr_excise	0.5148	0.0000	0.0702	0.4167	Pyrimidine dimer DNA glycosylase
TPR_Nup160_C	0.5148	0.0000	0.0702	0.4167	Nup160 C-terminal TPR
DUF4140	0.5147	0.0000	0.0371	0.1667	N-terminal domain of unknown function (DUF4140)
DHDPS	0.5146	0.0000	0.0631	0.1667	Dihydrodipicolinate synthetase family
GtaA_6_Hairpin	0.5146	0.0000	0.0631	0.1667	Glutaminase A six helical-hairpin domain
SLT_3	0.5146	0.0000	0.0631	0.1667	Lysozyme like domain
Glyco_hydro_43	0.5146	0.0000	0.0631	0.1667	Glycosyl hydrolases family 43
Transglut_core2	0.5146	0.0000	0.0631	0.1667	Transglutaminase-like superfamily
Glyco_transf_64	0.5134	0.0000	0.0322	0.1667	Glycosyl transferase family 64 domain
FOL3_C	0.5109	0.0000	0.1075	0.4167	Dihydrofolate synthetase, C-terminal domain
ThrE_2	0.5095	0.0000	0.0626	0.5000	Threonine/Serine exporter, ThrE
SpoIIE	0.5078	0.0000	0.0589	0.2500	Stage II sporulation protein E (SpoIIE)
Nucleoprot-TPR	0.5077	0.0000	0.0357	0.2500	Nucleoprotein TPR-like domain
TPR_24	0.5073	0.0000	0.0029	0.4167	Pentatricopeptide repeat-containing protein
Beta-prop_DCAF12	0.5068	0.0000	0.0788	0.7500	DDB1- and CUL4-associated factor 12 beta propeller
CarboxypepD_reg	0.5059	0.0000	0.0542	0.3333	Carboxypeptidase regulatory-like domain
Glyco_trans_1_4	0.5054	0.0000	0.0995	0.4167	Glycosyl transferases group 1
OmdA	0.5054	0.0000	0.0406	0.4167	Bacteriocin-protection, YdeI or OmpD-Associated
FoP_duplication	0.5051	0.0000	0.0376	0.4167	C-terminal duplication domain of Friend of PRMT1
ELYS	0.5047	0.0000	0.0336	0.3333	Nuclear pore complex assembly
GAF_2	0.5046	0.0000	0.0020	0.3333	GAF domain
Methyltransf_21	0.5046	0.0000	0.0021	0.2500	Methyltransferase FkbM domain
Mur_ligase_M	0.5041	0.0000	0.0020	0.2500	Mur ligase middle domain
GDH_2nd	0.5033	0.0000	0.0748	0.6667	NAD-specific glutamate dehydrogenase, second domain
PhoD	0.5030	0.0000	0.0018	0.1667	PhoD-like phosphatase
SLFN_AlbA_2	0.5028	0.0000	0.0012	0.3333	Schlafen, AlbA_2
ANCHR-like_BBOX	0.5027	0.0000	0.0012	0.5000	ANCHR-like B-box zinc-binding domain
BMT5-like	0.5021	0.0000	0.0014	0.4167	rRNA (uridine-N3-)-methyltransferase BTM5-like
IMS_HHH_1	0.5015	0.0000	0.0838	0.2500	DNA polymerase-iota, thumb domain
DUF7599	0.5009	0.0000	0.0516	0.1667	Domain of unknown function (DUF7599)
Ferritin	0.5009	0.0000	0.0516	0.1667	Ferritin-like domain
FANCI_HD1	0.5009	0.0000	0.0516	0.1667	FANCI helical domain 1
MG2	0.5009	0.0000	0.0516	0.1667	MG2 domain
EST1_DNA_bind	0.5009	0.0000	0.0516	0.1667	Est1 DNA/RNA binding domain
SANTA	0.5009	0.0000	0.0516	0.1667	SANTA (SANT Associated)
LBP_BPI_CETP	0.5009	0.0000	0.0516	0.1667	LBP / BPI / CETP family, N-terminal domain
Glyco_transf_34	0.5009	0.0000	0.0516	0.1667	galactosyl transferase GMA12/MNN10 family
HAUS-augmin3	0.5009	0.0000	0.0516	0.1667	HAUS augmin-like complex subunit 3
SDF	0.5009	0.0000	0.0516	0.1667	Sodium:dicarboxylate symporter family
TBCC_N	0.5003	0.0000	0.0234	0.5833	Tubulin-specific chaperone C N-terminal domain
Ydr279_N	0.5000	0.0000	0.0000	0.6667	Ydr279p protein triple barrel domain
TMEM33_Pom33	0.5000	0.0000	0.1083	0.7500	Transmembrane protein 33/Nucleoporin POM33
zf-RING_5	0.5000	0.0000	0.0000	0.7500	zinc-RING finger domain
DDT	0.5000	0.0000	0.0000	0.5000	DDT domain
GFO_IDH_MocA_C3	0.5000	0.0000	0.0004	0.3333	GFO/IDH/MocA C-terminal domain
PAC3	0.5000	0.0000	0.0000	0.6667	Proteasome assembly chaperone 3
WLS-like_TM	0.5000	0.0000	0.0516	0.9167	Wntless-like, transmembrane domain
RecA_N	0.5000	0.0000	0.0162	0.5833	RecA N-terminal domain
Kdo	0.5000	0.0000	0.0000	0.3333	Lipopolysaccharide kinase (Kdo/WaaP) family
TMA7	0.5000	0.0000	0.0000	0.5833	Translation machinery associated TMA7
MGS	0.4996	0.0000	0.1434	0.7500	MGS-like domain
EndIII_4Fe-2S	0.4992	0.0000	0.0217	0.2500	Iron-sulfur binding domain of endonuclease III
SDA1_dom	0.4992	0.0000	0.0011	0.5000	SDA1, conserved domain
AA_permease	0.4992	0.0000	0.0009	0.5833	Amino acid permease
PH_12	0.4989	0.0000	0.0361	0.0833	Pleckstrin homology domain
NUP50	0.4988	0.0000	0.0009	0.4167	NUP50 (Nucleoporin 50 kDa)
zf-TRM13_CCCH	0.4985	0.0000	0.0014	0.4167	CCCH zinc finger in TRM13 protein
AP4E_app_platf	0.4985	0.0000	0.0180	0.1667	Adaptin AP4 complex epsilon appendage platform
TPR_TTI1_N	0.4984	0.0000	0.0381	0.5833	TTI1 N-terminal TPR domain
Htt_C-HEAT	0.4977	0.0000	0.1444	0.7500	Huntingtin, C-terminal HEAT
Beta_elim_lyase	0.4976	0.0000	0.0017	0.5000	Beta-eliminating lyase
EGF_laminin	0.4972	0.0000	0.0225	0.6667	Laminin EGF domain
NAD_binding_3	0.4970	0.0000	0.0143	0.2500	Homoserine dehydrogenase, NAD binding domain
FERM_N	0.4968	0.0000	0.0246	0.6667	FERM N-terminal domain
EnY2	0.4967	0.0000	0.0018	0.5000	Transcription factor e(y)2
Beta-prop_EML	0.4960	0.0000	0.0016	0.2500	Echinoderm microtubule-associated protein first beta-propeller
RAI16-like	0.4953	0.0000	0.1449	0.7500	Retinoic acid induced 16-like protein
SEC-C	0.4951	0.0000	0.1450	0.7500	SEC-C motif
EHN	0.4951	0.0000	0.0515	0.1667	Epoxide hydrolase N terminus
UFL1	0.4950	0.0000	0.1178	0.6667	E3 UFM1-protein ligase 1-like domain
Peptidase_C15	0.4946	0.0000	0.0260	0.6667	Pyroglutamyl peptidase
DNAPKcs_CC1-2	0.4938	0.0000	0.0424	0.6667	DNA-dependent protein kinase catalytic subunit, CC1/2
Maelstrom	0.4934	0.0000	0.0235	0.3333	piRNA pathway germ-plasm component
HMG_box_2	0.4928	0.0000	0.0380	0.2500	HMG-box domain
C2_GDE1	0.4925	0.0000	0.0673	0.5833	GDE1-like C2 domain
Med24_N	0.4925	0.0000	0.0673	0.5833	Mediator complex subunit 24 N-terminal
RHD_RETREG1-3	0.4923	0.0000	0.0715	0.5833	RETREG1-3/ARL6IP-like, N-terminal reticulon-homology domain
DUF5918	0.4923	0.0000	0.0715	0.5833	Family of unknown function (DUF5918)
Ubiquitin_3	0.4923	0.0000	0.0715	0.5833	Ubiquitin-like domain
RBD	0.4923	0.0000	0.0715	0.5833	Raf-like Ras-binding domain
NUP160_helical	0.4923	0.0000	0.0753	0.5833	Nucleoporin NUP160, helical domain
HTH_CHD6-9	0.4922	0.0000	0.0755	0.5000	Chromodomain-helicase-DNA-binding protein 6-9, tri-helical
Neurochondrin	0.4920	0.0000	0.0755	0.5833	Neurochondrin
Tweety	0.4920	0.0000	0.0755	0.5833	Tweety
SAM_PNT	0.4920	0.0000	0.0755	0.5833	Sterile alpha motif (SAM)/Pointed domain
Ribosomal_L34	0.4907	0.0000	0.1714	0.6667	Ribosomal protein L34
HOOK_N	0.4906	0.0000	0.1714	0.6667	HOOK domain
HOOK	0.4906	0.0000	0.1714	0.6667	HOOK protein coiled-coil region
CDC73_N	0.4906	0.0000	0.1714	0.6667	Paf1 complex subunit CDC73 N-terminal
DUF908	0.4906	0.0000	0.1714	0.6667	Domain of Unknown Function (DUF908)
SGTA_dimer	0.4906	0.0000	0.1712	0.6667	Homodimerisation domain of SGTA
Beta-prop_Nup120_160	0.4906	0.0000	0.1712	0.6667	Nucleoporin Nup120/160, beta-propeller domain
Thioredox_PDIA6_C	0.4906	0.0000	0.1712	0.6667	PDIA6-like, C-terminal thioredoxin-like domain
PH_PLEKHM2	0.4906	0.0000	0.1712	0.6667	PLEKHM2 PH domain-like
UT	0.4901	0.0000	0.0417	0.5833	Urea transporter
HAND	0.4890	0.0000	0.0303	0.6667	HAND
ASCC3_N	0.4888	0.0000	0.1707	0.6667	ASCC3-like, N-terminal domain
Uso1_p115_head	0.4888	0.0000	0.1707	0.6667	Uso1 / p115 like vesicle tethering protein, head region
Sds3	0.4888	0.0000	0.1707	0.6667	Sds3-like
Med28	0.4888	0.0000	0.1707	0.6667	Mediator complex subunit 28
Condensin2nSMC	0.4888	0.0000	0.1707	0.6667	Condensin II non structural maintenance of chromosomes subunit
zf-CCCH_3	0.4886	0.0000	0.0597	0.4167	Zinc-finger containing family
EF-hand_like	0.4886	0.0000	0.1697	0.5000	Phosphoinositide-specific phospholipase C, efhand-like
E1_FCCH	0.4886	0.0000	0.1697	0.5000	Ubiquitin-activating enzyme E1 FCCH domain
DNAI3_WD	0.4883	0.0000	0.0627	0.3333	Dynein axonemal intermediate chain 3 WD40 domain
S1_RRP5	0.4880	0.0000	0.0652	0.5000	RRP5 S1 domain
GAS2	0.4877	0.0000	0.0390	0.5833	Growth-Arrest-Specific Protein 2 Domain
NAGLU_N	0.4874	0.0000	0.0542	0.6667	Alpha-N-acetylglucosaminidase (NAGLU) N-terminal domain
KPWE_dom	0.4874	0.0000	0.0542	0.6667	PEX14-like KPWE domain
NELF-A_N	0.4874	0.0000	0.0542	0.6667	NELF-A N-terminal domain
NAGLU	0.4874	0.0000	0.0542	0.6667	Alpha-N-acetylglucosaminidase (NAGLU) tim-barrel domain
NAGLU_C	0.4874	0.0000	0.0542	0.6667	Alpha-N-acetylglucosaminidase (NAGLU) C-terminal domain
Cyto_heme_lyase	0.4874	0.0000	0.0542	0.6667	Cytochrome c/c1 heme lyase
PI3K_1B_p101	0.4865	0.0000	0.0415	0.5000	Phosphoinositide 3-kinase gamma adapter protein p101 subunit
GNC1_N	0.4865	0.0000	0.1686	0.6667	Stalled ribosome sensor GCN1 N-terminal
HEAT_Ints3_C	0.4865	0.0000	0.1686	0.6667	Ints3-like, C-terminal HEAT repeats
NAGidase	0.4865	0.0000	0.1686	0.6667	beta-N-acetylglucosaminidase
Ig_TRAPPC9-Trs120_4th	0.4865	0.0000	0.1686	0.6667	Trs120/TRAPPC9, fourth Ig-like domain
Thioredoxin_15	0.4865	0.0000	0.1686	0.6667	Thioredoxin-like domain
MZB	0.4865	0.0000	0.1686	0.6667	MrfA Zn-binding domain
zf-RING-like	0.4863	0.0000	0.0879	0.3333	RING-like domain
RAMP4	0.4862	0.0000	0.0239	0.5000	Ribosome associated membrane protein RAMP4
HHH_9	0.4856	0.0000	0.0255	0.2500	HHH domain
NOMO_5th	0.4842	0.0000	0.0748	0.4167	NOMO fifth transthyretin-like domain
APAF1_C	0.4841	0.0000	0.0747	0.5833	APAF-1 helical domain
TMD0_ABC	0.4841	0.0000	0.0747	0.5833	ABC transporter TMD0 domain
Arm_2	0.4841	0.0000	0.0747	0.5833	Armadillo-like
LIN52	0.4841	0.0000	0.0747	0.5833	Retinal tissue protein
DUF5920	0.4841	0.0000	0.0747	0.5833	Domain of unknown function (DUF5920)
IMS_HHH	0.4840	0.0000	0.0285	0.5000	IMS family HHH motif
DUF4397	0.4827	0.0000	0.0745	0.5000	Domain of unknown function (DUF4397)
SERRATE_Ars2_N	0.4808	0.0000	0.1617	0.8333	SERRATE/Ars2, N-terminal domain
AAA_lid_1	0.4799	0.0000	0.1287	0.0833	AAA+ lid domain
RIB43A	0.4799	0.0000	0.1287	0.0833	RIB43A
H_PPase	0.4799	0.0000	0.0692	0.0833	Inorganic H+ pyrophosphatase
SAS-6_N	0.4799	0.0000	0.1287	0.0833	Centriolar protein SAS N-terminal domain
DPCD	0.4799	0.0000	0.1287	0.0833	DPCD protein family
Enkurin	0.4799	0.0000	0.1287	0.0833	Calmodulin-binding
DRC7_C	0.4799	0.0000	0.1287	0.0833	Dynein regulatory complex subunit 7 C-terminal
ASCH	0.4799	0.0000	0.1287	0.0833	ASCH domain
p25-alpha	0.4799	0.0000	0.1287	0.0833	p25-alpha
B9-C2	0.4799	0.0000	0.0692	0.0833	Ciliary basal body-associated, B9 protein
Ax_dynein_light	0.4799	0.0000	0.1287	0.0833	Axonemal dynein light chain
Cluap1	0.4799	0.0000	0.1287	0.0833	Clusterin-associated protein-1
Oscp1	0.4799	0.0000	0.1287	0.0833	Organic solute transport protein 1
NYD-SP28	0.4799	0.0000	0.1287	0.0833	Sperm tail
PHTB1_N	0.4799	0.0000	0.1287	0.0833	PTHB1 N-terminal
NYD-SP28_assoc	0.4799	0.0000	0.1287	0.0833	Sperm tail C-terminal domain
FAD_binding_7	0.4799	0.0000	0.1287	0.0833	FAD binding domain of DNA photolyase
GAS	0.4799	0.0000	0.1287	0.0833	Growth-arrest specific micro-tubule binding
CS_DNAAF11_C	0.4799	0.0000	0.1287	0.0833	Dynein axonemal assembly factor 11-like, CS domain
CEP76-C2	0.4799	0.0000	0.1287	0.0833	CEP76 C2 domain
CEPT76_peptidase	0.4799	0.0000	0.1287	0.0833	CEP76 peptidase-like domain
CFAP251_C	0.4799	0.0000	0.1287	0.0833	CFAP251 C-terminal domain
CFAP251_N	0.4799	0.0000	0.1287	0.0833	CFAP251 N-terminal domain
CCDC39	0.4799	0.0000	0.1287	0.0833	Coiled-coil domain-containing protein 39
BBL5_2nd	0.4799	0.0000	0.1287	0.0833	Bardet-Biedl syndrome 5 protein second PH-like domain
MORN_DRC7	0.4799	0.0000	0.1287	0.0833	Dynein regulatory complex subunit 7 MORN domain
IFT20	0.4799	0.0000	0.1287	0.0833	Intraflagellar transport complex B, subunit 20
HEAT_DAAF5	0.4799	0.0000	0.1287	0.0833	Dynein axonemal assembly factor 5, HEAT-repeat domain
TPR_IFT80_172	0.4799	0.0000	0.1287	0.0833	IFT80/172/WDR35/WDR19 TPR domain
TPH	0.4799	0.0000	0.1287	0.0833	Trichohyalin-plectin-homology domain
TPR_IFT122	0.4799	0.0000	0.1287	0.0833	IFT122, TPR domain
GMP_PDE_delta	0.4799	0.0000	0.1287	0.0833	GMP-PDE, delta subunit
IFT70_C	0.4799	0.0000	0.1287	0.0833	Intraflagellar transport protein 70 C-terminal domain
IFT56	0.4799	0.0000	0.1287	0.0833	Intraflagellar transport protein 56
CEP76_C	0.4799	0.0000	0.1287	0.0833	Centrosomal protein of 76 kDa C-terminal domain
ParcG	0.4799	0.0000	0.1287	0.0833	Parkin co-regulated protein
Pepdidase_M14_N	0.4799	0.0000	0.1287	0.0833	Cytosolic carboxypeptidase N-terminal domain
DUF4464	0.4799	0.0000	0.1287	0.0833	Domain of unknown function (DUF4464)
CCDC113_CCDC96_CC	0.4799	0.0000	0.1287	0.0833	CCDC113/CCDC96, coiled-coil
Beta-prop_WDR35_TULP_N	0.4799	0.0000	0.0692	0.0833	WDR35/TULP4 N-terminal
Beta-prop_WDR19_1st	0.4799	0.0000	0.1287	0.0833	WDR19 first beta-propeller
TPR_IF140-IFT172	0.4799	0.0000	0.1287	0.0833	IF140/IFT172 TPR domain
TPR_IF140_C	0.4799	0.0000	0.1287	0.0833	IF140 C-terminal TPR domain
Meckelin	0.4799	0.0000	0.0692	0.0833	Meckelin (Transmembrane protein 67)
Dpy-30	0.4799	0.0000	0.1287	0.0833	Dpy-30 motif
BBL5	0.4799	0.0000	0.1287	0.0833	Bardet-Biedl syndrome 5 protein N-terminal PH-like domain
Radial_spoke	0.4799	0.0000	0.1287	0.0833	Radial spokehead-like protein
PTHB1_hp	0.4799	0.0000	0.1287	0.0833	PTHB1 hairpin
Beta-prop_IFT122_2nd	0.4799	0.0000	0.1287	0.0833	IFT122 second beta-propeller
Beta-prop_WDR19_2nd	0.4799	0.0000	0.1287	0.0833	WDR19 second beta-propeller
BBS1	0.4797	0.0000	0.0692	0.0833	Ciliary BBSome complex subunit 1
GAE_BBS1	0.4797	0.0000	0.0692	0.0833	Bardet-Biedl syndrome 1 protein, GAE domain
ARM_TT21_5th	0.4796	0.0000	0.0692	0.0833	TT21 fifth ARM repeats domain
DRC11_N	0.4796	0.0000	0.0692	0.0833	Dynein regulatory complex subunit 11-like, N-terminal domain
CFAP70_mid_TPR	0.4796	0.0000	0.0692	0.0833	Cilia and flagella-associated protein 70 middle TPR-like domain
CFAP70_helical	0.4796	0.0000	0.0692	0.0833	Cilia and flagella-associated protein 70 helical domain
TPR_WDR35	0.4796	0.0000	0.0692	0.0833	WD repeat-containing protein 35, TPR repeats
IFT52_central	0.4796	0.0000	0.0692	0.0833	IFT52 central domain
IFT46_B_C	0.4796	0.0000	0.0692	0.0833	Intraflagellar transport complex B protein 46 C terminal
IFT52_GIFT	0.4796	0.0000	0.0692	0.0833	IFT52 GIFT domain
BBS2_hp	0.4796	0.0000	0.0692	0.0833	BBS2 hairpin
BBS2_GAE	0.4796	0.0000	0.0692	0.0833	BBS2 GAE domain
KIF9	0.4796	0.0000	0.0692	0.0833	Kinesin-like protein KIF9 domain
BBS2_Mid	0.4796	0.0000	0.0692	0.0833	Ciliary BBSome complex subunit 2, middle region
Beta-prop_WDR35_2nd	0.4796	0.0000	0.0692	0.0833	WDR35 second beta-propeller
Itf52_C	0.4796	0.0000	0.0692	0.0833	Intraflagellar transport protein 52, C-terminal domain
PTHB1_CtH	0.4796	0.0000	0.0692	0.0833	PTHB1 C-terminal helix bundle
Zf_2nd_IFT121	0.4796	0.0000	0.0692	0.0833	IFT121, second zinc finger domain
TPR_IFT121	0.4796	0.0000	0.0692	0.0833	IFT121-like, TPR repeats
ARM_TT21_4th	0.4796	0.0000	0.0692	0.0833	Tetratricopeptide repeat protein 21 forth ARM domain
ARM_TT21	0.4796	0.0000	0.0692	0.0833	Tetratricopeptide repeat protein 21 ARM repeat
ARM_TT21_2nd	0.4796	0.0000	0.0692	0.0833	Tetratricopeptide repeat protein 21 second ARM domain
DRC10_N	0.4796	0.0000	0.0692	0.0833	DRC10 N-terminal domain
ARM_TT21_N	0.4796	0.0000	0.0692	0.0833	Tetratricopeptide repeat protein 21 N-terminal ARM repeat
BIVM	0.4796	0.0000	0.0692	0.0833	Basic immunoglobulin-like variable motif-containing protein
ARM_TT21_C	0.4796	0.0000	0.0692	0.0833	Tetratricopeptide repeat protein 21 C-terminal ARM domain
TPR_INTS8_3	0.4786	0.0000	0.0439	0.5833	Integrator complex subunit 8, TPR repeats
Peptidase_C65	0.4785	0.0000	0.0586	0.0833	Peptidase C65 Otubain
DUF4419	0.4783	0.0000	0.0401	0.4167	Domain of unknown function (DUF4419)
CutA1	0.4778	0.0000	0.0686	0.0833	CutA1 divalent ion tolerance protein
Npa1	0.4778	0.0000	0.0209	0.5000	Ribosome 60S biogenesis N-terminal
WHD_BLACT	0.4777	0.0000	0.0366	0.6667	Beta-lactamase associated winged helix domain
DYH2-5-8_CC	0.4771	0.0000	0.0280	0.0833	Dynein axonemal heavy chain 2/5/8 coiled-coil
TEX47	0.4770	0.0000	0.0280	0.0833	Testis-expressed protein 47
Beta-prop_IFT80_2nd	0.4766	0.0000	0.0684	0.0833	IFT80 second beta-propeller
Zn_ribbon_RPAB4	0.4761	0.0000	0.0245	0.5000	DNA directed RNA polymerase, 7 kDa subunit
Rdx	0.4758	0.0000	0.0246	0.1667	Rdx family
Dioxygenase_C	0.4734	0.0000	0.0418	0.1667	Dioxygenase
DUF7869	0.4734	0.0000	0.0418	0.1667	Domain of unknown function (DUF7869)
RNase_H2-Ydr279	0.4731	0.0000	0.0174	0.5833	Ydr279p protein family (RNase H2 complex component) wHTH domain
Beta-prop_DCAF4	0.4724	0.0000	0.0622	0.5833	DDB1- and CUL4-associated factor 4 beta-propeller domain
SYNRG_C	0.4724	0.0000	0.0622	0.5833	Synergin gamma, C-terminal domain
DUF6851	0.4724	0.0000	0.0622	0.5833	Domain of unknown function (DUF6851)
ANAPC4	0.4724	0.0000	0.0622	0.5833	Anaphase-promoting complex, cyclosome, subunit 4
YecM	0.4724	0.0000	0.0622	0.5833	YecM protein
ABC_ATPase	0.4714	0.0000	0.0291	0.1667	P-loop domain
Zn_ribbon_IFT122	0.4703	0.0000	0.0267	0.0833	IFT122, zinc ribbon domain
UDPG_MGDP_dh_C	0.4703	0.0000	0.0267	0.0833	UDP-glucose/GDP-mannose dehydrogenase family, UDP binding domain
SEN1_N	0.4695	0.0000	0.0616	0.5000	SEN1 N terminal
ANF_receptor	0.4695	0.0000	0.0558	0.7500	Receptor family ligand binding region
BBS2_pf	0.4692	0.0000	0.0358	0.0833	BBS2 platform domain
RMI1_C	0.4689	0.0000	0.0896	0.3333	Recq-mediated genome instability protein 1, C-terminal OB-fold
Polysacc_lyase	0.4689	0.0000	0.0896	0.3333	Polysaccharide lyase
DUF8701	0.4676	0.0000	0.0487	0.3333	Domain of unknown function (DUF8701)
PrmC_N	0.4658	0.0000	0.0410	0.5833	PrmC N-terminal domain
PS-DH	0.4629	0.0000	0.0508	0.6667	Polyketide synthase dehydratase N-terminal domain
ParB_N	0.4629	0.0000	0.0508	0.6667	ParB N-terminal domain
KAsynt_C_assoc	0.4629	0.0000	0.0508	0.6667	Ketoacyl-synthetase C-terminal extension
ACP_SdgA_C	0.4629	0.0000	0.0508	0.6667	Highly reducing polyketide synthase sdgA, C-terminal ACP domain
RNR_Alpha	0.4629	0.0000	0.0508	0.6667	Ribonucleotide reductase alpha domain
YccF	0.4629	0.0000	0.0508	0.6667	Inner membrane component domain
Globin	0.4627	0.0000	0.0188	0.5833	Globin
CMAS	0.4627	0.0000	0.0155	0.5833	Mycolic acid cyclopropane synthetase
Glyco_hydro_125	0.4626	0.0000	0.0415	0.1667	Metal-independent alpha-mannosidase (GH125)
GPT2_C	0.4603	0.0000	0.0373	0.1667	Glycerol-3-phosphate acyltransferase 2 C-terminal domain
GH113	0.4599	0.0000	0.0366	0.2500	Glycoside Hydrolase Family 113
Tuberin	0.4578	0.0000	0.0631	0.5000	Tuberin
UN_NPL4	0.4574	0.0000	0.0844	0.3333	Nuclear pore localisation protein NPL4
Zn_Ribbon_1	0.4565	0.0000	0.0579	0.5000	zinc-ribbon domain
Occludin_ELL	0.4556	0.0000	0.0487	0.1667	Occludin homology domain
DUF4042	0.4536	0.0000	0.0143	0.5000	Domain of unknown function (DUF4042)
LOH1CR12	0.4535	0.0000	0.0711	0.4167	Tumour suppressor protein
Epg5_N	0.4527	0.0000	0.0381	0.3333	Epg5-like N-terminal domain
HTH_Tnp_4	0.4510	0.0000	0.0374	0.3333	Helix-turn-helix of DDE superfamily endonuclease
Ropporin_N	0.4507	0.0000	0.0642	0.0833	Ropporin N-terminal domain
SSNA1	0.4507	0.0000	0.0642	0.0833	Microtubule nucleation factor SSNA1
Arm_4	0.4496	0.0000	0.0431	0.5833	Armadillo-like repeats
DNMT1-RFD	0.4444	0.0000	0.0392	0.2500	Cytosine specific DNA methyltransferase replication foci domain
AAA_RNF213_4	0.4440	0.0000	0.0409	0.6667	RNF213 AAA domain
AAA_RNF213_5	0.4440	0.0000	0.0409	0.6667	RNF213 AAA domain
Apc13p	0.4439	0.0000	0.1027	0.3333	Apc13p protein
ELMO_ARM	0.4428	0.0000	0.0621	0.5833	ELMO, armadillo-like helical domain
Ribosomal_L32p	0.4428	0.0000	0.0621	0.5833	Ribosomal L32p protein family
ASH2L-like_WH	0.4428	0.0000	0.0914	0.5833	Set1/Ash2 histone methyltransferase complex subunit ASH2-like, WH
MDH1B_N	0.4428	0.0000	0.0914	0.5833	Putative malate dehydrogenase 1B N-terminal domain
tRNA_synt_1c_R2	0.4428	0.0000	0.0914	0.5833	Glutaminyl-tRNA synthetase, non-specific RNA binding region part 2
AP3B1_C	0.4428	0.0000	0.0914	0.5833	Clathrin-adaptor complex-3 beta-1 subunit C-terminal
SMN_G2-BD	0.4427	0.0000	0.0624	0.5000	Survival Motor Neuron, Gemin2-binding domain
CybS	0.4425	0.0000	0.0620	0.5833	CybS, succinate dehydrogenase cytochrome B small subunit
NIPSNAP	0.4422	0.0000	0.0412	0.6667	NIPSNAP
Penicil_amidase	0.4421	0.0000	0.0228	0.0833	Penicillin amidase
Sen15	0.4421	0.0000	0.0674	0.6667	Sen15 protein
BBS2_N	0.4404	0.0000	0.0314	0.0833	Ciliary BBSome complex subunit 2, N-terminal
PDZD8_N	0.4396	0.0000	0.0606	0.4167	PDZD8 N-terminal TULIPs domain
Phage_integrase	0.4394	0.0000	0.0339	0.3333	Phage integrase family
TM231	0.4386	0.0000	0.0266	0.0833	Transmembrane protein 231
APG6_N	0.4385	0.0000	0.0600	0.5000	Apg6 coiled-coil region
IF3_N	0.4382	0.0000	0.0433	0.3333	Translation initiation factor IF-3, N-terminal domain
KATNA1_MIT	0.4373	0.0000	0.0265	0.0833	Katanin p60 subunit A1, MIT domain
GtrA_DPMS_TM	0.4362	0.0000	0.0803	0.2500	GtrA/DPMS, transmembrane domain
BCAS3	0.4350	0.0000	0.0483	0.4167	BCAS3 microtubule associated cell migration factor, C-terminal
SMI1_KNR4	0.4342	0.0000	0.0208	0.1667	SMI1 / KNR4 family (SUKH-1)
Spc7	0.4340	0.0000	0.0609	0.4167	Spc7 kinetochore protein
VASP_tetra	0.4339	0.0000	0.0653	0.5833	VASP tetramerisation domain
TPR_LAA1_C	0.4339	0.0000	0.0653	0.5833	LAA1-like, C-terminal TPR repeats
TPR_VPS8_2	0.4339	0.0000	0.0653	0.5833	VPS8-like, TPR-like repeats
DGCR6	0.4339	0.0000	0.0574	0.5000	DiGeorge syndrome critical region 6 (DGCR6) protein
Lipoxygenase	0.4330	0.0000	0.0642	0.5000	Lipoxygenase
ORC6_2nd	0.4326	0.0000	0.0248	0.4167	ORC6 second cyclin-like domain
Ig_TPPC8_3rd	0.4323	0.0000	0.0673	0.5000	TPPC8 third Ig-like domain
SSF	0.4322	0.0000	0.0801	0.1667	Sodium:solute symporter family
LRR_NXF1-5	0.4320	0.0000	0.0235	0.3333	NXF1/2/3/5 leucine-rich repeat domain
hGDE_N	0.4317	0.0000	0.0610	0.4167	N-terminal domain from the human glycogen debranching enzyme
DM10_dom	0.4312	0.0000	0.1596	0.0833	DM10 domain
DUF4200	0.4312	0.0000	0.1596	0.0833	Domain of unknown function (DUF4200)
Peptidase_M32	0.4312	0.0000	0.1596	0.0833	Carboxypeptidase Taq (M32) metallopeptidase
ArgoL1	0.4304	0.0000	0.0613	0.5000	Argonaute linker 1 domain
Ricin_B_lectin	0.4298	0.0000	0.0488	0.8333	Ricin-type beta-trefoil lectin domain
RMP	0.4298	0.0000	0.0203	0.0833	Retinal Maintenance
DUF2383	0.4293	0.0000	0.0693	0.4167	Domain of unknown function (DUF2383)
BBIP10	0.4287	0.0000	0.0202	0.0833	Cilia BBSome complex subunit 10
DUF938	0.4271	0.0000	0.0219	0.0833	Protein of unknown function (DUF938)
ABC_N	0.4266	0.0000	0.0396	0.1667	ATPase of the ABC class N-terminal
MRB1590_C	0.4266	0.0000	0.0396	0.1667	MRB1590 C-terminal domain
Aquarius_N_3rd	0.4258	0.0000	0.0809	0.3333	Intron-binding protein aquarius insert domain
Spc24	0.4258	0.0000	0.0809	0.3333	Spc24 subunit of Ndc80
UVB_sens_C	0.4258	0.0000	0.0809	0.3333	Root UVB sensitive protein, C-terminal
SelK_SelG	0.4256	0.0000	0.0828	0.6667	Selenoprotein SelK_SelG
Ndr	0.4256	0.0000	0.0534	0.6667	Ndr family
AIM24	0.4256	0.0000	0.0534	0.6667	Mitochondrial biogenesis AIM24
MmgE_PrpD_C	0.4256	0.0000	0.0534	0.6667	MmgE/PrpD C-terminal domain
CENP-S	0.4256	0.0000	0.0534	0.6667	CENP-S protein
FANCL_d1	0.4256	0.0000	0.0534	0.6667	FANCL UBC-like domain 1
Hyccin	0.4256	0.0000	0.0534	0.6667	Hyccin
DUF3818	0.4256	0.0000	0.0534	0.6667	Domain of unknown function in PX-proteins (DUF3818)
RMC1_N	0.4256	0.0000	0.0534	0.6667	Regulator of MON1-CCZ1 complex, N-terminal
ICL	0.4256	0.0000	0.0534	0.6667	Isocitrate lyase family
RINT1_TIP1	0.4256	0.0000	0.0534	0.6667	RINT-1/TIP-1 family
Smg8_Smg9	0.4256	0.0000	0.0534	0.6667	Smg8_Smg9
SPIN90_LRD	0.4256	0.0000	0.0534	0.6667	SPIN90/Ldb17, leucine-rich domain
Anthrone_oxy	0.4256	0.0000	0.0534	0.6667	Anthrone oxygenase
MmgE_PrpD_N	0.4256	0.0000	0.0534	0.6667	MmgE/PrpD N-terminal domain
NADH-G_4Fe-4S_3	0.4236	0.0000	0.0241	0.3333	NADH-ubiquinone oxidoreductase-G iron-sulfur binding region
Ig_NUP210_15th	0.4235	0.0000	0.0647	0.4167	NUP210 Ig-like domain 15
DEK_C	0.4224	0.0000	0.0271	0.0833	DEK C terminal domain
RSLD_CPSF6	0.4222	0.0000	0.0501	0.1667	CPSF6-like, RSLD domain, N-terminal region
M1AP_C	0.4222	0.0000	0.0501	0.1667	Meiosis 1 arrest protein C-terminal domain
HTTM	0.4216	0.0000	0.0581	0.5000	HTTM domain
Beta-barrel_CAF17_C	0.4187	0.0000	0.0586	0.1667	CAF17, C-terminal beta-barrel domain
HEAT_ULK4	0.4169	0.0000	0.0587	0.0833	Serine/threonine-protein kinase ULK4-like, HEAT repeats
CC_Cfap43	0.4169	0.0000	0.0587	0.0833	Cfap43 coiled coil
IQUB	0.4169	0.0000	0.0587	0.0833	IQUB-like domain
CFAP58_CC	0.4169	0.0000	0.0587	0.0833	CFAP58 central coiled coil
CFAP298	0.4169	0.0000	0.0587	0.0833	Cilia- and flagella-associated protein 298
Ifi-6-16	0.4164	0.0000	0.0220	0.3333	Interferon-induced 6-16 family
GLTSCR1	0.4149	0.0000	0.0463	0.2500	Conserved region of unknown function on GLTSCR protein
Rotamase_3	0.4142	0.0000	0.0313	0.4167	PPIC-type PPIASE domain
Glyco_hydro_28	0.4140	0.0000	0.0342	0.4167	Glycosyl hydrolases family 28
Prismane	0.4136	0.0000	0.0256	0.3333	Prismane/CO dehydrogenase family
peroxidase	0.4127	0.0000	0.0566	0.0833	Peroxidase
PYC_OADA	0.4115	0.0000	0.0416	0.3333	Conserved carboxylase domain
ARM_LRRK2	0.4087	0.0000	0.0178	0.3333	LRRK2 ARM repeat
MPP6	0.4078	0.0000	0.1003	0.6667	M-phase phosphoprotein 6
Methyltrans_SAM	0.4078	0.0000	0.1003	0.6667	S-adenosylmethionine-dependent methyltransferase
TMEM145_N	0.4074	0.0000	0.0567	0.5000	TMEM145, N-terminal domain
DDA1	0.4029	0.0000	0.0310	0.3333	Det1 complexing ubiquitin ligase
SF3a60_bindingd	0.4018	0.0000	0.0439	0.6667	Splicing factor SF3a60 binding domain
TTI1	0.4018	0.0000	0.0439	0.6667	TELO2-interacting protein 1
NST1	0.4018	0.0000	0.0439	0.6667	Salt tolerance down-regulator
DUF3730	0.4018	0.0000	0.0439	0.6667	Focadhesin/RST1, DUF3730
HTH_NPRL3	0.4018	0.0000	0.0439	0.6667	GATOR1 complex protein NPRL3, C-terminal HTH
VPS13_M	0.4018	0.0000	0.0439	0.6667	VPS13-like family middle region
zf-A20	0.4018	0.0000	0.0439	0.6667	A20-like zinc finger
RNA_pol_Rpb1_R	0.4018	0.0000	0.0439	0.6667	RNA polymerase Rpb1 C-terminal repeat
DEPDC5_CTD	0.4018	0.0000	0.0439	0.6667	DEPDC5 protein C-terminal region
SWIRM-assoc_1	0.4018	0.0000	0.0439	0.6667	SWIRM-associated region 1
APC1_3rd	0.4018	0.0000	0.0439	0.6667	APC1 beta sandwich domain
Chlam_PMP	0.4018	0.0000	0.0439	0.6667	Chlamydia polymorphic membrane protein (Chlamydia_PMP) repeat
Cut8	0.4018	0.0000	0.0439	0.6667	Cut8, nuclear proteasome tether protein
Vma12	0.4018	0.0000	0.0439	0.6667	Endoplasmic reticulum-based factor for assembly of V-ATPase
Ig_GNPTAB	0.4018	0.0000	0.0439	0.6667	GNPTAB, immunoglobulin-like domain
Ig_TRAPPC9-Trs120_2nd	0.4018	0.0000	0.0439	0.6667	Trs120/TRAPPC9, second Ig-like domain
CCD97-like_C	0.4013	0.0000	0.0670	0.3333	Coiled-coil domain containing protein 97-like, C-terminal
DUF702	0.4003	0.0000	0.0734	0.4167	Domain of unknown function (DUF702)
DUF3592	0.3990	0.0000	0.0223	0.1667	Domain of unknown function (DUF3592)
YbaB_DNA_bd	0.3987	0.0000	0.0179	0.0833	YbaB/EbfC DNA-binding family
INTS1_R4	0.3982	0.0000	0.0329	0.5000	Integrator complex subunit 1, R4 domain
Lyase_8	0.3973	0.0000	0.0581	0.2500	Polysaccharide lyase family 8, super-sandwich domain
WHD_GTF3C1	0.3973	0.0000	0.0581	0.2500	GTF3C1, extended winged-helix domain
Lyase_8_N	0.3973	0.0000	0.0581	0.2500	Polysaccharide lyase family 8, N terminal alpha-helical domain
Lyase_8_C	0.3973	0.0000	0.0581	0.2500	Polysaccharide lyase family 8, C-terminal beta-sandwich domain
CcmE	0.3968	0.0000	0.0219	0.4167	CcmE domain
PDZ_2	0.3963	0.0000	0.0467	0.5000	PDZ domain
V-ATPase_su_f	0.3962	0.0000	0.0334	0.3333	V-type proton ATPase subunit f-like
RlmN_N	0.3958	0.0000	0.0229	0.4167	Ribosomal RNA large subunit methyltransferase N-terminal domain
WHD_MUS81	0.3957	0.0000	0.0247	0.3333	Crossover junction endonuclease MUS81-like, winged helix domain
Fer2_4	0.3949	0.0000	0.0246	0.3333	2Fe-2S iron-sulfur cluster binding domain
PPIP5K2_N	0.3939	0.0000	0.0295	0.5000	Diphosphoinositol pentakisphosphate kinase 2 N-terminal domain
MULE	0.3919	0.0000	0.0187	0.3333	MULE transposase domain
Beta-prop_WDR41	0.3917	0.0000	0.0719	0.4167	WDR41
Acetate_kinase	0.3909	0.0000	0.0237	0.3333	Acetokinase family
ORC6	0.3886	0.0000	0.0198	0.4167	Origin recognition complex subunit 6 (ORC6)
ABA4-like	0.3859	0.0000	0.0284	0.0833	ABA DEFICIENT 4-like
RNF157-like_N	0.3834	0.0000	0.0792	0.5833	RNF157-like N-terminal domain
PHD_5	0.3834	0.0000	0.0792	0.5833	PhD finger domain
PSF3_N	0.3834	0.0000	0.0792	0.5833	PSF3 N-terminal domain
Zn_ribbon_15	0.3834	0.0000	0.0792	0.5833	zinc-ribbon family
DUF1977	0.3829	0.0000	0.0237	0.1667	Domain of unknown function (DUF1977)
OCRE	0.3822	0.0000	0.0392	0.5833	OCRE domain
TPR_TmcB	0.3822	0.0000	0.0392	0.5833	TmcB, TPR repeats
TPR	0.3816	0.0000	0.0512	0.3333	Nucleoprotein TPR-like domain
Ribosomal_L36	0.3794	0.0000	0.0301	0.3333	Ribosomal protein L36
NOMO_8th	0.3792	0.0000	0.0534	0.3333	NOMO eighth prealbumin-like domain
PWI_Topors	0.3782	0.0000	0.0612	0.4167	Topors, PWI-like domain
AdenylateSensor	0.3772	0.0000	0.0613	0.5000	Adenylate sensor of SNF1-like protein kinase
DUF3228	0.3771	0.0000	0.0705	0.0833	Protein of unknown function (DUF3228)
Med9	0.3770	0.0000	0.0557	0.4167	RNA polymerase II transcription mediator complex subunit 9
LicD	0.3764	0.0000	0.0382	0.1667	LicD/FKTN/FKRP, nucleotidyltransferase domain
Glyco_hydro_65N	0.3764	0.0000	0.0382	0.1667	Glycosyl hydrolase family 65, N-terminal domain
Carn_acyltransf	0.3764	0.0000	0.0382	0.1667	Choline/Carnitine o-acyltransferase
DNA_ligase_OB_2	0.3764	0.0000	0.0382	0.1667	DNA ligase OB-like domain
Ge1_WD40	0.3764	0.0000	0.0373	0.2500	WD40 region of Ge1, enhancer of mRNA-decapping protein
SMAP	0.3761	0.0000	0.0382	0.1667	Small acidic protein family
Condensation	0.3755	0.0000	0.0200	0.0833	Condensation domain
Glyco_hydro_32N	0.3752	0.0000	0.0214	0.0833	Glycosyl hydrolases family 32 N-terminal domain
Glyco_hydro_32C	0.3752	0.0000	0.0214	0.0833	Glycosyl hydrolases family 32 C terminal
WHD_DDX60	0.3751	0.0000	0.0230	0.2500	DDX60-like, winged helix domain
KAP	0.3751	0.0000	0.0230	0.2500	Kinesin-associated protein (KAP)
PAN_1	0.3750	0.0000	0.0388	0.1667	PAN domain
PUS7L_N	0.3750	0.0000	0.0388	0.1667	PUS7L N-terminal domain
DUF8561	0.3750	0.0000	0.0388	0.1667	Domain of unknown function (DUF8561)
TFR_dimer	0.3750	0.0000	0.0388	0.1667	Transferrin receptor-like dimerisation domain
DUF2045	0.3750	0.0000	0.0388	0.1667	Uncharacterized conserved protein (DUF2045)
Glyco_transf_92	0.3750	0.0000	0.0388	0.1667	Glycosyltransferase family 92
TMEM128	0.3743	0.0000	0.0409	0.5833	TMEM128 protein
HYDIN_VesB_CFA65-like_Ig	0.3740	0.0000	0.0542	0.2500	HYDIN/CFA65/VesB-like, Ig-like domain
Elong-fact-P_C	0.3739	0.0000	0.0212	0.0833	Elongation factor P, C-terminal
CHCH	0.3725	0.0000	0.0281	0.1667	CHCH domain
Phosphonate-bd	0.3702	0.0000	0.0490	0.5000	ABC transporter, phosphonate, periplasmic substrate-binding protein
DUF5906	0.3689	0.0000	0.0627	0.4167	Family of unknown function (DUF5906)
SKA2	0.3683	0.0000	0.0829	0.3333	Spindle and kinetochore-associated protein 2
FHA_2	0.3683	0.0000	0.0829	0.3333	FHA domain
Glyco_hydro_130	0.3672	0.0000	0.0793	0.4167	beta-1,4-mannooligosaccharide phosphorylase
EVE	0.3666	0.0000	0.0284	0.2500	EVE domain
MazG-like	0.3660	0.0000	0.0267	0.0833	MazG-like family
GON	0.3660	0.0000	0.0267	0.0833	GON domain
Beta-prop_NUP159_NUP214	0.3632	0.0000	0.0449	0.1667	NUP159/214 beta propeller
DDE_1	0.3629	0.0000	0.0365	0.5000	DDE superfamily endonuclease
PPR_1	0.3599	0.0000	0.0277	0.3333	PPR repeat
LIAS_N	0.3597	0.0000	0.0267	0.2500	N-terminal domain of lipoyl synthase of Radical_SAM family
Radial_spoke_3	0.3586	0.0000	0.0397	0.0833	Radial spoke protein 3
IFT57	0.3586	0.0000	0.0397	0.0833	Intra-flagellar transport protein 57
Folate_carrier	0.3581	0.0000	0.0248	0.5000	Reduced folate carrier
Chibby	0.3578	0.0000	0.0401	0.3333	Chibby family
THR4_C	0.3576	0.0000	0.0095	0.3333	Threonine synthase, C-terminal
HR1_TOCA	0.3572	0.0000	0.0550	0.3333	TOCA family HR1 domain
ZBED1_RNase-like	0.3571	0.0000	0.0209	0.4167	ZBED1 RNase-like domain
ATP-synt_ab_C	0.3535	0.0000	0.0251	0.3333	ATP synthase alpha/beta chain, C terminal domain
Fer4_Nqo3	0.3535	0.0000	0.0251	0.3333	NADH-quinone oxidoreductase subunit 3, ferredoxin-like domain
Sec39	0.3518	0.0000	0.0515	0.2500	Secretory pathway protein Sec39
HLH	0.3518	0.0000	0.0515	0.2500	Helix-loop-helix DNA-binding domain
BRAT1	0.3518	0.0000	0.0515	0.2500	Integrator complex assembly factor BRAT1
HEAT_SGR6	0.3518	0.0000	0.0515	0.2500	SGR6, HEAT repeats
PCC	0.3517	0.0000	0.0198	0.0833	Plants and Prokaryotes Conserved (PCC) domain
HYOU1_C	0.3506	0.0000	0.0295	0.1667	HYOU1-like, C-terminal domain
Par3_HAL_N_term	0.3496	0.0000	0.0073	0.1667	N-terminal of Par3 and HAL proteins
Ribosomal_L25p	0.3492	0.0000	0.0691	0.6667	Ribosomal L25p family
Katanin_con80	0.3474	0.0000	0.0382	0.0833	con80 domain of Katanin
Polycystin_dom	0.3452	0.0000	0.0055	0.5000	Polycystin domain
YIPF3_C	0.3449	0.0000	0.0261	0.0833	YIPF3 C-terminal domain
RBBP6_link	0.3449	0.0000	0.0261	0.0833	RBBP6 linker domain
APP1_cat	0.3449	0.0000	0.0261	0.0833	Phosphatidate phosphatase APP1, catalytic domain
BRCC36_C	0.3449	0.0000	0.0261	0.0833	BRCC36 C-terminal helical domain
PEX6_4th	0.3434	0.0000	0.0521	0.5000	PEX6 fourth domain
KDM5_C-hel	0.3434	0.0000	0.0521	0.5000	Lysine-specific demethylase 5, C-terminal helical domain
CENP-I	0.3434	0.0000	0.0521	0.5000	Mis6
RME-8_4th	0.3433	0.0000	0.0770	0.7500	DNAJ protein RME-8 4th domain
FAM133	0.3421	0.0000	0.0752	0.3333	FAM133
LRR_5	0.3413	0.0000	0.0601	0.2500	BspA type Leucine rich repeat region (6 copies)
UTP23_sensor	0.3408	0.0000	0.0037	0.2500	UTP23 sensor motif
DUF7910	0.3406	0.0000	0.0219	0.1667	Domain of unknown function (DUF7910)
zf_CCCH_4	0.3403	0.0000	0.0131	0.2500	Zinc finger domain
FAM161A_B	0.3398	0.0000	0.0448	0.0000	Protein FAM161A/B
Mitoc_mL59	0.3392	0.0000	0.0200	0.0833	Mitochondrial ribosomal protein mL59
ClpS	0.3388	0.0000	0.0926	0.3333	ATP-dependent Clp protease adaptor protein ClpS
HEAT_PBS	0.3344	0.0000	0.0169	0.0833	PBS lyase HEAT-like repeat
TMEM107	0.3337	0.0000	0.0231	0.0833	Transmembrane protein
RRG7	0.3335	0.0000	0.0238	0.4167	Required for respiratory growth protein 7
Pex24p	0.3335	0.0000	0.0363	0.0833	Integral peroxisomal membrane peroxin
Galactosyl_T	0.3333	0.0000	0.0140	0.4167	Galactosyltransferase
Kgd4-YMR31	0.3333	0.0000	0.0000	0.0833	Alpha-ketoglutarate dehydrogenase component 4/YMR-31
Sulfotransfer_3	0.3333	0.0000	0.0003	0.3333	Sulfotransferase family
PDZ	0.3333	0.0000	0.0000	0.0833	PDZ domain
Kelch_2	0.3333	0.0000	0.0000	0.3333	Kelch motif
TPR_BSK1_C	0.3333	0.0000	0.0000	0.4167	Serine/threonine-protein kinase BSK1-like, TPR repeats
NUDIX_4	0.3333	0.0000	0.0000	0.2500	NUDIX domain
MYCBPAP	0.3333	0.0000	0.0000	0.0833	MYCBP-associated protein family
TrmI-like_N	0.3333	0.0000	0.0000	0.3333	TrmI-like N-terminal
DUF789	0.3333	0.0000	0.0000	0.0000	Protein of unknown function (DUF789)
Exo_endo_phos_2	0.3333	0.0000	0.0000	0.0833	Endonuclease-reverse transcriptase
ASH	0.3333	0.0000	0.0061	0.0833	Abnormal spindle-like microcephaly-assoc'd, ASPM-SPD-2-Hydin
UVR	0.3332	0.0000	0.0394	0.3333	UvrB/uvrC motif
TMEM151	0.3328	0.0000	0.0230	0.1667	TMEM151 family
HAD	0.3321	0.0000	0.0195	0.1667	haloacid dehalogenase-like hydrolase
Dicer_dimer	0.3309	0.0000	0.0241	0.0833	Dicer dimerisation domain
Glyco_transf_15	0.3301	0.0000	0.0032	0.0833	Glycolipid 2-alpha-mannosyltransferase
Chitin_bind_1	0.3300	0.0000	0.0611	0.3333	Chitin recognition protein
HEPN	0.3300	0.0000	0.0611	0.3333	HEPN domain
EPSP_synthase	0.3295	0.0000	0.0466	0.2500	EPSP synthase (3-phosphoshikimate 1-carboxyvinyltransferase)
WD40_Prp19	0.3295	0.0000	0.0466	0.2500	Prp19 WD40 domain
Tub	0.3294	0.0000	0.0028	0.0833	Tub family
Lectin_C	0.3287	0.0000	0.0034	0.2500	Lectin C-type domain
CNOT11_N	0.3283	0.0000	0.0631	0.4167	CNOT11 N-terminal domain
AA_permease_C	0.3282	0.0000	0.2116	0.7500	C-terminus of AA_permease
7tm_2	0.3282	0.0000	0.2116	0.7500	7 transmembrane receptor (Secretin family)
Porphobil_deamC	0.3282	0.0000	0.2116	0.7500	Porphobilinogen deaminase, C-terminal domain
Porphobil_deam	0.3282	0.0000	0.2116	0.7500	Porphobilinogen deaminase, dipyromethane cofactor binding domain
SID-1_RNA_chan	0.3282	0.0000	0.2116	0.7500	dsRNA-gated channel SID-1
SHPRH_helical-1st	0.3282	0.0000	0.2116	0.7500	E3 ubiquitin-protein ligase SHPRH, first helical domain
LisH_PAC1	0.3282	0.0000	0.2116	0.7500	PAC1 LisH domain
Glyco_transf_41	0.3282	0.0000	0.2116	0.7500	Glycosyl transferase family 41
Talin_IBS2B	0.3282	0.0000	0.2116	0.7500	Talin IBS2B domain
ThiS	0.3282	0.0000	0.2116	0.7500	ThiS family
Talin_R4	0.3282	0.0000	0.2116	0.7500	Talin, R4 domain
PurK_C	0.3282	0.0000	0.2116	0.7500	Phosphoribosylaminoimidazole carboxylase C-terminal domain
Glyco_transf_28	0.3282	0.0000	0.2116	0.7500	Glycosyltransferase family 28 N-terminal domain
URO-D	0.3282	0.0000	0.2116	0.7500	Uroporphyrinogen decarboxylase (URO-D)
UPF0556	0.3282	0.0000	0.2116	0.7500	UPF0556 domain
UPF0552	0.3282	0.0000	0.2116	0.7500	Arp2/3-interacting proteins Arpin
ARS2	0.3282	0.0000	0.2116	0.7500	Arsenite-resistance protein 2
Eapp_C	0.3282	0.0000	0.2116	0.7500	EAPP beta-tent domain
LMF1	0.3282	0.0000	0.2116	0.7500	Lipase maturation factor transmembrane domain
DNase_II	0.3282	0.0000	0.2116	0.7500	Deoxyribonuclease II
COG3_Ccap	0.3282	0.0000	0.2116	0.7500	COG3 C-terminal cap domain
DSRM_DHX29	0.3282	0.0000	0.2116	0.7500	ATP-dependent RNA helicase DHX29, DSRM-like
DNA_ligase_aden	0.3282	0.0000	0.2116	0.7500	NAD-dependent DNA ligase adenylation domain
COR-B	0.3282	0.0000	0.2116	0.7500	C-terminal of Roc, COR-B domain
HPPK	0.3282	0.0000	0.2116	0.7500	7,8-dihydro-6-hydroxymethylpterin-pyrophosphokinase (HPPK)
Semialdhyde_dh	0.3282	0.0000	0.2116	0.7500	Semialdehyde dehydrogenase, NAD binding domain
COR-A	0.3282	0.0000	0.2116	0.7500	C-terminal of Roc, COR-A domain
HHH_2	0.3282	0.0000	0.2116	0.7500	Helix-hairpin-helix motif
Nlig-Ia	0.3282	0.0000	0.2116	0.7500	DNA ligase-like, N-terminal NAD+-binding domain
GARS_N	0.3282	0.0000	0.2116	0.7500	Phosphoribosylglycinamide synthetase, N domain
DUF3517	0.3282	0.0000	0.2116	0.7500	Domain of unknown function (DUF3517)
DUF1990	0.3282	0.0000	0.2116	0.7500	Domain of unknown function (DUF1990)
GATase_4	0.3282	0.0000	0.2116	0.7500	Glutamine amidotransferases class-II
GATase_5	0.3282	0.0000	0.2116	0.7500	CobB/CobQ-like glutamine amidotransferase domain
CSN1_C	0.3282	0.0000	0.2116	0.7500	COP9 signalosome complex subunit 1, C-terminal helix
OB_DNA_ligase	0.3282	0.0000	0.2116	0.7500	NAD-dependent DNA ligase OB-fold domain
Sdh_cyt	0.3282	0.0000	0.2116	0.7500	Succinate dehydrogenase/Fumarate reductase transmembrane subunit
WHD_ORC2	0.3282	0.0000	0.2116	0.7500	ORC2 WHD
WHD_ORC	0.3282	0.0000	0.2116	0.7500	Origin recognition complex winged helix C-terminal
DUF3452	0.3282	0.0000	0.2116	0.7500	Domain of unknown function (DUF3452)
MDM31_MDM32	0.3282	0.0000	0.2116	0.7500	Yeast mitochondrial distribution and morphology (MDM) proteins
DUF3384	0.3282	0.0000	0.2116	0.7500	Domain of unknown function (DUF3384)
RS_preATP-grasp-like	0.3282	0.0000	0.2116	0.7500	Ribonucleotide synthetase preATP-grasp domain
EF-hand_12	0.3282	0.0000	0.2116	0.7500	EF-hand fold domain
Urb2	0.3282	0.0000	0.2116	0.7500	Urb2/Npa2 family
STATa_Ig	0.3282	0.0000	0.2116	0.7500	STATa Immunoglobulin-like domain
Calcipressin	0.3282	0.0000	0.2116	0.7500	Calcipressin
Frizzled	0.3282	0.0000	0.2116	0.7500	Frizzled/Smoothened family membrane region
BAR_3	0.3282	0.0000	0.2116	0.7500	BAR domain of APPL family
WRKY	0.3282	0.0000	0.2116	0.7500	WRKY DNA -binding domain
GARS_C	0.3282	0.0000	0.2116	0.7500	Phosphoribosylglycinamide synthetase, C domain
GARS_A	0.3282	0.0000	0.2116	0.7500	Phosphoribosylglycinamide synthetase, ATP-grasp (A) domain
EGF_CA	0.3282	0.0000	0.2116	0.7500	Calcium-binding EGF domain
ATP-grasp	0.3282	0.0000	0.2116	0.7500	ATP-grasp domain
NAPRTase_C	0.3282	0.0000	0.2116	0.7500	Nicotinate phosphoribosyltransferase C-terminal domain
THH1_TOM1-3_dom	0.3282	0.0000	0.2116	0.7500	THH1/TOM1/TOM3 domain
Chalcone_2	0.3282	0.0000	0.2116	0.7500	Chalcone isomerase like
SPN1_m3Gcap_bd	0.3282	0.0000	0.2116	0.7500	Snurportin1, m3G cap-binding domain
P2X_receptor	0.3282	0.0000	0.2116	0.7500	ATP P2X receptor
FGAR-AT_PurM_N-like	0.3282	0.0000	0.2116	0.7500	FGAR-AT PurM_N-like domain
Htt_N-HEAT	0.3282	0.0000	0.2116	0.7500	Huntingtin, N-terminal HEAT
FGAR-AT_N	0.3282	0.0000	0.2116	0.7500	Formylglycinamide ribonucleotide amidotransferase N-terminal
NOL9_C	0.3282	0.0000	0.2116	0.7500	NOL9-like, C-terminal domain
KOW7_SPT5	0.3282	0.0000	0.2116	0.7500	Transcription elongation factor SPT5, seventh KOW domain
CBM49	0.3282	0.0000	0.2116	0.7500	Carbohydrate binding domain CBM49
ALAD	0.3282	0.0000	0.2116	0.7500	Delta-aminolevulinic acid dehydratase
RBM39linker	0.3282	0.0000	0.2116	0.7500	linker between RRM2 and RRM3 domains in RBM39 protein
TPR_TRAPPC9-Trs120	0.3282	0.0000	0.2116	0.7500	Trs120/TRAPPC9 TPR
Mob_synth_C	0.3282	0.0000	0.2116	0.7500	Molybdenum Cofactor Synthesis C
SAICAR_synt	0.3282	0.0000	0.2116	0.7500	SAICAR synthetase
AIRC	0.3282	0.0000	0.2116	0.7500	AIR carboxylase
AICARFT_IMPCHas	0.3282	0.0000	0.2116	0.7500	AICARFT/IMPCHase bienzyme
Vinculin	0.3282	0.0000	0.2116	0.7500	Vinculin family
MS_N	0.3282	0.0000	0.2116	0.7500	Malate synthase, N-terminal domain
SMUBP-2_HCS1_1B	0.3282	0.0000	0.2116	0.7500	Helicase SMUBP-2/HCS1, 1B domain
CCDC43_C	0.3282	0.0000	0.2116	0.7500	Coiled-coil domain-containing protein 43 C-terminal domain
UFL1_C	0.3282	0.0000	0.2116	0.7500	E3 UFM1-protein ligase 1 C-terminal domain
ARM_ECM29_C	0.3282	0.0000	0.2116	0.7500	ECM29, C-terminal ARM-like repeats
TOR1L1_N	0.3282	0.0000	0.2116	0.7500	TORTIFOLIA1 N-terminal
SHPRH_helical-2nd	0.3282	0.0000	0.2116	0.7500	E3 ubiquitin-protein ligase SHPRH, second helical domain
Dict-STAT-coil	0.3282	0.0000	0.2116	0.7500	Dictyostelium STAT, coiled coil
Peptidase_M17_N	0.3282	0.0000	0.2116	0.7500	Cytosol aminopeptidase family, N-terminal domain
TLN1-like_RS	0.3282	0.0000	0.2116	0.7500	Talin 1-like, rod segment domain
ODR4-like	0.3282	0.0000	0.2116	0.7500	Odorant response abnormal 4-like
Rif1_N	0.3282	0.0000	0.2116	0.7500	Rap1-interacting factor 1 N terminal
TMF_DNA_bd	0.3282	0.0000	0.2116	0.7500	TATA element modulatory factor 1 DNA binding
Lipin_mid	0.3282	0.0000	0.2116	0.7500	Lipin/Ned1/Smp2 multi-domain protein middle domain
Ig_NUP210_5th	0.3282	0.0000	0.2116	0.7500	NUP210 Ig-like domain 5
DUF7906	0.3282	0.0000	0.2116	0.7500	Domain of unknown function (DUF7906)
zf-C3H1	0.3282	0.0000	0.2116	0.7500	Putative zinc-finger domain
KA1	0.3282	0.0000	0.2116	0.7500	Kinase associated domain 1
Mis12	0.3282	0.0000	0.2116	0.7500	Mis12 protein
HemN_C	0.3282	0.0000	0.2116	0.7500	HemN C-terminal domain
FGAR-AT_linker	0.3282	0.0000	0.2116	0.7500	Formylglycinamide ribonucleotide amidotransferase linker domain
Pect-lyase_RHGA_epim	0.3280	0.0000	0.0176	0.0833	Rhamnogalacturonase A/epimerase, pectate lyase-like
AATase	0.3280	0.0000	0.0465	0.3333	Alcohol acetyltransferase
Leu_zip	0.3254	0.0000	0.0030	0.0833	Leucine zipper
CENP-L	0.3238	0.0000	0.0547	0.3333	Centromere protein L
PET117	0.3237	0.0000	0.0059	0.3333	PET assembly of cytochrome c oxidase, mitochondrial
TMEM_230_134	0.3231	0.0000	0.0035	0.0833	Transmembrane proteins 230/134
UfSP2_N	0.3220	0.0000	0.0463	0.2500	Ubiquitin-fold modifier 1 specific protease 2, N-terminal
LIN9_C	0.3220	0.0000	0.0463	0.2500	LIN9 C-terminal
RPA43_OB	0.3220	0.0000	0.0463	0.2500	RPA43 OB domain in RNA Pol I
Transcrip_reg	0.3205	0.0000	0.0688	0.0833	TACO1/YebC second and third domain
TACO1_YebC_N	0.3205	0.0000	0.0688	0.0833	TACO1/YebC protein N-terminal domain
GLOD4_C	0.3205	0.0000	0.0688	0.0833	Glyoxalasedomain-containing protein 4-like, C-terminal domain
Bfr1	0.3197	0.0000	0.0069	0.2500	Bfr1
Glyco_hydro_92	0.3192	0.0000	0.0214	0.3333	Glycosyl hydrolase family 92 catalytic domain
SPO22	0.3191	0.0000	0.0333	0.1667	Meiosis protein SPO22/ZIP4 like
DRY_EERY	0.3184	0.0000	0.0489	0.2500	Alternative splicing regulator
SPOC	0.3184	0.0000	0.0489	0.2500	SPOC domain
zf-C5HC2	0.3184	0.0000	0.0489	0.2500	C5HC2 zinc finger
DUF1963	0.3181	0.0000	0.0194	0.3333	Domain of unknown function (DUF1963)
GRDP-like	0.3162	0.0000	0.0444	0.1667	Glycine-rich domain-containing protein-like
Beta-prop_IFT140_1st	0.3159	0.0000	0.0235	0.0833	IFT140 first beta-propeller
CFAP99_CC	0.3159	0.0000	0.0235	0.0833	CFAP99 V-shaped coiled-coil domain
BBS7_pf	0.3157	0.0000	0.0215	0.0833	BBS7 platform domain
PI-PLC_X	0.3146	0.0000	0.0069	0.0833	PI-PLC X 1
CHORD	0.3143	0.0000	0.0227	0.5000	CHORD
BBS7_hp	0.3139	0.0000	0.0232	0.0833	BBS7 hairpin
Peptidase_M60	0.3137	0.0000	0.0431	0.2500	Peptidase M60, enhancin and enhancin-like
DUF3431	0.3124	0.0000	0.0221	0.0833	Protein of unknown function (DUF3431)
Forkhead	0.3124	0.0000	0.0221	0.0833	Forkhead domain
EGF_PEAR1L	0.3124	0.0000	0.0221	0.0833	Platelet endothelial aggregation receptor 1-like, EGF domain
AJM1_N	0.3122	0.0000	0.0377	0.6667	AJM-1 N-terminal domain
PHD_NSD	0.3097	0.0000	0.0208	0.5833	Histone-lysine N-methyltransferase NSD-like, PHD zinc finger
TPR_TNPO3_IPO13_3rd	0.3077	0.0000	0.0301	0.5000	Transportin-3/Importin-13 third TPR domain
TCTN_DUF1619	0.3073	0.0000	0.0180	0.0833	Tectonic domain of DUF1619
T4_deiodinase	0.3021	0.0000	0.0471	0.6667	Iodothyronine deiodinase
Dyp_perox_N	0.3021	0.0000	0.0471	0.6667	Dyp-type peroxidase, N-terminal
Glyco_hydro_30	0.3011	0.0000	0.0548	0.2500	Glycosyl hydrolase family 30 TIM-barrel domain
DUF6606	0.3011	0.0000	0.0548	0.2500	Family of unknown function (DUF6606)
LSM12_LSM	0.2987	0.0000	0.0191	0.2500	LSM12, LSM domain
GPR137_N	0.2982	0.0000	0.0209	0.4167	GPR137 N-terminal domain
ANAPC_CDC26	0.2953	0.0000	0.0264	0.5000	Anaphase-promoting complex APC subunit CDC26
TPR_DOP1	0.2953	0.0000	0.0264	0.5000	DOP1 TPR domain
GPP34	0.2953	0.0000	0.0260	0.5000	Golgi phosphoprotein 3 (GPP34)
CHB_HEX_C_1	0.2941	0.0000	0.0623	0.0000	Chitobiase/beta-hexosaminidase C-terminal domain
ARM_RUK	0.2929	0.0000	0.0238	0.0833	RUNKEL ARM-repeat domain
CEP70	0.2929	0.0000	0.0238	0.0833	CEP70
Ribosomal_S16	0.2927	0.0000	0.0339	0.0000	Ribosomal protein S16
Fer4_17	0.2925	0.0000	0.0278	0.1667	4Fe-4S dicluster domain
CDT1_C	0.2923	0.0000	0.0222	0.0833	DNA replication factor Cdt1 C-terminal domain
Glyco_hydro_2_C	0.2923	0.0000	0.0222	0.0833	Glycosyl hydrolases family 2, TIM barrel domain
SUCH1_C	0.2923	0.0000	0.0222	0.0833	Suppressor of spindle checkpoint defect 1 C-terminal domain
E_motif	0.2923	0.0000	0.0222	0.0833	E motif
DYW_deaminase	0.2923	0.0000	0.0222	0.0833	DYW family of nucleic acid deaminases
RPEL	0.2922	0.0000	0.0158	0.1667	RPEL repeat
CREG_beta-barrel	0.2921	0.0000	0.0592	0.3333	CREG, beta-barrel
AAA_lid_10	0.2912	0.0000	0.0463	0.5000	AAA lid domain
PAT1	0.2912	0.0000	0.0463	0.5000	Topoisomerase II-associated protein PAT1
SDA1_C	0.2912	0.0000	0.0463	0.5000	SDA1, C-terminal
HTH_23	0.2910	0.0000	0.0207	0.4167	Homeodomain-like domain
EloA-BP1	0.2903	0.0000	0.0451	0.4167	ElonginA binding-protein 1
FAE1_CUT1_RppA	0.2901	0.0000	0.0345	0.8333	FAE1/Type III polyketide synthase-like protein
ATG11	0.2899	0.0000	0.0234	0.1667	Autophagy-related protein 11
IntS14_C	0.2899	0.0000	0.0234	0.1667	Integrator complex subunit 14, alpha-helical domain
bZIP_Maf	0.2867	0.0000	0.0620	0.6667	bZIP Maf transcription factor
Gig2-like	0.2866	0.0000	0.0198	0.5000	Gig2-like
SHOCT	0.2856	0.0000	0.0332	0.3333	Short C-terminal domain
FBF1	0.2847	0.0000	0.0171	0.0833	Fas-binding factor 1
AAA_RNF213_3	0.2843	0.0000	0.0126	0.1667	RNF213 AAA domain
HUN	0.2842	0.0000	0.0684	0.4167	HPC2 and ubinuclein domain
CFAP61_dimer	0.2840	0.0000	0.0188	0.0833	CFAP61 dimerisation domain
BBS7_GAE	0.2840	0.0000	0.0188	0.0833	BBS7 GAE domain
Cohesin_load	0.2833	0.0000	0.0244	0.4167	Cohesin loading factor
SMN_YG-box	0.2830	0.0000	0.0142	0.3333	Survival Motor Neuron, YG-box
Beta-prop_WDR75_1st	0.2822	0.0000	0.0167	0.2500	WD repeat-containing protein 75 first beta-propeller
Sos7	0.2806	0.0000	0.0261	0.4167	Kinetochore protein Sos7
DUF2462	0.2806	0.0000	0.0261	0.4167	Protein of unknown function (DUF2462)
Glyco_hydro_92N	0.2801	0.0000	0.0185	0.2500	Glycosyl hydrolase family 92 N-terminal domain
ARM_KDM8_N	0.2794	0.0000	0.0184	0.1667	KDM8-like, N-terminal ARM repeats
ASXH	0.2793	0.0000	0.0295	0.2500	Asx homology domain
Glucan_synthase	0.2793	0.0000	0.0153	0.0833	1,3-beta-glucan synthase component
MOV-10_beta-barrel	0.2793	0.0000	0.0153	0.0833	Helicase MOV-10, beta-barrel domain
XYPPX	0.2787	0.0000	0.0449	0.4167	XYPPX repeat (two copies)
MWFE	0.2787	0.0000	0.0320	0.5000	NADH-ubiquinone oxidoreductase MWFE subunit
DUF8730	0.2784	0.0000	0.0148	0.3333	Domain of unknown function (DUF8730)
Fe_hyd_SSU	0.2783	0.0000	0.0373	0.5833	Iron hydrogenase small subunit
CNBH_CNNM2_C	0.2782	0.0000	0.0219	0.5833	Metal transporter CNNM2-like, C-terminal CNBH domain
FNIP_N	0.2782	0.0000	0.0219	0.5000	Folliculin-interacting protein N-terminal domain
TPLATE_C	0.2782	0.0000	0.0219	0.5000	TPLATE C-terminal domain
Pet100	0.2781	0.0000	0.0320	0.5000	Pet100
TFA2_E-tether	0.2778	0.0000	0.0617	0.4167	Tfa2 E-tether
ACT_AHAS_ss	0.2777	0.0000	0.0522	0.5000	AHAS small subunit-like ACT domain
DDB_G0281251	0.2776	0.0000	0.0218	0.5000	DDB_G0281251 small helical domain
Form_Nir_trans	0.2763	0.0000	0.0778	0.2500	Formate/nitrite transporter
FtsH_ext	0.2759	0.0000	0.0150	0.3333	FtsH Extracellular
ZBED1_RNase-like_helical	0.2754	0.0000	0.0433	0.2500	ZBED1 RNase-like helical domain
Casc1_N	0.2745	0.0000	0.0295	0.0833	Cancer susceptibility candidate 1 N-terminus
YbjQ_1	0.2731	0.0000	0.0188	0.0833	Putative heavy-metal-binding
Methyltransf_24	0.2731	0.0000	0.0188	0.0833	Methyltransferase domain
Trefoil	0.2731	0.0000	0.0188	0.0833	Trefoil (P-type) domain
Lipid_DES	0.2726	0.0000	0.0472	0.0000	Sphingolipid Delta4-desaturase (DES)
PPL4	0.2719	0.0000	0.0469	0.0000	Prim-pol 4
IFT43	0.2716	0.0000	0.0173	0.0833	Intraflagellar transport protein 43
IntS14_b-barrel	0.2714	0.0000	0.0114	0.2500	Integrator complex subunit 14, beta-barrel domain
CHAT	0.2701	0.0000	0.0836	0.2500	CHAT domain
DUF4750	0.2694	0.0000	0.0500	0.4167	Domain of unknown function (DUF4750)
DUF5662	0.2689	0.0000	0.0115	0.3333	Family of unknown function (DUF5662)
MgtE	0.2688	0.0000	0.0481	0.0000	Divalent cation transporter
ACT_7	0.2680	0.0000	0.0259	0.1667	ACT domain
Ribosomal_L9_C	0.2675	0.0000	0.0574	0.3333	Ribosomal protein L9, C-terminal domain
JTB	0.2670	0.0000	0.0329	0.2500	Jumping translocation breakpoint protein (JTB)
NTR2	0.2668	0.0000	0.0102	0.3333	Nineteen complex-related protein 2
PTHB1_GAE	0.2659	0.0000	0.0234	0.0833	PTHB1 GAE domain
TAGT	0.2658	0.0000	0.0143	0.1667	TET-Associated Glycosyltransferase
SIL1_FES1_HPBP1_C	0.2646	0.0000	0.0988	0.3333	SIL1/FES1/HPBP1 C-terminal domain
PIH1	0.2646	0.0000	0.0448	0.5000	PIH1 N-terminal domain
Glyco_transf_17	0.2631	0.0000	0.0083	0.3333	Glycosyltransferase family 17
Beta-prop_FBX42	0.2627	0.0000	0.0104	0.3333	FBX42, beta-propeller domain
RicinB_lectin_2	0.2621	0.0000	0.0196	0.4167	Ricin-type beta-trefoil lectin domain-like
Lipocalin_2	0.2617	0.0000	0.0274	0.2500	Lipocalin-like domain
AAA_19	0.2616	0.0000	0.0417	0.4167	AAA domain
PolyA_pol_RNAbd	0.2614	0.0000	0.1447	0.6667	Probable RNA and SrmB- binding site of polymerase A
AstE_AspA_cat	0.2598	0.0000	0.0166	0.2500	Succinylglutamate desuccinylase/Aspartoacylase catalytic domain
Barstar	0.2590	0.0000	0.0163	0.2500	Barstar (barnase inhibitor)
GPR_Gpa2_C	0.2581	0.0000	0.0264	0.3333	G protein-coupled glucose receptor regulating Gpa2 C-term
PLA2G12	0.2559	0.0000	0.0198	0.0833	Group XII secretory phospholipase A2 precursor (PLA2G12)
KIF21A_4th	0.2543	0.0000	0.0161	0.5833	KIF21A-like domain
TMEM214	0.2531	0.0000	0.0932	0.3333	TMEM214, C-terminal, caspase 4 activator
7tm_1	0.2527	0.0000	0.0215	0.2500	7 transmembrane receptor (rhodopsin family)
Exostosin_GT47	0.2523	0.0000	0.0063	0.0833	Exostosin GT47 domain
Nrap	0.2522	0.0000	0.0433	0.6667	Nrap protein domain 1
Nrap_D2	0.2522	0.0000	0.0433	0.6667	Nrap protein PAP/OAS-like domain
VMP1_C	0.2522	0.0000	0.0433	0.6667	Vacuole membrane protein 1 C-terminal helical domain
RVE6	0.2522	0.0000	0.0433	0.6667	REVEILLE 6-like domain
Nbas_N	0.2519	0.0000	0.0508	0.4167	Neuroblastoma-amplified sequence, N terminal
PRCC	0.2508	0.0000	0.0325	0.2500	Mitotic checkpoint regulator, MAD2B-interacting
PP2C_2	0.2508	0.0000	0.0165	0.3333	Protein phosphatase 2C
PEP-utilizers	0.2500	0.0000	0.1089	0.2500	PEP-utilising enzyme, mobile domain
PEP-utilizers_C	0.2500	0.0000	0.1089	0.2500	PEP-utilising enzyme, PEP-binding domain
LRR_TMOD-LMOD	0.2498	0.0000	0.0061	0.3333	TMOD/LMOD Leucine-rich domain
Nt_Gln_amidase	0.2493	0.0000	0.0476	0.0000	N-terminal glutamine amidase
API5	0.2491	0.0000	0.0273	0.5833	Apoptosis inhibitory protein 5 (API5)
Beta-prop_IP5PC_F	0.2485	0.0000	0.0062	0.0833	IP5P C-F beta-propeller
DUF8749	0.2483	0.0000	0.0272	0.5833	Domain of unknown function (DUF8749)
Spectrin	0.2483	0.0000	0.0272	0.5833	Spectrin repeat
CTLH_Armc9	0.2483	0.0000	0.0272	0.5833	Armc9, CTLH-like domain
DDHD	0.2483	0.0000	0.0272	0.5833	DDHD domain
Striatin	0.2483	0.0000	0.0272	0.5833	Striatin family
DUF2828	0.2483	0.0000	0.0272	0.5833	Domain of unknown function (DUF2828)
DUF4504	0.2483	0.0000	0.0272	0.5833	Domain of unknown function (DUF4504)
TFA2_Winged_2	0.2483	0.0000	0.0272	0.5833	TFA2 Winged helix domain 2
DUF7788	0.2483	0.0000	0.0272	0.5833	Domain of unknown function (DUF7788)
Myosin_N	0.2483	0.0000	0.0272	0.5833	Myosin N-terminal SH3-like domain
INT1_R3	0.2483	0.0000	0.0272	0.5833	Integrator complex subunit 1, R3 domain
PLDc_3	0.2483	0.0000	0.0272	0.5833	PLD3/4, PLD-like domain
PNRC	0.2483	0.0000	0.0272	0.5000	Proline-rich nuclear receptor coactivator motif
Terpene_syn_C_2	0.2482	0.0000	0.0272	0.5000	Terpene synthase family 2, C-terminal metal binding
BRCA2	0.2478	0.0000	0.0062	0.0833	BRCA2 repeat
DUF4615	0.2475	0.0000	0.0280	0.5000	Domain of unknown function (DUF4615)
zf-His_Me_endon	0.2471	0.0000	0.0257	0.1667	Zinc-binding loop region of homing endonuclease
DCAF1_helical	0.2471	0.0000	0.0066	0.0833	DCAF1 helical domain
LRR_At5g56370	0.2468	0.0000	0.0079	0.1667	FBD-associated F-box protein At5g56370, LRR repeats
NDUF_B12	0.2463	0.0000	0.0330	0.4167	NADH-ubiquinone oxidoreductase B12 subunit family
zf-RING_11	0.2458	0.0000	0.0059	0.0833	RING-like zinc finger
CDKN3	0.2457	0.0000	0.0373	0.2500	Cyclin-dependent kinase inhibitor 3 (CDKN3)
Glyoxalase_5	0.2457	0.0000	0.0459	0.3333	Hydroxyphenylpyruvate dioxygenase, HPPD, N-terminal
NPHP3_N	0.2455	0.0000	0.0055	0.4167	Nephrocystin 3, N-terminal
Bac_rhamnosid6H	0.2453	0.0000	0.0171	0.0833	Bacterial alpha-L-rhamnosidase 6 hairpin glycosidase domain
LARP1_HEAT	0.2447	0.0000	0.0708	0.6667	LARP1 HEAT repeat region
Zw10_middle	0.2447	0.0000	0.0708	0.6667	Centromere/kinetochore protein zw10, middle domain
HECT_2	0.2447	0.0000	0.0708	0.6667	HECT-like Ubiquitin-conjugating enzyme (E2)-binding
Glyco_trans_2_3	0.2447	0.0000	0.0708	0.6667	Glycosyl transferase family group 2
CDC24_OB1	0.2447	0.0000	0.0708	0.6667	Cell division control protein 24, OB domain 1
Ac45-VOA1_TM	0.2447	0.0000	0.0708	0.6667	V0 complex accessory subunit Ac45/VOA1 transmembrane domain
Golvesin_C	0.2447	0.0000	0.0708	0.6667	Golvesin C-terminal domain
Peptidase_M15	0.2447	0.0000	0.0708	0.6667	D-ala-D-ala dipeptidase
DcsG_N	0.2447	0.0000	0.0708	0.6667	D-cycloserine synthetase DcsG, N-terminal domain
DUF885	0.2447	0.0000	0.0708	0.6667	Bacterial protein of unknown function (DUF885)
SSL_N	0.2447	0.0000	0.0708	0.6667	Strictosidine synthase-like, N-terminal
MIT_C	0.2447	0.0000	0.0708	0.6667	Phospholipase D-like domain at C-terminus of MIT
PGP_phosphatase	0.2447	0.0000	0.0708	0.6667	Mitochondrial PGP phosphatase
CMS1	0.2447	0.0000	0.0708	0.6667	U3-containing 90S pre-ribosomal complex subunit
Mit_KHE1	0.2447	0.0000	0.0708	0.6667	Mitochondrial K+-H+ exchange-related
FAM32A	0.2447	0.0000	0.0708	0.6667	FAM32A
DDB_G0268712_C	0.2447	0.0000	0.0708	0.6667	DDB_G0268712 C-terminal domain
TPR_AP5Z1	0.2447	0.0000	0.0708	0.6667	AP-5 complex subunit zeta-1, TPR repeats
GCIP_C	0.2447	0.0000	0.0708	0.6667	Grap2 and cyclin-D-interacting, C-terminal
RLL	0.2447	0.0000	0.0708	0.6667	RNA transcription, translation and transport factor protein
IMD	0.2447	0.0000	0.0708	0.6667	IRSp53/MIM homology domain
Spt6_S1	0.2447	0.0000	0.0708	0.6667	Spt6, S1/OB domain
ENTR1	0.2447	0.0000	0.0708	0.6667	ENTR1
TRI4_N	0.2447	0.0000	0.0708	0.6667	TRI4 N-terminal domain
DUF2465	0.2447	0.0000	0.0708	0.6667	Protein of unknown function (DUF2465)
Sulfotransfer_1	0.2447	0.0000	0.0708	0.6667	Sulfotransferase domain
VATC	0.2447	0.0000	0.0708	0.6667	Vms1-associating treble clef domain
EF_assoc_1	0.2447	0.0000	0.0708	0.6667	EF hand associated
FslL_N	0.2447	0.0000	0.0708	0.6667	FslL N-terminal domain
SdrD_B	0.2447	0.0000	0.0708	0.6667	SdrD B-like domain
KRIT1_FRMD8_FERM_C	0.2447	0.0000	0.0708	0.6667	KRIT1/FRMD8, FERM domain C-lobe
GDH2_N	0.2447	0.0000	0.0708	0.6667	NAD-dependent glutamate dehydrogenase, N-terminal domain
Endosulfine	0.2447	0.0000	0.0708	0.6667	cAMP-regulated phosphoprotein/endosulfine conserved region
SIR2_2	0.2447	0.0000	0.0708	0.6667	SIR2-like domain
SLAC1	0.2447	0.0000	0.0708	0.6667	Voltage-dependent anion channel
zf-CCCH_DUS3L	0.2447	0.0000	0.0708	0.6667	DUS3L CCCH zinc finger domain
Ig_TRAPPC11_1st	0.2447	0.0000	0.0708	0.6667	TRAPPC11 first Ig-like domain
Importin_rep_3	0.2447	0.0000	0.0708	0.6667	Importin 13 repeat
Glycogen_syn	0.2447	0.0000	0.0708	0.6667	Glycogen synthase
Usp38-like_N	0.2447	0.0000	0.0708	0.6667	Ubiquitin carboxyl-terminal hydrolase 38-like, N-terminal domain
GCIP_N	0.2447	0.0000	0.0708	0.6667	Grap2 and cyclin-D-interacting, N-terminal
Peroxin-13_N	0.2447	0.0000	0.0708	0.6667	Peroxin 13, N-terminal region
AIF-1	0.2447	0.0000	0.0708	0.6667	Allograft inflammatory factor 1
DPM3	0.2447	0.0000	0.0708	0.6667	Dolichol-phosphate mannosyltransferase subunit 3 (DPM3)
Methyltransf_7	0.2447	0.0000	0.0708	0.6667	SAM dependent carboxyl methyltransferase
MCD_N	0.2445	0.0000	0.0328	0.0000	Malonyl-CoA decarboxylase N-terminal domain
RBP_receptor	0.2435	0.0000	0.0152	0.0833	Retinol binding protein receptor
SAT	0.2425	0.0000	0.0051	0.0833	Starter unit:ACP transacylase in aflatoxin biosynthesis
zf-TRAF_2	0.2419	0.0000	0.0213	0.1667	TRAF-like zinc-finger
DUF1996	0.2419	0.0000	0.0213	0.1667	Domain of unknown function (DUF1996)
Glyco_hydr_30_2	0.2419	0.0000	0.0213	0.1667	O-Glycosyl hydrolase family 30
CBM96	0.2419	0.0000	0.0213	0.1667	Carbohydrate-binding module family 96
AAT	0.2416	0.0000	0.0276	0.3333	Acyl-coenzyme A:6-aminopenicillanic acid acyl-transferase
INTS7_HB	0.2409	0.0000	0.0495	0.6667	Integrator complex subunit 7 helical bundle
Peptidase_M64	0.2407	0.0000	0.0051	0.0833	IgA Peptidase M64
DUF7789	0.2399	0.0000	0.0186	0.4167	Domain of unknown function (DUF7789)
CAND6-7_N	0.2396	0.0000	0.0203	0.3333	CAND6/7, N-terminal domain
Mannitol_dh	0.2393	0.0000	0.0251	0.1667	Mannitol dehydrogenase Rossmann domain
Mannitol_dh_C	0.2393	0.0000	0.0251	0.1667	Mannitol dehydrogenase C-terminal domain
KshA_C	0.2386	0.0000	0.0709	0.0833	3-Ketosteroid 9alpha-hydroxylase C-terminal domain
TMP-TENI	0.2386	0.0000	0.0709	0.0833	Thiamine monophosphate synthase
DUF5765	0.2386	0.0000	0.0709	0.0833	Family of unknown function (DUF5765)
TRP	0.2374	0.0000	0.0040	0.1667	Transient receptor potential (TRP) ion channel
Homoserine_dh	0.2359	0.0000	0.0262	0.2500	Homoserine dehydrogenase
YkuD	0.2354	0.0000	0.0159	0.3333	L,D-transpeptidase catalytic domain
DUF3689	0.2354	0.0000	0.0217	0.4167	Protein of unknown function (DUF3689)
Glyco_hydro_65C	0.2348	0.0000	0.0311	0.2500	Glycosyl hydrolase family 65, C-terminal domain
LRRNT_2	0.2343	0.0000	0.0039	0.2500	Leucine rich repeat N-terminal domain
CEP104_TOG	0.2338	0.0000	0.0231	0.0833	Centrosomal protein CEP104, TOG domain
PAF-AH_p_II	0.2328	0.0000	0.0743	0.0833	Platelet-activating factor acetylhydrolase, isoform II
AMG1_III	0.2324	0.0000	0.0780	0.0000	Phosphoacetylglucosamine mutase AMG1, domain III
Ddi2_HDD	0.2322	0.0000	0.0633	0.2500	Ddi2 HDD domain
FAM177	0.2317	0.0000	0.0375	0.6667	FAM177 family
WSC	0.2317	0.0000	0.0375	0.6667	WSC domain
CfaA_B_C	0.2317	0.0000	0.0375	0.6667	Counting factor-associated protein A/B/C
B56	0.2317	0.0000	0.0375	0.6667	Protein phosphatase 2A regulatory B subunit (B56 family)
MoaE	0.2317	0.0000	0.0375	0.6667	MoaE protein
NUP42_C	0.2314	0.0000	0.0255	0.1667	NUP42 C-terminal domain
PAS_4	0.2314	0.0000	0.0255	0.1667	PAS fold
AAA-ATPase_like	0.2314	0.0000	0.0255	0.1667	Predicted AAA-ATPase
Zn_ribbon_TOP3B	0.2309	0.0000	0.0774	0.4167	DNA topoisomerase 3-beta zinc ribbon domain
XG_FTase	0.2309	0.0000	0.0031	0.0833	Xyloglucan fucosyltransferase
TMA17_helical	0.2308	0.0000	0.0000	0.0833	TMA17 helical domain
Esterase_PHB	0.2308	0.0000	0.0000	0.0833	Esterase PHB depolymerase
Zn_ribbon_NUD	0.2308	0.0000	0.0109	0.0833	NADH pyrophosphatase zinc ribbon domain
RIX1	0.2308	0.0000	0.0000	0.3333	rRNA processing/ribosome biogenesis
MATH	0.2308	0.0000	0.0000	0.1667	MATH domain
Hexapep_GlmU	0.2308	0.0000	0.0000	0.1667	GlmU-like, C-terminal hexapeptide
TMEM254	0.2308	0.0000	0.0510	0.0000	Transmembrane protein 254
AMG1_II	0.2308	0.0000	0.0209	0.0000	Phosphoacetylglucosamine mutase AMG1, domain II
BTAD	0.2308	0.0000	0.0000	0.0000	Bacterial transcriptional activator domain
GNAT_acetyltran	0.2308	0.0000	0.0000	0.0833	GNAT acetyltransferase
CEP44	0.2306	0.0000	0.0032	0.0833	Centrosomal spindle body, CEP44
IFT74	0.2302	0.0000	0.0181	0.0833	Intraflagellar transport protein 74
CEP131_C	0.2302	0.0000	0.0181	0.0833	CEP131 C-terminal domain
Ig_NUP210_6th	0.2299	0.0000	0.0176	0.3333	NUP210-like, Ig-like domain 6
UBX7_N	0.2297	0.0000	0.0044	0.4167	UBX7 N-terminal domain
GST_C_5	0.2294	0.0000	0.0228	0.0833	Glutathione S-transferase, C-terminal domain
HELP	0.2294	0.0000	0.0030	0.1667	HELP motif
DUF5522	0.2293	0.0000	0.0228	0.0833	Family of unknown function (DUF5522)
QLQ	0.2287	0.0000	0.0182	0.2500	QLQ
Tex_N	0.2287	0.0000	0.0588	0.0833	Tex-like protein N-terminal domain
EML_helical	0.2287	0.0000	0.0228	0.0833	Embryogenesis-like protein helical domain
Glyco_hydro_72	0.2282	0.0000	0.0182	0.0833	Glucanosyltransferase
Wound_ind	0.2282	0.0000	0.0182	0.0833	Wound-inducible basic protein family
YccV-like	0.2282	0.0000	0.0182	0.0833	Hemimethylated DNA-binding protein YccV like
Zn_ribbon_IFT122_C	0.2282	0.0000	0.0182	0.0833	IFT122, C-terminal zinc ribbon domain
Glyco_transf_90	0.2282	0.0000	0.0182	0.0833	Glycosyl transferase family 90
RibD_C	0.2281	0.0000	0.0290	0.1667	RibD C-terminal domain
zf-C2H2_4	0.2281	0.0000	0.0188	0.0833	C2H2-type zinc finger
Iwr1	0.2263	0.0000	0.0260	0.0833	Transcription factor Iwr1
Abhydrolase_11	0.2258	0.0000	0.0159	0.1667	Alpha/beta hydrolase domain
PUNUT	0.2239	0.0000	0.0153	0.3333	Purine nucleobase transmembrane transport
CFAP161	0.2235	0.0000	0.0695	0.0000	Cilia- and flagella-associated protein 161-like domain
CCDC77	0.2235	0.0000	0.0695	0.0000	Coiled-coil domain-containing protein 77
Ig_NPHP4_4th	0.2223	0.0000	0.0292	0.0000	NPH4 Ig-like domain 4
TTC5_OB	0.2223	0.0000	0.0202	0.1667	Tetratricopeptide repeat protein 5 OB fold domain
AAA_21	0.2221	0.0000	0.0164	0.4167	AAA domain, putative AbiEii toxin, Type IV TA system
Ig_TMEM131L_4	0.2210	0.0000	0.0210	0.1667	TMEM131L fourth Ig-like domain
DUF4535	0.2208	0.0000	0.0042	0.2500	Domain of unknown function (DUF4535)
Semialdhyde_dhC	0.2207	0.0000	0.0423	0.2500	Semialdehyde dehydrogenase, dimerisation domain
ACT_9	0.2207	0.0000	0.0423	0.2500	ACT domain
ADPRTs_Tse2	0.2205	0.0000	0.0350	0.0000	Tse2 ADP-ribosyltransferase toxin
Fringe	0.2203	0.0000	0.0052	0.0833	Fringe-like
AAA_30	0.2202	0.0000	0.0171	0.3333	AAA domain
Ost4	0.2190	0.0000	0.0153	0.3333	Oligosaccaryltransferase
Propeptide_C1	0.2186	0.0000	0.0187	0.5000	Peptidase family C1 propeptide
MR_MLE_N	0.2184	0.0000	0.0213	0.1667	Mandelate racemase / muconate lactonizing enzyme, N-terminal domain
DUF2368	0.2179	0.0000	0.1169	0.3333	Uncharacterised conserved protein (DUF2368)
Pentapeptide_3	0.2179	0.0000	0.0212	0.2500	Pentapeptide repeats (9 copies)
dCMP_cyt_deam_2	0.2175	0.0000	0.0168	0.2500	Cytidine and deoxycytidylate deaminase zinc-binding region
Pyridox_ox_2	0.2175	0.0000	0.0168	0.2500	Pyridoxamine 5'-phosphate oxidase
Mei5	0.2175	0.0000	0.0168	0.2500	Double-strand recombination repair protein
Hexapep_2	0.2175	0.0000	0.0215	0.3333	Hexapeptide repeat of succinyl-transferase
Flavodoxin_2	0.2165	0.0000	0.0532	0.2500	Flavodoxin-like fold
Fn3_assoc	0.2158	0.0000	0.0217	0.0833	Fn3 associated
CDC24_OB2	0.2156	0.0000	0.0154	0.2500	Cell division control protein 24, OB domain 2
OB_POT1A	0.2156	0.0000	0.0154	0.2500	POT1A-like, OB fold domain
PIBF1	0.2155	0.0000	0.0133	0.0833	Progesterone-induced blocking factor 1
CC2D1A-B_DM14	0.2154	0.0000	0.0143	0.3333	Coiled-coil and C2 domain-containing protein 1, DM14 domain
DUF952	0.2149	0.0000	0.0219	0.0000	Protein of unknown function (DUF952)
Glyco_transf_25	0.2149	0.0000	0.0375	0.0833	Glycosyltransferase family 25 (LPS biosynthesis protein)
Spore_III_AA	0.2149	0.0000	0.0375	0.0833	Sporulation stage III, protein AA
Resolvase	0.2139	0.0000	0.0149	0.2500	Resolvase, N terminal domain
BPL_C	0.2133	0.0000	0.0178	0.2500	Biotin protein ligase C terminal domain
CCDC24	0.2130	0.0000	0.0142	0.0833	Coiled-coil domain-containing protein 24 family
CCDC146_C	0.2130	0.0000	0.0142	0.0833	CCDC146 C-terminal coiled-coil domain
CFA69_ARM_rpt	0.2130	0.0000	0.0142	0.0833	Cilia- and flagella-associated protein 69, ARM repeat
ASCH_2	0.2127	0.0000	0.0136	0.2500	ASCH domain
MDM10	0.2127	0.0000	0.0136	0.2500	Mitochondrial distribution and morphology protein 10
Cas1_AcylT	0.2075	0.0000	0.0085	0.0000	10 TM Acyl Transferase domain found in Cas1p
Mst1_SARAH	0.2060	0.0000	0.0107	0.1667	C terminal SARAH domain of Mst1
Hexokinase_1	0.2060	0.0000	0.0872	0.3333	Hexokinase
Hexokinase_2	0.2060	0.0000	0.0872	0.3333	Hexokinase
zf-HC5HC2H	0.2058	0.0000	0.0872	0.3333	PHD-like zinc-binding domain
NOV_C	0.2055	0.0000	0.0871	0.2500	Protein NO VEIN, C-terminal
Copper-bind	0.2050	0.0000	0.0215	0.3333	Copper binding proteins, plastocyanin/azurin family
SIBA-E_N	0.2049	0.0000	0.0607	0.6667	Integrin beta-like protein A-E, N-terminal
PDR_CDR	0.2049	0.0000	0.0607	0.6667	CDR ABC transporter
Bet_v_1_TRM44_N	0.2049	0.0000	0.0607	0.6667	TRM44-like, N-terminal bet v1-like domain
AdoMet_MTase	0.2049	0.0000	0.0607	0.6667	Predicted AdoMet-dependent methyltransferase
WHD_UFL1_5th	0.2049	0.0000	0.0607	0.6667	Winged helix-turn-helix domain 5 in UFL1 protein
CRTF_DBD	0.2049	0.0000	0.0607	0.6667	CAR1 transcription factor, DNA-binding domain
Ig_TRAPPC9-Trs120_3rd	0.2049	0.0000	0.0607	0.6667	Trs120/TRAPPC9, third Ig-like domain
SMG1	0.2049	0.0000	0.0607	0.6667	Serine/threonine-protein kinase smg-1
HEAT_NCAPD3_2	0.2049	0.0000	0.0607	0.6667	Condensin-2 complex subunit D3-like. HEAT repeats
HEAT_NCAPD3	0.2049	0.0000	0.0607	0.6667	Condensin-2 complex subunit D3-like. HEAT repeats
Njmu-R1	0.2049	0.0000	0.0607	0.6667	Njmu-R1-like protein family
TPD	0.2049	0.0000	0.0607	0.6667	Protein of unknown function TPD sequence-motif
INTS1_INTS2-bd	0.2049	0.0000	0.0607	0.6667	Integrator complex subunit 1, INTS2-binding domain
PP28	0.2049	0.0000	0.0607	0.6667	Casein kinase substrate phosphoprotein PP28
DUF5917	0.2049	0.0000	0.0607	0.6667	Family of unknown function (DUF5917)
CNDH2_C	0.2049	0.0000	0.0607	0.6667	Condensin II complex subunit CAP-H2 or CNDH2, C-terminal wHTH domain
UTP20_C	0.2049	0.0000	0.0607	0.6667	Small subunit processome component 20 homolog, C-terminal
CNDH2_N	0.2049	0.0000	0.0607	0.6667	Condensin II complex subunit CAP-H2 or CNDH2, N-terminal
DNA_ligase_IV	0.2049	0.0000	0.0607	0.6667	DNA ligase IV
APC1_C	0.2049	0.0000	0.0607	0.6667	Anaphase-promoting complex sub unit 1 C-terminal domain
PH_LRR1	0.2049	0.0000	0.0607	0.6667	LRR1 pleckstrin homology domain
SURF2	0.2049	0.0000	0.0607	0.6667	Surfeit locus protein 2 (SURF2)
SUZ-C	0.2049	0.0000	0.0607	0.6667	SUZ-C motif
STB6_N	0.2049	0.0000	0.0607	0.6667	STB6-like, N-terminal domain
CLN5	0.2049	0.0000	0.0607	0.6667	Ceroid-lipofuscinosis neuronal protein 5
YbjQ_3	0.2049	0.0000	0.0607	0.6667	C2 domain-containing protein 5, fifth YbjQ-like domain
REV3_N	0.2049	0.0000	0.0607	0.6667	DNA polymerase zeta catalytic subunit, N-terminal
RTA1	0.2049	0.0000	0.0607	0.6667	RTA1 like protein
Yae1_N	0.2049	0.0000	0.0607	0.6667	Essential protein Yae1, N terminal
NRDE-2	0.2049	0.0000	0.0607	0.6667	NRDE-2, necessary for RNA interference
RNA_polI_A34	0.2049	0.0000	0.0607	0.6667	DNA-directed RNA polymerase I subunit RPA34.5
CCDC28	0.2049	0.0000	0.0607	0.6667	Coiled-coil domain-containing protein 28
BRWD1_N	0.2049	0.0000	0.0607	0.6667	BRWD1-like, N-terminal domain
PHD_2	0.2049	0.0000	0.0607	0.6667	PHD-finger
RNA12	0.2049	0.0000	0.0607	0.6667	RNA12 protein
Mitofissin	0.2049	0.0000	0.0607	0.6667	Mitofissin
NDT80_PhoG	0.2049	0.0000	0.0607	0.6667	NDT80 / PhoG like DNA-binding  family
DUF4800	0.2049	0.0000	0.0607	0.6667	Domain of unknown function (DUF4800)
DUF384	0.2049	0.0000	0.0607	0.6667	Domain of unknown function (DUF384)
Mago-bind	0.2049	0.0000	0.0607	0.6667	Mago binding
Ig_SibA	0.2049	0.0000	0.0607	0.6667	SibA-like, immunoglobulin-like domain
zf-DBF	0.2049	0.0000	0.0607	0.6667	DBF zinc finger
AAA_lid_2	0.2049	0.0000	0.0607	0.6667	AAA lid domain
ABC_trans_N	0.2049	0.0000	0.0607	0.6667	ABC-transporter N-terminal
Ig_SIBA-E_2nd	0.2049	0.0000	0.0607	0.6667	Integrin beta-like protein A-E, second Ig-like domain
Annexin	0.2049	0.0000	0.0607	0.6667	Annexin
Thg1C	0.2049	0.0000	0.0607	0.6667	Thg1 C terminal domain
DUF3657	0.2049	0.0000	0.0607	0.6667	Protein FAM135
PA14	0.2049	0.0000	0.0607	0.6667	PA14 domain
GNAT_LYC1-like	0.2049	0.0000	0.0607	0.6667	LYC1 GNAT-like C-terminal domain
RTP1_C2	0.2049	0.0000	0.0607	0.6667	Required for nuclear transport of RNA pol II C-terminus 2
TFIIF_alpha	0.2049	0.0000	0.0607	0.6667	Transcription initiation factor IIF, alpha subunit (TFIIF-alpha)
Dicty_CTDC	0.2049	0.0000	0.0607	0.6667	Dictyostelium (slime mold) repeat
Ig-CFAP74_4th	0.2047	0.0000	0.0343	0.0000	CFAP74 forth Ig-like domain
Ig-CFAP74_3rd	0.2046	0.0000	0.0271	0.0000	CFAP74 third Ig-like domain
RRM_10	0.2045	0.0000	0.0503	0.6667	RRM domain
SH3_Tf2-1	0.2040	0.0000	0.0125	0.4167	Tf2-1-like, SH3 domain
DUF7803	0.2037	0.0000	0.0166	0.0000	Domain of unknown function (DUF7803)
CDC24_OB3	0.2036	0.0000	0.0117	0.3333	Cell division control protein 24, OB domain 3
clamp_Gag1-like	0.2035	0.0000	0.0117	0.1667	Gag1-like, clamp domain
SnoaL	0.2035	0.0000	0.0101	0.0833	SnoaL-like polyketide cyclase
SHOC1_PDDEXK	0.2032	0.0000	0.0249	0.3333	SHOC1 PDDEXK domain
PHAX_RNA-bd	0.2031	0.0000	0.0130	0.2500	Phosphorylated adapter RNA export protein, RNA-binding domain
Nup88	0.2029	0.0000	0.0111	0.2500	Nuclear pore component
VanA_C	0.2027	0.0000	0.0202	0.0833	Vanillate O-demethylase oxygenase C-terminal domain
CBAH	0.2027	0.0000	0.0202	0.0833	Linear amide C-N hydrolases, choloylglycine hydrolase family
Erythro_esteras	0.2027	0.0000	0.0202	0.0833	Erythromycin esterase
WHD_RNase_II	0.2027	0.0000	0.0202	0.0833	Ribonuclease II, winged helix domain
ADC	0.2027	0.0000	0.0202	0.0833	Acetoacetate decarboxylase (ADC)
GBD_ELAPOR1	0.2027	0.0000	0.0202	0.0833	ELAPOR1-like, galactose binding domain
SIMPL	0.2027	0.0000	0.0202	0.0833	Protein of unknown function (DUF541)
Adenosine_kin	0.2027	0.0000	0.0202	0.0833	Adenosine specific kinase
BATS	0.2027	0.0000	0.0202	0.0833	Biotin and Thiamin Synthesis associated domain
HydF_tetramer	0.2027	0.0000	0.0202	0.0833	Hydrogen maturase F tetramerization domain
GLUCM-like_C	0.2027	0.0000	0.0202	0.0833	D-glutamate cyclase-like, C-terminal
D-Glu_cyclase	0.2027	0.0000	0.0202	0.0833	D-glutamate cyclase
Mahjong_helical	0.2027	0.0000	0.0202	0.0833	Mahjong helical domain
Metallopep	0.2027	0.0000	0.0202	0.0833	Putative peptidase family
FF_PRPF40A	0.2027	0.0000	0.0202	0.0833	PRPF40A-like, FF domain
SMN_Tudor	0.2009	0.0000	0.0117	0.2500	Survival motor neuron protein (SMN), Tudor domain
Wbp11	0.2001	0.0000	0.0142	0.3333	WW domain binding protein 11
Ig_NUP210_16th	0.2000	0.0000	0.0327	0.1667	NUP210-like, Ig-like domain 16
YgaP-like_TM	0.1995	0.0000	0.0303	0.0833	Inner membrane protein YgaP-like, transmembrane domain
COX2	0.1989	0.0000	0.0109	0.3333	Cytochrome C oxidase subunit II, periplasmic domain
MinE	0.1984	0.0000	0.0089	0.2500	Septum formation topological specificity factor MinE
MinC_C	0.1984	0.0000	0.0089	0.2500	Septum formation inhibitor MinC, C-terminal domain
AtuA_ferredoxin	0.1983	0.0000	0.0421	0.6667	AtuA ferredoxin-like domain
PHA02142	0.1983	0.0000	0.0421	0.6667	PHA02142 OB-fold domain
AtuA	0.1983	0.0000	0.0421	0.6667	Acyclic terpene utilisation family protein AtuA
AP5B1_middle	0.1983	0.0000	0.0421	0.6667	AP5B1, middle domain
Proton_antipo_M	0.1980	0.0000	0.0109	0.3333	NADH:quinone oxidoreductase/Mrp antiporter, TM
Succ_CoA_lig	0.1979	0.0000	0.0500	0.0833	Succinyl-CoA ligase like flavodoxin domain
Gly-zipper_C13G5-2	0.1978	0.0000	0.0092	0.0833	C13G5.2-like, glycine zipper domain
Pro_racemase	0.1971	0.0000	0.0093	0.0833	Proline racemase
FBA	0.1970	0.0000	0.0100	0.1667	F-box associated region
UIM_2	0.1969	0.0000	0.0092	0.2500	Ubiquitin interaction motif
DUF3474	0.1963	0.0000	0.0107	0.2500	Domain of unknown function (DUF3474)
FWWh	0.1962	0.0000	0.0249	0.0833	Protein of unknown function
SPEF2_D5	0.1962	0.0000	0.0249	0.0833	CPC1/SPEF2 domain D5
Asp_DH_C	0.1962	0.0000	0.0249	0.0833	Aspartate dehydrogenase, C-terminal
MRJP	0.1962	0.0000	0.0249	0.0833	Major royal jelly protein
ESSS	0.1946	0.0000	0.0773	0.0000	ESSS subunit of NADH:ubiquinone oxidoreductase (complex I)
PAP-OAS1	0.1944	0.0000	0.0925	0.0000	PAP/OAS1 substrate-binding domain
BBS2_CtH	0.1941	0.0000	0.0770	0.0000	BBS2 C-terminal helix bundle
TACC_C	0.1941	0.0000	0.0130	0.1667	Transforming acidic coiled-coil-containing protein (TACC), C-terminal
Peptidase_S15	0.1939	0.0000	0.0768	0.0000	X-Pro dipeptidyl-peptidase (S15 family)
SecA_DEAD	0.1935	0.0000	0.0079	0.4167	SecA DEAD-like domain
P-loop_SecA	0.1935	0.0000	0.0079	0.4167	SecA P-loop domain
C1_2	0.1934	0.0000	0.0103	0.2500	C1 domain
FAM221	0.1924	0.0000	0.0761	0.0000	Protein FAM221A/B
T2SSF	0.1921	0.0000	0.0271	0.0000	Type II secretion system (T2SS), protein F
GDA1_CD39	0.1912	0.0000	0.0319	0.0833	GDA1/CD39 (nucleoside phosphatase) family
CCDC146_CC_N	0.1899	0.0000	0.0210	0.0833	CCDC146 N-terminal coiled-coil region
zf-C2H2_6	0.1896	0.0000	0.0072	0.0833	C2H2-type zinc finger
PAAT-like	0.1895	0.0000	0.0077	0.2500	ATPase PAAT-like
PARP6_N	0.1892	0.0000	0.0079	0.0833	PARP6/PARP8 N-terminal domain
Zn_ribbon_10	0.1888	0.0000	0.0204	0.5833	ER junction formation factor lunapark, zinc ribbon finger
Methyltrn_RNA_3	0.1888	0.0000	0.0204	0.5833	Putative RNA methyltransferase
Thy1	0.1888	0.0000	0.0204	0.5833	Thymidylate synthase complementing protein
DUF1206	0.1880	0.0000	0.0117	0.2500	Domain of Unknown Function (DUF1206)
ASC	0.1880	0.0000	0.0077	0.0833	Amiloride-sensitive sodium channel
CAP59_mtransfer	0.1876	0.0000	0.0211	0.0833	Cryptococcal mannosyltransferase 1
LRR_ComC	0.1868	0.0000	0.0174	0.5000	EGF-like domain-containing protein ComC LRR domain
LisH_2	0.1867	0.0000	0.0244	0.0833	LisH
Peptidase_M54	0.1865	0.0000	0.0268	0.0833	Peptidase family M54
2OG-FeII_Oxy_4	0.1865	0.0000	0.0268	0.0833	2OG-Fe(II) oxygenase superfamily
DCAF1_4th	0.1865	0.0000	0.0268	0.0833	DCAF1 fourth domain
ADSL_C	0.1865	0.0000	0.0268	0.0833	Adenylosuccinate lyase C-terminus
DENND11	0.1865	0.0000	0.0268	0.0833	DENN domain-containing protein 11
HK	0.1865	0.0000	0.0268	0.0833	Hydroxyethylthiazole kinase family
NamZ_C	0.1865	0.0000	0.0268	0.0833	Exo-beta-N-acetylmuramidase NamZ, C-terminal
SSB	0.1865	0.0000	0.0268	0.0833	Single-strand binding protein family
ATAD2_C	0.1865	0.0000	0.0268	0.0833	ATAD2 ATPase C-terminal domain
TENA_THI-4	0.1865	0.0000	0.0268	0.0833	TENA/THI-4/PQQC family
Peptidase_M19	0.1865	0.0000	0.0268	0.0833	Membrane dipeptidase (Peptidase family M19)
Ofd1_CTDD	0.1865	0.0000	0.0268	0.0833	Oxoglutarate and iron-dependent oxygenase degradation C-term
NamZ_N	0.1865	0.0000	0.0268	0.0833	Exo-beta-N-acetylmuramidase NamZ, N-terminal
Peripla_BP_6	0.1865	0.0000	0.0268	0.0833	Periplasmic binding protein
SPBC1E8_03c_C	0.1864	0.0000	0.0073	0.0833	SPBC1E8.03c C-terminal domain
CMC4	0.1858	0.0000	0.0063	0.0833	Cx9C motif-containing protein 4
C2orf69	0.1858	0.0000	0.0063	0.0833	C2orf69
MHYT	0.1857	0.0000	0.0217	0.1667	Bacterial signalling protein N terminal repeat
TMEM181_GOLD	0.1854	0.0000	0.0071	0.1667	TMEM181, GOLD domain
NCAPD3_N	0.1849	0.0000	0.0087	0.2500	Condensin-2 complex subunit D3-like, N-terminal domain
HPS3_N	0.1849	0.0000	0.0087	0.2500	Hermansky-Pudlak syndrome 3 protein, N-terminal
4HBT_3	0.1845	0.0000	0.0048	0.0833	Acyl-CoA thioesterase N-terminal domain
MMPL	0.1830	0.0000	0.0537	0.2500	MMPL family
Fructosamin_kin	0.1828	0.0000	0.0138	0.0833	Fructosamine kinase
Septin	0.1825	0.0000	0.0103	0.3333	Septin
DUF8079	0.1825	0.0000	0.0754	0.0000	Repeat of unknown function (DUF8079)
CFAP96-like	0.1825	0.0000	0.0754	0.0000	Cilia-and flagella-associated protein 96
ODAD1_CC	0.1825	0.0000	0.0754	0.0000	ODAD1 central coiled coil region
CEP76_N	0.1825	0.0000	0.0754	0.0000	CEP76 N-terminal domain
DUF501	0.1825	0.0000	0.0754	0.0000	Protein of unknown function (DUF501)
PARP_regulatory	0.1825	0.0000	0.0754	0.0000	Poly A polymerase regulatory subunit
PCIF1_WW	0.1825	0.0000	0.0754	0.0000	Phosphorylated CTD interacting factor 1 WW domain
ATP-grasp_IQCH	0.1825	0.0000	0.0754	0.0000	IQCH-like, ATP-grasp
C2-C2_1	0.1825	0.0000	0.0754	0.0000	First C2 domain of RPGR-interacting protein 1
PTHB1_pf	0.1825	0.0000	0.0754	0.0000	PTHB1 platform domain
HHH_3	0.1823	0.0000	0.0162	0.0833	Helix-hairpin-helix motif
HNH_2	0.1818	0.0000	0.0080	0.2500	HNH endonuclease
DUF2415	0.1810	0.0000	0.0057	0.0833	Uncharacterised protein domain (DUF2415)
TMEM170A_B	0.1807	0.0000	0.1275	0.6667	Transmembrane protein 170A/B-like
Dynactin_p22	0.1807	0.0000	0.1275	0.6667	Dynactin subunit p22
Slowpoke_C	0.1803	0.0000	0.0169	0.1667	Ca2+-activated K+ channel Slowpoke, TrkA_C like domain
Peptidase_C14	0.1803	0.0000	0.0228	0.4167	Caspase domain
PBP2_Ca3427_like	0.1801	0.0000	0.0181	0.1667	Ca3427-like PBP
4HBT_3C	0.1798	0.0000	0.0056	0.0833	Acyl-CoA thioesterase C-terminal domain
Tyrosinase	0.1797	0.0000	0.0067	0.2500	Common central domain of tyrosinase
2TM_P5A-ATPase	0.1794	0.0000	0.0043	0.2500	P5A-ATPase, transmembrane helical hairpin
Guanylate_cyc_2	0.1761	0.0000	0.0183	0.4167	Guanylylate cyclase
Complex1_49kDa	0.1760	0.0000	0.0043	0.2500	Respiratory-chain NADH dehydrogenase, 49 Kd subunit
Ig_CFAP65_8th	0.1758	0.0000	0.0316	0.0833	CFAP65, eight Ig-like domain
Ig_CFAP65_7th	0.1758	0.0000	0.0316	0.0833	CFAP65, seventh Ig-like domain
Ig_CFAP65_4th	0.1758	0.0000	0.0316	0.0833	CFAP65, fourth Ig-like domain
Transmemb_17	0.1758	0.0000	0.0316	0.0833	Predicted membrane protein
Beta-prop_IFT140_2nd	0.1758	0.0000	0.0316	0.0833	IFT140 second beta-propeller
Acetyltransf_16	0.1758	0.0000	0.0316	0.0833	GNAT acetyltransferase, Mec-17
CH_2	0.1758	0.0000	0.0316	0.0833	CH-like domain in sperm protein
CLAMP	0.1758	0.0000	0.0316	0.0833	Flagellar C1a complex subunit C1a-32
Ig_CFAP65__9th	0.1758	0.0000	0.0316	0.0833	Cilia- and flagella-associated protein 65-like, Ig-like domain
FOP_dimer	0.1758	0.0000	0.0316	0.0833	FOP N terminal dimerisation domain
YbeY	0.1758	0.0000	0.0316	0.0833	Endoribonuclease YbeY
SHIPPO-rpt	0.1758	0.0000	0.0316	0.0833	Sperm-tail PG-rich repeat
MIP-T3	0.1758	0.0000	0.0316	0.0833	Microtubule-binding protein MIP-T3 CH-like domain
IG_AIR9	0.1758	0.0000	0.0316	0.0833	AIR9 A9 domain
CFAP300	0.1758	0.0000	0.0316	0.0833	Cilia- and flagella-associated protein 300
DUF1619_N	0.1758	0.0000	0.0316	0.0833	N-terminal domain of DUF1619
ARL2_Bind_BART	0.1758	0.0000	0.0316	0.0833	The ARF-like 2 binding protein BART
Hmw_CFAP97	0.1758	0.0000	0.0316	0.0833	Hemingway/CFA97
IFT81_CH	0.1758	0.0000	0.0316	0.0833	Intraflagellar transport 81 calponin homology domain
MIP-T3_C	0.1758	0.0000	0.0316	0.0833	Microtubule-binding protein MIP-T3 C-terminal region
CEP19	0.1758	0.0000	0.0316	0.0833	CEP19-like protein
Ig_CFAP65	0.1758	0.0000	0.0316	0.0833	Cilia- and flagella-associated protein 65-like, Ig-like domain
Beta-prop_BBS7	0.1756	0.0000	0.0316	0.0833	BBS7 beta-propeller
CFAP91	0.1756	0.0000	0.0316	0.0833	Cilia- and flagella-associated protein 91
CFAP61_N	0.1756	0.0000	0.0316	0.0833	Cilia- and flagella-associated protein 61, N-terminal domain
DYNC2H1_AAA_dom	0.1756	0.0000	0.0316	0.0833	Cytoplasmic dynein 2 heavy chain 1, AAA+ ATPase domain
DUF7898	0.1752	0.0000	0.0126	0.1667	Domain of unknown function (DUF7898)
Complex1_30kDa	0.1747	0.0000	0.0043	0.2500	Respiratory-chain NADH dehydrogenase, 30 Kd subunit
TPLATE_Ig	0.1735	0.0000	0.0173	0.3333	TPLATE immunoglobulin-like domain
PA_decarbox	0.1732	0.0000	0.0156	0.0833	Phenolic acid decarboxylase (PAD)
Pkinase_fungal	0.1722	0.0000	0.0057	0.1667	Fungal protein kinase
DUF6010	0.1718	0.0000	0.0044	0.3333	Family of unknown function (DUF6010)
CEP131_CC	0.1717	0.0000	0.0047	0.0833	CEP131 coiled-coil domain
Ig_Dlec1_1	0.1716	0.0000	0.0045	0.0833	Deleted in lung and esophageal cancer protein 1 Ig domain
BRE	0.1716	0.0000	0.0045	0.0833	Brain and reproductive organ-expressed protein (BRE)
LacAB_rpiB	0.1708	0.0000	0.1116	0.2500	Ribose/Galactose Isomerase
RNF34L-like_3rd	0.1706	0.0000	0.0038	0.0833	E3 ubiquitin-protein ligase rififylin-like domain
ACP_syn_III_C	0.1700	0.0000	0.0462	0.3333	3-Oxoacyl-[acyl-carrier-protein (ACP)] synthase III C terminal
DUF4455	0.1699	0.0000	0.0037	0.0833	Domain of unknown function (DUF4455)
Pkr1	0.1696	0.0000	0.1036	0.2500	ER protein Pkr1
Il2rg	0.1693	0.0000	0.0040	0.0833	Putative Interleukin 2 receptor, gamma chain
CotH	0.1677	0.0000	0.0172	0.0833	CotH kinase protein
SBF_like	0.1677	0.0000	0.0172	0.0833	SBF-like CPA transporter family (DUF4137)
UPF0193	0.1675	0.0000	0.0323	0.0000	Uncharacterised protein family (UPF0193)
PIGBOS1	0.1673	0.0000	0.0204	0.4167	PIGBOS1-like
TPR_14	0.1667	0.0000	0.0000	0.0833	Tetratricopeptide repeat
IPT	0.1667	0.0000	0.0070	0.2500	Isopentenyl transferase
COX1	0.1667	0.0000	0.0000	0.2500	Cytochrome C and Quinol oxidase polypeptide I
LRR_Zer-1	0.1667	0.0000	0.0000	0.0833	Zer-1-like, Leucine-rich repeats
Collagen	0.1667	0.0000	0.0000	0.1667	Collagen triple helix repeat (20 copies)
Collar	0.1667	0.0000	0.0000	0.2500	Phage Tail Collar Domain
Ribosomal_L41	0.1667	0.0000	0.0000	0.0000	Ribosomal protein L41
DUF7630	0.1667	0.0000	0.0000	0.0833	Domain of unknown function (DUF7630)
LRR_EndoS	0.1667	0.0000	0.0000	0.1667	Endo-beta-N-acetylglucosaminidase EndoS LRR domain
Herpes_Helicase	0.1667	0.0000	0.0229	0.0833	Helicase
RVT_3	0.1667	0.0000	0.0000	0.0000	Reverse transcriptase-like
GP46_beta	0.1667	0.0000	0.0437	0.0000	Surface membrane glycoprotein GP46/M-2, beta-sheet domain
CX9C	0.1667	0.0000	0.0000	0.0000	CHCH-CHCH-like Cx9C, IMS import disulfide relay-system,
Alb1	0.1667	0.0000	0.0000	0.0000	Alb1
MS_channel_1st	0.1667	0.0000	0.0000	0.0000	Mechanosensitive ion channel, transmembrane helices 2/3
Ala_racemase_C	0.1666	0.0000	0.0480	0.0833	Alanine racemase, C-terminal domain
ArgoN	0.1663	0.0000	0.0186	0.1667	N-terminal domain of argonaute
Apolipoprotein	0.1658	0.0000	0.0257	0.0833	Apolipoprotein A1/A4/E domain
ORC5_lid	0.1657	0.0000	0.0137	0.3333	ORC5, lid domain
Beta-prop_RIG_1st	0.1657	0.0000	0.0137	0.3333	RIG first beta-propeller
HTH_28	0.1655	0.0000	0.0231	0.2500	Helix-turn-helix domain
Coilin_N	0.1655	0.0000	0.0231	0.2500	Coilin N-terminus
Big_5	0.1654	0.0000	0.0031	0.1667	Bacterial Ig-like domain
UPF0515	0.1641	0.0000	0.0028	0.0833	Uncharacterised protein UPF0515
Membralin	0.1640	0.0000	0.0049	0.2500	Tumour-associated protein
WD40_MABP1-WDR62_2nd	0.1638	0.0000	0.0141	0.0833	MABP1/WDR62 second WD40 domain
CSN7a_helixI	0.1638	0.0000	0.0141	0.0833	COP9 signalosome complex subunit 7a helix I domain
AAA_RNF213_1	0.1638	0.0000	0.0141	0.0833	RNF213 AAA domain
PP2	0.1638	0.0000	0.0141	0.0833	Phloem protein 2
Peptidase_S41	0.1638	0.0000	0.0141	0.0833	Peptidase family S41
CCDC15_C	0.1638	0.0000	0.0141	0.0833	Coiled-coil domain-containing protein 15 C-terminal domain
CEP83_CC_1st	0.1638	0.0000	0.0141	0.0833	CEP83 first coiled-coil
IF3_C	0.1638	0.0000	0.0141	0.0833	Translation initiation factor IF-3, C-terminal domain
Temptin_C	0.1638	0.0000	0.0141	0.0833	Temptin C-terminal
ODC_AZ	0.1638	0.0000	0.0141	0.0833	Ornithine decarboxylase antizyme
PSI	0.1635	0.0000	0.0357	0.2500	Plexin repeat
CFAP70_C2	0.1625	0.0000	0.0119	0.0833	Cilia and flagella-associated protein 70 C2 domain
CCDC61_N	0.1625	0.0000	0.0127	0.0833	CCDC61 N-terminal domain
Inhibitor_I42	0.1622	0.0000	0.0745	0.2500	Chagasin family peptidase inhibitor I42
Y80K_N	0.1622	0.0000	0.0038	0.2500	Uncharacterised 80 kDa protein N-terminal domain
Fer4_NDSU1	0.1617	0.0000	0.0039	0.2500	NADH-ubiquinone oxidoreductase NDSU1/NuoG-like, 4Fe-4S domain
Trypsin	0.1607	0.0000	0.0188	0.0833	Trypsin
DUF8614	0.1606	0.0000	0.0468	0.1667	Domain of unknown function (DUF8614)
DUF5578	0.1603	0.0000	0.0380	0.0000	Family of unknown function (DUF5578)
TAF1_subA	0.1599	0.0000	0.0348	0.2500	TAF RNA Polymerase I subunit A
Pr_beta_C	0.1594	0.0000	0.0030	0.2500	Proteasome beta subunits C terminal
Val_tRNA-synt_C	0.1593	0.0000	0.0566	0.0833	Valyl tRNA synthetase tRNA binding arm
Peptidase_C11	0.1585	0.0000	0.0571	0.0000	Clostripain family
Complex1_LYR_1	0.1584	0.0000	0.0352	0.0000	Complex1_LYR-like
MafB19-deam	0.1524	0.0000	0.0231	0.3333	MafB19-like deaminase
CoA_binding_2	0.1522	0.0000	0.0061	0.1667	CoA binding domain
AAA_31	0.1520	0.0000	0.0160	0.3333	AAA domain
MRP_L53	0.1516	0.0000	0.0237	0.3333	39S ribosomal protein L53/MRP-L53
Stm1_N	0.1513	0.0000	0.0031	0.0833	Stm1
ARM_KNTC1_1st	0.1513	0.0000	0.0031	0.0833	KNTC1 first ARM-repeats domain
Tcp10_C	0.1502	0.0000	0.0128	0.0000	T-complex protein 10 C-terminus
ART	0.1499	0.0000	0.0231	0.0000	NAD:arginine ADP-ribosyltransferase
Mlf1IP	0.1499	0.0000	0.0231	0.0000	Myelodysplasia-myeloid leukemia factor 1-interacting protein
SPMIP1	0.1493	0.0000	0.0082	0.0000	Sperm microtubule inner protein 1
DUF1349	0.1491	0.0000	0.1053	0.1667	Protein of unknown function (DUF1349)
DUF2678	0.1489	0.0000	0.0171	0.4167	Protein of unknown function (DUF2678)
BtpA	0.1488	0.0000	0.0074	0.1667	BtpA family
At4g15545_C	0.1481	0.0000	0.0233	0.0833	At4g15545-like, C-terminal domain
CMD	0.1481	0.0000	0.0233	0.0833	Carboxymuconolactone decarboxylase family
DUF2306	0.1481	0.0000	0.0233	0.0833	Predicted membrane protein (DUF2306)
UvdE	0.1481	0.0000	0.0233	0.0833	UV-endonuclease UvdE
TB2_DP1_HVA22	0.1481	0.0000	0.0233	0.0833	TB2/DP1, HVA22 family
CEP89	0.1481	0.0000	0.0233	0.0833	Centrosomal protein of 89 kDa
PIRC1_2	0.1481	0.0000	0.0233	0.0833	Piercer of microtubule wall 1/2
Rax2	0.1481	0.0000	0.0233	0.0833	Rax2 C-terminal beta propeller domain
SnAC	0.1481	0.0000	0.0233	0.0833	Snf2-ATP coupling, chromatin remodelling complex
CC2D2AN-C2	0.1481	0.0000	0.0233	0.0833	CC2D2A N-terminal C2 domain
ARMC9_ARM	0.1481	0.0000	0.0233	0.0833	LisH domain-containing protein ARMC9, ARM repeats
2H-SAK	0.1481	0.0000	0.0233	0.0833	Swiss Army Knife, 2H phosphoesterase domain
YrhK	0.1481	0.0000	0.0233	0.0833	YrhK-like protein
HAUS2	0.1481	0.0000	0.0233	0.0833	HAUS augmin-like complex subunit 2
Pecanex_C	0.1481	0.0000	0.0233	0.0833	Pecanex protein (C-terminus)
Sec3-PIP2_bind	0.1481	0.0000	0.0233	0.0833	Exocyst complex component SEC3 N-terminal PIP2 binding PH
Rad60-SLD_2	0.1479	0.0000	0.0063	0.0833	Ubiquitin-2 like Rad60 SUMO-like
RXYLT1_C	0.1464	0.0000	0.0109	0.0833	RXYLT1 C-terminal domain
Thioesterase	0.1464	0.0000	0.0109	0.0833	Thioesterase domain
Znf_XAF1_N	0.1464	0.0000	0.0109	0.0833	XIAP-associated factor 1-like, N-terminal zinc finger
SBP56	0.1464	0.0000	0.0109	0.0833	56kDa selenium binding protein (SBP56)
Fz	0.1464	0.0000	0.0109	0.0833	Fz domain
Coa3_cc	0.1462	0.0000	0.0278	0.0833	Cytochrome c oxidase assembly factor 3
FAM184	0.1453	0.0000	0.0067	0.0000	Family with sequence similarity 184, A and B
Ribosomal_S6	0.1452	0.0000	0.0446	0.0000	Ribosomal protein S6
T2SSE	0.1452	0.0000	0.0446	0.0000	Type II/IV secretion system protein
zf-C3HC4_4	0.1444	0.0000	0.0329	0.0000	zinc finger of C3HC4-type, RING
zf-CCHC_6	0.1443	0.0000	0.1040	0.1667	Zinc knuckle
NpwBP	0.1426	0.0000	0.0229	0.2500	mRNA biogenesis factor
MinC_N	0.1424	0.0000	0.0143	0.2500	Septum formation inhibitor MinC, N-terminal domain
PT	0.1413	0.0000	0.0166	0.3333	PT disordered repeat
RMI1_N_N	0.1407	0.0000	0.0114	0.3333	RMI1, N-terminal helical domain
MPSS1_M	0.1404	0.0000	0.0299	0.0000	Mitochondrial 3' processome subunit 1 middle domain
Anamorsin_N	0.1403	0.0000	0.0132	0.2500	Anamorsin, N-terminal
TIM21	0.1403	0.0000	0.0132	0.2500	TIM21
Tom7	0.1403	0.0000	0.0132	0.2500	TOM7 family
RHG20_PH	0.1403	0.0000	0.0132	0.2500	Rho GTPase-activating protein 20, PH domain
UBL_USP40	0.1403	0.0000	0.0132	0.2500	USP40 ubiquitin-like domain
2-thiour_desulf	0.1403	0.0000	0.0069	0.0000	2-thiouracil desulfurase
Expansin_N	0.1396	0.0000	0.0452	0.8333	Expansin N-terminal domain
DUF900	0.1396	0.0000	0.0452	0.8333	Alpha/beta hydrolase of unknown function (DUF900)
TFIIE_beta	0.1396	0.0000	0.0452	0.8333	TFIIE beta subunit core domain
AAA_assoc_2	0.1396	0.0000	0.0452	0.8333	AAA C-terminal domain
WAP	0.1381	0.0000	0.0139	0.3333	WAP-type (Whey Acidic Protein) 'four-disulfide core'
DUF7107	0.1381	0.0000	0.0139	0.3333	Domain of unknown function (DUF7107)
Cep192_D8	0.1381	0.0000	0.0139	0.3333	Cep192 domain 8
TtuA_LIM_N	0.1376	0.0000	0.0353	0.0000	2-thiouridine synthetase TtuA, N-terminal LIM domain
TrmO_C	0.1366	0.0000	0.0361	0.2500	TrmO C-terminal domain
FAM228	0.1360	0.0000	0.0331	0.0000	FAM228
PDR_assoc	0.1359	0.0000	0.0194	0.3333	Plant PDR ABC transporter associated
DUF8244	0.1359	0.0000	0.0194	0.3333	Family of unknown function (DUF8244)
DIA2_	0.1359	0.0000	0.0194	0.3333	Differentiation-associated protein 2
PH-GRAM_MTMR6-like	0.1359	0.0000	0.0194	0.3333	MTMR6-9, GRAM domain
Pox_A32	0.1355	0.0000	0.0253	0.3333	Poxvirus A32 protein
Uma2	0.1335	0.0000	0.0136	0.2500	Putative restriction endonuclease
zf_RING_Vps8	0.1328	0.0000	0.0219	0.1667	Vps8 RING zinc finger
Vir1p	0.1325	0.0000	0.0131	0.2500	Virilizer, yeast
WHD_NWD1	0.1325	0.0000	0.0131	0.2500	NWD1-like, winged helix-turn-helix domain
DUF4505	0.1323	0.0000	0.0105	0.0833	Domain of unknown function (DUF4505)
GBP_C	0.1311	0.0000	0.0236	0.1667	Guanylate-binding protein, C-terminal domain
cpSF2-GREB1	0.1311	0.0000	0.0236	0.1667	Circularly permuted SF2 helicase found in GREB1 proteins
AsnA	0.1304	0.0000	0.0612	0.1667	Aspartate-ammonia ligase
Chromate_transp	0.1304	0.0000	0.0212	0.1667	Chromate transporter
RA	0.1302	0.0000	0.0119	0.3333	Ras association (RalGDS/AF-6) domain
JHY	0.1293	0.0000	0.0309	0.0000	Jhy protein
PH_36	0.1293	0.0000	0.0309	0.0000	PH domain-like
Zeta_toxin	0.1286	0.0000	0.0576	0.0833	Zeta toxin
SPRTN_ZBD	0.1276	0.0000	0.0199	0.3333	Spartan-like zinc binding domain
RAMA	0.1269	0.0000	0.0177	0.4167	Restriction Enzyme Adenine Methylase Associated
Piwi_N	0.1269	0.0000	0.0177	0.4167	Piwi, N-terminal domain
VID27_N	0.1265	0.0000	0.0176	0.4167	VID27 N-terminal region
Sina_ZnF	0.1261	0.0000	0.0111	0.2500	Sina, zinc finger
ACT_4	0.1253	0.0000	0.0392	0.1667	ACT domain
DDB_G0273701_N	0.1251	0.0000	0.0253	0.3333	DDB_G0273701 N-terminal domain
Ig_NUP210_3rd	0.1248	0.0000	0.0183	0.4167	NUP210 Ig-like domain 3
Menorin_N	0.1246	0.0000	0.0111	0.0833	Menorin N-terminal domain
FUT8_N_cat	0.1235	0.0000	0.0174	0.3333	Alpha-(1,6)-fucosyltransferase N- and catalytic domains
M60-like_N	0.1219	0.0000	0.0155	0.0000	N-terminal domain of M60-like peptidases
Ecotin	0.1218	0.0000	0.0218	0.1667	Ecotin
Man-6-P_recep	0.1217	0.0000	0.0378	0.2500	Mannose-6-phosphate receptor
zf-C2H2_AHC1	0.1212	0.0000	0.0172	0.3333	AHC1 C2H2 zinc-finger domain
Expansin_middle	0.1201	0.0000	0.0206	0.8333	Expansin-like protein middle domain
Expansin_C_term	0.1199	0.0000	0.0206	0.7500	Expansin-like protein C-terminal domain
HEAT_GCN1_C	0.1194	0.0000	0.0310	0.3333	GCN1-like, C-terminal HEAT repeats
zf-CCCH_PAN3	0.1194	0.0000	0.0099	0.2500	PAN3 CCCH zinc finger domain
Cytochrom_B_C	0.1194	0.0000	0.0099	0.2500	Cytochrome b(C-terminal)/b6/petD
Asp_protease_2	0.1194	0.0000	0.0099	0.2500	Aspartyl protease
Cytochrome_B	0.1194	0.0000	0.0099	0.2500	Cytochrome b/b6/petB
Perilipin	0.1194	0.0000	0.0099	0.2500	Perilipin family
MIX23	0.1194	0.0000	0.0099	0.2500	Intermembrane space protein MIX23
ATC_hydrolase	0.1168	0.0000	0.0127	0.0833	L-2-amino-thiazoline-4-carboxylic acid hydrolase
TMEM237	0.1168	0.0000	0.0127	0.0833	Transmembrane protein 237
tSH3-B_UBE2O	0.1168	0.0000	0.0127	0.0833	UBE2O, tandem tSH3-B domain
RTTN_N	0.1168	0.0000	0.0127	0.0833	Rotatin, an armadillo repeat protein, centriole functioning
TRIC	0.1168	0.0000	0.0127	0.0833	TRIC channel
Lebercilin	0.1168	0.0000	0.0127	0.0833	Ciliary protein causing Leber congenital amaurosis disease
GT_PLOD	0.1168	0.0000	0.0127	0.0833	PLOD GT domain
GIGANTEA_N	0.1161	0.0000	0.0095	0.2500	GIGANTEA N-terminal domain
Dicty_REP	0.1161	0.0000	0.0095	0.2500	Dictyostelium (Slime Mold) REP protein
OB_DPOA2	0.1161	0.0000	0.0155	0.1667	DNA polymerase alpha subunit B, OB domain
SAM_7	0.1161	0.0000	0.0155	0.1667	SAM-like domain
PrsW-protease	0.1158	0.0000	0.0148	0.0000	PrsW family intramembrane metalloprotease
Polbeta	0.1158	0.0000	0.0148	0.0000	Polymerase beta, Nucleotidyltransferase
UPF0669	0.1158	0.0000	0.0148	0.0000	Putative cytokine, C6ORF120
PI-PLC-C1	0.1158	0.0000	0.0148	0.0000	Phosphoinositide phospholipase C, Ca2+-dependent
Jacalin	0.1158	0.0000	0.0148	0.0000	Jacalin-like lectin domain
HCS_D2	0.1158	0.0000	0.0148	0.0000	Homocitrate synthase post-HMGL domain-like
Peptidase_S51	0.1157	0.0000	0.0492	0.0000	Peptidase family S51
Zn_ribbon_Top1	0.1155	0.0000	0.0598	0.0833	Topoisomerase DNA binding C4 zinc finger
SHNi-TPR	0.1141	0.0000	0.0144	0.0833	SHNi-TPR
Sina_RING	0.1141	0.0000	0.0104	0.2500	E3 ubiquitin-protein ligase sina/sinah, RING finger
LRR_MHP1-HER1-GIP3	0.1124	0.0000	0.0200	0.1667	MHP1/HER1/GIP3 LRR domain
6TM_2nd_PGAP2IP	0.1121	0.0000	0.0171	0.5833	PGAP2IP, second transmembrane domain
TPR_GEMI5	0.1121	0.0000	0.0171	0.5833	GEMI5 TPR domain
Cytochrom_B558a	0.1120	0.0000	0.0145	0.4167	Cytochrome Cytochrome b558 alpha-subunit
DUF8206	0.1118	0.0000	0.0077	0.2500	Domain of unknown function (DUF8206)
SR-25	0.1106	0.0000	0.0199	0.4167	Nuclear RNA-splicing-associated protein
Beta-prop_RIG_2nd	0.1105	0.0000	0.0190	0.4167	RIG second beta-propeller
NuBaID_C	0.1105	0.0000	0.0190	0.4167	NuBaID, C-terminal domain
PH_29	0.1104	0.0000	0.0325	0.0000	PH-like domain
C2_C2CD3_N	0.1103	0.0000	0.0325	0.0000	N-terminal C2 domain of C2CD3 protein
Beta-prop_Aladin	0.1103	0.0000	0.0190	0.4167	Aladin seven-bladed propeller
zf-C3H2C3	0.1096	0.0000	0.0303	0.0833	Zinc-finger
TPR_HPS5	0.1087	0.0000	0.0180	0.3333	HPS5 TPR domain
RNF220	0.1087	0.0000	0.0180	0.3333	E3 ubiquitin-protein ligase RNF220
zf-C3HC4_5	0.1083	0.0000	0.0080	0.2500	Zinc finger, C3HC4 type (RING finger)
YMF19	0.1083	0.0000	0.0080	0.2500	Plant ATP synthase F0
RNA_pol_3_Rpc31	0.1083	0.0000	0.0080	0.2500	DNA-directed RNA polymerase III subunit Rpc31
IucA_IucC	0.1082	0.0000	0.0161	0.4167	IucA / IucC family
FXa_inhibition	0.1082	0.0000	0.0161	0.4167	Coagulation Factor Xa inhibitory site
Neugrin	0.1082	0.0000	0.0161	0.4167	Neugrin
Yme1-like_N	0.1082	0.0000	0.0161	0.4167	Yme1-like, N-terminal
Dpoe2NT	0.1079	0.0000	0.0191	0.4167	DNA polymerases epsilon N terminal
Spy1	0.1079	0.0000	0.0191	0.4167	Cell cycle regulatory protein
UBR7_C	0.1077	0.0000	0.0175	0.4167	UBR7 C-terminal region
WHD_ORC1	0.1076	0.0000	0.0158	0.4167	Origin recognition complex subunit 1 C-terminal winged HTH domain
PHP	0.1076	0.0000	0.0377	0.3333	PHP domain
Trp_halogenase	0.1075	0.0000	0.0175	0.3333	Tryptophan halogenase
DDB_G0287209_C	0.1073	0.0000	0.0174	0.4167	DDB_G0287209 C-terminal domain
Carm_PH	0.1073	0.0000	0.0174	0.4167	Carmil pleckstrin homology domain
DDB_G0287209_beta-sheet	0.1073	0.0000	0.0174	0.4167	DDB_G0287209 beta sheet domain
KMS1_N	0.1068	0.0000	0.0305	0.7500	KMS1 N-terminal domain
Acyl-ACP_TE_C	0.1062	0.0000	0.0068	0.0833	Acyl-ACP thioesterase C-terminal domain
WDR54	0.1056	0.0000	0.0237	0.0000	WDR54
ATP_synth_6	0.1050	0.0000	0.0063	0.2500	Mitochondrial ATP synthase 6 kDa subunit
NADH5_C	0.1050	0.0000	0.0063	0.2500	NADH dehydrogenase subunit 5 C-terminus
RENR_N	0.1050	0.0000	0.0063	0.2500	Renin receptor N-terminal domain
COX2_TM	0.1050	0.0000	0.0063	0.2500	Cytochrome C oxidase subunit II, transmembrane domain
Septknot	0.1045	0.0000	0.0134	0.0000	7(1) septoil knot domain
CCDC148	0.1045	0.0000	0.0134	0.0000	CCDC148 coiled-coil domain
NPHP4_C2_2nd	0.1045	0.0000	0.0134	0.0000	Nephrocystin-4 second C2-like domain
TRIP13_N	0.1045	0.0000	0.0134	0.0000	TRIP13 N-terminal domain
TLE_N	0.1045	0.0000	0.0134	0.0000	Groucho/TLE N-terminal Q-rich domain
Legum_prodom	0.1045	0.0000	0.0134	0.0000	Legumain, prodomain
NPHP4_C2_3rd	0.1045	0.0000	0.0134	0.0000	Nephrocystin-4 C2 third domain
Tmemb_40	0.1045	0.0000	0.0134	0.0000	Predicted membrane protein
DUF8771	0.1021	0.0000	0.0146	0.5833	Family of unknown function (DUF8771)
ZNFX1	0.1021	0.0000	0.0146	0.5833	ZNFX1 domain
AnmK	0.1021	0.0000	0.0146	0.5833	Anhydro-N-acetylmuramic acid kinase
PCO_ADO	0.0991	0.0000	0.0254	0.5833	PCO_ADO
RME-8_N	0.0991	0.0000	0.0254	0.5833	DNAJ protein RME-8 N-terminal domain
BPSS1860	0.0964	0.0000	0.0152	0.2500	Surface attachment protein BPSS1860
CurL-like_PKS_C	0.0964	0.0000	0.0152	0.2500	CurL-like, PKS C-terminal
Mdm12	0.0961	0.0000	0.0046	0.2500	Mitochondrial distribution and morphology protein 12
EF-1_beta_acid	0.0961	0.0000	0.0046	0.2500	Eukaryotic elongation factor 1 beta central acidic region
Rubredoxin_C	0.0961	0.0000	0.0046	0.2500	Rubredoxin NAD+ reductase C-terminal domain
Methyltransf_1N	0.0955	0.0000	0.0229	0.3333	6-O-methylguanine DNA methyltransferase, ribonuclease-like domain
HU-CCDC81_euk_1	0.0954	0.0000	0.0502	0.0000	CCDC81 eukaryotic HU domain 1
RIIa	0.0948	0.0000	0.0225	0.0000	Regulatory subunit of type II PKA R-subunit
EF-Ts_N	0.0916	0.0000	0.0057	0.2500	Elongation factor Ts, mitochondrial, N-terminal
DDB_G0284425_helix	0.0916	0.0000	0.0057	0.2500	DDB_G0284425 helix
HcaD_C	0.0916	0.0000	0.0057	0.2500	HcaD C-terminal domain
PH_S11IP_C	0.0916	0.0000	0.0057	0.2500	STK11-interacting protein, C-terminal PH domain
AFF4_CHD	0.0910	0.0000	0.0001	0.2500	AFF4, C-terminal homology domain
Glyco_hydro_42	0.0910	0.0000	0.0392	0.1667	Beta-galactosidase
CSTF1_dimer	0.0910	0.0000	0.0001	0.1667	Cleavage stimulation factor subunit 1, dimerisation domain
YTH	0.0910	0.0000	0.0001	0.0833	YT521-B-like domain
SPT16_C	0.0910	0.0000	0.0001	0.0833	FACT complex subunit SPT16, C-terminal domain
ASL_C2	0.0910	0.0000	0.0001	0.0833	Argininosuccinate lyase C-terminal
Gln-synt_N	0.0910	0.0000	0.0182	0.0833	Glutamine synthetase, beta-Grasp domain
DUF8803	0.0909	0.0000	0.0000	0.2500	Domain of unknown function (DUF8803)
DUF4807	0.0909	0.0000	0.0000	0.0833	Domain of unknown function (DUF4807)
GH16_PorA-D	0.0909	0.0000	0.0000	0.0833	Beta-porphyranase A-D, GH16 domain
Pyr_redox	0.0909	0.0000	0.0000	0.0833	Pyridine nucleotide-disulphide oxidoreductase
Lys_Orn_oxgnase	0.0909	0.0000	0.0000	0.0833	L-lysine 6-monooxygenase/L-ornithine 5-monooxygenase
CG45076_Coiled-coil	0.0909	0.0000	0.0000	0.2500	CG45076 Coiled-coil
DUF1045	0.0909	0.0000	0.0000	0.1667	Protein of unknown function (DUF1045)
gag-asp_proteas	0.0909	0.0000	0.0187	0.2500	gag-polyprotein putative aspartyl protease
Dicty_CAD	0.0909	0.0000	0.0000	0.2500	Cell-cell adhesion domain
SecA_PP_bind	0.0909	0.0000	0.0000	0.2500	SecA preprotein cross-linking domain
NADHdh	0.0909	0.0000	0.0000	0.1667	NADH dehydrogenase
EVI5	0.0909	0.0000	0.0000	0.1667	EVI5-like domain
AAA_35	0.0909	0.0000	0.0000	0.1667	AAA-like domain
TFIP11_C	0.0909	0.0000	0.0293	0.0833	TFIP11 C-terminal domain
hEGF	0.0909	0.0000	0.0000	0.0833	Human growth factor-like EGF
PRC2_EED_ins	0.0909	0.0000	0.0000	0.1667	Polycomb protein EED insertion domain
Beta-prop_TEP1_C	0.0909	0.0000	0.0000	0.1667	TEP-1 C-terminal beta-propeller
DUF3824	0.0909	0.0000	0.0000	0.0833	Domain of unknwon function (DUF3824)
Ig-like_KY	0.0909	0.0000	0.0000	0.0000	KY-like, immunoglobulin-like domain
zf-C2H2_10	0.0909	0.0000	0.0000	0.0000	C2H2 zinc-finger
zf-CCCH_Mcm10	0.0909	0.0000	0.0000	0.0000	Mcm10, CCCH-type zinc motif
NAD-GH	0.0909	0.0000	0.0000	0.0000	NAD-specific glutamate dehydrogenase
C-C_Bond_Lyase	0.0909	0.0000	0.0227	0.0000	C-C_Bond_Lyase of the TIM-Barrel fold
Q4D6Q6	0.0909	0.0000	0.0000	0.0000	Q4D6Q6 domain
AMH_N	0.0909	0.0000	0.0000	0.0000	Anti-Mullerian hormone, N terminal region
ATPase	0.0909	0.0000	0.0000	0.0000	KaiC
TSNAXIP1_N	0.0893	0.0000	0.0397	0.0000	Translin-associated factor X-interacting N-terminus
Pur_DNA_glyco	0.0890	0.0000	0.0174	0.0000	Methylpurine-DNA glycosylase (MPG)
PapD-like	0.0867	0.0000	0.0270	0.0833	Flagellar-associated PapD-like
C5orf34_C	0.0867	0.0000	0.0270	0.0833	C5orf34 C-terminal domain
DUF818	0.0848	0.0000	0.0033	0.0000	Chlamydia CHLPS protein (DUF818)
RIF5_SNase_2	0.0847	0.0000	0.0155	0.0000	TbRIF5 SNase domain 2
KptA_kDCL	0.0847	0.0000	0.0093	0.0000	KptA in kinetoplastid DICER domain
La_HTH_kDCL	0.0847	0.0000	0.0093	0.0000	La HTH in kinetoplastid DICER domain
WHD_GTF3C1_N	0.0846	0.0000	0.0030	0.1667	General transcription factor 3C polypeptide 1, winged-helix domain
IDM1_C	0.0844	0.0000	0.0091	0.0000	Increased DNA methylation 1, C-terminal domain
GSH-S_ATP	0.0822	0.0000	0.0187	0.2500	Prokaryotic glutathione synthetase, ATP-grasp domain
Discoidin-inducing_B	0.0820	0.0000	0.0183	0.6667	Discoidin-inducing complex subunit B
DGF-1_N	0.0815	0.0000	0.0220	0.0000	DGF-1 N-terminal domain
DUF7495	0.0815	0.0000	0.0220	0.0000	Domain of unknown function (DUF7495)
DUF7496	0.0815	0.0000	0.0220	0.0000	Domain of unknown function (DUF7496)
DGF-1_C	0.0815	0.0000	0.0220	0.0000	Dispersed gene family protein 1 C-terminal domain
DGF-1_beta-sheet	0.0815	0.0000	0.0220	0.0000	DGF-1 beta-sheet domain
ETO1_C	0.0815	0.0000	0.0220	0.0000	ETO1 C-terminal domain
Microtub_bd	0.0814	0.0000	0.0036	0.0000	Microtubule binding
Thi4	0.0814	0.0000	0.0036	0.0000	Thi4 family
Abhydrolase_4	0.0814	0.0000	0.0036	0.0000	TAP-like protein
YceI	0.0788	0.0000	0.0067	0.0000	YceI-like domain
Beta-prop_TYW4	0.0788	0.0000	0.0067	0.0000	tRNA wybutosine-synthesizing protein 4, beta-propeller
RIF5_SNase_1	0.0784	0.0000	0.0148	0.0000	TbRIF5 SNase domain 1
COX3	0.0781	0.0000	0.0073	0.1667	Cytochrome c oxidase subunit III
HPF1	0.0772	0.0000	0.0068	0.0000	Histone PARylation factor 1
DUF1697	0.0770	0.0000	0.0120	0.4167	Protein of unknown function (DUF1697)
Mcp5_PH	0.0766	0.0000	0.0720	0.0000	Meiotic cell cortex C-terminal pleckstrin homology
DAAD	0.0758	0.0000	0.0173	0.2500	Dictyosteliid AID/APOBEC-like Deaminase
TBP-binding	0.0758	0.0000	0.0173	0.2500	TATA box-binding protein binding
DUF4116	0.0758	0.0000	0.0158	0.0833	Domain of unknown function (DUF4116)
CCDC13	0.0750	0.0000	0.0153	0.0000	Coiled-coil domain-containing protein 13
CECR6_TMEM121	0.0750	0.0000	0.0053	0.0000	CECR6/TMEM121 family
GRA5	0.0749	0.0000	0.0263	0.0833	Gramillins biosynthetic cluster protein GRA5
MPSS1_N	0.0741	0.0000	0.0051	0.0000	Mitochondrial 3' processome subunit 1 N-terminal domain
VID28_C	0.0730	0.0000	0.0143	0.3333	VID28/GID5 C-terminal domain
Inhibitor_I36	0.0730	0.0000	0.0143	0.3333	Peptidase inhibitor family I36
FhuF	0.0730	0.0000	0.0143	0.3333	Ferric iron reductase FhuF-like transporter
ArdcN	0.0728	0.0000	0.0045	0.0000	N-terminal domain of anti-restriction factor ArdC
Tr-sialidase_C	0.0723	0.0000	0.0043	0.0000	Trans-sialidase of Trypanosoma hydrophobic C-terminal
Zf_IFT144_1st	0.0723	0.0000	0.0043	0.0000	IFT144, first zinc finger domain
DGF-1_4	0.0723	0.0000	0.0043	0.0000	Dispersed gene family protein 1 of Trypanosoma cruzi region 4
GlcNAc_2-epim	0.0723	0.0000	0.0043	0.0000	N-acylglucosamine 2-epimerase (GlcNAc 2-epimerase)
Cu-binding_MopE	0.0723	0.0000	0.0043	0.0000	Putative metal-binding motif
DGF-1_5	0.0723	0.0000	0.0043	0.0000	Dispersed gene family protein 1, region 4
PC-Esterase	0.0723	0.0000	0.0043	0.0000	GDSL/SGNH-like Acyl-Esterase family found in Pmr5 and Cas1p
Arginosuc_synth	0.0721	0.0000	0.0042	0.0000	Arginosuccinate synthase N-terminal HUP domain
LPMO_10	0.0721	0.0000	0.0111	0.5833	Lytic polysaccharide mono-oxygenase, cellulose-degrading
A_deaminase_N	0.0721	0.0000	0.0111	0.5833	Adenosine/AMP deaminase N-terminal
N1221	0.0721	0.0000	0.0111	0.5833	N1221-like protein
Glyco_hydro_7	0.0721	0.0000	0.0111	0.5833	Glycosyl hydrolase family 7
SWIRM-assoc_2	0.0721	0.0000	0.0111	0.5833	SWIRM-associated domain at the N-terminal
PAC1	0.0721	0.0000	0.0111	0.5833	Proteasome assembly chaperone 4
CHASE	0.0721	0.0000	0.0111	0.5833	CHASE domain
TIR_2	0.0721	0.0000	0.0111	0.5833	TIR domain
DUF6314	0.0721	0.0000	0.0111	0.5833	Family of unknown function (DUF6314)
rhaM	0.0721	0.0000	0.0111	0.5833	L-rhamnose mutarotase
BV97_02767	0.0721	0.0000	0.0057	0.0000	BV97_02767-like
QueC	0.0713	0.0000	0.0176	0.0000	Queuosine biosynthesis protein QueC
FGE-sulfatase	0.0706	0.0000	0.1229	0.2500	Sulfatase-modifying factor enzyme 1-like domain
ARMET_C	0.0706	0.0000	0.0338	0.0000	ARMET, C-terminal
Peripla_BP_A-cyclase	0.0706	0.0000	0.0338	0.0000	Adenylate cyclase, periplasmic binding protein-like domain
EF-hand_9	0.0706	0.0000	0.0338	0.0000	EF-hand domain
Tet_JBP	0.0706	0.0000	0.0338	0.0000	Oxygenase domain of the 2OGFeDO superfamily
zf-LSD1	0.0706	0.0000	0.0338	0.0000	LSD1 zinc finger
DUF7920	0.0706	0.0000	0.0338	0.0000	Domain of unknown function (DUF7920)
YjgF_endoribonc	0.0706	0.0000	0.0238	0.1667	YjgF/chorismate_mutase-like, putative endoribonuclease
DUF8772	0.0706	0.0000	0.0338	0.0000	Domain of unknown function (DUF8772)
EKR	0.0702	0.0000	0.0761	0.3333	Domain of unknown function
OKR_DC_1	0.0702	0.0000	0.0761	0.3333	Orn/Lys/Arg decarboxylase, major domain
SLX1_C	0.0702	0.0000	0.0761	0.3333	Structure-specific endonuclease subunit SLX1, C-terminal
POR_N	0.0702	0.0000	0.0761	0.3333	Pyruvate flavodoxin/ferredoxin oxidoreductase, thiamine diP-bdg
Ldh_2	0.0702	0.0000	0.0761	0.3333	Malate/L-lactate dehydrogenase
PFOR_II	0.0702	0.0000	0.0761	0.3333	Pyruvate:ferredoxin oxidoreductase core domain II
POR	0.0702	0.0000	0.0761	0.3333	Pyruvate ferredoxin/flavodoxin oxidoreductase
ACT_3	0.0701	0.0000	0.0056	0.0000	ACT domain
SnoaL_3	0.0701	0.0000	0.0056	0.0000	SnoaL-like domain
SpoV	0.0698	0.0000	0.0035	0.0000	Stage V sporulation protein family
zf-CCCH_10	0.0696	0.0000	0.0033	0.0000	ZAP-like CCCH zinc finger
CaATP_NAI	0.0694	0.0000	0.0207	0.0000	Ca2+-ATPase N terminal autoinhibitory domain
CXorf58_MFI	0.0692	0.0000	0.0218	0.0000	CXorf58/MFI domain
MFI_C	0.0692	0.0000	0.0218	0.0000	Mitochondrial fission factor interactor C-terminal domain
GmrSD_N	0.0692	0.0000	0.0218	0.0000	GmrSD restriction endonuclease, N-terminal domain
FAM183	0.0692	0.0000	0.0218	0.0000	FAM183A and FAM183B related
VWD	0.0692	0.0000	0.0218	0.0000	von Willebrand factor type D domain
NAGPA	0.0692	0.0000	0.0218	0.0000	Phosphodiester glycosidase
BLUF	0.0692	0.0000	0.0218	0.0000	Sensors of blue-light using FAD
CCDC162_C	0.0692	0.0000	0.0218	0.0000	CCDC162 C-terminal region
TMC	0.0692	0.0000	0.0218	0.0000	TMC domain
Glyco_hydro_19	0.0686	0.0000	0.0936	0.1667	Chitinase class I
DUF1810	0.0683	0.0000	0.0282	0.1667	Protein of unknown function (DUF1810)
DUF4282	0.0682	0.0000	0.0094	0.5833	Domain of unknown function (DUF4282)
SF-assemblin	0.0674	0.0000	0.0144	0.0000	SF-assemblin/beta giardin
CAMSAP_CKK	0.0674	0.0000	0.0144	0.0000	Microtubule-binding calmodulin-regulated spectrin-associated
iPGM_N	0.0671	0.0000	0.1490	0.1667	BPG-independent PGAM N-terminus (iPGM_N)
PDZ_6	0.0647	0.0000	0.1106	0.2500	PDZ domain
DZR	0.0645	0.0000	0.0241	0.3333	Double zinc ribbon
RNA_helicase	0.0633	0.0000	0.0243	0.3333	RNA helicase
ANKFN1_mid	0.0632	0.0000	0.0126	0.0000	Ankyrin repeat and fibronectin type-III domain protein middle region
AIG2_2	0.0625	0.0000	0.0098	0.0000	AIG2-like family
GyrI-like	0.0617	0.0000	0.0061	0.0833	GyrI-like small molecule binding domain
GUCT	0.0616	0.0000	0.0234	0.0833	GUCT (NUC152) domain
DD_DDX21-DDX50	0.0616	0.0000	0.0234	0.0833	DDX21/DDX50 dimerisation domain
T5orf172	0.0616	0.0000	0.0234	0.0833	T5orf172 domain
DinB_2	0.0616	0.0000	0.0234	0.0833	DinB superfamily
DUF6909	0.0616	0.0000	0.0242	0.0833	Family of unknown function (DUF6909)
Tex_YqgF	0.0616	0.0000	0.0242	0.0833	Tex protein YqgF-like domain
zf-primase	0.0615	0.0000	0.0242	0.0833	Primase zinc finger
E3_UbLigase_R4	0.0584	0.0000	0.0075	0.5833	E3 ubiquitin-protein ligase UBR4
Peptidase_S13	0.0584	0.0000	0.0075	0.5833	D-Ala-D-Ala carboxypeptidase 3 (S13) family
RPAP1_N	0.0584	0.0000	0.0075	0.5833	RPAP1-like, N-terminal
UBR4_TPR	0.0584	0.0000	0.0075	0.5833	E3 ubiquitin-protein ligase UBR4 TPR-like domain
MutS5_N	0.0584	0.0000	0.0075	0.5833	MutS5 N-terminal domain
UBR4_Ub	0.0584	0.0000	0.0075	0.5833	E3 ubiquitin-protein ligase UBR4 ubiquitin-like domain
RME-8_2nd	0.0583	0.0000	0.0330	0.0833	DNAJ protein RME-8 2nd domain
Adenine_glyco	0.0555	0.0000	0.0200	0.5833	Methyladenine glycosylase
CinA	0.0541	0.0000	0.0103	0.3333	CinA C-terminal domain
Glu_cyclase_2	0.0541	0.0000	0.0103	0.3333	Glutamine cyclotransferase
CDC37_M	0.0541	0.0000	0.0103	0.3333	Cdc37 Hsp90 binding domain
DNA_pol_B_2	0.0541	0.0000	0.0103	0.3333	DNA polymerase type B, organellar and viral
ANM3_C2H2_Zf	0.0541	0.0000	0.0103	0.3333	Protein arginine N-methyltransferase 3, C2H2 zinc finger domain
F_bP_aldolase	0.0541	0.0000	0.0103	0.3333	Fructose-bisphosphate aldolase class-II
ATG22	0.0540	0.0000	0.0103	0.2500	Vacuole effluxer Atg22 like
Kringle	0.0538	0.0000	0.0218	0.0000	Kringle domain
DUF4833	0.0538	0.0000	0.0277	0.0000	Domain of unknown function (DUF4833)
EDRF1_N	0.0538	0.0000	0.0276	0.0000	EDRF1 N-terminal
PH_38	0.0537	0.0000	0.0278	0.0000	Kinetoplastid PH-like domain
FLJ43738_C	0.0529	0.0000	0.0333	0.0000	Uncharacterised protein FLJ43738 C-terminal domain
HU-CCDC81_euk_2	0.0529	0.0000	0.0333	0.0000	CCDC81 eukaryotic HU domain 2
Vasohibin	0.0529	0.0000	0.0333	0.0000	Vasohibin
PH_NDK7_N	0.0529	0.0000	0.0333	0.0000	Nucleoside diphosphate kinase 7 N-terminal PH domain
DUF2817	0.0529	0.0000	0.0333	0.0000	Protein of unknown function (DUF2817)
DSPn	0.0528	0.0000	0.0333	0.0000	Dual specificity protein phosphatase, N-terminal half
CEP164_N	0.0528	0.0000	0.0333	0.0000	CEP164 N-terminal domain
BTB_SANBR	0.0528	0.0000	0.0333	0.0000	SANT and BTB domain regulator of CSR, BTB domain
PepX_C	0.0526	0.0000	0.0331	0.0000	X-Pro dipeptidyl-peptidase C-terminal non-catalytic domain
ComA	0.0510	0.0000	0.0193	0.1667	(2R)-phospho-3-sulfolactate synthase (ComA)
Ig_SMCHD1_8th	0.0509	0.0000	0.0166	0.0833	SMCHD1 Ig-like domain 8
Cac1_C	0.0505	0.0000	0.0086	0.3333	Chromatin assembly factor 1 subunit Cac1, C-terminal domain
KMP11	0.0491	0.0000	0.0244	0.0000	Kinetoplastid membrane protein 11
Rrn7_cyclin_C	0.0489	0.0000	0.0086	0.3333	Rrn7/TAF1B, C-terminal cyclin domain
Beta-sand_ComC_2nd	0.0486	0.0000	0.0125	0.3333	EGF-like domain-containing protein ComC second beta-sandwich
GrpB	0.0486	0.0000	0.0125	0.3333	GrpB protein
DUF7831	0.0486	0.0000	0.0125	0.3333	Family of unknown function (DUF7831)
Ig_TgrO1	0.0486	0.0000	0.0125	0.3333	TgrO1-like, immunoglobulin-like domain
RBSN_mid	0.0486	0.0000	0.0125	0.3333	Rabenosyn-5 middle domain
CAP12-PCTIR_TIR	0.0486	0.0000	0.0125	0.3333	CAP12/Pycsar effector protein, TIR domain
Spheroidin	0.0480	0.0000	0.0331	0.2500	Entomopoxvirus spheroidin protein
DUF4110	0.0474	0.0000	0.0235	0.0833	Domain of unknown function (DUF4110)
CEP104_N	0.0474	0.0000	0.0235	0.0833	Centrosomal protein CEP104, N-terminal domain
Wyosine_form	0.0474	0.0000	0.0235	0.0833	Wyosine base formation
LSM_LSM12_Trypanos	0.0474	0.0000	0.0235	0.0833	LSM12, LSM domain, fungi/Trypanosomatids
CEP104_ZnF	0.0474	0.0000	0.0235	0.0833	Centrosomal protein CEP104, ZnF
TYW3	0.0474	0.0000	0.0235	0.0833	Methyltransferase TYW3
Nudc_N	0.0474	0.0000	0.0235	0.0833	N-terminal conserved domain of Nudc.
CSD	0.0474	0.0000	0.0235	0.0833	'Cold-shock' DNA-binding domain
CFAP47	0.0474	0.0000	0.0235	0.0833	Cilia- and flagella-associated protein 47 domain
WLM	0.0474	0.0000	0.0235	0.0833	WLM domain
CFAP43_N	0.0474	0.0000	0.0235	0.0833	CFAP43 N-terminal domain
Ig_CFAP47	0.0474	0.0000	0.0235	0.0833	CFAP47-like, immunoglobulin-like domain
DUF72	0.0474	0.0000	0.0235	0.0833	Protein of unknown function DUF72
DUF4166	0.0463	0.0000	0.0070	0.0833	Domain of unknown function (DUF4166)
HIT-like	0.0463	0.0000	0.0070	0.0833	HIT-related
HipN	0.0461	0.0000	0.0196	0.2500	Hsp70-interacting protein N N-terminal domain
Rap1_C	0.0461	0.0000	0.0196	0.2500	TRF2-interacting telomeric protein/Rap1 - C terminal domain
PPi_PEPCK_C	0.0461	0.0000	0.0196	0.2500	PPi-PEPCK C-terminal domain
PEPCK_PPi_N	0.0461	0.0000	0.0196	0.2500	PPi-type PEPCK N-terminal domain
PEPCK-like_mid	0.0461	0.0000	0.0196	0.2500	PEPCK-like middle domain
PEPCK_PPi_lobe_2	0.0461	0.0000	0.0196	0.2500	PPi-type phosphoenolpyruvate carboxykinase lobe 2 domain
DUF7051	0.0430	0.0000	0.0254	0.0000	Domain of unknown function (DUF7051)
SMP_LBD	0.0430	0.0000	0.0467	0.0000	Synaptotagmin-like mitochondrial-lipid-binding domain
DUF1308	0.0430	0.0000	0.0253	0.0000	Protein of unknown function (DUF1308)
FAP206	0.0430	0.0000	0.0256	0.0000	Domain of unknown function
PIN-like_DDX60	0.0423	0.0000	0.0249	0.1667	ATP-dependent RNA helicase DDX60, PIN-like domain
ATP-gua_Ptrans	0.0418	0.0000	0.0248	0.0000	ATP:guanido phosphotransferase, C-terminal catalytic domain
ATP-gua_PtransN	0.0418	0.0000	0.0248	0.0000	ATP:guanido phosphotransferase, N-terminal domain
PH_27	0.0418	0.0000	0.0248	0.0000	Kinetoplastid PH-like domain
Nuc_deoxyrib_tr	0.0368	0.0000	0.0142	0.0000	Nucleoside 2-deoxyribosyltransferase
MPSS2_C	0.0368	0.0000	0.0142	0.0000	Mitochondrial 3' processome subunit 2 C-terminal domain
MPSS2_N	0.0368	0.0000	0.0142	0.0000	Mitochondrial 3' processome subunit 2 N-terminal domain
MPSS2_M	0.0368	0.0000	0.0142	0.0000	Mitochondrial 3' processome subunit 2 middle domain
Ligase_CoA_2	0.0344	0.0000	0.0139	0.1667	Ligase-CoA domain
ATP-grasp_5	0.0344	0.0000	0.0139	0.1667	ATP-grasp domain
Q4D059-like	0.0334	0.0000	0.0152	0.0000	Hypothetical protein Q4D059-like
ATP-grasp_4	0.0333	0.0000	0.0299	0.0000	ATP-grasp domain
A6-like_Thioredoxin-like_C	0.0333	0.0000	0.0299	0.0000	A6-like, middle domain
CEP162_C	0.0333	0.0000	0.0645	0.0000	CEP162 C-terminal coiled-coil domain
NAAA-beta	0.0299	0.0000	0.0078	0.0833	beta subunit of N-acylethanolamine-hydrolyzing acid amidase
Adeno_L433K_22K	0.0291	0.0000	0.0000	0.0000	Adenovirus L4-33K/L4-22K
Peripla_BP_A-cyclase_1	0.0290	0.0000	0.0161	0.0000	Adenylate cyclase, periplasmic binding protein-like domain
DUF7048	0.0290	0.0000	0.0343	0.0000	Domain of unknown function (DUF7048)
MIF	0.0289	0.0000	0.0132	0.0833	Macrophage migration inhibitory factor (MIF)
FAZ1_C	0.0288	0.0000	0.0158	0.0000	FAZ1, C-terminal
DUF3648	0.0286	0.0000	0.0159	0.0000	Protein of unknown function (DUF3648)
RmlD_sub_bind	0.0286	0.0000	0.0050	0.5833	RmlD substrate binding domain
7tm_3	0.0283	0.0000	0.0046	0.5833	7 transmembrane sweet-taste receptor of 3 GCPR
HTH_Tnp_Tc5	0.0283	0.0000	0.0046	0.5833	Tc5 transposase DNA-binding domain
Med11	0.0283	0.0000	0.0046	0.5833	Mediator complex protein
FMN_bind_2	0.0281	0.0000	0.0071	0.0000	Putative FMN-binding domain
DUF8395	0.0280	0.0000	0.0070	0.0833	Domain of unknown function (DUF8395)
Ribosomal_L37	0.0280	0.0000	0.0070	0.0833	Mitochondrial ribosomal protein L37
SH3_3	0.0280	0.0000	0.0071	0.0000	Bacterial SH3 domain
MPSS1_C	0.0279	0.0000	0.0151	0.0000	Mitochondrial 3' processome subunit 1 C-terminal domain
XPG_I_2	0.0279	0.0000	0.0047	0.0833	XPG domain containing
DUF3501	0.0276	0.0000	0.0456	0.0000	Protein of unknown function (DUF3501)
CCG	0.0276	0.0000	0.0456	0.0000	Cysteine-rich domain
C2_PACS_N	0.0276	0.0000	0.0456	0.0000	N-terminal C2 domain of phosphofurin acidic cluster sorting protein
PrcB_C	0.0263	0.0000	0.0066	0.0000	PrcB C-terminal
Porph_assoc	0.0263	0.0000	0.0066	0.0000	Porphyranase-associated domain
ApoL	0.0263	0.0000	0.0066	0.0000	Apolipoprotein L
DUF4442	0.0263	0.0000	0.0066	0.0000	Domain of unknown function (DUF4442)
Fibrinogen_C	0.0263	0.0000	0.0066	0.0000	Fibrinogen beta and gamma chains, C-terminal globular domain
Npun_R2479	0.0263	0.0000	0.0066	0.0000	Npun_R2479-like
Plant_NMP1	0.0263	0.0000	0.0066	0.0000	Plant nuclear matrix protein 1 (NMP1)
SNF	0.0263	0.0000	0.0066	0.0000	Sodium:neurotransmitter symporter family
Zn_ribbon_13	0.0263	0.0000	0.0066	0.0000	Nucleic-acid-binding protein containing Zn-ribbon domain (DUF2082)
Cupin_3	0.0263	0.0000	0.0066	0.0000	EutQ-like cupin domain
DUF2207	0.0263	0.0000	0.0066	0.0000	Predicted membrane protein (DUF2207) N-terminal domain
ELAPOR1_C	0.0263	0.0000	0.0066	0.0000	ELAPOR1-like, C-terminal domain
YABBY	0.0263	0.0000	0.0066	0.0000	YABBY protein, C-terminal
Ependymin	0.0263	0.0000	0.0066	0.0000	Ependymin
ACP_syn_III	0.0263	0.0000	0.0066	0.0000	3-Oxoacyl-[acyl-carrier-protein (ACP)] synthase III
Kazal_2	0.0263	0.0000	0.0066	0.0000	Kazal-type serine protease inhibitor domain
DUF1304	0.0263	0.0000	0.0066	0.0000	Protein of unknown function (DUF1304)
Cyclophil_like	0.0263	0.0000	0.0066	0.0000	Cyclophilin-like
Glyco_hydro_1	0.0263	0.0000	0.0066	0.0000	Glycosyl hydrolase family 1
Glyco_hydro_30C	0.0263	0.0000	0.0066	0.0000	Glycosyl hydrolase family 30 beta sandwich domain
Rxt3	0.0263	0.0000	0.0066	0.0000	Histone deacetylation protein Rxt3
TEN_NHL	0.0263	0.0000	0.0066	0.0000	Teneurin NHL domain
Ribosomal_L35p	0.0263	0.0000	0.0066	0.0000	Ribosomal protein L35
FAA_hydro_N_2	0.0263	0.0000	0.0066	0.0000	Fumarylacetoacetase N-terminal domain 2
AS3MT_C	0.0263	0.0000	0.0066	0.0000	Arsenite methyltransferase C-terminal domain
Ntox11	0.0263	0.0000	0.0066	0.0000	Novel toxin 11
DUF3268	0.0263	0.0000	0.0066	0.0000	zinc-finger-containing domain
DUF3160	0.0263	0.0000	0.0066	0.0000	Protein of unknown function (DUF3160)
Spec3	0.0263	0.0000	0.0066	0.0000	Ectodermal ciliogenesis protein
YdjM	0.0263	0.0000	0.0066	0.0000	YdjM inner membrane protein
XendoU	0.0263	0.0000	0.0066	0.0000	Endoribonuclease XendoU
CHASE4	0.0263	0.0000	0.0066	0.0000	CHASE4 domain
Rimk_N	0.0263	0.0000	0.0066	0.0000	RimK PreATP-grasp domain
TCAD9	0.0263	0.0000	0.0066	0.0000	Ternary complex associated domain 9
CENP-C_C	0.0263	0.0000	0.0066	0.0000	Mif2/CENP-C like
NIT	0.0263	0.0000	0.0066	0.0000	Nitrate and nitrite sensing
TPX2_importin	0.0263	0.0000	0.0066	0.0000	Cell cycle regulated microtubule associated protein
Mg_trans_NIPA	0.0263	0.0000	0.0066	0.0000	Magnesium transporter NIPA
Glyco_transf_18	0.0263	0.0000	0.0066	0.0000	Glycosyltransferase family 18
Beta-prop_WDR90_POC16_2nd	0.0263	0.0000	0.0066	0.0000	WDR90/POC16, second beta-propeller
IpgD	0.0263	0.0000	0.0066	0.0000	Enterobacterial virulence protein IpgD
Glycoamylase	0.0263	0.0000	0.0066	0.0000	Putative glucoamylase
Protoglobin	0.0263	0.0000	0.0066	0.0000	Protoglobin
DUF6919	0.0263	0.0000	0.0066	0.0000	Domain of unknown function (DUF6919)
DcpS	0.0263	0.0000	0.0066	0.0000	Scavenger mRNA decapping enzyme (DcpS) N-terminal
Peptidase_M50B	0.0263	0.0000	0.0066	0.0000	Peptidase M50B-like
CathepsinC_exc	0.0263	0.0000	0.0066	0.0000	Cathepsin C exclusion domain
Cadherin_5	0.0263	0.0000	0.0066	0.0000	Cadherin-like domain
TMEM260_N	0.0249	0.0000	0.0046	0.5833	Protein O-mannosyl-transferase TMEM260 N-terminal domain
DUF4286	0.0249	0.0000	0.0046	0.5833	Domain of unknown function (DUF4286)
RelA_SpoT	0.0249	0.0000	0.0046	0.5833	Region found in RelA / SpoT proteins
Bmp	0.0249	0.0000	0.0046	0.5833	ABC transporter substrate-binding protein PnrA-like
Xan_ur_permease	0.0249	0.0000	0.0046	0.5833	Permease family
Trehalase	0.0249	0.0000	0.0046	0.5833	Trehalase
Nup35_RRM_2	0.0233	0.0000	0.0098	0.0833	Nup53/35/40-type RNA recognition motif
YycE-like_C	0.0157	0.0000	0.0237	0.2500	YycE-like C-terminal domain
HNH_3	0.0157	0.0000	0.0237	0.2500	HNH endonuclease
YycE-like_N	0.0157	0.0000	0.0237	0.2500	YycE-like N-terminal domain
DDB_G0281631_C	0.0157	0.0000	0.0237	0.2500	DDB_G0281631 C-terminal domain
LAGLIDADG_1	0.0157	0.0000	0.0237	0.2500	LAGLIDADG endonuclease
Ig_SIBA-E_3rd	0.0157	0.0000	0.0237	0.2500	Integrin beta-like protein A-E, third Ig-like domain
DUF8503	0.0157	0.0000	0.0237	0.2500	Domain of unknown function (DUF8503)
DsrE	0.0157	0.0000	0.0237	0.2500	DsrE/DsrF-like family
DUF4269	0.0157	0.0000	0.0237	0.2500	Domain of unknown function (DUF4269)
Beta-sand_ComC_1st	0.0157	0.0000	0.0237	0.2500	EGF-like domain-containing protein ComC first beta-sandwich
Ponticulin_N	0.0157	0.0000	0.0237	0.2500	Ponticulin N-terminal domain
Csf1_N	0.0137	0.0000	0.0037	0.5833	Csf1 N-terminal region
DUF7578	0.0136	0.0000	0.0066	0.0000	Domain of unknown function (DUF7578)
RHS_N	0.0136	0.0000	0.0066	0.0000	Retrotransposon hot spot proteins N-terminal
CFAP54_N	0.0136	0.0000	0.0066	0.0000	Cilia- and flagella-associated protein 54
DUF1663	0.0136	0.0000	0.0066	0.0000	Protein of unknown function (DUF1663)
BNR_3	0.0136	0.0000	0.0066	0.0000	BNR repeat-like domain
DUF7163	0.0136	0.0000	0.0066	0.0000	Domain of unknown function (DUF7163)
RHSP	0.0136	0.0000	0.0066	0.0000	Retrotransposon hot spot protein, P-loop domain
TS_C	0.0136	0.0000	0.0066	0.0000	Trans-sialidase, C-terminal domain
AbpF_1st_Ig	0.0135	0.0000	0.0037	0.5833	AbpF first immunoglobulin-like domain
ABPF_N	0.0135	0.0000	0.0037	0.5833	Actin-binding protein F N-terminal domain
AbpF_3rd_Ig	0.0135	0.0000	0.0037	0.5833	AbpF third immunoglobulin-like domain
AbpF_7th_Ig	0.0135	0.0000	0.0037	0.5833	AbpF seventh immunoglobulin-like domain
AbpF_C_Ig	0.0135	0.0000	0.0037	0.5833	AbpF C-terminal domain
DUF4470	0.0130	0.0000	0.0373	0.1667	Domain of unknown function (DUF4470)
PTE	0.0119	0.0000	0.0036	0.5000	Phosphotriesterase family
OHA	0.0119	0.0000	0.0036	0.5000	OST-HTH Associated domain
TSAUCER_N	0.0119	0.0000	0.0588	0.5000	TSET complex tstB/TSAUCER-like N-terminal domain
Vac_ImportDeg	0.0119	0.0000	0.0036	0.5000	Vacuolar import and degradation protein
GGDEF	0.0119	0.0000	0.0036	0.5000	Diguanylate cyclase, GGDEF domain
WHIM1	0.0119	0.0000	0.0036	0.5000	WSTF, HB1, Itc1p, MBD9 motif 1
PHR	0.0119	0.0000	0.0036	0.5000	PHR domain
Syntaxin-18_N	0.0119	0.0000	0.0036	0.5000	SNARE-complex protein Syntaxin-18 N-terminus
Ima1_N	0.0119	0.0000	0.0036	0.5000	Ima1 N-terminal domain
BP74_N	0.0119	0.0000	0.0036	0.5000	BP74 N-terminal domain
Granulin	0.0119	0.0000	0.0036	0.5000	Granulin
BB_PF	0.0119	0.0000	0.0036	0.5000	Beta barrel Pore-forming domain
Imm33	0.0119	0.0000	0.0036	0.5000	Immunity protein Imm33 domain
Crystall_3	0.0119	0.0000	0.0036	0.5000	Beta/Gamma crystallin
Ribosomal_L12_N	0.0119	0.0000	0.0036	0.5000	Ribosomal protein L7/L12 dimerisation domain
SnoaL_5	0.0119	0.0000	0.0036	0.5000	SnoaL-like domain
KELAA	0.0119	0.0000	0.0036	0.5000	KELAA motif
cEGF	0.0119	0.0000	0.0036	0.5000	Complement Clr-like EGF-like
GRAB	0.0119	0.0000	0.0036	0.5000	GRAB domain
GSP_synth	0.0115	0.0000	0.0910	0.0000	Glutathionylspermidine synthase preATP-grasp
ESF2_C	0.0114	0.0000	0.0486	0.5000	Pre-rRNA-processing protein ESF2 C-terminal domain
DDB_G0280785_1st_TPR	0.0114	0.0000	0.0486	0.5000	DDB_G0280785 first TPR domain
TIP_N	0.0114	0.0000	0.0486	0.5000	Tuftelin interacting protein N terminal
Glyco_hydro_57	0.0114	0.0000	0.0486	0.5000	Glycosyl hydrolase family 57
LUD_dom	0.0114	0.0000	0.0486	0.5000	LUD domain
DUF8390	0.0114	0.0000	0.0486	0.5000	Domain of unknown function (DUF8390)
LSM11_N	0.0114	0.0000	0.0486	0.5000	U7 snRNA-associated Sm-like protein LSM11 N-terminal domain
vWA-TerF-like	0.0114	0.0000	0.0486	0.5000	vWA found in TerF C terminus
ACTMAP-like_C	0.0114	0.0000	0.0486	0.5000	Actin maturation protease-like, C-terminal domain
2-ph_phosp	0.0108	0.0000	0.0173	0.3333	2-phosphosulpholactate phosphatase
Flavodoxin_5	0.0108	0.0000	0.0043	0.0000	Flavodoxin domain
DUF4922	0.0108	0.0000	0.0032	0.5000	Domain of unknown function (DUF4922)
TAXi_C	0.0108	0.0000	0.0032	0.5000	Xylanase inhibitor C-terminal
Cupin_NOL9	0.0108	0.0000	0.0032	0.5000	Polynucleotide 5'-hydroxyl-kinase NOL9, N-terminal domain
RRM_SRRT	0.0108	0.0000	0.0032	0.5000	Serrate RNA effector molecule homolog, RNA-recognition domain
ELG1_C	0.0108	0.0000	0.0032	0.5000	Enhanced level of genomic instability 1 C-terminal domain
DUF1289	0.0108	0.0000	0.0032	0.5000	Protein of unknown function (DUF1289)
Myb_DNA-binding_7	0.0108	0.0000	0.0032	0.5000	Myb-like DNA-binding domain
Cep192_D4	0.0108	0.0000	0.0032	0.5000	Cep192 domain 4
MINDY-3_4_CD	0.0107	0.0000	0.0223	0.0000	Deubiquitinating enzyme MINDY-3/4, conserved domain
Dimer_MINDY4_N	0.0107	0.0000	0.0235	0.0000	MINDY4, N-terminal dimerisation domain
zf-CCHC_4	0.0093	0.0000	0.0358	0.1667	Zinc knuckle
Lactamase_B_3	0.0093	0.0000	0.0112	0.1667	Beta-lactamase superfamily domain
FAR1	0.0087	0.0000	0.0106	0.2500	FAR1 DNA-binding domain
RUBY_RBDX	0.0087	0.0000	0.0106	0.2500	Rubrerythrin, rubredoxin-like domain
ACCA	0.0087	0.0000	0.0106	0.2500	Acetyl co-enzyme A carboxylase carboxyltransferase-like
Fer4_10	0.0087	0.0000	0.0106	0.2500	4Fe-4S dicluster domain
ManC_GMP_beta-helix	0.0087	0.0000	0.0106	0.2500	MannoseP isomerase/GMP-like beta-helix domain
SAM_HAT_C	0.0087	0.0000	0.0106	0.2500	SAM hydroxide adenosyltransferase C-terminal domain
HGL2_5th	0.0087	0.0000	0.0106	0.2500	HGL2, fifth domain
Rcat_RNF216	0.0087	0.0000	0.0106	0.2500	RNF216 Rcat domain
vWA_HGL2	0.0087	0.0000	0.0106	0.2500	HGL2, vWA domain
HGL2_C	0.0087	0.0000	0.0106	0.2500	HGL2, C-terminal domain
MIB_HERC2	0.0087	0.0000	0.0106	0.2500	Mib_herc2
OKR_DC_1_C	0.0087	0.0000	0.0106	0.2500	Orn/Lys/Arg decarboxylase, C-terminal domain
HGL2_small	0.0087	0.0000	0.0106	0.2500	HGL2, small domain
Gal_GalNac_35kD	0.0087	0.0000	0.0106	0.2500	Galactose-inhibitable lectin 35 kDa subunit
HGL2_4th	0.0087	0.0000	0.0106	0.2500	HGL2, fourth domain
TM1586_NiRdase	0.0087	0.0000	0.0106	0.2500	Putative TM nitroreductase
SAM_HAT_N	0.0087	0.0000	0.0106	0.2500	SAM hydroxide adenosyltransferase N-terminal domain
DUF1667	0.0087	0.0000	0.0106	0.2500	Protein of unknown function (DUF1667)
CBM_4_9	0.0087	0.0000	0.0106	0.2500	Carbohydrate binding domain
ODP	0.0087	0.0000	0.0106	0.2500	ODP family beta lactamase
Sigma54_activ_2	0.0087	0.0000	0.0106	0.2500	Sigma-54 interaction domain
Fer2_BFD	0.0087	0.0000	0.0106	0.2500	BFD-like [2Fe-2S] binding domain
HGL2_N	0.0087	0.0000	0.0106	0.2500	HGL2, N-terminal domain
AFT	0.0087	0.0000	0.0106	0.2500	Transcription factor AFT
Methyltr_RsmF_N	0.0087	0.0000	0.0106	0.2500	N-terminal domain of 16S rRNA methyltransferase RsmF
Alkyl_sulf_dimr	0.0087	0.0000	0.0106	0.2500	Alkyl sulfatase dimerisation
Chitin_synth_2	0.0087	0.0000	0.0106	0.2500	Chitin synthase
Alkyl_sulf_C	0.0087	0.0000	0.0106	0.2500	Alkyl sulfatase C-terminal
EhRGS-RhoGEF_PH-like	0.0087	0.0000	0.0106	0.2500	EhRGS-RhoGEF PH domain-like
MamF_MmsF	0.0087	0.0000	0.0106	0.2500	Magnetosome magnetite crystal formation protein family
Myb_DNA-bind_4	0.0087	0.0000	0.0106	0.2500	Myb/SANT-like DNA-binding domain
HGL2_M	0.0087	0.0000	0.0106	0.2500	HGL2, middle region
Dala_Dala_lig_C	0.0082	0.0000	0.0219	0.0833	D-ala D-ala ligase C-terminus
TPR_CFAP46_N	0.0081	0.0000	0.0247	0.0000	CFAP46, N-terminal TPR repeats
Sulfotransfer_4	0.0071	0.0000	0.0208	0.0000	Sulfotransferase domain
NTF2_6	0.0071	0.0000	0.0207	0.0000	NTF2-like domain
DB_JBP1	0.0071	0.0000	0.0207	0.0000	Thymine dioxygenase JBP1 DNA-binding domain
RESC11	0.0071	0.0000	0.0208	0.0000	RESC11
Ig_CFAP74_1st	0.0071	0.0000	0.0207	0.0000	CFAP74 first Ig-like domain
DUF3586	0.0071	0.0000	0.0207	0.0000	Protein of unknown function (DUF3586)
DUF7498	0.0071	0.0000	0.0207	0.0000	Domain of unknown function (DUF7498)
DUF7497	0.0071	0.0000	0.0207	0.0000	Domain of unknown function (DUF7497)
CBP66_2nd	0.0071	0.0000	0.0207	0.0000	Nuclear cap binding complex subunit CBP66 second domain
CBP66_1st	0.0071	0.0000	0.0207	0.0000	Nuclear cap binding complex subunit CBP66 N-terminal domain
CBP66	0.0071	0.0000	0.0207	0.0000	Nuclear cap binding complex subunit CBP66 C-terminal region
ACAD9-ACADV_C	0.0071	0.0000	0.0207	0.0000	ACAD9/ACADV, C-terminal domain
zf-CW	0.0071	0.0000	0.0207	0.0000	CW-type Zinc Finger
GDT1	0.0071	0.0000	0.0207	0.0000	Divalent cation/proton antiporter GDT1
AttH	0.0071	0.0000	0.0207	0.0000	AttH-like
tRNA_lig_CPD	0.0071	0.0000	0.0207	0.0000	Fungal tRNA ligase phosphodiesterase domain
EF-hand_EFHB_C	0.0071	0.0000	0.0207	0.0000	EFHB C-terminal EF-hand domain
CBP110	0.0071	0.0000	0.0207	0.0000	Nuclear cap binding complex subunit CBP110
NERD	0.0071	0.0000	0.0207	0.0000	Nuclease-related domain
PH_PIF6	0.0071	0.0000	0.0207	0.0000	PIF6 PH domain
Tcp11	0.0071	0.0000	0.0207	0.0000	T-complex protein 11
RESC9_M	0.0071	0.0000	0.0207	0.0000	RESC9 middle region
RESC9_N	0.0071	0.0000	0.0207	0.0000	RESC9 N-terminal region
RESC7	0.0071	0.0000	0.0207	0.0000	RNA-editing substrate-binding complex 7 protein
SbcC_Walker_B	0.0071	0.0000	0.0207	0.0000	SbcC/RAD50-like, Walker B motif
DAGL_N	0.0071	0.0000	0.0207	0.0000	Diacylglycerol lipase N-terminal transmembrane region
zf_MP81	0.0071	0.0000	0.0207	0.0000	RNA editing complex structural subunit MP81, C2H2 zinc finger
DUF8489	0.0071	0.0000	0.0207	0.0000	Domain of unknown function (DUF8489)
CesT	0.0071	0.0000	0.0207	0.0000	Tir chaperone protein (CesT) family
DUF4456	0.0071	0.0000	0.0207	0.0000	Domain of unknown function (DUF4456)
Cwc21_C	0.0071	0.0000	0.0207	0.0000	Pre-mRNA-splicing factor Cwc21 C-terminal
XPB_C	0.0071	0.0000	0.0207	0.0000	XPB-like, C-terminal domain
BILBO1_N	0.0071	0.0000	0.0207	0.0000	BILBO1 N-terminal domain
PH_22	0.0071	0.0000	0.0207	0.0000	PH domain
Lipocalin_5	0.0071	0.0000	0.0207	0.0000	Lipocalin-like domain
QSOX_pErv	0.0071	0.0000	0.0207	0.0000	Quiescin sulphydryl oxidase pseudo-Erv domain
CBP30	0.0071	0.0000	0.0207	0.0000	Nuclear cap binding complex subunit CBP30
DUF8384	0.0071	0.0000	0.0207	0.0000	Domain of unknown function (DUF8384)
PH_28	0.0071	0.0000	0.0207	0.0000	Kinetoplastid PH-like domain
DUF5393	0.0071	0.0000	0.0243	0.0000	Family of unknown function (DUF5393)
Zn_ribbon_3CxxC	0.0071	0.0000	0.0219	0.0000	Zinc-binding domain
ThiI	0.0063	0.0000	0.0179	0.0000	Thiamine biosynthesis protein (ThiI)
TreT_GT1	0.0033	0.0000	0.0011	0.0000	Trehalose synthase, N-terminal domain
TMEM43	0.0033	0.0000	0.0011	0.0000	Transmembrane protein 43
WDR90_beta-prop_4th	0.0033	0.0000	0.0011	0.0000	WDR90, 4th beta-propeller
Cytokin-bind	0.0033	0.0000	0.0011	0.0000	Cytokinin dehydrogenase 1, FAD and cytokinin binding
CEP135_TSGA10_CC	0.0033	0.0000	0.0011	0.0000	CEP135/TSGA10 coiled-coil
DUF4241	0.0033	0.0000	0.0011	0.0000	Protein of unknown function (DUF4241)
PapZ_C	0.0033	0.0000	0.0011	0.0000	RapZ C-terminal domain
PduV-EutP	0.0033	0.0000	0.0011	0.0000	Ethanolamine utilisation - propanediol utilisation
Glyco_hydro_108	0.0033	0.0000	0.0011	0.0000	Glycosyl hydrolase 108
CHDII_SANT-like	0.0033	0.0000	0.0011	0.0000	CHD subfamily II, SANT-like domain
CFAP77	0.0033	0.0000	0.0011	0.0000	Cilia- and flagella-associated protein 77
TPR-like_Epg5	0.0033	0.0000	0.0011	0.0000	Epg5-like TPR-like
DUF3025	0.0033	0.0000	0.0011	0.0000	Protein of unknown function (DUF3025)
Exo_endo_phos_3	0.0033	0.0000	0.0011	0.0000	Endonuclease/Exonuclease/phosphatase family
Zn_ribbon_SprT	0.0033	0.0000	0.0011	0.0000	SprT-like zinc ribbon domain
RimB-like	0.0033	0.0000	0.0011	0.0000	Retropepsin-like aspartic endopeptidase RimB
TPR_Epg5_2	0.0033	0.0000	0.0011	0.0000	Epg5-like, TPR repeats
BKACE	0.0033	0.0000	0.0011	0.0000	beta-keto acid cleavage enzyme
AsnRS_N	0.0033	0.0000	0.0011	0.0000	Asparaginal-tRNA synthetase, N-terminal domain
Glyco_hydro_94	0.0033	0.0000	0.0011	0.0000	Glycosyl hydrolase 94 superfamily, catalytic domain
Thiaminase_I-like_N	0.0033	0.0000	0.0011	0.0000	Thiaminase I-like, N-terminal domain
DZIP1	0.0033	0.0000	0.0011	0.0000	Cilium assembly protein DZIP1 domain
Cadherin_4	0.0033	0.0000	0.0011	0.0000	Bacterial cadherin-like domain
Cadherin_3	0.0033	0.0000	0.0011	0.0000	Cadherin-like
DUF6691	0.0033	0.0000	0.0011	0.0000	Family of unknown function (DUF6691)
BIR	0.0033	0.0000	0.0011	0.0000	Inhibitor of Apoptosis domain
Microtub_bind	0.0033	0.0000	0.0011	0.0000	Kinesin-associated microtubule-binding
BROMI_C	0.0033	0.0000	0.0011	0.0000	Broad-minded protein Rab TBC domain
Antistasin	0.0033	0.0000	0.0011	0.0000	Antistasin family
SPEF2_C	0.0033	0.0000	0.0011	0.0000	SPEF2 C-terminal domain
Nuc_deoxyri_tr2	0.0033	0.0000	0.0011	0.0000	Nucleoside 2-deoxyribosyltransferase like
Frtz	0.0033	0.0000	0.0011	0.0000	WD repeat-containing and planar cell polarity effector protein Fritz
HXXEE	0.0033	0.0000	0.0011	0.0000	Protein of unknown function with HXXEE motif
Peptidase_S58	0.0033	0.0000	0.0011	0.0000	Peptidase family S58
AMP-dom_DIP2-like	0.0033	0.0000	0.0011	0.0000	Disco-interacting protein 2-like, AMP domain
ALK_LTK_GRD	0.0033	0.0000	0.0011	0.0000	ALK/LTK, Glycine-rich domain
Fuseless	0.0033	0.0000	0.0011	0.0000	Fuseless
DUF4396	0.0033	0.0000	0.0011	0.0000	Domain of unknown function (DUF4396)
DUF6581	0.0033	0.0000	0.0011	0.0000	Family of unknown function (DUF6581)
MAP10_N	0.0033	0.0000	0.0011	0.0000	Microtubule associated protein 10, N-terminal domain
OpuAC	0.0033	0.0000	0.0011	0.0000	Substrate binding domain of ABC-type glycine betaine transport system
SLC12	0.0033	0.0000	0.0011	0.0000	Solute carrier family 12
GH94_b-supersand	0.0033	0.0000	0.0011	0.0000	Glycosyl hydrolase 94, supersandwich domain
ARM_PUB	0.0033	0.0000	0.0011	0.0000	Plant U-box protein ARM repeat region
RLIG1	0.0033	0.0000	0.0011	0.0000	RNA ligase 1
DnaB_C	0.0033	0.0000	0.0011	0.0000	DnaB-like helicase C terminal domain
DUF4386	0.0033	0.0000	0.0011	0.0000	Domain of unknown function (DUF4386)
DUF1152	0.0033	0.0000	0.0011	0.0000	Protein of unknown function (DUF1152)
INTS7_C	0.0033	0.0000	0.0011	0.0000	Integrator complex subunit 7, C-terminal domain
DUF1757	0.0033	0.0000	0.0011	0.0000	Protein of unknown function (DUF1757)
UPF0227	0.0033	0.0000	0.0011	0.0000	Uncharacterised protein family (UPF0227)
RGM_C	0.0033	0.0000	0.0011	0.0000	Repulsive guidance molecule (RGM) C-terminal domain
Epg5_M_TPR	0.0033	0.0000	0.0011	0.0000	Epg5 middle TPR-like domain
BIM1-like_dom	0.0033	0.0000	0.0011	0.0000	Copper acquisition factor BIM1-like
DUF5128	0.0033	0.0000	0.0011	0.0000	6-bladed beta-propeller
PAPPA	0.0033	0.0000	0.0011	0.0000	Pappalysin-1, SD scarf domain, C-terminal
DUF8271	0.0032	0.0000	0.0088	0.0000	Domain of unknown function (DUF8271)
DUF7759	0.0032	0.0000	0.0088	0.0000	Domain of unknown function (DUF7759)
DUF7881_C	0.0032	0.0000	0.0088	0.0000	Domain of unknown function (DUF7881) C-terminal domain
KAP_N	0.0032	0.0000	0.0088	0.0000	Kinetoplast-associated protein, N-terminal domain
META	0.0032	0.0000	0.0088	0.0000	META domain
Arginosuc_syn_C	0.0032	0.0000	0.0088	0.0000	Arginosuccinate synthase C-terminal domain
DUF7881_N	0.0032	0.0000	0.0088	0.0000	Domain of unknown function (DUF7881) N-terminal domain
DUF1930	0.0032	0.0000	0.0088	0.0000	Domain of unknown function (DUF1930)
TFIIB_C_2	0.0032	0.0000	0.0088	0.0000	Transcription factor IIB C-terminal module 2
DUF4471	0.0032	0.0000	0.0088	0.0000	Domain of unknown function (DUF4471)
DUF7883	0.0032	0.0000	0.0088	0.0000	Domain of unknown function (DUF7883)
X92_C	0.0032	0.0000	0.0088	0.0000	X92 C-terminal domain
LRR_16	0.0032	0.0000	0.0088	0.0000	Leucine-rich repeat domain
DUF7914	0.0032	0.0000	0.0088	0.0000	Domain of unknown function (DUF7914)
DUF5075	0.0032	0.0000	0.0087	0.0000	IGP family C-type lectin domain
SAS-6_C_CC_2	0.0031	0.0000	0.0087	0.0000	SAS-6, C-terminal coiled coil
DUF7760	0.0031	0.0000	0.0087	0.0000	Domain of unknown function (DUF7760)
DUF7762	0.0031	0.0000	0.0087	0.0000	Domain of unknown function (DUF7762)
XAC1	0.0031	0.0000	0.0087	0.0000	PBP1-interacting protein XAC1
DUF7761	0.0031	0.0000	0.0087	0.0000	Domain of unknown function (DUF7761)
pATOM36	0.0031	0.0000	0.0087	0.0000	pATOM36 family
X92_N	0.0031	0.0000	0.0087	0.0000	X92 N-terminal domain
Brr6_like_C_C	0.0022	0.0000	0.0006	0.4167	Di-sulfide bridge nucleocytoplasmic transport domain
Dickkopf_N	0.0022	0.0000	0.0006	0.4167	Dickkopf N-terminal cysteine-rich region
ATG29_N	0.0022	0.0000	0.0006	0.4167	Atg29 N-terminal domain
EGF_Tenascin	0.0022	0.0000	0.0006	0.4167	Tenascin EGF domain
TM7S3_TM198	0.0022	0.0000	0.0006	0.4167	TM7S3/TM198-like domain
PAM2	0.0022	0.0000	0.0006	0.4167	Ataxin-2 C-terminal region
zf-C2H2_15	0.0013	0.0000	0.0007	0.5833	C2H2 zinc finger
zf-C4H2	0.0013	0.0000	0.0007	0.5833	Zinc finger-containing protein
MYRF_ICA	0.0013	0.0000	0.0007	0.5833	Myelin regulatory factor ICA domain
TPR_RPAP1	0.0013	0.0000	0.0007	0.5833	RNA polymerase II-associated protein 1, TPR repeats
Glyco_hydro_9	0.0013	0.0000	0.0007	0.5833	Glycosyl hydrolase family 9
DUF6748	0.0013	0.0000	0.0007	0.5833	Domain of unknown function (DUF6748)
TSP1_ADAMTS	0.0013	0.0000	0.0007	0.5833	Thrombospondin type 1 domain
Membrane_bind	0.0013	0.0000	0.0007	0.5833	Membrane binding
LIM_bind	0.0013	0.0000	0.0007	0.5833	LIM-domain binding protein
Endotoxin_N	0.0013	0.0000	0.0007	0.5833	delta endotoxin, N-terminal domain
Ependymin_amoebozoa	0.0013	0.0000	0.0007	0.5833	Ependymin domain, amoebozoa
UBA_DHX29	0.0013	0.0000	0.0007	0.5833	ATP-dependent RNA helicase DHX29, UBA domain
DUF1365	0.0013	0.0000	0.0007	0.5833	Protein of unknown function (DUF1365)
DUF2043	0.0013	0.0000	0.0007	0.5833	Uncharacterized conserved protein (DUF2043)
DUF7949	0.0013	0.0000	0.0007	0.5833	Domain of unknown function (DUF7949)
PHDvar_NSD	0.0013	0.0000	0.0007	0.5833	Histone-lysine N-methyltransferase NSD-like, variant PHD zinc finger
UCP031277	0.0013	0.0000	0.0007	0.5833	Uncharacterised conserved protein UCP031277
PH_42	0.0013	0.0000	0.0007	0.5833	Dictyostelia PH domain-like
DDB_G0285495_C	0.0013	0.0000	0.0007	0.5833	DDB_G0285495 C-terminal domain
DDB_G0285495_M	0.0013	0.0000	0.0007	0.5833	DDB_G0285495 middle domain
DDB_G0289901_N	0.0013	0.0000	0.0007	0.5833	DDB_G0289901 N-terminal domain
DDB_G0293016	0.0013	0.0000	0.0007	0.5833	Uncharacterised protein DDB_G0293016
NAT	0.0013	0.0000	0.0007	0.5833	NAT, N-acetyltransferase, of N-acetylglutamate synthase
PP_kinase	0.0013	0.0000	0.0007	0.5833	Polyphosphate kinase middle domain
PP_kinase_C	0.0013	0.0000	0.0007	0.5833	Polyphosphate kinase C-terminal domain 2
PP_kinase_C_1	0.0013	0.0000	0.0007	0.5833	Polyphosphate kinase C-terminal domain 1
PP_kinase_N	0.0013	0.0000	0.0007	0.5833	Polyphosphate kinase N-terminal domain
THAP4_heme-bd	0.0013	0.0000	0.0007	0.5833	THAP4-like, heme-binding beta-barrel domain
DUF4210	0.0013	0.0000	0.0007	0.5833	Domain of unknown function (DUF4210)
IML1_N	0.0013	0.0000	0.0007	0.5833	IML1 N-terminal double psi beta barrel domain
ILEI	0.0013	0.0000	0.0007	0.5833	Interleukin-like EMT inducer
Dynein_IC2	0.0013	0.0000	0.0007	0.5833	Cytoplasmic dynein 1 intermediate chain 2
DD3_C	0.0013	0.0000	0.0007	0.5833	DD3-3 C-terminal transmembrane region
Cybc1_Eros	0.0013	0.0000	0.0007	0.5833	Cytochrome b-245 chaperone 1 / Eros
PH_TFIIH	0.0013	0.0000	0.0007	0.5833	TFIIH p62 subunit, N-terminal domain
Cortex-I_coil	0.0013	0.0000	0.0007	0.5833	Cortexillin coiled-coil region
ComC_SSD	0.0013	0.0000	0.0007	0.5833	ComC, supersandwich domain
Vanin_C	0.0013	0.0000	0.0007	0.5833	Vanin C-terminal domain
F_actin_bind	0.0013	0.0000	0.0007	0.5833	F-actin binding
Coiled	0.0013	0.0000	0.0007	0.5833	Coiled coil
AlyA	0.0013	0.0000	0.0007	0.5833	Lysozyme A
Nnf1	0.0013	0.0000	0.0007	0.5833	Nnf1
Peptidase_M66	0.0013	0.0000	0.0007	0.5833	Peptidase M66
Nucleolin_bd	0.0013	0.0000	0.0007	0.5833	Nucleolin binding domain
Lunapark_N	0.0013	0.0000	0.0007	0.5833	Lunapark N-terminal membrane domain
Fz_Smo_sans_CRD_N	0.0013	0.0000	0.0007	0.5833	Frizzled/Smoothened-like sans CRD N-terminal domain
UnbV_ASPIC	0.0013	0.0000	0.0007	0.5833	ASPIC and UnbV
Nse4-Nse3_bdg	0.0013	0.0000	0.0007	0.5833	Binding domain of Nse4/EID3 to Nse3-MAGE
DUF7743	0.0013	0.0000	0.0007	0.5833	Domain of unknown function (DUF7743)
ShkE_N	0.0013	0.0000	0.0007	0.5833	ShkE, N-terminal domain
Semialdhyde_dhC_1	0.0013	0.0000	0.0007	0.5833	Semialdehyde dehydrogenase, dimerisation domain
FTCD	0.0013	0.0000	0.0007	0.5833	Formiminotransferase domain
SLT	0.0013	0.0000	0.0007	0.5833	Transglycosylase SLT domain
FNIP	0.0013	0.0000	0.0007	0.5833	FNIP Repeat
FTCD_N	0.0013	0.0000	0.0007	0.5833	Formiminotransferase domain, N-terminal subdomain
Helical_RasGEFs	0.0013	0.0000	0.0007	0.5833	RasGEFs all helical domain
Chromosome_seg	0.0013	0.0000	0.0007	0.5833	Chromosome segregation during meiosis
FlK	0.0013	0.0000	0.0007	0.5833	Fluoroacetyl-CoA-specific thioesterase
FTCD_C	0.0013	0.0000	0.0007	0.5833	Formiminotransferase-cyclodeaminase
UBR4	0.0013	0.0000	0.0007	0.5833	E3 ubiquitin-protein ligase UBR4-like domain
Sulfotransfer_2	0.0013	0.0000	0.0007	0.5833	Sulfotransferase family
DdMyo7_FERM	0.0013	0.0000	0.0007	0.5833	DdMyo7 FERM domain
Det1	0.0013	0.0000	0.0007	0.5833	De-etiolated protein 1 Det1
Dicty_spore_N	0.0013	0.0000	0.0007	0.5833	Dictyostelium spore coat protein, N terminus
DUF7034	0.0013	0.0000	0.0007	0.5833	Domain of unknown function (DUF7034)
ColD_2nd_Ig	0.0013	0.0000	0.0007	0.5833	Colossin-D second immunoglobulin-like domain
ALMT	0.0013	0.0000	0.0007	0.5833	Aluminium activated malate transporter
DUF6081	0.0013	0.0000	0.0007	0.5833	Family of unknown function (DUF6081)
Ocnus	0.0013	0.0000	0.0007	0.5833	Janus/Ocnus family (Ocnus)
Piezo_TM1-24	0.0013	0.0000	0.0007	0.5833	Piezo TM1-24
ArgJ	0.0013	0.0000	0.0007	0.5833	ArgJ family
vWA_SIBA-E	0.0013	0.0000	0.0007	0.5833	Integrin beta-like protein A-E, vWA-like
6TM_1st_PGAP2IP	0.0013	0.0000	0.0007	0.5833	PGAP2IP, first transmembrane domain
Leg1	0.0013	0.0000	0.0007	0.5833	Leg1
SP85_N	0.0013	0.0000	0.0007	0.5833	SP85-like N-terminal domain
ForC_N	0.0013	0.0000	0.0007	0.5833	Formin C, N-terminal domain
Cep192_D5	0.0013	0.0000	0.0007	0.5833	Cep192 domain 5
ChAPs	0.0013	0.0000	0.0007	0.5833	ChAPs (Chs5p-Arf1p-binding proteins)
DUF7035	0.0013	0.0000	0.0007	0.5833	Domain of unknown function (DUF7035)
MRP	0.0013	0.0000	0.0150	0.0000	Mitochondrial RNA binding protein MRP
PriCT_2	0.0013	0.0000	0.0150	0.0000	Primase C terminal 2 (PriCT-2)
zf-KKT2_KKT3	0.0013	0.0000	0.0150	0.0000	KKT2/KKT3 zinc finger domain
HAD_SAK_2	0.0013	0.0000	0.0150	0.0000	HAD domain in Swiss Army Knife RNA repair proteins
Glyco_transf_11	0.0013	0.0000	0.0150	0.0000	Glycosyl transferase family 11
Tc-38	0.0013	0.0000	0.0150	0.0000	Trypanosoma Tc-38 (p38) protein
Zn_ribbon_tTFIIB	0.0013	0.0000	0.0150	0.0000	Transcription factor IIB, zinc ribbon, Trypanosome
PH_30	0.0013	0.0000	0.0150	0.0000	Kinetoplastid PH-like domain
PIF8_N	0.0013	0.0000	0.0150	0.0000	PIF8 N-terminal domain
DUF1796	0.0013	0.0000	0.0150	0.0000	Putative papain-like cysteine peptidase (DUF1796)
Ret2_MD	0.0013	0.0000	0.0150	0.0000	RNA editing 3' terminal uridylyl transferase 2 middle domain
PPL5	0.0013	0.0000	0.0150	0.0000	Prim-pol family 5
Pdase_M17_N2	0.0013	0.0000	0.0150	0.0000	M17 aminopeptidase N-terminal domain 2
DUF3456	0.0013	0.0000	0.0150	0.0000	TLR4 regulator and MIR-interacting MSAP
FCaBP_EF-hand	0.0013	0.0000	0.0150	0.0000	FCaBP EF-hand domain
PIF8_C	0.0013	0.0000	0.0150	0.0000	ATP-dependent DNA helicase-like PIF8, C-terminal domain
PH_31	0.0013	0.0000	0.0150	0.0000	PH-like domain
OB_MP81	0.0013	0.0000	0.0150	0.0000	MP81-like, OB fold domain
RESC8	0.0013	0.0000	0.0150	0.0000	RNA-editing substrate-binding complex 8 protein
NTF2_5	0.0013	0.0000	0.0150	0.0000	NTF2-like domain
Flagellar_rod	0.0013	0.0000	0.0150	0.0000	Paraflagellar rod protein
CHAP	0.0013	0.0000	0.0150	0.0000	CHAP domain
NTF2_MEX67	0.0013	0.0000	0.0150	0.0000	MEX67-like, NTF2-like domain
Acyl-CoA_dh_C	0.0013	0.0000	0.0150	0.0000	Acetyl-CoA dehydrogenase C-terminal like
VTC	0.0013	0.0000	0.0149	0.0000	VTC domain
ATP18_TPR	0.0013	0.0000	0.0150	0.0000	ATP synthase subunit p18 TPR-like domain
TPM_phosphatase	0.0013	0.0000	0.0150	0.0000	TPM domain
TMEM65	0.0013	0.0000	0.0150	0.0000	Transmembrane protein 65
FAZ1_cons	0.0013	0.0000	0.0150	0.0000	FAZ1, conserved domain
CFAP410_C	0.0013	0.0000	0.0150	0.0000	CFAP410 C-terminal domain
WD40_CFAP43	0.0013	0.0000	0.0150	0.0000	CFAP43, WD40 domain
LSM12_C	0.0013	0.0000	0.0150	0.0000	LSM12 C-terminal domain
DUF4379	0.0013	0.0000	0.0150	0.0000	Probable Treble clef zinc finger domain
DUF7353	0.0013	0.0000	0.0150	0.0000	Domain of unknown function (DUF7353)
LmjF365940-deam	0.0013	0.0000	0.0150	0.0000	LmjF365940 subfamily CDD/CDA-like deaminase
HNH	0.0013	0.0000	0.0150	0.0000	HNH endonuclease
MIX	0.0013	0.0000	0.0150	0.0000	Mitochondrial membrane-anchored proteins
RESC6	0.0013	0.0000	0.0150	0.0000	RNA-editing substrate-binding complex 6 protein
DUF8554	0.0013	0.0000	0.0150	0.0000	Domain of unknown function (DUF8554)
DUF8342	0.0013	0.0000	0.0150	0.0000	Domain of unknown function (DUF8342)
DSRM_REH2	0.0013	0.0000	0.0150	0.0000	REH2 DRSM domain
DUF2779	0.0013	0.0000	0.0150	0.0000	Domain of unknown function (DUF2779)
PSP1	0.0013	0.0000	0.0150	0.0000	PSP1 C-terminal conserved region
PRORP	0.0013	0.0000	0.0150	0.0000	Protein-only RNase P
DUF1935	0.0013	0.0000	0.0150	0.0000	Domain of unknown function (DUF1935)
BT1	0.0013	0.0000	0.0150	0.0000	BT1 family
TylF	0.0013	0.0000	0.0150	0.0000	Macrocin-O-methyltransferase (TylF)
YALI	0.0013	0.0000	0.0150	0.0000	Uncharacterised Trypanosomatid YALI
TFIIB_C_1	0.0013	0.0000	0.0150	0.0000	Transcription factor IIB C-terminal module 1
dUTPase_2	0.0013	0.0000	0.0150	0.0000	dUTPase
Amastin	0.0013	0.0000	0.0150	0.0000	Amastin surface glycoprotein
mS65	0.0013	0.0000	0.0150	0.0000	mS65 domain
RESC5	0.0013	0.0000	0.0150	0.0000	RNA-editing substrate-binding complex 5 protein
AKLP2_N	0.0013	0.0000	0.0150	0.0000	Inactive adenylate kinase_N
DUF7623	0.0013	0.0000	0.0150	0.0000	Domain of unknown function (DUF7623)
RESC10	0.0013	0.0000	0.0150	0.0000	RNA-editing substrate-binding complex 10 protein
RESC1_2	0.0013	0.0000	0.0150	0.0000	RESC1/2 CYTH-like domain
Citrulline_exp	0.0013	0.0000	0.0150	0.0000	Probable citrulline exporter
DUF8343	0.0013	0.0000	0.0150	0.0000	Domain of unknown function (DUF8343)
ApbE	0.0013	0.0000	0.0150	0.0000	ApbE family
DUF1861	0.0006	0.0000	0.0008	0.0000	Protein of unknown function (DUF1861)
DUF4996	0.0006	0.0000	0.0008	0.0000	Domain of unknown function
DUF2871	0.0006	0.0000	0.0008	0.0000	Protein of unknown function (DUF2871)
3-PAP	0.0005	0.0000	0.0005	0.0000	Myotubularin-associated protein
