family	posterior	model_sd	tree_sd	share_of_clade_tips_today	description
Transket_pyr	0.9999	0.0000	0.0000	1.0000	Transketolase, pyrimidine binding domain
Peptidase_M3	0.9999	0.0000	0.0000	1.0000	Peptidase family M3
EF-hand_5	0.9999	0.0000	0.0000	1.0000	EF hand
EF-hand_7	0.9999	0.0000	0.0000	1.0000	EF-hand domain pair
Helicase_C	0.9999	0.0000	0.0000	1.0000	Helicase conserved C-terminal domain
GED	0.9999	0.0000	0.0000	1.0000	Dynamin GTPase effector domain
NIF	0.9999	0.0000	0.0000	1.0000	NLI interacting factor-like phosphatase
Tubulin	0.9999	0.0000	0.0000	1.0000	Tubulin/FtsZ family, GTPase domain
GTP_EFTU	0.9999	0.0000	0.0000	1.0000	Elongation factor Tu GTP binding domain
UCH	0.9999	0.0000	0.0000	1.0000	Ubiquitin carboxyl-terminal hydrolase
NUDIX	0.9999	0.0000	0.0000	1.0000	NUDIX domain
GTP_EFTU_D2	0.9999	0.0000	0.0000	1.0000	Elongation factor Tu domain 2
Toprim	0.9999	0.0000	0.0000	1.0000	Toprim domain
Beach	0.9999	0.0000	0.0000	1.0000	Beige/BEACH domain
PAP2	0.9999	0.0000	0.0000	1.0000	PAP2 superfamily
BPL_LplA_LipB	0.9999	0.0000	0.0000	1.0000	Biotin/lipoate A/B protein ligase family
Peptidase_M24	0.9999	0.0000	0.0000	1.0000	Metallopeptidase family M24
TrmO_N	0.9999	0.0000	0.0000	1.0000	tRNA-methyltransferase O N-terminal domain
HSP70	0.9999	0.0000	0.0000	1.0000	Hsp70 protein
HSP90	0.9999	0.0000	0.0000	1.0000	Hsp90 protein
Thioredoxin	0.9999	0.0000	0.0000	1.0000	Thioredoxin
TTL	0.9999	0.0000	0.0000	1.0000	Tubulin-tyrosine ligase family
TatD_DNase	0.9999	0.0000	0.0000	1.0000	TatD related DNase
Topoisom_bac	0.9999	0.0000	0.0000	1.0000	DNA topoisomerase
Biotin_lipoyl	0.9999	0.0000	0.0000	1.0000	Biotin-requiring enzyme
Bromodomain	0.9999	0.0000	0.0000	1.0000	Bromodomain
PH	0.9999	0.0000	0.0000	1.0000	PH domain
Lyase_1	0.9999	0.0000	0.0000	1.0000	Lyase
M16C_assoc	0.9999	0.0000	0.0000	1.0000	Peptidase M16C associated
WD40	0.9999	0.0000	0.0000	1.0000	WD domain, G-beta repeat
HSP20	0.9999	0.0000	0.0000	1.0000	Hsp20/alpha crystallin family
CDP-OH_P_transf	0.9999	0.0000	0.0000	1.0000	CDP-alcohol phosphatidyltransferase
PseudoU_synth_2	0.9999	0.0000	0.0000	1.0000	RNA pseudouridylate synthase
Pyr_redox_2	0.9999	0.0000	0.0000	1.0000	Pyridine nucleotide-disulphide oxidoreductase
Pyrophosphatase	0.9999	0.0000	0.0000	1.0000	Inorganic pyrophosphatase
Lactamase_B	0.9999	0.0000	0.0000	1.0000	Metallo-beta-lactamase superfamily
Lactamase_B_2	0.9999	0.0000	0.0000	1.0000	Beta-lactamase superfamily domain
Ldh_1_C	0.9999	0.0000	0.0000	1.0000	lactate/malate dehydrogenase, alpha/beta C-terminal domain
Ldh_1_N	0.9999	0.0000	0.0000	1.0000	lactate/malate dehydrogenase, NAD binding domain
TPR_16	0.9999	0.0000	0.0000	1.0000	Tetratricopeptide repeat
PH_BEACH	0.9999	0.0000	0.0000	1.0000	PH domain associated with Beige/BEACH
TPR_8	0.9999	0.0000	0.0000	1.0000	Tetratricopeptide repeat
PP-binding	0.9999	0.0000	0.0000	1.0000	Phosphopantetheine attachment site
PP2C	0.9999	0.0000	0.0000	1.0000	Protein phosphatase 2C
PALP	0.9999	0.0000	0.0000	1.0000	Pyridoxal-phosphate dependent enzyme
TAP42	0.9999	0.0000	0.0000	1.0000	TAP42-like family
Methyltransf_16	0.9999	0.0000	0.0000	1.0000	Lysine methyltransferase
TGT	0.9999	0.0000	0.0000	1.0000	Queuine tRNA-ribosyltransferase
Epimerase	0.9999	0.0000	0.0000	1.0000	NAD dependent epimerase/dehydratase family
Exo_endo_phos	0.9999	0.0000	0.0000	1.0000	Endonuclease/Exonuclease/phosphatase family
PK	0.9999	0.0000	0.0000	1.0000	Pyruvate kinase, barrel domain
TOPRIM_C	0.9999	0.0000	0.0000	1.0000	C-terminal associated domain of TOPRIM
Hexapep	0.9999	0.0000	0.0000	1.0000	Bacterial transferase hexapeptide (six repeats)
HhH-GPD	0.9999	0.0000	0.0000	1.0000	HhH-GPD superfamily base excision DNA repair protein
Sod_Fe_C	0.9999	0.0000	0.0000	1.0000	Iron/manganese superoxide dismutases, C-terminal domain
Sod_Fe_N	0.9999	0.0000	0.0000	1.0000	Iron/manganese superoxide dismutases, alpha-hairpin domain
ParA	0.9999	0.0000	0.0000	1.0000	NUBPL iron-transfer P-loop NTPase
ELFV_dehydrog	0.9999	0.0000	0.0000	1.0000	Glutamate/Leucine/Phenylalanine/Valine dehydrogenase
PTH2	0.9999	0.0000	0.0000	1.0000	Peptidyl-tRNA hydrolase PTH2
Peptidase_M16	0.9999	0.0000	0.0000	1.0000	Insulinase (Peptidase family M16)
Peptidase_M16_C	0.9999	0.0000	0.0000	1.0000	Peptidase M16 inactive domain
tRNA-synt_2b	0.9999	0.0000	0.0000	1.0000	tRNA synthetase class II core domain (G, H, P, S and T)
Ribosomal_L5	0.9999	0.0000	0.0000	1.0000	Ribosomal protein L5
Ribosomal_L5_C	0.9999	0.0000	0.0000	1.0000	ribosomal L5P family C-terminus
Ribosomal_L6	0.9999	0.0000	0.0000	1.0000	Ribosomal protein L6
tRNA_SAD	0.9999	0.0000	0.0000	1.0000	Threonyl and Alanyl tRNA synthetase second additional domain
tRNA_U5-meth_tr	0.9999	0.0000	0.0000	1.0000	tRNA (Uracil-5-)-methyltransferase
DNA_ligase_A_N	0.9999	0.0000	0.0000	1.0000	DNA ligase N terminus
DNA_pol_A	0.9999	0.0000	0.0000	1.0000	DNA polymerase family A
DNA_topoisoIV	0.9999	0.0000	0.0000	1.0000	DNA gyrase/topoisomerase IV, subunit A
Ribosomal_L2_C	0.9999	0.0000	0.0000	1.0000	Ribosomal Proteins L2, C-terminal domain
Ribosomal_L2_N	0.9999	0.0000	0.0000	1.0000	Ribosomal Proteins L2, RNA binding N-terminal domain
Ribosomal_L3	0.9999	0.0000	0.0000	1.0000	Ribosomal protein L3
AAA_lid_3	0.9999	0.0000	0.0000	1.0000	AAA+ lid domain
AAA_lid_9	0.9999	0.0000	0.0000	1.0000	AAA lid domain
tRNA-synt_2	0.9999	0.0000	0.0000	1.0000	tRNA synthetases class II (D, K and N)
Ribosomal_L4	0.9999	0.0000	0.0000	1.0000	Ribosomal protein L4/L1 family
tRNA-synt_2d	0.9999	0.0000	0.0000	1.0000	tRNA synthetases class II core domain (F)
tRNA-synt_His	0.9999	0.0000	0.0000	1.0000	Histidyl-tRNA synthetase
Acetyltransf_1	0.9999	0.0000	0.0000	1.0000	Acetyltransferase (GNAT) family
HGTP_anticodon	0.9999	0.0000	0.0000	1.0000	Anticodon binding domain
Maf	0.9999	0.0000	0.0000	1.0000	Maf-like protein
Malic_M	0.9999	0.0000	0.0000	1.0000	Malic enzyme, NAD binding domain
Methyltransf_11	0.9999	0.0000	0.0000	1.0000	Methyltransferase domain
AAA	0.9999	0.0000	0.0000	1.0000	ATPase family associated with various cellular activities (AAA)
zf-C3HC4_2	0.9999	0.0000	0.0000	1.0000	Zinc finger, C3HC4 type (RING finger)
Ribosomal_L23	0.9999	0.0000	0.0000	1.0000	Ribosomal protein L23
MMR_HSR1	0.9999	0.0000	0.0000	1.0000	50S ribosome-binding GTPase
Ribos_L4_asso_C	0.9999	0.0000	0.0000	1.0000	60S ribosomal protein L4 C-terminal domain
Ribosomal_L6e	0.9999	0.0000	0.0000	1.0000	Ribosomal protein L6e
Ribosomal_L7Ae	0.9999	0.0000	0.0000	1.0000	Ribosomal protein L7Ae/L30e/S12e/Gadd45 family
ATP-synt_VA_C	0.9999	0.0000	0.0000	1.0000	C-terminal domain of V and A type ATP synthase
HATPase_c	0.9999	0.0000	0.0000	1.0000	Histidine kinase-, DNA gyrase B-, and HSP90-like ATPase
HATPase_c_3	0.9999	0.0000	0.0000	1.0000	Histidine kinase-, DNA gyrase B-, and HSP90-like ATPase
HD_3	0.9999	0.0000	0.0000	1.0000	HD domain
Acyltransferase	0.9999	0.0000	0.0000	1.0000	Acyltransferase
Ala_racemase_N	0.9999	0.0000	0.0000	1.0000	Alanine racemase, N-terminal domain
Aldedh	0.9999	0.0000	0.0000	1.0000	Aldehyde dehydrogenase family
Gtr1_RagA	0.9999	0.0000	0.0000	1.0000	Gtr1/RagA G protein conserved region
Abhydrolase_1	0.9999	0.0000	0.0000	1.0000	alpha/beta hydrolase fold
Mito_carr	0.9999	0.0000	0.0000	1.0000	Mitochondrial carrier protein
Metallophos_2	0.9999	0.0000	0.0000	1.0000	Calcineurin-like phosphoesterase superfamily domain
Methyltr_RsmB-F	0.9999	0.0000	0.0000	1.0000	16S rRNA methyltransferase RsmB/F
Aminotran_1_2	0.9999	0.0000	0.0000	1.0000	Aminotransferase class I and II
Aminotran_4	0.9999	0.0000	0.0000	1.0000	Amino-transferase class IV
Aminotran_5	0.9999	0.0000	0.0000	1.0000	Aminotransferase class-V
Ribosomal_L24e	0.9999	0.0000	0.0000	1.0000	Ribosomal protein L24e
ATP-synt_ab	0.9999	0.0000	0.0000	1.0000	ATP synthase alpha/beta family, nucleotide-binding domain
ATP-synt_ab_N	0.9999	0.0000	0.0000	1.0000	ATP synthase alpha/beta family, beta-barrel domain
ATP_bind_3	0.9999	0.0000	0.0000	1.0000	PP-loop domain
Aa_trans	0.9999	0.0000	0.0000	1.0000	Transmembrane amino acid transporter protein
Myb_DNA-binding	0.9999	0.0000	0.0000	1.0000	Myb-like DNA-binding domain
UVB_sens_prot	0.9999	0.0000	0.0000	1.0000	Vitamin B6 photo-protection and homoeostasis domain
MutS_III	0.9999	0.0000	0.0000	1.0000	MutS domain III
MutS_IV	0.9999	0.0000	0.0000	1.0000	MutS family domain IV
MutS_V	0.9999	0.0000	0.0000	1.0000	MutS domain V
Ank_2	0.9999	0.0000	0.0000	1.0000	Ankyrin repeats (3 copies)
Anticodon_1	0.9999	0.0000	0.0000	1.0000	Anticodon-binding domain of tRNA ligase
Ribosomal_L32e	0.9999	0.0000	0.0000	1.0000	Ribosomal protein L32
Ribosomal_L35Ae	0.9999	0.0000	0.0000	1.0000	Ribosomal protein L35Ae
Ribosomal_L36e	0.9999	0.0000	0.0000	1.0000	Ribosomal protein L36e
tRNA-synt_1b	0.9999	0.0000	0.0000	1.0000	tRNA synthetases class I (W and Y)
Ribosomal_S11	0.9999	0.0000	0.0000	1.0000	Ribosomal protein S11
Ribosomal_S13	0.9999	0.0000	0.0000	1.0000	Ribosomal protein S13/S18
Ribosomal_S13_N	0.9999	0.0000	0.0000	1.0000	Ribosomal S13/S15 N-terminal domain
tRNA-synt_1g	0.9999	0.0000	0.0000	1.0000	tRNA synthetases class I (M)
ADH_N	0.9999	0.0000	0.0000	1.0000	Alcohol dehydrogenase GroES-like domain
ADH_zinc_N	0.9999	0.0000	0.0000	1.0000	Zinc-binding dehydrogenase
ADK	0.9999	0.0000	0.0000	1.0000	Adenylate kinase
Rhodanese	0.9999	0.0000	0.0000	1.0000	Rhodanese-like domain
LRR_6	0.9999	0.0000	0.0000	1.0000	Leucine Rich repeat
LRR_8	0.9999	0.0000	0.0000	1.0000	Leucine rich repeat
IPPT	0.9999	0.0000	0.0000	1.0000	IPP transferase
malic	0.9999	0.0000	0.0000	1.0000	Malic enzyme, N-terminal domain
polyprenyl_synt	0.9999	0.0000	0.0000	1.0000	Polyprenyl synthetase
tRNA-synt_1	0.9999	0.0000	0.0000	1.0000	tRNA synthetases class I (I, L, M and V)
DJ-1_PfpI	0.9999	0.0000	0.0000	1.0000	DJ-1/PfpI family
tRNA-synt_1c	0.9999	0.0000	0.0000	1.0000	tRNA synthetases class I (E and Q), catalytic domain
Ribosomal_S4	0.9999	0.0000	0.0000	1.0000	Ribosomal protein S4/S9 N-terminal domain
Ribosomal_S4e	0.9999	0.0000	0.0000	1.0000	Ribosomal family S4e
Ribosomal_S5	0.9999	0.0000	0.0000	1.0000	Ribosomal protein S5, N-terminal domain
Ribosomal_S5_C	0.9999	0.0000	0.0000	1.0000	Ribosomal protein S5, C-terminal domain
Ribosomal_S7	0.9999	0.0000	0.0000	1.0000	Ribosomal protein S7p/S5e
DNA_gyraseB	0.9999	0.0000	0.0000	1.0000	DNA gyrase B
DNA_ligase_A_C	0.9999	0.0000	0.0000	1.0000	ATP dependent DNA ligase C terminal region
DNA_ligase_A_M	0.9999	0.0000	0.0000	1.0000	ATP dependent DNA ligase domain
RNB	0.9999	0.0000	0.0000	1.0000	RNB domain
RL10P_insert	0.9999	0.0000	0.0000	1.0000	Insertion domain in 60S ribosomal protein L10P
Cpn60_TCP1	0.9999	0.0000	0.0000	1.0000	TCP-1/cpn60 chaperonin family
RCC1	0.9999	0.0000	0.0000	1.0000	Regulator of chromosome condensation (RCC1) repeat
Pkinase	0.9999	0.0000	0.0000	1.0000	Protein kinase domain
Ribosomal_L13	0.9999	0.0000	0.0000	1.0000	Ribosomal protein L13
Ribosomal_L27A	0.9999	0.0000	0.0000	1.0000	Ribosomal proteins 50S-L15, 50S-L18e, 60S-L27A
Ribosomal_L29	0.9999	0.0000	0.0000	1.0000	Ribosomal L29 protein
Ribosomal_S27	0.9999	0.0000	0.0000	1.0000	Ribosomal protein S27a
Ribosomal_S3Ae	0.9999	0.0000	0.0000	1.0000	Ribosomal S3Ae family
Ribosomal_L14e	0.9999	0.0000	0.0000	1.0000	Ribosomal protein L14
Ribosomal_L15e	0.9999	0.0000	0.0000	1.0000	Ribosomal L15
Ribosomal_L16	0.9999	0.0000	0.0000	1.0000	Ribosomal protein L16p/L10e
Ribosomal_L18	0.9999	0.0000	0.0000	1.0000	Ribosomal protein 60S L18 and 50S L18e
Ribosomal_L21e	0.9999	0.0000	0.0000	1.0000	Ribosomal protein L21e
Ribosomal_L22	0.9999	0.0000	0.0000	1.0000	Ribosomal protein L22p/L17e
ABC_tran	0.9999	0.0000	0.0000	1.0000	ABC transporter
KOW	0.9999	0.0000	0.0000	1.0000	KOW motif
LRR_1	0.9999	0.0000	0.0000	1.0000	Leucine Rich Repeat
Ribosomal_S26e	0.9999	0.0000	0.0000	1.0000	Ribosomal protein S26e
PhoLip_ATPase_C	0.9999	0.0000	0.0000	1.0000	Phospholipid-translocating P-type ATPase C-terminal
Ribosomal_L13e	0.9999	0.0000	0.0000	1.0000	Ribosomal protein L13e
Ribosomal_L14	0.9999	0.0000	0.0000	1.0000	Ribosomal protein L14p/L23e
zf-RING_UBOX	0.9999	0.0000	0.0000	1.0000	RING-type zinc-finger
40S_S4_C	0.9999	0.0000	0.0000	1.0000	40S ribosomal protein S4 C-terminus
AAA_28	0.9999	0.0000	0.0000	1.0000	AAA domain
AAA_23	0.9999	0.0000	0.0000	1.0000	AAA domain
tRNA_anti-codon	0.9999	0.0000	0.0000	1.0000	OB-fold nucleic acid binding domain
ubiquitin	0.9999	0.0000	0.0000	1.0000	Ubiquitin family
ABC_membrane	0.9999	0.0000	0.0000	1.0000	ABC transporter transmembrane region
AAA_2	0.9999	0.0000	0.0000	1.0000	AAA domain (Cdc48 subfamily)
Ribosom_S12_S23	0.9999	0.0000	0.0000	1.0000	Ribosomal protein S12/S23
Ribosomal_60s	0.9999	0.0000	0.0000	1.0000	60s Acidic ribosomal protein
DHHC	0.9999	0.0000	0.0000	1.0000	DHHC palmitoyltransferase
AMP-binding	0.9999	0.0000	0.0000	1.0000	AMP-binding enzyme
LIDHydrolase	0.9999	0.0000	0.0000	1.0000	Lipid-droplet associated hydrolase
EFG_III	0.9999	0.0000	0.0000	1.0000	Elongation Factor G, domain III
EFG_C	0.9999	0.0000	0.0000	1.0000	Elongation factor G C-terminus
Cation_ATPase	0.9999	0.0000	0.0000	1.0000	P-type ATPase, cytoplasmic domain N
Ribosomal_S15	0.9999	0.0000	0.0000	1.0000	Ribosomal protein S15
Ribosomal_S17	0.9999	0.0000	0.0000	1.0000	Ribosomal protein S17
Ribosomal_S17_N	0.9999	0.0000	0.0000	1.0000	Ribosomal_S17 N-terminal
Ribosomal_S19	0.9999	0.0000	0.0000	1.0000	Ribosomal protein S19
Peptidase_S26	0.9999	0.0000	0.0000	1.0000	Signal peptidase, peptidase S26
DnaJ_CXXCXGXG	0.9999	0.0000	0.0000	1.0000	DnaJ central domain
DnaJ_C	0.9999	0.0000	0.0000	1.0000	DnaJ C terminal domain
DnaJ	0.9999	0.0000	0.0000	1.0000	DnaJ domain
RabGAP-TBC	0.9999	0.0000	0.0000	1.0000	Rab-GTPase-TBC domain
PhoLip_ATPase_N	0.9999	0.0000	0.0000	1.0000	Phospholipid-translocating ATPase N-terminal
AMP-binding_C	0.9999	0.0000	0.0000	1.0000	AMP-binding enzyme C-terminal domain
AMP_N	0.9999	0.0000	0.0000	1.0000	Aminopeptidase P, N-terminal domain
EFG_IV	0.9999	0.0000	0.0000	1.0000	Elongation factor G, domain IV
CTP_transf_1	0.9999	0.0000	0.0000	1.0000	Cytidylyltransferase family
Peptidase_S9	0.9999	0.0000	0.0000	1.0000	Prolyl oligopeptidase family
Dus	0.9999	0.0000	0.0000	1.0000	Dihydrouridine synthase (Dus)
Dynamin_M	0.9999	0.0000	0.0000	1.0000	Dynamin central region
Sel1	0.9999	0.0000	0.0000	1.0000	Sel1 repeat
E1-E2_ATPase	0.9999	0.0000	0.0000	1.0000	P-type ATPase actuator domain
Dynamin_N	0.9999	0.0000	0.0000	1.0000	Dynamin family
Ribosomal_L1	0.9999	0.0000	0.0000	1.0000	Ribosomal protein L1p/L10e family
PolyA_pol	0.9999	0.0000	0.0000	1.0000	Poly A polymerase head domain
ClpB_D2-small	0.9999	0.0000	0.0000	1.0000	C-terminal, D2-small domain, of ClpB protein
SNase	0.9999	0.0000	0.0000	1.0000	Staphylococcal nuclease homologue
RRM_1	0.9999	0.0000	0.0000	1.0000	RNA recognition motif
PfkB	0.9999	0.0000	0.0000	1.0000	pfkB family carbohydrate kinase
Peptidase_C48	0.9999	0.0000	0.0000	1.0000	Ulp1 protease family, C-terminal catalytic domain
DAO	0.9999	0.0000	0.0000	1.0000	FAD dependent oxidoreductase
RrnaAD	0.9999	0.0000	0.0000	1.0000	Ribosomal RNA adenine dimethylase
S4	0.9999	0.0000	0.0000	1.0000	S4 domain
Proteasome	0.9999	0.0000	0.0000	1.0000	Proteasome subunit
Ribosomal_L10	0.9999	0.0000	0.0000	1.0000	Ribosomal protein L10
Cyclin_N	0.9999	0.0000	0.0000	1.0000	Cyclin, N-terminal domain
IF-2	0.9999	0.0000	0.0000	1.0000	Translation-initiation factor 2
Ras	0.9999	0.0000	0.0000	1.0000	Ras family
DEAD	0.9999	0.0000	0.0000	1.0000	DEAD/DEAH box helicase
Ribosomal_S7e	0.9999	0.0000	0.0000	1.0000	Ribosomal protein S7e
Pro_isomerase	0.9999	0.0000	0.0000	1.0000	Cyclophilin type peptidyl-prolyl cis-trans isomerase/CLD
adh_short	0.9999	0.0000	0.0000	1.0000	short chain dehydrogenase
Ribosomal_S8e	0.9999	0.0000	0.0000	1.0000	Ribosomal protein S8e
Ribosomal_S9	0.9999	0.0000	0.0000	1.0000	Ribosomal protein S9/S16
Ribosomal_L11	0.9999	0.0000	0.0000	0.9167	Ribosomal protein L11, RNA binding domain
TPR_12	0.9999	0.0000	0.0000	0.9167	Tetratricopeptide repeat
Ribosomal_L28e	0.9999	0.0000	0.0000	0.9167	Ribosomal L28e protein family
Ribosomal_L11_N	0.9999	0.0000	0.0000	0.9167	Ribosomal protein L11, N-terminal domain
Ribosomal_L18_c	0.9999	0.0000	0.0000	0.9167	Ribosomal L18 C-terminal region
TYW2_N_2	0.9999	0.0000	0.0000	0.9167	TYW2 N-terminal domain
TRM5-TYW2_MTfase	0.9999	0.0000	0.0000	0.9167	TRM5/TYW2 methyltransferase domain
FtsJ	0.9999	0.0000	0.0000	0.9167	FtsJ-like methyltransferase
Ribosomal_L5e	0.9999	0.0000	0.0000	0.9167	Ribosomal large subunit proteins 60S L5, and 50S L18
Ribosomal_S8	0.9999	0.0000	0.0000	0.9167	Ribosomal protein S8
Ribosomal_L27e	0.9999	0.0000	0.0000	0.9167	Ribosomal L27e protein family
FMN_red	0.9999	0.0000	0.0026	1.0000	NADPH-dependent FMN reductase
Ribonuc_L-PSP	0.9999	0.0000	0.0026	1.0000	Endoribonuclease L-PSP
MMM1	0.9999	0.0000	0.0026	1.0000	Maintenance of mitochondrial morphology protein 1
WH2	0.9999	0.0000	0.0026	1.0000	WH2 motif
N_BRCA1_IG	0.9999	0.0000	0.0026	1.0000	Ig-like domain from next to BRCA1 gene
adh_short_C2	0.9999	0.0000	0.0001	0.9167	Enoyl-(Acyl carrier protein) reductase
HIT	0.9999	0.0000	0.0001	0.9167	HIT domain
U-box	0.9999	0.0000	0.0001	0.9167	U-box domain
AAA_18	0.9999	0.0000	0.0001	0.9167	AAA domain
DALR_1	0.9999	0.0000	0.0001	0.9167	DALR anticodon binding domain
YchF-GTPase_C	0.9999	0.0000	0.0001	0.9167	Protein of unknown function (DUF933)
tRNA-synt_2c	0.9999	0.0000	0.0001	0.9167	tRNA synthetases class II (A)
Ribosomal_L22e	0.9999	0.0000	0.0001	0.9167	Ribosomal L22e protein family
NDK	0.9999	0.0000	0.0001	0.9167	Nucleoside diphosphate kinase
ABC2_membrane_3	0.9999	0.0000	0.0001	0.9167	ABC-2 family transporter protein
KH_2	0.9999	0.0000	0.0001	0.9167	KH domain
tRNA-synt_1e	0.9999	0.0000	0.0001	0.9167	tRNA synthetases class I (C) catalytic domain
tRNA-synt_1d	0.9999	0.0000	0.0001	0.9167	tRNA synthetases class I (R), catalytic domain
Ribosomal_S24e	0.9999	0.0000	0.0001	0.9167	Ribosomal protein S24e
MutS_I	0.9999	0.0000	0.0001	0.9167	MutS domain I
SpoU_methylase	0.9999	0.0000	0.0001	0.9167	SpoU rRNA Methylase family
TPR_11	0.9999	0.0000	0.0001	0.9167	TPR repeat
Iso_dh	0.9999	0.0000	0.0001	0.9167	Isocitrate/isopropylmalate dehydrogenase
GCV_H	0.9999	0.0000	0.0001	0.8333	Glycine cleavage H-protein
RCC1_2	0.9999	0.0000	0.0001	0.8333	Regulator of chromosome condensation (RCC1) repeat
FHA	0.9999	0.0000	0.0001	1.0000	FHA domain
Prefoldin	0.9999	0.0000	0.0001	1.0000	Prefoldin subunit
Prefoldin_2	0.9999	0.0000	0.0001	1.0000	Prefoldin subunit
SNARE	0.9999	0.0000	0.0001	1.0000	SNARE domain
SNF2-rel_dom	0.9999	0.0000	0.0001	1.0000	SNF2-related domain
Clat_adaptor_s	0.9999	0.0000	0.0001	1.0000	Clathrin adaptor complex small chain
PGM_PMM_I	0.9999	0.0000	0.0001	1.0000	Phosphoglucomutase/phosphomannomutase, alpha/beta/alpha domain I
FGGY_C	0.9999	0.0000	0.0001	1.0000	FGGY family of carbohydrate kinases, C-terminal domain
FGGY_N	0.9999	0.0000	0.0001	1.0000	FGGY family of carbohydrate kinases, N-terminal domain
Pyridoxal_deC	0.9999	0.0000	0.0001	1.0000	Pyridoxal-dependent decarboxylase conserved domain
FKBP_C	0.9999	0.0000	0.0001	1.0000	FKBP-type peptidyl-prolyl cis-trans isomerase
FRB_dom	0.9999	0.0000	0.0001	1.0000	FKBP12-rapamycin binding domain
CDC48_2	0.9999	0.0000	0.0001	1.0000	Cell division protein 48 (CDC48), domain 2
TPR_1	0.9999	0.0000	0.0001	1.0000	Tetratricopeptide repeat
TPR_2	0.9999	0.0000	0.0001	1.0000	Tetratricopeptide repeat
TPR_IPO5	0.9999	0.0000	0.0001	1.0000	IPO5-like, TPR repeats
FAT	0.9999	0.0000	0.0001	1.0000	FAT domain
LIM	0.9999	0.0000	0.0001	1.0000	LIM domain
PI3Ka	0.9999	0.0000	0.0001	1.0000	Phosphoinositide 3-kinase family, accessory domain (PIK domain)
PI3_PI4_kinase	0.9999	0.0000	0.0001	1.0000	Phosphatidylinositol 3- and 4-kinase
PGK	0.9999	0.0000	0.0001	1.0000	Phosphoglycerate kinase
HlyIII	0.9999	0.0000	0.0001	1.0000	Haemolysin-III related
Zn_ribbon_TFIIS	0.9999	0.0000	0.0001	1.0000	Transcription factor S-II (TFIIS)
Zn_ribbon_ZPR1	0.9999	0.0000	0.0001	1.0000	ZPR1 zinc-finger domain
dCMP_cyt_deam_1	0.9999	0.0000	0.0001	1.0000	Cytidine and deoxycytidylate deaminase zinc-binding region
ZT_dimer	0.9999	0.0000	0.0001	1.0000	Cation efflux protein, cytoplasmic domain
FATC	0.9999	0.0000	0.0001	1.0000	FATC domain
LMBR1	0.9999	0.0000	0.0001	1.0000	LMBR1-like membrane protein
eRF1_1	0.9999	0.0000	0.0001	1.0000	eRF1 domain 1
eRF1_2	0.9999	0.0000	0.0001	1.0000	eRF1 domain 2
eRF1_3	0.9999	0.0000	0.0001	1.0000	eRF1 domain 3
Lactamase_B_6	0.9999	0.0000	0.0001	1.0000	Metallo-beta-lactamase superfamily domain
Las1	0.9999	0.0000	0.0001	1.0000	Las1-like
Pus10_C	0.9999	0.0000	0.0001	1.0000	Pus10, C-terminal
CDC50	0.9999	0.0000	0.0001	1.0000	LEM3 (ligand-effect modulator 3) family / CDC50 family
Hist_deacetyl	0.9999	0.0000	0.0001	1.0000	Histone deacetylase domain
Histone	0.9999	0.0000	0.0001	1.0000	Core histone H2A/H2B/H3/H4 domain
Histone_H2A_C	0.9999	0.0000	0.0001	1.0000	C-terminus of histone H2A
PIG-P	0.9999	0.0000	0.0001	1.0000	PIG-P
PIGA	0.9999	0.0000	0.0001	1.0000	PIGA (GPI anchor biosynthesis)
PIP5K	0.9999	0.0000	0.0001	1.0000	Phosphatidylinositol-4-phosphate 5-Kinase
Exo_endo_phos2	0.9999	0.0000	0.0001	1.0000	Endonuclease/Exonuclease/phosphatase family 2
TIP49	0.9999	0.0000	0.0001	1.0000	TIP49 P-loop domain
His_Phos_2	0.9999	0.0000	0.0001	1.0000	Histidine phosphatase superfamily (branch 2)
TGS	0.9999	0.0000	0.0001	1.0000	TGS domain
PNP_UDP_1	0.9999	0.0000	0.0001	1.0000	Phosphorylase superfamily
EF1G	0.9999	0.0000	0.0001	1.0000	Elongation factor 1 gamma, conserved domain
EF1_GNE	0.9999	0.0000	0.0001	1.0000	EF-1 guanine nucleotide exchange domain
Serinc	0.9999	0.0000	0.0001	1.0000	Serine incorporator (Serinc)
Seryl_tRNA_N	0.9999	0.0000	0.0001	1.0000	Seryl-tRNA synthetase N-terminal domain
Calpain_III	0.9999	0.0000	0.0001	1.0000	Calpain large subunit, domain III
PH_SPT16	0.9999	0.0000	0.0001	1.0000	FACT complex subunit SPT16 PH-like domain
His_Phos_1	0.9999	0.0000	0.0001	1.0000	Histidine phosphatase superfamily (branch 1)
SUI1	0.9999	0.0000	0.0001	1.0000	Translation initiation factor SUI1
STT3-PglB_core	0.9999	0.0000	0.0001	1.0000	STT3/PglB/AglB core domain
STT3	0.9999	0.0000	0.0001	1.0000	Oligosaccharyl transferase STT3, N-terminal
SPT16	0.9999	0.0000	0.0001	1.0000	FACT complex subunit (SPT16/CDC68)
SPRY	0.9999	0.0000	0.0001	1.0000	SPRY domain
Choline_transpo	0.9999	0.0000	0.0001	1.0000	Plasma-membrane choline transporter
Choline_kinase	0.9999	0.0000	0.0001	1.0000	Choline/ethanolamine kinase
Cation_efflux	0.9999	0.0000	0.0001	1.0000	Cation efflux transmembrane domain
Cation_ATPase_N	0.9999	0.0000	0.0001	1.0000	Cation transporter/ATPase, N-terminus
SRP68	0.9999	0.0000	0.0001	1.0000	RNA-binding signal recognition particle 68
SRP54_N	0.9999	0.0000	0.0001	1.0000	SRP54-type protein, helical bundle domain
SRP54	0.9999	0.0000	0.0001	1.0000	SRP54-type protein, GTPase domain
DcpS_C	0.9999	0.0000	0.0001	1.0000	Scavenger mRNA decapping enzyme C-term binding
PIG-L	0.9999	0.0000	0.0001	1.0000	GlcNAc-PI de-N-acetylase
SNAP	0.9999	0.0000	0.0001	1.0000	Soluble NSF attachment protein, SNAP
Beta-prop_RSE1_1st	0.9999	0.0000	0.0001	1.0000	RSE1/DDB1/CPSF1 first beta-propeller
Beta-prop_RSE1_2nd	0.9999	0.0000	0.0001	1.0000	RSE1/DDB1/CPSF1 second beta-propeller
KH-I_KHDC4-BBP	0.9999	0.0000	0.0001	1.0000	KHDC4/BBP-like, KH-domain type I
TUDOR	0.9999	0.0000	0.0001	1.0000	Tudor domain
FtsX	0.9999	0.0000	0.0001	1.0000	FtsX-like permease C-terminal
MIF4G	0.9999	0.0000	0.0001	1.0000	MIF4G domain
Cnd1	0.9999	0.0000	0.0001	1.0000	non-SMC mitotic condensation complex subunit 1
CoaE	0.9999	0.0000	0.0001	1.0000	Dephospho-CoA kinase
Beta-prop_NOL10_N	0.9999	0.0000	0.0001	1.0000	Nucleolar protein 10-like, N-terminal domain
SNAPC3	0.9999	0.0000	0.0001	1.0000	snRNA-activating protein complex (SNAPc), subunit 3
Pescadillo_N	0.9999	0.0000	0.0001	1.0000	Pescadillo N-terminus
SRPRB	0.9999	0.0000	0.0001	1.0000	Signal recognition particle receptor beta subunit
SRP_SPB	0.9999	0.0000	0.0001	1.0000	Signal peptide binding domain
CitMHS	0.9999	0.0000	0.0001	0.9167	Citrate transporter
RFC1	0.9999	0.0000	0.0001	1.0000	Replication factor RFC1 C terminal domain
RIBIOP_C	0.9999	0.0000	0.0001	1.0000	40S ribosome biogenesis protein Tsr1 and BMS1 C-terminal
RNA_pol_Rpb2_7	0.9999	0.0000	0.0001	1.0000	RNA polymerase Rpb2, domain 7
Cullin	0.9999	0.0000	0.0001	1.0000	Cullin alpha solenoid domain
Cullin_AB	0.9999	0.0000	0.0001	1.0000	Cullin alpha+beta domain
Cullin_Nedd8	0.9999	0.0000	0.0001	1.0000	Cullin protein neddylation domain
RIO1	0.9999	0.0000	0.0001	1.0000	RIO domain
RMI1_N_C	0.9999	0.0000	0.0001	1.0000	RMI1, N-terminal OB-fold domain
RMMBL	0.9999	0.0000	0.0001	1.0000	Zn-dependent metallo-hydrolase RNA specificity domain
RNA_pol_A_bac	0.9999	0.0000	0.0001	1.0000	RNA polymerase Rpb3/RpoA insert domain
RNA_pol_Rpb2_6	0.9999	0.0000	0.0001	1.0000	RNA polymerase Rpb2, domain 6
SMC_N	0.9999	0.0000	0.0001	1.0000	RecF/RecN/SMC N terminal domain
RNA_pol_Rpb5_C	0.9999	0.0000	0.0001	1.0000	RNA polymerase Rpb5, C-terminal domain
RNA_pol_Rpb5_N	0.9999	0.0000	0.0001	1.0000	RNA polymerase Rpb5, N-terminal domain
Flavodoxin_1	0.9999	0.0000	0.0001	1.0000	Flavodoxin
PCI	0.9999	0.0000	0.0001	1.0000	PCI domain
TP_methylase	0.9999	0.0000	0.0001	1.0000	Tetrapyrrole (Corrin/Porphyrin) Methylases
TRAM_LAG1_CLN8	0.9999	0.0000	0.0001	1.0000	TLC domain
TRAPP	0.9999	0.0000	0.0001	1.0000	Transport protein particle (TRAPP) component
TRM10_TRM10A	0.9999	0.0000	0.0001	1.0000	tRNA (guanine(9)-N(1))-methyltransferase TRM10/TRM10A
TPR_PSMD3_N	0.9999	0.0000	0.0001	1.0000	PSMD3-like, N-terminal TPR repeats
PHF5	0.9999	0.0000	0.0001	1.0000	PHF5-like protein
FYVE	0.9999	0.0000	0.0001	1.0000	FYVE zinc finger
Beta_helix	0.9999	0.0000	0.0001	1.0000	Right handed beta helix region
Brix	0.9999	0.0000	0.0001	1.0000	Brix domain
Bystin	0.9999	0.0000	0.0001	1.0000	Bystin
TRAP_beta	0.9999	0.0000	0.0001	1.0000	Translocon-associated protein beta (TRAPB)
TRM	0.9999	0.0000	0.0001	1.0000	N2,N2-dimethylguanosine tRNA methyltransferase
C2	0.9999	0.0000	0.0001	1.0000	C2 domain
CAF1C_H4-bd	0.9999	0.0000	0.0001	1.0000	Histone-binding protein RBBP4 or subunit C of CAF1 complex
CAP_C	0.9999	0.0000	0.0001	1.0000	Adenylate cyclase associated (CAP) C terminal
CBF	0.9999	0.0000	0.0001	1.0000	CBF/Mak21 family
TPR_COPA_B	0.9999	0.0000	0.0001	1.0000	COPA/B TPR domain
PGM_PMM_II	0.9999	0.0000	0.0001	1.0000	Phosphoglucomutase/phosphomannomutase, alpha/beta/alpha domain II
PGM_PMM_III	0.9999	0.0000	0.0001	1.0000	Phosphoglucomutase/phosphomannomutase, alpha/beta/alpha domain III
CAF1	0.9999	0.0000	0.0001	1.0000	CAF1 family ribonuclease
Calreticulin	0.9999	0.0000	0.0001	1.0000	Calreticulin family
MA3	0.9999	0.0000	0.0001	1.0000	MA3 domain
M20_dimer	0.9999	0.0000	0.0001	1.0000	Peptidase dimerisation domain
Longin	0.9999	0.0000	0.0001	1.0000	Regulated-SNARE-like domain
ATP-synt_C	0.9999	0.0000	0.0001	1.0000	ATP synthase subunit C
ATG8	0.9999	0.0000	0.0001	1.0000	Autophagy protein Atg8 ubiquitin like
YIF1	0.9999	0.0000	0.0001	1.0000	YIF1
WHD_SNRNP200	0.9999	0.0000	0.0001	1.0000	Winged Helix-turn-helix domain
SIS	0.9999	0.0000	0.0001	1.0000	SIS domain
SIR2	0.9999	0.0000	0.0001	1.0000	Sir2 family
CorA	0.9999	0.0000	0.0001	1.0000	CorA-like Mg2+ transporter protein
RNA_pol_L_2	0.9999	0.0000	0.0001	1.0000	RNA polymerase Rpb3/Rpb11 dimerisation domain
RNA_pol_L	0.9999	0.0000	0.0001	1.0000	RNA polymerase Rpb3/Rpb11 dimerisation domain
SH3_1	0.9999	0.0000	0.0001	1.0000	SH3 domain
SH2_2	0.9999	0.0000	0.0001	1.0000	SH2 domain
SMC_hinge	0.9999	0.0000	0.0001	1.0000	SMC proteins Flexible Hinge Domain
Y_phosphatase	0.9999	0.0000	0.0001	1.0000	Protein-tyrosine phosphatase
XPG_I	0.9999	0.0000	0.0001	1.0000	XPG I-region
XPG_N	0.9999	0.0000	0.0001	1.0000	XPG N-terminal domain
XRN_M	0.9999	0.0000	0.0001	1.0000	Xrn1 helical domain
XRN_N	0.9999	0.0000	0.0001	1.0000	XRN 5'-3' exonuclease N-terminus
Xpo1	0.9999	0.0000	0.0001	1.0000	Exportin 1-like protein
Lipase_3	0.9999	0.0000	0.0001	1.0000	Lipase (class 3)
Zip	0.9999	0.0000	0.0001	1.0000	ZIP Zinc transporter
ASF1_hist_chap	0.9999	0.0000	0.0001	1.0000	ASF1 like histone chaperone
XPC-binding	0.9999	0.0000	0.0001	1.0000	XPC-binding domain
Hus1	0.9999	0.0000	0.0001	1.0000	Hus1-like protein
Hydrolase	0.9999	0.0000	0.0001	1.0000	haloacid dehalogenase-like hydrolase
Hydrolase_4	0.9999	0.0000	0.0001	1.0000	Serine aminopeptidase, S33
IBN_N	0.9999	0.0000	0.0001	1.0000	Importin-beta N-terminal domain
Lectin_leg-like	0.9999	0.0000	0.0001	1.0000	Legume-like lectin family
EF-hand_8	0.9999	0.0000	0.0001	1.0000	EF-hand domain pair
Methyltransf_4	0.9999	0.0000	0.0001	1.0000	Putative methyltransferase
ERCC4	0.9999	0.0000	0.0001	1.0000	ERCC4 domain
Sld5	0.9999	0.0000	0.0001	1.0000	GINS complex protein helical bundle domain
Snf7	0.9999	0.0000	0.0001	1.0000	Snf7
Sof1	0.9999	0.0000	0.0001	1.0000	Sof1-like domain
Patatin	0.9999	0.0000	0.0001	1.0000	Patatin-like phospholipase
PRMT_C	0.9999	0.0000	0.0001	1.0000	Arginine methyltransferase oligomerization subdomain
CN_hydrolase	0.9999	0.0000	0.0001	1.0000	Carbon-nitrogen hydrolase
Skp1	0.9999	0.0000	0.0001	1.0000	Skp1 family, dimerisation domain
ERAP1_C	0.9999	0.0000	0.0001	1.0000	ERAP1-like C-terminal domain
AAA_12	0.9999	0.0000	0.0001	1.0000	AAA domain
ERGIC_N	0.9999	0.0000	0.0001	1.0000	Endoplasmic Reticulum-Golgi Intermediate Compartment (ERGIC)
ER_lumen_recept	0.9999	0.0000	0.0001	1.0000	ER lumen protein retaining receptor
MCM_lid	0.9999	0.0000	0.0001	1.0000	MCM AAA-lid domain
MFS_1	0.9999	0.0000	0.0001	1.0000	Major Facilitator Superfamily
Helicase_C_2	0.9999	0.0000	0.0001	1.0000	Helicase C-terminal domain
Yip1	0.9999	0.0000	0.0001	1.0000	Yip1 domain
YjeF_N	0.9999	0.0000	0.0001	1.0000	YjeF-related protein N-terminus
HEAT	0.9999	0.0000	0.0001	1.0000	HEAT repeat
Aldose_epim	0.9999	0.0000	0.0001	1.0000	Aldose 1-epimerase
Guanylate_kin	0.9999	0.0000	0.0001	1.0000	Guanylate kinase
Vta1	0.9999	0.0000	0.0001	1.0000	Vta1 like
HEAT_2	0.9999	0.0000	0.0001	1.0000	HEAT repeats
Adaptin_N	0.9999	0.0000	0.0001	1.0000	Adaptin N terminal region
AhpC-TSA	0.9999	0.0000	0.0001	1.0000	AhpC/TSA family
HBB	0.9999	0.0000	0.0001	1.0000	Helical and beta-bridge domain
HD	0.9999	0.0000	0.0001	1.0000	HD domain
Aldo_ket_red	0.9999	0.0000	0.0001	1.0000	Aldo/keto reductase family
2-Hacid_dh_C	0.9999	0.0000	0.0001	1.0000	D-isomer specific 2-hydroxyacid dehydrogenase, NAD binding domain
zf-rbx1	0.9999	0.0000	0.0001	1.0000	RING-H2 zinc finger domain
zf-RING_2	0.9999	0.0000	0.0001	1.0000	Ring finger domain
14-3-3	0.9999	0.0000	0.0001	1.0000	14-3-3 protein
zf-Sec23_Sec24	0.9999	0.0000	0.0001	1.0000	Sec23/Sec24 zinc finger
zf-UBP	0.9999	0.0000	0.0001	1.0000	Zn-finger in ubiquitin-hydrolases and other protein
Ion_trans_2	0.9999	0.0000	0.0001	1.0000	Ion channel
Skp1_POZ	0.9999	0.0000	0.0001	1.0000	Skp1 family, tetramerisation domain
MOZ_SAS	0.9999	0.0000	0.0001	1.0000	MOZ/SAS family
MMR_HSR1_Xtn	0.9999	0.0000	0.0001	1.0000	C-terminal region of MMR_HSR1 domain
MTPAP-like_central	0.9999	0.0000	0.0001	1.0000	Poly(A) RNA polymerase, mitochondrial-like, central palm domain
Vps35	0.9999	0.0000	0.0001	1.0000	Vacuolar protein sorting-associated protein 35
Vps26	0.9999	0.0000	0.0001	1.0000	Vacuolar protein sorting-associated protein 26
Voltage_CLC	0.9999	0.0000	0.0001	1.0000	Voltage gated chloride channel
Actin	0.9999	0.0000	0.0001	1.0000	Actin
HECT	0.9999	0.0000	0.0001	1.0000	HECT-domain (ubiquitin-transferase)
zf-UBP_var	0.9999	0.0000	0.0001	1.0000	Variant UBP zinc finger
DNA_pol_B_exo1	0.9999	0.0000	0.0001	1.0000	DNA polymerase family B, exonuclease domain
DNA_pol_B	0.9999	0.0000	0.0001	1.0000	DNA polymerase family B
zf-met	0.9999	0.0000	0.0001	1.0000	Zinc-finger of C2H2 type
1-cysPrx_C	0.9999	0.0000	0.0001	1.0000	C-terminal domain of 1-Cys peroxiredoxin
AAA_11	0.9999	0.0000	0.0001	1.0000	AAA domain
DNA_primase_S	0.9999	0.0000	0.0001	1.0000	DNA primase small subunit
Synaptobrevin	0.9999	0.0000	0.0001	1.0000	Synaptobrevin
PRP38	0.9999	0.0000	0.0001	1.0000	PRP38 family
PRP8_domainIV	0.9999	0.0000	0.0001	1.0000	PRP8 domain IV core
PSD13_N	0.9999	0.0000	0.0001	1.0000	PSD13 N-terminal repeats
PSMD12-CSN4_N	0.9999	0.0000	0.0001	1.0000	PSMD12/CSN4, N-terminal
PSME4_C	0.9999	0.0000	0.0001	1.0000	Proteasome activator complex subunit 4-like, C-terminal
Surp	0.9999	0.0000	0.0001	1.0000	Surp module
Sybindin	0.9999	0.0000	0.0001	1.0000	Sybindin-like family
Syja_N	0.9999	0.0000	0.0001	1.0000	SacI homology domain
PROCT	0.9999	0.0000	0.0001	1.0000	PROCT (NUC072) domain
PRO8NT	0.9999	0.0000	0.0001	1.0000	PRO8NT (NUC069), PrP8 N-terminal domain
PROCN	0.9999	0.0000	0.0001	1.0000	PROCN (NUC071) domain
TBP	0.9999	0.0000	0.0001	1.0000	Transcription factor TFIID (or TATA-binding protein, TBP)
PPTA	0.9999	0.0000	0.0001	1.0000	Protein prenyltransferase alpha subunit repeat
PQ-loop	0.9999	0.0000	0.0001	1.0000	PQ loop repeat
PRA1	0.9999	0.0000	0.0001	1.0000	PRA1 family protein
PRKCSH_1	0.9999	0.0000	0.0001	1.0000	Glucosidase II beta subunit-like protein
Phosducin	0.9999	0.0000	0.0001	1.0000	Phosducin
Cation_ATPase_C	0.9999	0.0000	0.0001	1.0000	Cation transporting ATPase, C-terminus
START	0.9999	0.0000	0.0001	1.0000	START domain
Peptidase_M8	0.9999	0.0000	0.0001	1.0000	Leishmanolysin
Sec1	0.9999	0.0000	0.0001	1.0000	Sec1 family
Sec23_BS	0.9999	0.0000	0.0001	1.0000	Sec23/Sec24 beta-sandwich domain
Sec23_helical	0.9999	0.0000	0.0001	1.0000	Sec23/Sec24 helical domain
Sec23_trunk	0.9999	0.0000	0.0001	1.0000	Sec23/Sec24 trunk domain
Phos_pyr_kin	0.9999	0.0000	0.0001	1.0000	Phosphomethylpyrimidine kinase
PWWP	0.9999	0.0000	0.0001	1.0000	PWWP domain
Phosphodiest	0.9999	0.0000	0.0001	1.0000	Type I phosphodiesterase / nucleotide pyrophosphatase
Diphthamide_syn	0.9999	0.0000	0.0001	1.0000	Putative diphthamide synthesis protein
Peptidase_C13	0.9999	0.0000	0.0001	1.0000	Peptidase C13 family
PhetRS_B1	0.9999	0.0000	0.0001	1.0000	Phe-tRNA synthetase beta subunit B1 domain
Profilin	0.9999	0.0000	0.0001	1.0000	Profilin
Prot_ATP_ID_OB_C	0.9999	0.0000	0.0001	1.0000	Proteasomal ATPase OB C-terminal domain
Proteasome_A_N	0.9999	0.0000	0.0001	1.0000	Proteasome subunit A N-terminal signature
CPSF100_C	0.9999	0.0000	0.0001	1.0000	Cleavage and polyadenylation factor 2 C-terminal
Sec63	0.9999	0.0000	0.0001	1.0000	Sec63 Brl domain
Sec7	0.9999	0.0000	0.0001	1.0000	Sec7 domain
Sec7-like_HDS	0.9999	0.0000	0.0001	1.0000	Mon2/Sec7/BIG1-like, HDS
Sec7-like_HUS	0.9999	0.0000	0.0001	1.0000	Mon2/Sec7/BIG1-like, HUS domain
PTPLA	0.9999	0.0000	0.0001	1.0000	Protein tyrosine phosphatase-like protein, PTPLA
PUA	0.9999	0.0000	0.0001	1.0000	PUA domain
COP-gamma_platf	0.9999	0.0000	0.0001	1.0000	Coatomer gamma subunit appendage platform subdomain
COPIIcoated_ERV	0.9999	0.0000	0.0001	1.0000	Endoplasmic reticulum vesicle transporter
Enolase_C	0.9999	0.0000	0.0001	1.0000	Enolase, C-terminal TIM barrel domain
Peptidase_A22B	0.9999	0.0000	0.0001	1.0000	Signal peptide peptidase
Peptidase_C1	0.9999	0.0000	0.0001	1.0000	Papain family cysteine protease
Peptidase_C12	0.9999	0.0000	0.0001	1.0000	Ubiquitin carboxyl-terminal hydrolase, family 1
CS	0.9999	0.0000	0.0001	1.0000	CS domain
CTP_transf_like	0.9999	0.0000	0.0001	1.0000	Cytidylyltransferase-like
EIF_2_alpha	0.9999	0.0000	0.0001	1.0000	Eukaryotic translation initiation factor 2 alpha subunit
PTEN_C2	0.9999	0.0000	0.0001	1.0000	C2 domain of PTEN tumour-suppressor protein
Beta-prop_WDR3_2nd	0.9999	0.0000	0.0001	1.0000	WDR3 second beta-propeller domain
EXOC6_Sec15_N	0.9999	0.0000	0.0001	1.0000	Exocyst complex component EXOC6/Sec15, N-terminal
EVH1_PP4R3	0.9999	0.0000	0.0001	1.0000	EVH1-like domain in PP4R3 protein
PSS	0.9999	0.0000	0.0001	1.0000	Phosphatidyl serine synthase
CLPTM1	0.9999	0.0000	0.0001	1.0000	Cleft lip and palate transmembrane protein 1 (CLPTM1)
CLP1_P	0.9999	0.0000	0.0001	1.0000	mRNA cleavage and polyadenylation factor CLP1 P-loop
CLN3	0.9999	0.0000	0.0001	1.0000	CLN3 protein
CK_II_beta	0.9999	0.0000	0.0001	1.0000	Casein kinase II regulatory subunit
Syntaxin	0.9999	0.0000	0.0001	1.0000	Syntaxin
Enolase_N	0.9999	0.0000	0.0001	1.0000	Enolase, N-terminal domain
PUF	0.9999	0.0000	0.0001	1.0000	Pumilio-family RNA binding repeat
Steroid_dh	0.9999	0.0000	0.0001	1.0000	3-oxo-5-alpha-steroid 4-dehydrogenase
EMP24_GP25L	0.9999	0.0000	0.0001	1.0000	emp24/gp25L/p24 family/GOLD
EMC3_TMCO1	0.9999	0.0000	0.0001	1.0000	Integral membrane protein EMC3/TMCO1-like
EMC1_C	0.9999	0.0000	0.0001	1.0000	ER membrane protein complex subunit 1, second beta-propeller
PX	0.9999	0.0000	0.0001	1.0000	PX domain
Mpp10	0.9999	0.0000	0.0001	1.0000	Mpp10 protein
zf-CCCH	0.9999	0.0000	0.0001	1.0000	Zinc finger C-x8-C-x5-C-x3-H type (and similar)
Arrestin_N	0.9999	0.0000	0.0001	1.0000	Arrestin (or S-antigen), N-terminal domain
AA_permease_2	0.9999	0.0000	0.0001	1.0000	Amino acid permease
NAD_binding_4	0.9999	0.0000	0.0001	1.0000	Male sterility protein
NMT_C	0.9999	0.0000	0.0001	1.0000	Myristoyl-CoA:protein N-myristoyltransferase, C-terminal domain
zf-B_box	0.9999	0.0000	0.0001	1.0000	B-box zinc finger
NMT	0.9999	0.0000	0.0001	1.0000	Myristoyl-CoA:protein N-myristoyltransferase, N-terminal domain
SHQ1	0.9999	0.0000	0.0001	1.0000	SHQ1 protein, Shq1 domain
Glucosamine_iso	0.9999	0.0000	0.0001	1.0000	Glucosamine-6-phosphate isomerases/6-phosphogluconolactonase
NOT2_3_5_C	0.9999	0.0000	0.0001	1.0000	NOT2/NOT3/NOT5 C-terminal
NOP5NT	0.9999	0.0000	0.0001	1.0000	NOP5NT (NUC127) domain
NOGCT	0.9999	0.0000	0.0001	1.0000	NOGCT (NUC087) domain
NOG1_N	0.9999	0.0000	0.0001	1.0000	NOG1 N-terminal helical domain
ABC2_membrane	0.9999	0.0000	0.0001	1.0000	ABC-2 type transporter
Asparaginase	0.9999	0.0000	0.0001	1.0000	Asparaginase, N-terminal
Mob1_phocein	0.9999	0.0000	0.0001	1.0000	Mob1/phocein family
ArfGap	0.9999	0.0000	0.0001	1.0000	Putative GTPase activating protein for Arf
Arf	0.9999	0.0000	0.0001	1.0000	ADP-ribosylation factor family
Ank_4	0.9999	0.0000	0.0001	1.0000	Ankyrin repeats (many copies)
Ank	0.9999	0.0000	0.0001	1.0000	Ankyrin repeat
Got1	0.9999	0.0000	0.0001	1.0000	Got1/Sft2-like family
VASt	0.9999	0.0000	0.0001	1.0000	VAD1 Analog of StAR-related lipid transfer domain
V-SNARE_C	0.9999	0.0000	0.0001	1.0000	Snare region anchored in the vesicle membrane C-terminus
V-ATPase_C	0.9999	0.0000	0.0001	1.0000	V-ATPase subunit C
zf-C3HC4	0.9999	0.0000	0.0001	1.0000	Zinc finger, C3HC4 type (RING finger)
Utp14	0.9999	0.0000	0.0001	1.0000	Utp14 protein
zf-C3HC4_3	0.9999	0.0000	0.0001	1.0000	Zinc finger, C3HC4 type (RING finger)
La	0.9999	0.0000	0.0001	1.0000	La domain
LSM	0.9999	0.0000	0.0001	1.0000	LSM domain
Gln-synt_C	0.9999	0.0000	0.0001	1.0000	Glutamine synthetase, catalytic domain
Rtf2	0.9999	0.0000	0.0001	1.0000	Rtf2 RING-finger
Adap_comp_sub	0.9999	0.0000	0.0001	1.0000	Adaptor complexes medium subunit family
Peptidase_M1	0.9999	0.0000	0.0001	1.0000	Peptidase family M1 domain
S-AdoMet_synt_M	0.9999	0.0000	0.0001	1.0000	S-adenosylmethionine synthetase, central domain
S-AdoMet_synt_C	0.9999	0.0000	0.0001	1.0000	S-adenosylmethionine synthetase, C-terminal domain
Rttp106-like_middle	0.9999	0.0000	0.0001	1.0000	Histone chaperone Rttp106-like, middle domain
Peptidase_M1_N	0.9999	0.0000	0.0001	1.0000	Peptidase M1 N-terminal domain
Peptidase_M20	0.9999	0.0000	0.0001	1.0000	Peptidase family M20/M25/M40
SET	0.9999	0.0000	0.0001	1.0000	SET domain
SEP	0.9999	0.0000	0.0001	1.0000	SEP domain
B5	0.9999	0.0000	0.0001	1.0000	tRNA synthetase B5 domain
NUDIX_2	0.9999	0.0000	0.0001	1.0000	Nucleotide hydrolase
NTP_transferase	0.9999	0.0000	0.0001	1.0000	Nucleotidyl transferase
CPSF_A	0.9999	0.0000	0.0001	1.0000	CPSF A subunit region
IF5A-like_N	0.9999	0.0000	0.0001	1.0000	Translation initiation factor 5A-like, N-terminal
Gelsolin	0.9999	0.0000	0.0001	1.0000	Gelsolin repeat
Gcd10p	0.9999	0.0000	0.0001	1.0000	Gcd10p family
Gar1	0.9999	0.0000	0.0001	1.0000	Gar1/Naf1 RNA binding region
Gal_mutarotas_2	0.9999	0.0000	0.0001	1.0000	Glycosyl hydrolase 31 N-terminal galactose mutarotase-like domain
GTP_EFTU_D4	0.9999	0.0000	0.0001	1.0000	Elongation factor Tu domain 4
Importin_rep_4	0.9999	0.0000	0.0001	1.0000	Importin repeat
NAC	0.9999	0.0000	0.0001	1.0000	NAC domain
Inhibitor_I29	0.9999	0.0000	0.0001	1.0000	Cathepsin propeptide inhibitor domain (I29)
Myotub-related	0.9999	0.0000	0.0001	1.0000	Myotubularin-like phosphatase domain
Myosin_head	0.9999	0.0000	0.0001	1.0000	Myosin head (motor domain)
Autophagy_act_C	0.9999	0.0000	0.0001	1.0000	Autophagocytosis associated protein, active-site domain
Inositol_P	0.9999	0.0000	0.0001	1.0000	Inositol monophosphatase family
Asparaginase_C	0.9999	0.0000	0.0001	1.0000	Glutaminase/Asparaginase C-terminal domain
AMP_deaminase	0.9999	0.0000	0.0001	1.0000	AMP deaminase
WD40_4	0.9999	0.0000	0.0001	1.0000	Type of WD40 repeat
MCM_OB	0.9999	0.0000	0.0001	1.0000	MCM OB domain
tRNA_synthFbeta	0.9999	0.0000	0.0001	1.0000	Phenylalanyl tRNA synthetase beta chain CLM domain
ATP_bind_1	0.9999	0.0000	0.0001	1.0000	Conserved hypothetical ATP binding protein
ATP-synt_ab_Xtn	0.9999	0.0000	0.0001	1.0000	ATPsynthase alpha/beta subunit barrel-sandwich domain
HMG_box	0.9999	0.0000	0.0001	1.0000	HMG (high mobility group) box
Metallophos	0.9999	0.0000	0.0001	1.0000	Calcineurin-like phosphoesterase
DUF2009	0.9999	0.0000	0.0001	1.0000	Non-canonical E2 ubiquitin-conjugating enzyme, DUF2009 family
DUF1899	0.9999	0.0000	0.0001	1.0000	Domain of unknown function (DUF1899)
vATP-synt_AC39	0.9999	0.0000	0.0001	1.0000	ATP synthase (C/AC39) subunit
vATP-synt_E	0.9999	0.0000	0.0001	1.0000	ATP synthase (E/31 kDa) subunit
AMMECR1	0.9999	0.0000	0.0001	1.0000	AMMECR1
ADP_ribosyl_GH	0.9999	0.0000	0.0001	1.0000	ADP-ribosylglycohydrolase
ANTH	0.9999	0.0000	0.0001	1.0000	ANTH domain
WHD_HA2	0.9999	0.0000	0.0001	1.0000	Helicase associated domain (HA2), winged-helix
ICMT	0.9999	0.0000	0.0001	1.0000	Isoprenylcysteine carboxyl methyltransferase (ICMT) family
ABC_tran_Xtn	0.9999	0.0000	0.0001	1.0000	ABC transporter
eIF2A	0.9999	0.0000	0.0001	1.0000	Eukaryotic translation initiation factor eIF2A
eIF-6	0.9999	0.0000	0.0001	1.0000	eIF-6 family
zf-CCHC	0.9999	0.0000	0.0001	1.0000	Zinc knuckle
eIF-5a	0.9999	0.0000	0.0001	1.0000	Eukaryotic elongation factor 5A hypusine, DNA-binding OB fold
eIF-5_eIF-2B	0.9999	0.0000	0.0001	1.0000	Domain found in IF2B/IF5
HA2_C	0.9999	0.0000	0.0001	1.0000	Helicase associated domain (HA2), ratchet-like
V_ATPase_I	0.9999	0.0000	0.0001	1.0000	V-type ATPase 116kDa subunit family
VWA_2	0.9999	0.0000	0.0001	1.0000	von Willebrand factor type A domain
VTT_dom	0.9999	0.0000	0.0001	1.0000	VTT domain
VPS9	0.9999	0.0000	0.0001	1.0000	Vacuolar sorting protein 9 (VPS9) domain
JAB	0.9999	0.0000	0.0001	1.0000	JAB1/Mov34/MPN/PAD-1 ubiquitin protease
DEAD_2	0.9999	0.0000	0.0001	1.0000	DEAD_2
IF4E	0.9999	0.0000	0.0001	1.0000	Eukaryotic initiation factor 4E
IF-2B	0.9999	0.0000	0.0001	1.0000	Initiation factor 2 subunit family
Raptor_N	0.9999	0.0000	0.0001	1.0000	Raptor N-terminal CASPase like domain
Radical_SAM_C	0.9999	0.0000	0.0001	1.0000	Radical_SAM C-terminal domain
Radical_SAM	0.9999	0.0000	0.0001	1.0000	Radical SAM superfamily
Mannosyl_trans	0.9999	0.0000	0.0001	1.0000	Mannosyltransferase (PIG-M)
Mannosyl_trans2	0.9999	0.0000	0.0001	1.0000	Mannosyltransferase (PIG-V)
HHH_5	0.9999	0.0000	0.0001	1.0000	SAM-like Helix-hairpin-helix tandem
ResIII	0.9999	0.0000	0.0001	1.0000	Type III restriction enzyme, res subunit
Rep_fac_C	0.9999	0.0000	0.0001	1.0000	Replication factor C C-terminal domain
Vps4_C	0.9999	0.0000	0.0001	1.0000	Vps4 C terminal oligomerisation domain
Rce1-like	0.9999	0.0000	0.0001	1.0000	Type II CAAX prenyl endopeptidase Rce1-like
DER1	0.9999	0.0000	0.0001	1.0000	Der1-like family
DENN	0.9999	0.0000	0.0001	1.0000	DENN (AEX-3) domain
S-AdoMet_synt_N	0.9999	0.0000	0.0001	1.0000	S-adenosylmethionine synthetase, N-terminal domain
SAC3_GANP	0.9999	0.0000	0.0001	1.0000	SAC3/GANP family
Rpn13_ADRM1_Pru	0.9999	0.0000	0.0001	1.0000	Proteasome complex subunit Rpn13, Pru domain
jr-ZPR1	0.9999	0.0000	0.0001	1.0000	ZPR1 jelly-roll domain
Glyco_tran_28_C	0.9999	0.0000	0.0001	1.0000	Glycosyltransferase family 28 C-terminal domain
NFACT-R_1	0.9999	0.0000	0.0001	1.0000	NFACT protein RNA binding domain
MCM_N	0.9999	0.0000	0.0001	1.0000	MCM N-terminal domain
MCM	0.9999	0.0000	0.0001	1.0000	MCM P-loop domain
mRNA_G-N7_MeTrfase	0.9999	0.0000	0.0001	1.0000	mRNA (guanine-N(7))-methyltransferase domain
MBOAT	0.9999	0.0000	0.0001	1.0000	MBOAT, membrane-bound O-acyltransferase family
MLLE	0.9999	0.0000	0.0001	1.0000	MLLE domain
MIP	0.9999	0.0000	0.0001	1.0000	Major intrinsic protein
ATP-synt_F	0.9999	0.0000	0.0001	1.0000	ATP synthase (F/14-kDa) subunit
tRNA_bind	0.9999	0.0000	0.0001	1.0000	Putative tRNA binding domain
RNA_pol_Rpb2_5	0.9999	0.0000	0.0001	1.0000	RNA polymerase Rpb2, domain 5
RNase_PH	0.9999	0.0000	0.0001	1.0000	3' exoribonuclease family, domain 1
IPK	0.9999	0.0000	0.0001	1.0000	Inositol polyphosphate kinase
zf-C2H2	0.9999	0.0000	0.0001	1.0000	Zinc finger, C2H2 type
RNase_HII	0.9999	0.0000	0.0001	1.0000	Ribonuclease HII
RTC	0.9999	0.0000	0.0001	1.0000	RNA 3'-terminal phosphate cyclase
DKCLD	0.9999	0.0000	0.0001	1.0000	DKCLD (NUC011) domain
RNA_pol_Rpb1_4	0.9999	0.0000	0.0001	1.0000	RNA polymerase Rpb1, domain 4
RNA_pol_Rpb1_3	0.9999	0.0000	0.0001	1.0000	RNA polymerase Rpb1, domain 3
RNA_pol_Rpb1_2	0.9999	0.0000	0.0001	1.0000	RNA polymerase Rpb1, domain 2
DSPc	0.9999	0.0000	0.0001	1.0000	Dual specificity phosphatase, catalytic domain
RNA_pol_Rpb1_1	0.9999	0.0000	0.0001	1.0000	RNA polymerase Rpb1, domain 1
RPN7	0.9999	0.0000	0.0001	1.0000	26S proteasome subunit RPN7
RPN1_RPN2_N	0.9999	0.0000	0.0001	1.0000	RPN1 N-terminal domain
RPN1_C	0.9999	0.0000	0.0001	1.0000	26S proteasome non-ATPase regulatory subunit RPN1 C-terminal
RNase_PH_C	0.9999	0.0000	0.0001	1.0000	3' exoribonuclease family, domain 2
RNA_pol_Rpb2_4	0.9999	0.0000	0.0001	1.0000	RNA polymerase Rpb2, domain 4
DTW	0.9999	0.0000	0.0001	1.0000	DTW domain
RNA_pol_Rpb2_3	0.9999	0.0000	0.0001	1.0000	RNA polymerase Rpb2, domain 3
RNA_pol_Rpb2_2	0.9999	0.0000	0.0001	1.0000	RNA polymerase Rpb2, domain 2
RNA_pol_Rpb2_1	0.9999	0.0000	0.0001	1.0000	RNA polymerase beta subunit
PseudoU_synth_1	0.9999	0.0000	0.0001	1.0000	tRNA pseudouridine synthase
KH_6	0.9999	0.0000	0.0001	1.0000	KH domain
KH_KRR1_1st	0.9999	0.0000	0.0001	1.0000	Krr1 KH1 domain
Nas2_N	0.9999	0.0000	0.0001	1.0000	Nas2 N_terminal domain
Na_H_Exchanger	0.9999	0.0000	0.0001	1.0000	Sodium/hydrogen exchanger, transmembrane
TruD	0.9999	0.0000	0.0001	1.0000	tRNA pseudouridine synthase D (TruD)
TruB_N	0.9999	0.0000	0.0001	1.0000	TruB family pseudouridylate synthase (N terminal domain)
TruB_C_2	0.9999	0.0000	0.0001	1.0000	tRNA pseudouridylate synthase B C-terminal domain
ThiF	0.9999	0.0000	0.0001	1.0000	ThiF family
Rft-1	0.9999	0.0000	0.0001	1.0000	Rft protein
Cofilin_ADF	0.9999	0.0000	0.0001	1.0000	Cofilin/tropomyosin-type actin-binding protein
Rhomboid	0.9999	0.0000	0.0001	1.0000	Rhomboid domain
ProRS-C_1	0.9999	0.0000	0.0001	1.0000	Prolyl-tRNA synthetase, C-terminal
Pribosyltran_N	0.9999	0.0000	0.0001	1.0000	N-terminal domain of ribose phosphate pyrophosphokinase
Prenyltrans	0.9999	0.0000	0.0001	1.0000	Prenyltransferase alpha-alpha toroid domain
Ribo_biogen_C	0.9999	0.0000	0.0001	1.0000	Ribosome biogenesis protein, C-terminal
tRNA-synt_1c_C	0.9999	0.0000	0.0001	1.0000	tRNA synthetases class I (E and Q), anti-codon binding domain
Fer4_RLI	0.9999	0.0000	0.0001	1.0000	Possible Fer4-like domain in RNase L inhibitor, RLI
OB_NTP_bind	0.9999	0.0000	0.0001	1.0000	Oligonucleotide/oligosaccharide-binding (OB)-fold
OB_NMD3	0.9999	0.0000	0.0001	1.0000	NMD3 OB-fold domain
tRNA-synt_1c_C2	0.9999	0.0000	0.0001	1.0000	tRNA synthetases class I (E and Q), anti-codon binding domain
mTOR_dom	0.9999	0.0000	0.0001	1.0000	Serine/threonine-protein kinase mTOR domain
OB_Dis3	0.9999	0.0000	0.0001	1.0000	Dis3-like cold-shock domain 2 (CSD2)
KH_KRR1_2nd	0.9999	0.0000	0.0001	1.0000	KRR1 small subunit processome component, second KH domain
IU_nuc_hydro	0.9999	0.0000	0.0001	1.0000	Inosine-uridine preferring nucleoside hydrolase
Tfb2	0.9999	0.0000	0.0001	1.0000	Transcription factor Tfb2
Beta-prop_IFT122_1st	0.9999	0.0000	0.0001	1.0000	IFT122 first beta-propeller
Beta-Casp	0.9999	0.0000	0.0001	1.0000	Beta-Casp domain
PAP_central	0.9999	0.0000	0.0001	1.0000	Poly(A) polymerase central domain
PAP_assoc	0.9999	0.0000	0.0001	1.0000	Cid1 family poly A polymerase
PAP_NTPase	0.9999	0.0000	0.0001	1.0000	Poly(A) polymerase nucleotidyltransferase domain
Kelch_KLHDC2_KLHL20_DRC7	0.9999	0.0000	0.0001	1.0000	KLHDC2/KLHL20/DRC7 Kelch-repeats domain
Kinesin	0.9999	0.0000	0.0001	1.0000	Kinesin motor domain
Cys_Met_Meta_PP	0.9999	0.0000	0.0001	1.0000	Cys/Met metabolism PLP-dependent enzyme
Cyclin_C	0.9999	0.0000	0.0001	1.0000	Cyclin, C-terminal domain
Ku	0.9999	0.0000	0.0001	1.0000	Ku70/Ku80 beta-barrel domain
LRR_4	0.9999	0.0000	0.0001	1.0000	Leucine Rich repeats (2 copies)
UBQLN1	0.9999	0.0000	0.0001	1.0000	Ubiquilin-1-like domain
U6-snRNA_bdg	0.9999	0.0000	0.0001	1.0000	U6-snRNA interacting domain of PrP8
Not3	0.9999	0.0000	0.0001	1.0000	Not1 N-terminal domain, CCR4-Not complex component
Not1	0.9999	0.0000	0.0001	1.0000	CCR4-Not complex component, Not1
Nop	0.9999	0.0000	0.0001	1.0000	snoRNA binding domain, fibrillarin
BRO1	0.9999	0.0000	0.0001	1.0000	BRO1-like domain
B-prop_COPA_B_2nd	0.9999	0.0000	0.0001	1.0000	COPA/B second beta-propeller
UTP15_C	0.9999	0.0000	0.0001	1.0000	UTP15 C terminal
UQ_con	0.9999	0.0000	0.0001	1.0000	Ubiquitin-conjugating enzyme
NAP	0.9999	0.0000	0.0001	1.0000	Nucleosome assembly protein (NAP)
Peptidase_C97	0.9999	0.0000	0.0001	1.0000	PPPDE putative peptidase domain
Glycos_transf_1	0.9999	0.0000	0.0001	1.0000	Glycosyl transferases group 1
Glyco_hydro_31_2nd	0.9999	0.0000	0.0001	1.0000	Glycosyl hydrolases family 31 TIM-barrel domain
UDPGP	0.9999	0.0000	0.0001	1.0000	UTP--glucose-1-phosphate uridylyltransferase
UBX	0.9999	0.0000	0.0001	1.0000	UBX domain
NTF2	0.9999	0.0000	0.0001	1.0000	Nuclear transport factor 2 (NTF2) domain
Ribul_P_3_epim	0.9999	0.0000	0.0001	1.0000	Ribulose-phosphate 3 epimerase family
Rad51	0.9999	0.0000	0.0001	1.0000	Rad51
Alg14	0.9999	0.0000	0.0001	1.0000	Oligosaccharide biosynthesis protein Alg14 like
RWD	0.9999	0.0000	0.0001	1.0000	RWD domain
RNA_pol_Rpb1_5	0.9999	0.0000	0.0001	1.0000	RNA polymerase Rpb1, domain 5
DAGK_cat	0.9999	0.0000	0.0001	1.0000	Diacylglycerol kinase catalytic domain
RRS1	0.9999	0.0000	0.0001	1.0000	Ribosome biogenesis regulatory protein (RRS1)
RRP40_S1	0.9999	0.0000	0.0001	1.0000	Exosome complex component RRP40, S1 domain
RRP36	0.9999	0.0000	0.0001	1.0000	rRNA biogenesis protein RRP36
RRM_ESF1	0.9999	0.0000	0.0001	1.0000	ESF1 RRM domain
Amidohydro_1	0.9999	0.0000	0.0001	1.0000	Amidohydrolase family
RRM_4	0.9999	0.0000	0.0001	1.0000	RNA recognition motif of the spliceosomal PrP8
VPS28	0.9999	0.0000	0.0001	1.0000	VPS28 protein
U5_2-snRNA_bdg	0.9999	0.0000	0.0001	1.0000	U5-snRNA binding site 2 of PrP8
GDP_Man_Dehyd	0.9999	0.0000	0.0001	1.0000	GDP-mannose 4,6 dehydratase
GDPD	0.9999	0.0000	0.0001	1.0000	Glycerophosphoryl diester phosphodiesterase family
HEAT_ATR	0.9999	0.0000	0.0001	1.0000	Serine/threonine-protein kinase ATR-like, HEAT repeats
BOP1NT	0.9999	0.0000	0.0001	1.0000	BOP1NT (NUC169) domain
GHMP_kinases_C	0.9999	0.0000	0.0001	1.0000	GHMP kinases C terminal
BING4CT	0.9999	0.0000	0.0001	1.0000	BING4CT (NUC141) domain
GHMP_kinases_N	0.9999	0.0000	0.0001	1.0000	GHMP kinases N terminal domain
UAA	0.9999	0.0000	0.0001	1.0000	UAA transporter family
Methyltransf_31	0.9999	0.0000	0.0001	1.0000	Methyltransferase domain
NMD3_N	0.9999	0.0000	0.0001	1.0000	NMD3, N-terminal domain
NMD3	0.9999	0.0000	0.0001	1.0000	NMD3, second domain
NLE	0.9999	0.0000	0.0001	1.0000	NLE (NUC135) domain
Tyr-DNA_phospho	0.9999	0.0000	0.0001	1.0000	Tyrosyl-DNA phosphodiesterase
Tudor-knot	0.9999	0.0000	0.0001	1.0000	RNA binding activity-knot of a chromodomain
Tubulin_C	0.9999	0.0000	0.0001	1.0000	Tubulin C-terminal domain
Nucleoside_tran	0.9999	0.0000	0.0001	1.0000	Nucleoside transporter
GCP_C_terminal	0.9999	0.0000	0.0001	1.0000	Gamma tubulin complex component C-terminal
GCP_N_terminal	0.9999	0.0000	0.0001	1.0000	Gamma tubulin complex component N-terminal
GTP-eEF1A_C	0.9999	0.0000	0.0001	1.0000	GTP-eEF1A C-terminal domain-like
GRAM	0.9999	0.0000	0.0001	1.0000	GRAM domain
UBA_4	0.9999	0.0000	0.0001	1.0000	UBA-like domain
UBA	0.9999	0.0000	0.0001	1.0000	UBA/TS-N domain
KOW1_SPT5	0.9999	0.0000	0.0001	1.0000	Transcription elongation factor SPT5, KOW1 domain
COG3_N	0.9999	0.0000	0.0001	1.0000	Conserved oligomeric Golgi complex subunit 3, N-terminal
DRMBL	0.9999	0.0000	0.0001	1.0000	DNA repair metallo-beta-lactamase
POLQ_helical	0.9999	0.0000	0.0001	1.0000	DNA_pol_Q helicase like region helical domain
Alpha_adaptinC2	0.9999	0.0000	0.0001	1.0000	Adaptin C-terminal domain
MMS19_N	0.9999	0.0000	0.0001	1.0000	Dos2-interacting transcription regulator of RNA-Pol-II
Glycos_transf_4	0.9999	0.0000	0.0001	1.0000	Glycosyl transferase family 4
IBR	0.9999	0.0000	0.0001	1.0000	IBR domain, a half RING-finger domain
COG3_C	0.9999	0.0000	0.0001	1.0000	Conserved oligomeric Golgi complex subunit 3, C-terminal
ERCC3_RAD25_C	0.9999	0.0000	0.0001	1.0000	ERCC3/RAD25/XPB C-terminal helicase
Kri1_C	0.9999	0.0000	0.0001	1.0000	KRI1-like family C-terminal
HAT_Syf1_CNRKL1_N	0.9999	0.0000	0.0001	1.0000	Pre-mRNA-splicing factor Syf1/CNRKL1 N-terminal HAT repeat
Ham1p_like	0.9999	0.0000	0.0001	1.0000	Ham1 family
tRNA_int_endo	0.9999	0.0000	0.0001	1.0000	tRNA intron endonuclease, catalytic C-terminal domain
AATF-Che1	0.9999	0.0000	0.0001	1.0000	Apoptosis antagonizing transcription factor
BCCIP	0.9999	0.0000	0.0001	1.0000	BCCIP
N6-adenineMlase	0.9999	0.0000	0.0001	1.0000	Probable N6-adenine methyltransferase
NADAR	0.9999	0.0000	0.0001	1.0000	NADAR domain
UFD1_N1	0.9999	0.0000	0.0001	1.0000	Ubiquitin fusion degradation protein UFD1, N-terminal subdomain 1
UFD1_N2	0.9999	0.0000	0.0001	1.0000	Ubiquitin fusion degradation protein UFD1, N-terminal subdomain 2
SRP-alpha_N	0.9999	0.0000	0.0001	1.0000	Signal recognition particle, alpha subunit, N-terminal
Piwi	0.9999	0.0000	0.0001	1.0000	Piwi domain
PRMT5_C	0.9999	0.0000	0.0001	1.0000	PRMT5 oligomerisation domain
PRMT5	0.9999	0.0000	0.0001	1.0000	PRMT5 arginine-N-methyltransferase
CDC45	0.9999	0.0000	0.0001	1.0000	CDC45
FH2	0.9999	0.0000	0.0001	1.0000	Formin Homology 2 Domain
Rad60-SLD	0.9999	0.0000	0.0001	1.0000	Ubiquitin-2 like Rad60 SUMO-like
Glyco_hydro_31_3rd	0.9999	0.0000	0.0001	1.0000	Glycosyl hydrolase family 31 C-terminal domain
APC1_5th	0.9999	0.0000	0.0001	1.0000	APC1 fifth domain
Rrp44_CSD1	0.9999	0.0000	0.0001	1.0000	Rrp44-like cold shock domain
PDCD2_C	0.9999	0.0000	0.0001	1.0000	Programmed cell death protein 2, C-terminal putative domain
PK_Tyr_Ser-Thr	0.9999	0.0000	0.0001	1.0000	Protein tyrosine and serine/threonine kinase
ATG9	0.9999	0.0000	0.0001	1.0000	Autophagy protein ATG9
WWE	0.9999	0.0000	0.0001	1.0000	WWE domain
WW	0.9999	0.0000	0.0001	1.0000	WW domain
REPA_OB_2	0.9999	0.0000	0.0001	1.0000	Replication protein A OB domain
RIC1	0.9999	0.0000	0.0001	1.0000	RIC1 C-terminal alpha solenoid region
SBDS_N	0.9999	0.0000	0.0001	1.0000	Shwachman-Bodian-Diamond syndrome (SBDS) N-terminal domain
Cnd2	0.9999	0.0000	0.0001	1.0000	Condensin complex subunit 2
Fuz_longin_2	0.9999	0.0000	0.0001	1.0000	Second Longin domain of FUZ, MON1 and HPS1
BRCT	0.9999	0.0000	0.0001	1.0000	BRCA1 C Terminus (BRCT) domain
SLIDE	0.9999	0.0000	0.0001	1.0000	SLIDE
SH3_9	0.9999	0.0000	0.0001	1.0000	Variant SH3 domain
TIP120	0.9999	0.0000	0.0001	1.0000	TATA-binding protein interacting (TIP20)
DHO_dh	0.9999	0.0000	0.0001	1.0000	Dihydroorotate dehydrogenase
WD40_CDC20-Fz	0.9999	0.0000	0.0001	1.0000	CDC20/Fizzy WD40 domain
CH	0.9999	0.0000	0.0001	1.0000	Calponin homology (CH) domain
Ssl1	0.9999	0.0000	0.0001	1.0000	Ssl1-like
Rio2_N	0.9999	0.0000	0.0001	1.0000	Rio2, N-terminal
Roc	0.9999	0.0000	0.0001	1.0000	Ras of Complex, Roc, domain of DAPkinase
RecQ_Zn_bind	0.9999	0.0000	0.0001	1.0000	RecQ zinc-binding
PIK3R4-like_middle	0.9999	0.0000	0.0001	1.0000	PIK3R4-like, middle domain
TLD	0.9999	0.0000	0.0001	1.0000	TLDc domain
TFIIB	0.9999	0.0000	0.0001	1.0000	Transcription factor TFIIB repeat
Spb1_C	0.9999	0.0000	0.0001	0.9167	Spb1 C-terminal domain
CSN8_PSD8_EIF3K	0.9999	0.0000	0.0001	0.9167	CSN8/PSMD8/EIF3K family
Coatomer_E	0.9999	0.0000	0.0001	0.9167	Coatomer epsilon subunit
eIF2_C	0.9999	0.0000	0.0001	0.9167	Initiation factor eIF2 gamma, C terminal
Fibrillarin	0.9999	0.0000	0.0001	0.9167	Fibrillarin
RNA_pol_Rpb6	0.9999	0.0000	0.0001	0.9167	RNA polymerase Rpb6
RNA_pol_Rpc34	0.9999	0.0000	0.0001	0.9167	RNA polymerase Rpc34 subunit
Cullin_binding	0.9999	0.0000	0.0001	0.9167	Cullin binding
Aha1_N	0.9999	0.0000	0.0001	0.9167	Activator of Hsp90 ATPase, N-terminal
Rpn3_C	0.9999	0.0000	0.0001	0.9167	Proteasome regulatory subunit C-terminal
YEATS	0.9999	0.0000	0.0001	0.9167	YEATS family
TIM	0.9999	0.0000	0.0001	0.9167	Triosephosphate isomerase
Mak16	0.9999	0.0000	0.0001	0.9167	Mak16 protein C-terminal region
DUF3381	0.9999	0.0000	0.0001	0.9167	Ribosomal RNA methyltransferase Spb1, DUF3381
DUF2428	0.9999	0.0000	0.0001	0.9167	THADA/TRM732, DUF2428
RTC_insert	0.9999	0.0000	0.0001	0.9167	RNA 3'-terminal phosphate cyclase (RTC), insert domain
Utp21	0.9999	0.0000	0.0001	0.9167	Utp21 specific WD40 associated putative domain
DUF382	0.9999	0.0000	0.0001	1.0000	Domain of unknown function (DUF382)
DHR-2_Lobe_A	0.9999	0.0000	0.0001	1.0000	DHR-2, Lobe A
DOCK-C2	0.9999	0.0000	0.0001	1.0000	C2 domain in Dock180 and Zizimin proteins
TauE	0.9999	0.0000	0.0001	1.0000	Sulfite exporter TauE/SafE
SPA	0.9999	0.0000	0.0001	1.0000	Stabilization of polarity axis
HTH_61	0.9999	0.0000	0.0001	0.8333	Helix-turn-helix domain
PSP	0.9999	0.0000	0.0001	0.9167	PSP
RNase_P-MRP_p29	0.9999	0.0000	0.0037	0.9167	Ribonuclease P/MRP, subunit p29
NAD_binding_8	0.9999	0.0000	0.0001	0.8333	NAD(P)-binding Rossmann-like domain
PTP-SAK	0.9999	0.0000	0.0001	0.8333	Swiss Army Knife protein, DSP-PTPase phosphatase domain
zf-C4pol	0.9999	0.0000	0.0001	0.9167	C4-type zinc-finger of DNA polymerase delta
zf-MIZ	0.9999	0.0000	0.0001	0.9167	MIZ/SP-RING zinc finger
NOG1	0.9999	0.0000	0.0001	0.9167	Nucleolar GTP-binding protein 1 (NOG1)
Plus-3	0.9999	0.0000	0.0001	0.9167	Plus-3 domain
Pex19	0.9999	0.0000	0.0001	0.9167	Pex19 protein family
RNase_P_p30	0.9999	0.0000	0.0026	1.0000	RNase P subunit p30
TPK_catalytic	0.9999	0.0000	0.0026	1.0000	Thiamin pyrophosphokinase, catalytic domain
Mago_nashi	0.9999	0.0000	0.0001	0.9167	Mago nashi protein
DS	0.9999	0.0000	0.0001	0.9167	Deoxyhypusine synthase
DNA_mis_repair	0.9999	0.0000	0.0001	0.9167	DNA mismatch repair protein, C-terminal domain
DNA_pol_A_exo1	0.9999	0.0000	0.0001	0.9167	3'-5' exonuclease
ESCRT-II	0.9999	0.0000	0.0001	0.9167	ESCRT-II complex subunit
CTE_SPB4	0.9999	0.0000	0.0001	0.9167	ATP-dependent rRNA helicase SPB4-like, C-terminal extension
Sas10_Utp3	0.9999	0.0000	0.0001	0.9167	Sas10/Utp3/C1D family
E1_UFD	0.9999	0.0000	0.0001	0.9167	Ubiquitin fold domain
Methyltransf_PK	0.9999	0.0000	0.0001	0.9167	AdoMet dependent proline di-methyltransferase
PTPA	0.9999	0.0000	0.0001	0.9167	Phosphotyrosyl phosphate activator (PTPA) protein
dsDNA_bind	0.9999	0.0000	0.0001	0.9167	Double-stranded DNA-binding domain
AHSA1	0.9999	0.0000	0.0001	0.9167	Activator of Hsp90 ATPase homolog 1-like protein
MitMem_reg	0.9999	0.0000	0.0001	0.9167	Maintenance of mitochondrial structure and function
V-ATPase_H_N	0.9999	0.0000	0.0001	0.9167	V-ATPase subunit H
NOL10_2nd	0.9999	0.0000	0.0001	0.9167	Nucleolar protein 10-like, second domain
UPF0020	0.9999	0.0000	0.0001	0.9167	RMKL-like, methyltransferase domain
S1	0.9999	0.0000	0.0001	0.9167	S1 RNA binding domain
UDG	0.9999	0.0000	0.0001	0.9167	Uracil DNA glycosylase superfamily
Thioredoxin_6	0.9999	0.0000	0.0001	0.9167	Thioredoxin-like domain
V-ATPase_H_C	0.9999	0.0000	0.0001	0.9167	V-ATPase subunit H
IMS	0.9999	0.0000	0.0001	0.9167	impB/mucB/samB family
Ran_BP1	0.9999	0.0000	0.0001	0.9167	RanBP1 domain
MIT	0.9999	0.0000	0.0001	0.9167	MIT (microtubule interacting and transport) domain
VHS	0.9999	0.0000	0.0001	0.9167	VHS domain
NPL4	0.9999	0.0000	0.0001	0.9167	NPL4 family
EMG1	0.9999	0.0000	0.0001	0.9167	EMG1/NEP1 methyltransferase
EMC4	0.9999	0.0000	0.0001	0.9167	ER membrane protein complex subunit 4
GDI	0.9999	0.0000	0.0001	0.9167	GDP dissociation inhibitor
UBA_E1_SCCH	0.9999	0.0000	0.0001	0.9167	Ubiquitin-activating enzyme, SCCH domain
Prp3_C	0.9999	0.0000	0.0001	0.9167	Small nuclear ribonucleoprotein Prp3, C-terminal domain
BRCA-2_OB1	0.9999	0.0000	0.0001	0.9167	BRCA2, oligonucleotide/oligosaccharide-binding, domain 1
Torus	0.9999	0.0000	0.0001	0.9167	Torus domain
ZUO1-like_ZHD	0.9999	0.0000	0.0001	0.9167	Zuotin-like, zuotin homology domain
PFU	0.9999	0.0000	0.0001	0.9167	PFU (PLAA family ubiquitin binding)
PEX11	0.9999	0.0000	0.0001	0.9167	Peroxisomal biogenesis factor 11 (PEX11)
ATG7_N	0.9999	0.0000	0.0001	0.9167	Ubiquitin-like modifier-activating enzyme ATG7 N-terminus
Cnd3	0.9999	0.0000	0.0001	0.9167	Nuclear condensing complex subunits, C-term domain
TPR_IMB1	0.9999	0.0000	0.0001	0.9167	Importin subunit beta-1-like, TPR repeats
PC_rep	0.9999	0.0000	0.0001	0.9167	Proteasome/cyclosome repeat
EMP70	0.9999	0.0000	0.0001	0.9167	Endomembrane protein 70
ATP-synt_D	0.9999	0.0000	0.0001	0.9167	ATP synthase subunit D
Strumpellin	0.9999	0.0000	0.0001	0.9167	Hereditary spastic paraplegia protein strumpellin
Sua5_yciO_yrdC	0.9999	0.0000	0.0001	0.9167	Telomere recombination
HRDC	0.9999	0.0000	0.0001	0.9167	HRDC domain
SLC35F	0.9999	0.0000	0.0001	0.9167	Solute carrier family 35
SHQ1-like_CS	0.9999	0.0000	0.0001	0.9167	SHQ1-like, CS domain
Pribosyl_synth	0.9999	0.0000	0.0001	0.9167	Phosphoribosyl synthetase-associated domain
G-patch	0.9999	0.0000	0.0001	0.9167	G-patch domain
Laminin_G_3	0.9999	0.0000	0.0001	0.9167	Concanavalin A-like lectin/glucanases superfamily
Hydrolase_6	0.9999	0.0000	0.0001	0.9167	Haloacid dehalogenase-like hydrolase
Hydrolase_like	0.9999	0.0000	0.0001	0.9167	HAD-hyrolase-like
VPS51_Exo84_N	0.9999	0.0000	0.0001	0.9167	Vps51/EXO84/COG1 N-terminal
Vps54	0.9999	0.0000	0.0001	0.9167	Vps54-like protein
KH_1	0.9999	0.0000	0.0001	0.9167	KH domain
AARP2CN	0.9999	0.0000	0.0001	0.9167	AARP2CN (NUC121) domain
DNA_pol_E_B	0.9999	0.0000	0.0001	0.9167	DNA polymerase alpha/epsilon subunit B
SRP19	0.9999	0.0000	0.0001	0.9167	SRP19 protein
DNA_pol_D_N	0.9999	0.0000	0.0001	0.9167	DNA polymerase delta subunit OB-fold domain
TCTP	0.9999	0.0000	0.0001	0.9167	Translationally controlled tumour protein
TK	0.9999	0.0000	0.0001	0.9167	Thymidine kinase
PPFR1_M	0.9999	0.0000	0.0001	0.9167	Protein phosphatase 4 regulatory subunit 1 middle domain
TIP49_C	0.9999	0.0000	0.0001	0.9167	TIP49 AAA-lid domain
FAM91_N	0.9999	0.0000	0.0001	0.9167	FAM91 N-terminus
FAM91_C	0.9999	0.0000	0.0001	0.9167	FAM91 C-terminus
Glycos_transf_2	0.9999	0.0000	0.0001	0.9167	Glycosyl transferase family 2
Methyltransf_8	0.9999	0.0000	0.0001	0.9167	Hypothetical methyltransferase
mRNA_cap_enzyme	0.9999	0.0000	0.0001	0.9167	mRNA capping enzyme, catalytic domain
SecY	0.9999	0.0000	0.0001	0.9167	SecY
SPC22	0.9999	0.0000	0.0001	0.9167	Signal peptidase subunit
PDS5	0.9999	0.0000	0.0001	0.9167	Sister chromatid cohesion protein PDS5 protein
DUF846	0.9999	0.0000	0.0001	0.9167	Eukaryotic protein of unknown function (DUF846)
PGM1_C_vert_fung	0.9999	0.0000	0.0001	0.9167	Phosphoglucomutase-1, C-terminal domain
Mnd1	0.9999	0.0000	0.0001	0.9167	Mnd1 HTH domain
Sec8_N	0.9999	0.0000	0.0001	0.9167	Exocyst complex component Sec8 N-terminal
COG4_C	0.9999	0.0000	0.0001	0.9167	Conserved oligomeric Golgi complex subunit 4, C-terminal
Ebp2	0.9999	0.0000	0.0001	0.9167	Eukaryotic rRNA processing protein EBP2
U3_assoc_6	0.9999	0.0000	0.0001	0.9167	U3 small nucleolar RNA-associated protein 6
NMD_SH3	0.9999	0.0000	0.0001	0.9167	NMD3 SH3 domain
GATase_6	0.9999	0.0000	0.0001	0.9167	Glutamine amidotransferase domain
GFO_IDH_MocA	0.9999	0.0000	0.0001	0.9167	Oxidoreductase family, NAD-binding Rossmann fold
POLO_box	0.9999	0.0000	0.0001	0.9167	POLO box duplicated region
Intu_longin_1	0.9999	0.0000	0.0001	0.9167	First Longin domain of INTU, CCZ1 and HPS4
TPR_Sec16	0.9999	0.0000	0.0001	0.9167	Sec16 Sec23-binding domain
Isy1	0.9999	0.0000	0.0001	0.9167	Isy1-like splicing family
WASH-7_C	0.9999	0.0000	0.0001	0.9167	WASH complex subunit 7, C-terminal
WASH-7_mid	0.9999	0.0000	0.0001	0.9167	WASH complex subunit 7
CDC73_C	0.9999	0.0000	0.0001	0.8333	RNA pol II accessory factor, Cdc73 family, C-terminal
zf-CCCH_2	0.9999	0.0000	0.0002	0.8333	RNA-binding, Nab2-type zinc finger
AAA_33	0.9999	0.0000	0.0002	0.8333	AAA domain
Utp11	0.9999	0.0000	0.0002	0.8333	Utp11 protein
R3H	0.9999	0.0000	0.0002	0.8333	R3H domain
TPR_19	0.9999	0.0000	0.0002	0.8333	Tetratricopeptide repeat
AKAP7_NLS	0.9999	0.0000	0.0002	0.8333	AKAP7 2'5' RNA ligase-like domain
Mod_r	0.9999	0.0000	0.0002	0.8333	Modifier of rudimentary (Mod(r)) protein
Arm	0.9999	0.0000	0.0002	0.8333	Armadillo/beta-catenin-like repeat
BTB_2	0.9999	0.0000	0.0002	0.8333	BTB/POZ domain
Fcf1	0.9999	0.0000	0.0002	0.8333	Fcf1
Gpi1	0.9999	0.0000	0.0002	0.8333	N-acetylglucosaminyl transferase component (Gpi1)
mRNA_triPase	0.9999	0.0000	0.0002	0.8333	mRNA capping enzyme, beta chain
Dynein_light	0.9999	0.0000	0.0002	0.8333	Dynein light chain type 1
COG4_m	0.9999	0.0000	0.0002	0.8333	COG4 transport protein, middle alpha-helical bundle
ANAPC10	0.9999	0.0000	0.0002	0.8333	Anaphase-promoting complex, subunit 10 (APC10)
SYS1	0.9999	0.0000	0.0002	0.8333	Integral membrane protein S linking to the trans Golgi network
rRNA_processing	0.9999	0.0000	0.0001	0.8333	rRNA processing
Sua5_C	0.9999	0.0000	0.0001	0.8333	Threonylcarbamoyl-AMP synthase, C-terminal domain
NFACT_N	0.9999	0.0000	0.0001	0.8333	NFACT N-terminal and middle domains
P5CR_dimer	0.9998	0.0000	0.0002	0.8333	Pyrroline-5-carboxylate reductase dimerisation
RINGv	0.9998	0.0000	0.0002	0.8333	RING-variant domain
Pribosyltran	0.9998	0.0000	0.0002	0.8333	Phosphoribosyl transferase domain
RNA_ligase	0.9998	0.0000	0.0002	0.8333	RNA ligase
PPP5	0.9998	0.0000	0.0002	0.8333	PPP5 TPR repeat region
TPR_SYVN1_N	0.9998	0.0000	0.0002	0.8333	E3 ubiquitin-protein ligase synoviolin-like, TPR repeats
Isochorismatase	0.9998	0.0000	0.0002	0.8333	Isochorismatase domain
PITH	0.9998	0.0000	0.0002	0.8333	PITH domain
Methyltransf_25	0.9998	0.0000	0.0002	0.8333	Methyltransferase domain
STPPase_N	0.9998	0.0000	0.0002	0.8333	Serine-threonine protein phosphatase N-terminal domain
Sugar_tr	0.9998	0.0000	0.0002	0.8333	Sugar (and other) transporter
OTU	0.9998	0.0000	0.0002	0.8333	OTU-like cysteine protease
PMSR	0.9998	0.0000	0.0002	0.8333	Peptide methionine sulfoxide reductase
CPSF73-100_C	0.9998	0.0000	0.0002	0.8333	Pre-mRNA 3'-end-processing endonuclease polyadenylation factor C-term
Glyoxalase	0.9998	0.0000	0.0002	0.8333	Glyoxalase/Bleomycin resistance protein/Dioxygenase superfamily
APH	0.9998	0.0000	0.0002	0.8333	Phosphotransferase enzyme family
SAP	0.9998	0.0000	0.0002	0.8333	SAP domain
F420_oxidored	0.9998	0.0000	0.0002	0.7500	NADP oxidoreductase coenzyme F420-dependent
Peptidase_S28	0.9998	0.0000	0.0002	1.0000	Serine carboxypeptidase S28
MutS_II	0.9998	0.0000	0.0058	1.0000	MutS domain II
HMGL-like	0.9998	0.0000	0.0003	1.0000	HMGL-like
Lyase_aromatic	0.9997	0.0000	0.0005	1.0000	Aromatic amino acid lyase
PARP	0.9997	0.0000	0.0150	1.0000	Poly(ADP-ribose) polymerase catalytic domain
PARG_cat_C	0.9997	0.0000	0.0150	1.0000	Poly (ADP-ribose) glycohydrolase (PARG), Macro domain fold
RasGEF	0.9997	0.0000	0.0153	1.0000	RasGEF domain
Phospholip_B	0.9997	0.0000	0.0004	1.0000	Phospholipase B
P34-Arc	0.9996	0.0000	0.0006	1.0000	Arp2/3 complex, 34 kD subunit p34-Arc
P21-Arc	0.9996	0.0000	0.0006	1.0000	ARP2/3 complex ARPC3 (21 kDa) subunit
PRP4	0.9996	0.0000	0.0006	1.0000	pre-mRNA processing factor 4 (PRP4) like
DUF547	0.9996	0.0000	0.0006	1.0000	Protein of unknown function, DUF547
PARP_reg	0.9996	0.0000	0.0151	0.9167	Poly(ADP-ribose) polymerase, regulatory domain
WGR	0.9996	0.0000	0.0151	0.9167	WGR domain
Indigoidine_A	0.9996	0.0000	0.0025	0.9167	Indigoidine synthase A like protein
UPF0004	0.9995	0.0000	0.0005	0.9167	Uncharacterized protein family UPF0004
SAM_2	0.9995	0.0000	0.0006	0.8333	SAM domain (Sterile alpha motif)
TOP6A-Spo11_Toprim	0.9995	0.0000	0.0037	0.4167	Topoisomerase 6 subunit A/Spo11, Toprim domain
TP6A_N	0.9995	0.0000	0.0037	0.4167	Type IIB DNA topoisomerase
Peptidase_C2	0.9995	0.0000	0.0037	0.4167	Calpain family cysteine protease
RTE1	0.9995	0.0000	0.0037	0.4167	RTE1-like
Pep3_Vps18	0.9995	0.0000	0.0005	0.8333	Pep3/Vps18/deep orange beta-propeller domain
LZ3wCH	0.9994	0.0000	0.0008	0.9167	Leucine zipper with capping helix domain
ATG27	0.9994	0.0000	0.0008	0.9167	Autophagy-related protein 27
B2-adapt-app_C	0.9994	0.0000	0.0154	0.8333	Beta2-adaptin appendage, C-terminal sub-domain
Oxysterol_BP	0.9994	0.0000	0.0011	1.0000	Oxysterol-binding protein
RasGEF_N	0.9994	0.0000	0.0011	1.0000	RasGEF N-terminal motif
Myosin_TH1	0.9994	0.0000	0.0011	1.0000	Unconventional myosin tail, actin- and lipid-binding
PH_3	0.9994	0.0000	0.0011	1.0000	PH domain
FERM_M	0.9994	0.0000	0.0011	1.0000	FERM central domain
Rad10	0.9994	0.0000	0.0011	1.0000	Binding domain of DNA repair protein Ercc1 (rad10/Swi10)
IMS_C	0.9993	0.0000	0.0058	0.2500	impB/mucB/samB family C-terminal domain
TAF8_C	0.9993	0.0000	0.0060	1.0000	Transcription factor TFIID complex subunit 8 C-term
WHD_MCM8	0.9993	0.0000	0.0060	1.0000	MCM8 winged helix domain
SANT_DAMP1_like	0.9993	0.0000	0.0060	1.0000	SANT/Myb-like domain of DAMP1
Nse4_C	0.9993	0.0000	0.0060	1.0000	Nse4 C-terminal
Beta-prop_WDR75_2nd	0.9993	0.0000	0.0060	1.0000	WD repeat-containing protein 75 second beta-propeller
VWA_4	0.9993	0.0000	0.0060	1.0000	von Willebrand factor A domain
UNC-93	0.9993	0.0000	0.0060	1.0000	Ion channel regulatory protein UNC-93
RGS	0.9993	0.0000	0.0060	1.0000	Regulator of G protein signaling domain
GlfB_C	0.9993	0.0000	0.0060	1.0000	GlfB-like, C-terminal domain
BAR	0.9993	0.0000	0.0060	1.0000	BAR domain
NXF_NTF2	0.9993	0.0000	0.0060	1.0000	Nuclear RNA export factor, NTF2 domain
C2H2-zf_KIN17	0.9993	0.0000	0.0060	1.0000	KIN17 C2H2-type zinc finger domain
SYF2	0.9993	0.0000	0.0060	1.0000	SYF2 splicing factor
KOW5_SPT5	0.9993	0.0000	0.0060	1.0000	Transcription elongation factor SPT5, fifth KOW domain
SWIRM	0.9993	0.0000	0.0060	1.0000	SWIRM domain
Med7	0.9993	0.0000	0.0060	1.0000	MED7 protein
TAFII28	0.9993	0.0000	0.0060	1.0000	hTAFII28-like protein conserved region
Ssu72	0.9993	0.0000	0.0060	1.0000	Ssu72-like protein
Cwf_Cwc_15	0.9993	0.0000	0.0060	1.0000	Cwf15/Cwc15 cell cycle control protein
Homeobox_KN	0.9993	0.0000	0.0060	1.0000	Homeobox KN domain
DHR-2_Lobe_C	0.9993	0.0000	0.0060	1.0000	DHR-2, Lobe C
ZZ_ADA2	0.9993	0.0000	0.0060	1.0000	ADA2 ZZ-type zing finger
SRF-TF	0.9993	0.0000	0.0060	1.0000	SRF-type transcription factor (DNA-binding and dimerisation domain)
Rap_GAP	0.9993	0.0000	0.0060	1.0000	Rap/ran-GAP
WH_KIN17	0.9993	0.0000	0.0060	1.0000	KIN17 WH-like domain
RWP-RK	0.9993	0.0000	0.0060	1.0000	RWP-RK domain
Glyco_hydro_15	0.9993	0.0000	0.0060	1.0000	Glycosyl hydrolases family 15
DUF92	0.9993	0.0000	0.0060	1.0000	Integral membrane protein DUF92
CRAL_TRIO_2	0.9993	0.0000	0.0060	1.0000	Divergent CRAL/TRIO domain
CYRIA-B_Rac1-bd	0.9993	0.0000	0.0060	1.0000	CYRIA/CYRIB Rac1 binding domain
WHD_Rad26_CSB	0.9993	0.0000	0.0060	1.0000	Rad26/CSB winged helix DNA-binding domain
Filamin	0.9993	0.0000	0.0060	1.0000	Filamin/ABP280 repeat
PBD	0.9993	0.0000	0.0060	1.0000	P21-Rho-binding domain
OST3_OST6	0.9993	0.0000	0.0060	1.0000	OST3 / OST6 family, transporter family
SprT-like	0.9993	0.0000	0.0060	0.9167	SprT-like family
C1_4	0.9993	0.0000	0.0060	1.0000	TFIIH C1-like domain
VHP	0.9993	0.0000	0.0060	1.0000	Villin headpiece domain
NT-C2	0.9993	0.0000	0.0060	1.0000	N-terminal C2 in EEIG1 and EHBP1 proteins
Rad52_Rad22	0.9993	0.0000	0.0060	1.0000	Rad52/22 family double-strand break repair protein
Bromo_TP	0.9993	0.0000	0.0060	1.0000	Bromodomain associated
F_actin_bund_C	0.9993	0.0000	0.0060	1.0000	F actin bundling C terminal
Prp31_C	0.9993	0.0000	0.0060	1.0000	Prp31 C terminal domain
G-alpha	0.9993	0.0000	0.0060	1.0000	G-protein alpha subunit
IRS	0.9993	0.0000	0.0060	1.0000	PTB domain (IRS-1 type)
TADA2A-like_3rd	0.9993	0.0000	0.0060	1.0000	Transcriptional adapter 2-alpha-like domain
Rho_GDI	0.9993	0.0000	0.0060	1.0000	RHO protein GDP dissociation inhibitor
PRP6_TPR	0.9993	0.0000	0.0060	1.0000	PRP6, TPR-like domain
PC4	0.9993	0.0000	0.0060	1.0000	Transcriptional Coactivator p15 (PC4)
ASMase_C	0.9993	0.0000	0.0060	1.0000	Acid sphingomyelin phosphodiesterase C-terminal region
HHH_7	0.9993	0.0000	0.0060	1.0000	Helix-hairpin-helix motif
Med21	0.9993	0.0000	0.0060	1.0000	Subunit 21 of Mediator complex
TFIID-31kDa	0.9993	0.0000	0.0060	1.0000	Transcription initiation factor IID, 31kD subunit
DUF3591	0.9993	0.0000	0.0060	1.0000	Protein of unknown function (DUF3591)
PAC2	0.9993	0.0000	0.0060	1.0000	PAC2 family
TPR_TAF2_C	0.9993	0.0000	0.0060	1.0000	TAF2-like, TPR repeats
TPR_XPO6_C	0.9993	0.0000	0.0060	1.0000	Exportin-6, C-terminal TPR repeats
IQGAP_C	0.9993	0.0000	0.0060	1.0000	IQGAP, C-terminal domain
HEAT_GCN1	0.9993	0.0000	0.0060	1.0000	Stalled ribosome sensor GCN1-like, HEAT repeats
Hat1_N	0.9993	0.0000	0.0060	1.0000	Histone acetyl transferase HAT1 N-terminus
Drf_GBD	0.9993	0.0000	0.0060	1.0000	Diaphanous GTPase-binding Domain
EH	0.9993	0.0000	0.0060	1.0000	EH domain
KTI12	0.9993	0.0000	0.0060	1.0000	Chromatin associated protein KTI12
Drf_FH3	0.9993	0.0000	0.0060	1.0000	Diaphanous FH3 Domain
SapB_2	0.9993	0.0000	0.0060	1.0000	Saposin-like type B, region 2
IQGAP_helical	0.9993	0.0000	0.0060	1.0000	IQGAP, helical domain
Ribonuc_2-5A	0.9993	0.0000	0.0060	1.0000	Ribonuclease 2-5A
A-sol_ELP1	0.9993	0.0000	0.0060	1.0000	ELP1 alpha-solenoid
Ribonuclease_T2	0.9993	0.0000	0.0060	0.9167	Ribonuclease T2 family
A_thal_3526	0.9993	0.0000	0.0060	0.9167	Plant protein 1589 of unknown function (A_thal_3526)
DWNN	0.9993	0.0000	0.0060	0.9167	DWNN domain
NOPCHAP1	0.9993	0.0000	0.0060	0.9167	NOP protein chaperone 1
2_5_RNA_ligase2	0.9993	0.0000	0.0060	0.9167	2'-5' RNA ligase superfamily
TFIID-18kDa	0.9993	0.0000	0.0060	0.9167	Transcription initiation factor IID, 18kD subunit
DAD	0.9993	0.0000	0.0060	0.9167	DAD family
Far-17a_AIG1	0.9993	0.0000	0.0060	0.9167	FAR-17a/AIG1-like protein
DUF1765	0.9993	0.0000	0.0060	0.9167	Protein of unknown function (DUF1765)
BP28CT	0.9993	0.0000	0.0060	0.9167	BP28CT (NUC211) domain
Spindle_Spc25	0.9993	0.0000	0.0060	0.8333	Chromosome segregation protein Spc25
Anti-Pycsar_Apyc1	0.9993	0.0000	0.0031	1.0000	Anti-Pycsar protein Apyc1
dNK	0.9993	0.0000	0.0031	1.0000	Deoxynucleoside kinase
Alpha-amylase	0.9993	0.0000	0.0031	1.0000	Alpha amylase, catalytic domain
DIL	0.9993	0.0000	0.0031	1.0000	DIL domain
CPSase_L_D2	0.9992	0.0000	0.0008	0.7500	Carbamoyl-phosphate synthase L chain, ATP binding domain
E3_binding	0.9992	0.0000	0.0008	0.7500	e3 binding domain
ETF_alpha	0.9992	0.0000	0.0008	0.7500	Electron transfer flavoprotein FAD-binding domain
PS_Dcarbxylase	0.9992	0.0000	0.0008	0.7500	Phosphatidylserine decarboxylase
HMG_CoA_synt_N	0.9992	0.0000	0.0008	0.7500	Hydroxymethylglutaryl-coenzyme A synthase N terminal
HMG-CoA_red	0.9992	0.0000	0.0008	0.7500	Hydroxymethylglutaryl-coenzyme A reductase
ATP12	0.9992	0.0000	0.0008	0.7500	ATP12 chaperone protein
Peptidase_S9_N	0.9992	0.0000	0.0008	0.7500	Prolyl oligopeptidase, N-terminal beta-propeller domain
MRP-L47	0.9992	0.0000	0.0008	0.7500	Mitochondrial 39-S ribosomal protein L47 (MRP-L47)
E1_dh	0.9992	0.0000	0.0008	0.7500	Dehydrogenase E1 component
ATP11	0.9992	0.0000	0.0008	0.7500	ATP11 protein
Ribosomal_L9_N	0.9992	0.0000	0.0008	0.7500	Ribosomal protein L9, N-terminal domain
ECH_1	0.9992	0.0000	0.0008	0.7500	Enoyl-CoA hydratase/isomerase
MCD	0.9992	0.0000	0.0008	0.7500	Malonyl-CoA decarboxylase C-terminal domain
AFG1_ATPase	0.9992	0.0000	0.0008	0.7500	AFG1-like ATPase
DEXQc_Suv3	0.9992	0.0000	0.0008	0.7500	DEXQ-box helicase domain of Suv3
Methyltransf_28	0.9992	0.0000	0.0008	0.7500	Putative S-adenosyl-L-methionine-dependent methyltransferase
Amidase	0.9992	0.0000	0.0008	0.7500	Amidase
Methyltransf_23	0.9992	0.0000	0.0008	0.7500	Methyltransferase domain
2-oxoacid_dh	0.9992	0.0000	0.0008	0.7500	2-oxoacid dehydrogenases acyltransferase (catalytic domain)
2-oxogl_dehyd_N	0.9992	0.0000	0.0008	0.7500	2-oxoglutarate dehydrogenase N-terminus
ECH_2	0.9992	0.0000	0.0008	0.7500	Enoyl-CoA hydratase/isomerase
Ion_trans	0.9992	0.0000	0.0008	0.7500	Ion transport protein
PCRF	0.9992	0.0000	0.0008	0.7500	PCRF domain
Peptidase_M41	0.9992	0.0000	0.0008	0.7500	Peptidase family M41
Oxidored_FMN	0.9992	0.0000	0.0008	0.7500	NADH:flavin oxidoreductase / NADH oxidase family
OxoGdeHyase_C	0.9992	0.0000	0.0008	0.7500	2-oxoglutarate dehydrogenase C-terminal
PPR	0.9992	0.0000	0.0008	0.7500	PPR repeat
PPR_3	0.9992	0.0000	0.0008	0.7500	Pentatricopeptide repeat domain
IQ	0.9992	0.0000	0.0008	0.7500	IQ calmodulin-binding motif
KH_dom-like	0.9992	0.0000	0.0008	0.7500	KH-domain-like of EngA bacterial GTPase enzymes, C-terminal
Ribosomal_L21p	0.9992	0.0000	0.0008	0.7500	Ribosomal prokaryotic L21 protein
GCV_T_C	0.9992	0.0000	0.0008	0.7500	Glycine cleavage T-protein C-terminal barrel domain
GDC-P	0.9992	0.0000	0.0008	0.7500	Glycine cleavage system P-protein
Thiolase_N	0.9992	0.0000	0.0008	0.7500	Thiolase, N-terminal domain
Transketolase_C	0.9992	0.0000	0.0008	0.7500	Transketolase, C-terminal domain
RNase_T	0.9992	0.0000	0.0008	0.7500	Exonuclease
SCO1-SenC	0.9992	0.0000	0.0008	0.7500	SCO1/SenC
Cytochrom_C1	0.9992	0.0000	0.0008	0.7500	Cytochrome C1 family
DUF498	0.9992	0.0000	0.0008	0.7500	Protein of unknown function (DUF498/DUF598)
Tim17	0.9992	0.0000	0.0008	0.7500	Tim17/Tim22/Tim23/Pmp24 family
Carboxyl_trans	0.9992	0.0000	0.0008	0.7500	Carboxyl transferase domain
GCV_T	0.9992	0.0000	0.0008	0.7500	GCVT N-terminal domain
NAD_binding_11	0.9992	0.0000	0.0008	0.7500	NAD-binding of NADP-dependent 3-hydroxyisobutyrate dehydrogenase
AOX	0.9992	0.0000	0.0008	0.7500	Alternative oxidase
THF_DHG_CYH	0.9992	0.0000	0.0008	0.7500	Tetrahydrofolate dehydrogenase/cyclohydrolase, catalytic domain
FAD_binding_2	0.9992	0.0000	0.0008	0.7500	FAD binding domain
NADH_4Fe-4S	0.9992	0.0000	0.0008	0.7500	NADH-ubiquinone oxidoreductase-F iron-sulfur binding region
SLBB_2	0.9992	0.0000	0.0008	0.7500	SLBB domain
GTP1_OBG	0.9992	0.0000	0.0008	0.7500	GTP1/OBG
GMC_oxred_N	0.9992	0.0000	0.0008	0.7500	GMC oxidoreductase
GMC_oxred_C	0.9992	0.0000	0.0008	0.7500	GMC oxidoreductase
Rieske	0.9992	0.0000	0.0008	0.7500	Rieske [2Fe-2S] domain
Glutaredoxin	0.9992	0.0000	0.0008	0.7500	Glutaredoxin
LplA-B_cat	0.9992	0.0000	0.0008	0.7500	Lipoyl protein ligase A/B catalytic domain
Complex1_LYR	0.9992	0.0000	0.0008	0.7500	Complex 1 protein (LYR family)
LysM	0.9992	0.0000	0.0008	0.7500	LysM domain
Fer2	0.9992	0.0000	0.0008	0.7500	2Fe-2S iron-sulfur cluster binding domain
ATP-grasp_2	0.9992	0.0000	0.0008	0.7500	ATP-grasp domain
Biotin_carb_C	0.9992	0.0000	0.0008	0.7500	Biotin carboxylase C-terminal domain
Complex1_51K	0.9992	0.0000	0.0008	0.7500	Nuo51 FMN-binding domain
Biotin_carb_N	0.9992	0.0000	0.0008	0.7500	Biotin carboxylase, N-terminal domain
PK_C	0.9992	0.0000	0.0008	0.7500	Pyruvate kinase, alpha/beta domain
Pep_deformylase	0.9992	0.0000	0.0008	0.7500	Polypeptide deformylase
NAD_binding_2	0.9992	0.0000	0.0008	0.7500	NAD binding domain of 6-phosphogluconate dehydrogenase
FAD-oxidase_C	0.9992	0.0000	0.0008	0.7500	FAD linked oxidases, C-terminal domain
FAD_binding_4	0.9992	0.0000	0.0008	0.7500	FAD binding domain
Pyr_redox_dim	0.9992	0.0000	0.0008	0.7500	Pyridine nucleotide-disulphide oxidoreductase, dimerisation domain
LETM1_RBD	0.9992	0.0000	0.0008	0.7500	LETM1-like, RBD
HAGH_C	0.9992	0.0000	0.0008	0.7500	Hydroxyacylglutathione hydrolase C-terminus
ADK_lid	0.9992	0.0000	0.0008	0.7500	Adenylate kinase, active site lid
UbiA	0.9992	0.0000	0.0008	0.7500	UbiA prenyltransferase family
NDH2_C	0.9992	0.0000	0.0008	0.7500	NDH2 C-terminal domain
FAD_binding_3	0.9992	0.0000	0.0008	0.7500	FAD binding domain
RF-1	0.9992	0.0000	0.0008	0.7500	RF-1 domain
Band_7	0.9992	0.0000	0.0008	0.7500	SPFH domain / Band 7 family
Pterin_4a	0.9992	0.0000	0.0008	0.7500	Pterin 4 alpha carbinolamine dehydratase
Aconitase	0.9992	0.0000	0.0008	0.7500	Aconitase family (aconitate hydratase)
Abhydrolase_6	0.9992	0.0000	0.0008	0.7500	Alpha/beta hydrolase family
Guanylate_cyc	0.9992	0.0000	0.0008	0.7500	Adenylate and Guanylate cyclase catalytic domain
LepA_C	0.9992	0.0000	0.0008	0.7500	GTP-binding protein LepA C-terminus
Ligase_CoA	0.9992	0.0000	0.0008	0.7500	CoA-ligase
ETFQO_UQ-bd	0.9992	0.0000	0.0008	0.7500	ETF-QO, ubiquinone-binding
ETF	0.9992	0.0000	0.0008	0.7500	Electron transfer flavoprotein domain
2Fe-2S_thioredx	0.9992	0.0000	0.0008	0.7500	Thioredoxin-like [2Fe-2S] ferredoxin
Aconitase_C	0.9992	0.0000	0.0008	0.7500	Aconitase C-terminal domain
60KD_IMP	0.9992	0.0000	0.0008	0.7500	60Kd inner membrane protein
4HBT	0.9992	0.0000	0.0008	0.7500	Thioesterase superfamily
3HCDH_N	0.9992	0.0000	0.0008	0.7500	3-hydroxyacyl-CoA dehydrogenase, NAD binding domain
ABC1	0.9992	0.0000	0.0008	0.7500	ABC1 atypical kinase-like domain
L51_S25_CI-B8	0.9992	0.0000	0.0008	0.7500	Mitochondrial ribosomal protein L51 / S25 / CI-B8 domain
ketoacyl-synt	0.9992	0.0000	0.0008	0.7500	Beta-ketoacyl synthase, N-terminal domain
Pro_dh	0.9992	0.0000	0.0008	0.7500	Proline dehydrogenase
SQS_PSY	0.9992	0.0000	0.0008	0.7500	Squalene/phytoene synthase
3HCDH	0.9992	0.0000	0.0008	0.7500	3-hydroxyacyl-CoA dehydrogenase, C-terminal domain
THF_DHG_CYH_C	0.9992	0.0000	0.0008	0.7500	Tetrahydrofolate dehydrogenase/cyclohydrolase, NAD(P)-binding domain
Sacchrp_dh_NADP	0.9992	0.0000	0.0008	0.7500	Saccharopine dehydrogenase NADP binding domain
Amino_oxidase	0.9992	0.0000	0.0008	0.7500	Flavin containing amine oxidoreductase
Acyl-CoA_dh_N	0.9992	0.0000	0.0008	0.7500	Acyl-CoA dehydrogenase, N-terminal domain
OGG_N	0.9992	0.0000	0.0008	0.7500	8-oxoguanine DNA glycosylase, N-terminal domain
ACAS_N	0.9992	0.0000	0.0008	0.7500	Acetyl-coenzyme A synthetase N-terminus
SFXNs	0.9992	0.0000	0.0008	0.7500	Sideroflexins
Citrate_synt	0.9992	0.0000	0.0008	0.7500	Citrate synthase, C-terminal domain
FAA_hydrolase	0.9992	0.0000	0.0008	0.7500	Fumarylacetoacetate (FAA) hydrolase C-terminal
Acyl-CoA_dh_1	0.9992	0.0000	0.0008	0.7500	Acyl-CoA dehydrogenase, C-terminal domain
3Beta_HSD	0.9992	0.0000	0.0008	0.7500	3-beta hydroxysteroid dehydrogenase/isomerase family
Acyl-CoA_dh_M	0.9992	0.0000	0.0008	0.7500	Acyl-CoA dehydrogenase, middle domain
SHMT	0.9992	0.0000	0.0008	0.7500	Serine hydroxymethyltransferase
NAD_binding_6	0.9992	0.0000	0.0008	0.7500	Ferric reductase NAD binding domain
NBCH_WD40	0.9992	0.0000	0.0008	0.7500	Neurobeachin beta propeller domain
Complex1_LYR_2	0.9992	0.0000	0.0008	0.7500	Complex1_LYR-like
GcvP2_C	0.9992	0.0000	0.0008	0.7500	Glycine dehydrogenase, C-terminal domain
Kelch_1	0.9992	0.0000	0.0008	0.7500	Kelch motif
EF-G_D2	0.9992	0.0000	0.0008	0.7500	Elongation factor G domain 2
FAD_binding_8	0.9992	0.0000	0.0008	0.7500	FAD-binding domain
Formyl_trans_N	0.9992	0.0000	0.0008	0.7500	Formyl transferase
Frataxin_Cyay	0.9992	0.0000	0.0008	0.7500	Frataxin-like domain
FSH1	0.9992	0.0000	0.0008	0.7500	Serine hydrolase (FSH1)
Fe-S_biosyn	0.9992	0.0000	0.0008	0.7500	Iron-sulphur cluster biosynthesis
DAO_C	0.9992	0.0000	0.0008	0.6667	C-terminal domain of alpha-glycerophosphate oxidase
SURF1	0.9992	0.0000	0.0008	0.6667	SURF1 family
COX17	0.9992	0.0000	0.0007	0.6667	Cytochrome C oxidase copper chaperone (COX17)
TPR_10	0.9992	0.0000	0.0007	0.6667	Tetratricopeptide repeat
F-actin_cap_A	0.9992	0.0000	0.0015	0.9167	F-actin capping protein alpha subunit
Fer4_ETF_QO	0.9991	0.0000	0.0007	0.6667	Electron transfer flavoprotein-ubiquinone oxidoreductase, 4Fe-4S
TOF-1-like_helical	0.9990	0.0000	0.0088	0.9167	TOF1-like, helical domain
Alpha_adaptin_C	0.9990	0.0000	0.0088	0.9167	Alpha adaptin AP2, C-terminal domain
Ig_TRAPPC9-Trs120_1st	0.9990	0.0000	0.0088	0.9167	Trs120/TRAPPC9, first Ig-like domain
DCP2	0.9990	0.0000	0.0088	0.9167	Dcp2, box A domain
Gpi16	0.9990	0.0000	0.0088	0.9167	Gpi16 subunit, GPI transamidase component
TAFII55_N	0.9990	0.0000	0.0088	0.9167	TAFII55 protein conserved region
BORCS6	0.9990	0.0000	0.0088	0.9167	BLOC-1-related complex sub-unit 6 C-terminal helix
CwfJ_C_1	0.9990	0.0000	0.0088	0.9167	Protein similar to CwfJ C-terminal
SMC_Nse1	0.9990	0.0000	0.0088	0.9167	Nse1 non-SMC component of SMC5-6 complex
E2_bind	0.9990	0.0000	0.0088	0.9167	E2 binding domain
EFTUD2	0.9990	0.0000	0.0088	0.9167	116 kDa U5 small nuclear ribonucleoprotein component N-terminus
Exo84_C	0.9990	0.0000	0.0088	0.9167	Exocyst component 84 C-terminal
CCDC47	0.9990	0.0000	0.0088	0.9167	PAT complex subunit CCDC47
GATA	0.9990	0.0000	0.0088	0.9167	GATA zinc finger
DCP1	0.9990	0.0000	0.0088	0.9167	Dcp1-like decapping family
SNRNP27	0.9990	0.0000	0.0088	0.9167	U4/U6.U5 small nuclear ribonucleoproteins
LIG3_BRCT	0.9990	0.0000	0.0088	0.9167	DNA ligase 3 BRCT domain
dDENN	0.9990	0.0000	0.0088	0.9167	dDENN domain
LisH_WDR26	0.9990	0.0000	0.0088	0.9167	WDR26 Lis-homology domain
Med6	0.9990	0.0000	0.0088	0.9167	MED6 mediator sub complex component
SRP14	0.9990	0.0000	0.0088	0.9167	Signal recognition particle 14kD protein
G-patch_2	0.9990	0.0000	0.0088	0.8333	G-patch domain
TAF6_C	0.9990	0.0000	0.0088	0.8333	TAF6 C-terminal HEAT repeat domain
SWIM	0.9990	0.0000	0.0088	0.8333	SWIM zinc finger
Tau95_N	0.9990	0.0000	0.0091	0.8333	Tau95 Triple barrel domain
PWI	0.9990	0.0000	0.0091	0.8333	PWI domain
CwfJ_C_2	0.9990	0.0000	0.0091	0.8333	Protein similar to CwfJ C-terminus 2
Ribophorin_II_C	0.9990	0.0000	0.0091	0.8333	Ribophorin_II, C-terminal domain
NUFIP1	0.9990	0.0000	0.0091	0.8333	FMR1-interacting protein 1 (NUFIP1)
Beta-prop_WDR11_1st	0.9990	0.0000	0.0090	0.7500	WDR11 first beta-propeller
SAGA-Tad1	0.9990	0.0000	0.0090	0.8333	Transcriptional regulator of RNA polII, SAGA, subunit
DHR-2_Lobe_B	0.9990	0.0000	0.0090	0.8333	DHR-2, Lobe B
zf-C2H2_13	0.9990	0.0000	0.0090	0.8333	C2H2-type zinc finger
FAM192A_Fyv6_N	0.9990	0.0000	0.0091	0.7500	FAM192A/Fyv6, N-terminal domain
ABC2_membrane_7	0.9987	0.0000	0.0017	0.7500	ABC-2 type transporter
ABC_membrane_2	0.9987	0.0000	0.0017	0.7500	ABC transporter transmembrane region 2
zf-AN1	0.9987	0.0000	0.0017	0.7500	AN1-like Zinc finger
Iml2-TPR_39	0.9987	0.0000	0.0017	0.7500	Iml2/Tetratricopeptide repeat protein 39
zf-MYND	0.9987	0.0000	0.0017	0.7500	MYND finger
AAA_9	0.9987	0.0000	0.0017	0.7500	ATP-binding dynein motor region
AAA_8	0.9987	0.0000	0.0017	0.7500	P-loop containing dynein motor region D4
AAA_7	0.9987	0.0000	0.0017	0.7500	P-loop containing dynein motor region
ACOX	0.9987	0.0000	0.0017	0.7500	Acyl-CoA oxidase
ACBP	0.9987	0.0000	0.0017	0.7500	Acyl CoA binding protein
AAA_6	0.9987	0.0000	0.0017	0.7500	Hydrolytic ATP binding site of dynein motor region
DUF1744	0.9987	0.0000	0.0017	0.7500	Domain of unknown function (DUF1744)
Ribonuc_red_lgN	0.9987	0.0000	0.0017	0.7500	Ribonucleotide reductase, all-alpha domain
Ribonuc_red_lgC	0.9987	0.0000	0.0017	0.7500	Ribonucleotide reductase, barrel domain
Ribonuc_red_sm	0.9987	0.0000	0.0017	0.7500	Ribonucleotide reductase, small chain
Reticulon	0.9987	0.0000	0.0017	0.7500	Reticulon
CTP_synth_N	0.9987	0.0000	0.0017	0.7500	CTP synthase N-terminus
DUF1771	0.9987	0.0000	0.0017	0.7500	Domain of unknown function (DUF1771)
DDRGK	0.9987	0.0000	0.0017	0.7500	DDRGK domain
Atx10homo_assoc	0.9987	0.0000	0.0017	0.7500	Spinocerebellar ataxia type 10 protein domain
Arm_3	0.9987	0.0000	0.0017	0.7500	Atypical Arm repeat
NAD_binding_1	0.9987	0.0000	0.0017	0.7500	Oxidoreductase NAD-binding domain
Glyco_hydro_65m	0.9987	0.0000	0.0017	0.7500	Glycosyl hydrolase family 65 central catalytic domain
S-methyl_trans	0.9987	0.0000	0.0017	0.7500	Homocysteine S-methyltransferase
PPR_2	0.9987	0.0000	0.0017	0.7500	PPR repeat family
CRAL_TRIO	0.9987	0.0000	0.0017	0.7500	CRAL/TRIO domain
TBCC	0.9987	0.0000	0.0017	0.7500	Tubulin binding cofactor C
Suc_Fer-like	0.9987	0.0000	0.0017	0.7500	Sucrase/ferredoxin-like
LsmAD	0.9987	0.0000	0.0017	0.7500	LsmAD domain
Lysine_decarbox	0.9987	0.0000	0.0017	0.7500	Possible lysine decarboxylase
CBS	0.9987	0.0000	0.0017	0.7500	CBS domain
MDD_C	0.9987	0.0000	0.0017	0.7500	Mevalonate 5-diphosphate decarboxylase C-terminal domain
ALG3	0.9987	0.0000	0.0017	0.7500	ALG3 protein
Methyltransf_5	0.9987	0.0000	0.0017	0.7500	MraW methylase family
ZZ	0.9987	0.0000	0.0017	0.7500	Zinc finger, ZZ type
Pex2_Pex12	0.9987	0.0000	0.0017	0.7500	Pex2 / Pex12 amino terminal region
MATH_2	0.9987	0.0000	0.0017	0.7500	MATH domain
E3_UFM1_ligase	0.9987	0.0000	0.0017	0.7500	E3 UFM1-protein ligase 1
Dymeclin	0.9987	0.0000	0.0017	0.7500	Dyggve-Melchior-Clausen syndrome protein
Dynein_AAA_lid	0.9987	0.0000	0.0017	0.7500	Dynein heavy chain AAA lid domain
PhyH	0.9987	0.0000	0.0017	0.7500	Phytanoyl-CoA dioxygenase (PhyH)
Dynein_C	0.9987	0.0000	0.0017	0.7500	Dynein heavy chain C-terminal domain
Dynein_heavy	0.9987	0.0000	0.0017	0.7500	Dynein heavy chain region D6 P-loop domain
Peptidase_S8	0.9987	0.0000	0.0017	0.7500	Subtilase family
FA_hydroxylase	0.9987	0.0000	0.0017	0.7500	Fatty acid hydroxylase
FA_desaturase	0.9987	0.0000	0.0017	0.7500	Fatty acid desaturase
CAP_GLY	0.9987	0.0000	0.0017	0.7500	CAP-Gly domain
TPR_ANAPC2	0.9987	0.0000	0.0017	0.7500	ANAPC2-like, TPR repeats
PDEase_I	0.9987	0.0000	0.0017	0.7500	3'5'-cyclic nucleotide phosphodiesterase
GTP_EFTU_D3	0.9987	0.0000	0.0017	0.7500	Elongation factor Tu C-terminal domain
CAS_CSE1	0.9987	0.0000	0.0017	0.7500	CAS/CSE protein, C-terminus
CDK5RAP3	0.9987	0.0000	0.0017	0.7500	CDK5 regulatory subunit-associated protein 3
PMC2NT	0.9987	0.0000	0.0017	0.7500	PMC2NT (NUC016) domain
FAD_binding_6	0.9987	0.0000	0.0017	0.7500	Oxidoreductase FAD-binding domain
FAD_binding_1	0.9987	0.0000	0.0017	0.7500	FAD binding domain
Adenylsucc_synt	0.9987	0.0000	0.0017	0.7500	Adenylosuccinate synthetase
BCS1_N	0.9987	0.0000	0.0017	0.7500	BCS1 N terminal
BD-FAE	0.9987	0.0000	0.0017	0.7500	BD-FAE
PI-PLC-Y	0.9987	0.0000	0.0017	0.7500	Phosphatidylinositol-specific phospholipase C, Y domain
PEPCK_ATP	0.9987	0.0000	0.0017	0.7500	Phosphoenolpyruvate carboxykinase
PI-PLC-X	0.9987	0.0000	0.0017	0.7500	Phosphatidylinositol-specific phospholipase C, X domain
Dabb	0.9987	0.0000	0.0017	0.7500	Stress responsive A/B Barrel Domain
DYN_lid	0.9987	0.0000	0.0017	0.7500	Dynein heavy chain, ATPase lid domain
PqqF-like_C_4	0.9987	0.0000	0.0017	0.7500	PQQ synthase PqqF-like, C-terminal lobe domain 4
MatE	0.9987	0.0000	0.0017	0.7500	MatE
Topoisom_I	0.9987	0.0000	0.0017	0.7500	Eukaryotic DNA topoisomerase I, catalytic core
Topoisom_I_N	0.9987	0.0000	0.0017	0.7500	Eukaryotic DNA topoisomerase I, DNA binding fragment
OTCace	0.9987	0.0000	0.0017	0.7500	Aspartate/ornithine carbamoyltransferase, Asp/Orn binding domain
Nic96	0.9987	0.0000	0.0017	0.7500	Nup93/Nic96
GSH_synthase	0.9987	0.0000	0.0017	0.7500	Eukaryotic glutathione synthase
TPR_PEP5_VPS11	0.9987	0.0000	0.0017	0.7500	PEP5/VPS11 Clathrin repeat
PEP5_VPS11_N	0.9987	0.0000	0.0017	0.7500	PEP5/VPS11 N-terminal
eIF3_p135	0.9987	0.0000	0.0017	0.7500	Translation initiation factor eIF3 subunit 135
eIF-3_zeta	0.9987	0.0000	0.0017	0.7500	Eukaryotic translation initiation factor 3 subunit 7 (eIF-3)
Dcc1	0.9987	0.0000	0.0017	0.7500	Sister chromatid cohesion protein Dcc1
IMPDH	0.9987	0.0000	0.0017	0.7500	IMP dehydrogenase / GMP reductase domain
Tctex-1	0.9987	0.0000	0.0017	0.7500	Tctex-1 family
PAP_RNA-bind	0.9987	0.0000	0.0017	0.7500	Poly(A) polymerase predicted RNA binding domain
Oxidored_q6	0.9987	0.0000	0.0017	0.7500	NADH ubiquinone oxidoreductase, 20 Kd subunit
Beta-sand_DEX1	0.9987	0.0000	0.0017	0.7500	DEX1 beta-sandwich
ADH_zinc_N_2	0.9987	0.0000	0.0017	0.7500	Zinc-binding dehydrogenase
Abhydrolase_2	0.9987	0.0000	0.0017	0.7500	Phospholipase/Carboxylesterase
AIRS	0.9987	0.0000	0.0017	0.7500	AIR synthase related protein, N-terminal domain
MORN	0.9987	0.0000	0.0017	0.7500	MORN repeat
HORMA	0.9987	0.0000	0.0017	0.7500	HORMA domain
MVD-like_N	0.9987	0.0000	0.0017	0.7500	Diphosphomevalonate decarboxylase-like N-terminal domain
MT	0.9987	0.0000	0.0017	0.7500	Microtubule-binding stalk of dynein motor
HHH_8	0.9987	0.0000	0.0017	0.7500	Helix-hairpin-helix domain
Ku_N	0.9987	0.0000	0.0017	0.7500	Ku70/Ku80 N-terminal alpha/beta domain
p450	0.9987	0.0000	0.0017	0.7500	Cytochrome P450
LRR_9	0.9987	0.0000	0.0017	0.7500	Leucine-rich repeat
AIRS_C	0.9987	0.0000	0.0017	0.7500	AIR synthase related protein, C-terminal domain
GSH_synth_ATP	0.9987	0.0000	0.0017	0.7500	Eukaryotic glutathione synthase, ATP binding domain
GST_N	0.9987	0.0000	0.0017	0.7500	Glutathione S-transferase, N-terminal domain
GST_C	0.9987	0.0000	0.0017	0.7500	Glutathione S-transferase, C-terminal domain
GMPPB_C	0.9987	0.0000	0.0017	0.7500	GMPPB C-terminal domain
GCS	0.9987	0.0000	0.0017	0.7500	Glutamate-cysteine ligase
ARD	0.9987	0.0000	0.0017	0.7500	ARD/ARD' family
euk_SelB_III	0.9987	0.0000	0.0017	0.7500	Selenocysteine-specific elongation factor, eukaryotes, 3rd domain
OB_POLE2	0.9987	0.0000	0.0017	0.7500	DNA polymerase epsilon subunit 2-like, OB-fold domain
OTCace_N	0.9987	0.0000	0.0017	0.7500	Aspartate/ornithine carbamoyltransferase, carbamoyl-P binding domain
OMPdecase	0.9987	0.0000	0.0017	0.7500	Orotidine 5'-phosphate decarboxylase / HUMPS family
SAM_decarbox	0.9987	0.0000	0.0017	0.7500	Adenosylmethionine decarboxylase
Cyt-b5	0.9987	0.0000	0.0017	0.7500	Cytochrome b5-like Heme/Steroid binding domain
SM-ATX	0.9987	0.0000	0.0017	0.7500	Ataxin 2 SM domain
Cytochrom_B561	0.9987	0.0000	0.0017	0.7500	Eukaryotic cytochrome b561
Cupin_8	0.9987	0.0000	0.0017	0.7500	Cupin-like domain
Prp19	0.9987	0.0000	0.0017	0.7500	Prp19/Pso4-like
cobW	0.9987	0.0000	0.0017	0.7500	CobW/HypB/UreG, nucleotide-binding domain
cNMP_binding	0.9987	0.0000	0.0017	0.7500	Cyclic nucleotide-binding domain
Beta-prop_EIPR1	0.9987	0.0000	0.0017	0.7500	EIPR1 beta-propeller
Topo_C_assoc	0.9987	0.0000	0.0017	0.7500	C-terminal topoisomerase domain
Nucleoporin_N	0.9987	0.0000	0.0017	0.7500	Nup133 N terminal like
MaoC_dehydratas	0.9987	0.0000	0.0017	0.7500	MaoC like domain
GATase	0.9987	0.0000	0.0017	0.7500	Glutamine amidotransferase class-I
2OG-FeII_Oxy_2	0.9987	0.0000	0.0017	0.7500	2OG-Fe(II) oxygenase superfamily
2OG-FeII_Oxy	0.9987	0.0000	0.0017	0.7500	2OG-Fe(II) oxygenase superfamily
6PGD	0.9987	0.0000	0.0017	0.7500	6-phosphogluconate dehydrogenase, C-terminal domain
6PF2K	0.9987	0.0000	0.0017	0.7500	6-phosphofructo-2-kinase
HAD_Pex22	0.9987	0.0000	0.0017	0.7500	Peroxisome biogenesis protein 22, Haloacid dehydrogenase-like domain
VPS18_solenoid_2nd	0.9987	0.0000	0.0017	0.7500	VPS18, alpha-solenoid domain, second half
DIOX_N	0.9987	0.0000	0.0017	0.7500	non-haem dioxygenase in morphine synthesis N-terminal
RNA_pol	0.9987	0.0000	0.0017	0.7500	DNA-dependent RNA polymerase
G6PD_C	0.9987	0.0000	0.0017	0.7500	Glucose-6-phosphate dehydrogenase, C-terminal domain
Vps16_N	0.9987	0.0000	0.0017	0.7500	Vps16, N-terminal region
Vps16_C	0.9987	0.0000	0.0017	0.7500	Vps16, C-terminal region
Vps52_CC	0.9987	0.0000	0.0017	0.7500	Vps52/Sac2 family, coiled-coil
Vps52_C	0.9987	0.0000	0.0017	0.7500	Vps52, C-terminal
AAA_lid_BCS1	0.9987	0.0000	0.0017	0.7500	Mitochondrial chaperone BCS1-like, ATPase lid domain
DNA_pol_B_palm	0.9987	0.0000	0.0017	0.7500	DNA polymerase beta palm
DNA_pol_B_thumb	0.9987	0.0000	0.0017	0.7500	DNA polymerase beta thumb
DHC_N2	0.9987	0.0000	0.0017	0.7500	Dynein heavy chain, N-terminal region 2
CIAPIN1	0.9987	0.0000	0.0017	0.7500	Cytokine-induced anti-apoptosis inhibitor 1, Fe-S biogenesis
CLU	0.9987	0.0000	0.0017	0.7500	Clustered mitochondria
Peptidase_M14	0.9987	0.0000	0.0017	0.7500	Zinc carboxypeptidase
Peptidase_M16_M	0.9987	0.0000	0.0017	0.7500	Middle or third domain of peptidase_M16
EIF3I	0.9987	0.0000	0.0017	0.7500	EIF3I
ELO	0.9987	0.0000	0.0017	0.7500	GNS1/SUR4 family
COPI_C	0.9987	0.0000	0.0017	0.7500	Coatomer (COPI) alpha subunit C-terminus
COX15-CtaA	0.9987	0.0000	0.0017	0.7500	Cytochrome oxidase assembly protein
Spermine_synth	0.9987	0.0000	0.0017	0.7500	Spermine/spermidine synthase domain
2OG-FeII_Oxy_3	0.9987	0.0000	0.0017	0.7500	2OG-Fe(II) oxygenase superfamily
Glyco_transf_22	0.9987	0.0000	0.0017	0.7500	Alg9-like mannosyltransferase family
Motile_Sperm	0.9987	0.0000	0.0017	0.7500	MSP (Major sperm protein) domain
ELMO_CED12	0.9987	0.0000	0.0017	0.7500	ELMO/CED-12 family
Peptidase_M17	0.9987	0.0000	0.0017	0.7500	Cytosol aminopeptidase family, catalytic domain
DHC_N1	0.9987	0.0000	0.0017	0.7500	Dynein heavy chain, N-terminal region 1
CNNM	0.9987	0.0000	0.0017	0.7500	Cyclin M transmembrane N-terminal domain
ERG4_ERG24	0.9987	0.0000	0.0017	0.7500	Ergosterol biosynthesis ERG4/ERG24 family
Spermine_synt_N	0.9987	0.0000	0.0017	0.7500	Spermidine synthase tetramerisation domain
Prenyltransf	0.9987	0.0000	0.0017	0.7500	Putative undecaprenyl diphosphate synthase
TPT	0.9987	0.0000	0.0017	0.7500	Triose-phosphate Transporter family
Peptidase_S10	0.9987	0.0000	0.0017	0.7500	Serine carboxypeptidase
HpcH_HpaI	0.9987	0.0000	0.0017	0.7500	HpcH/HpaI aldolase/citrate lyase
TANGO2	0.9987	0.0000	0.0017	0.7500	Transport and Golgi organisation 2
Ku_PK_bind	0.9987	0.0000	0.0017	0.7500	Ku C terminal domain like
PLDc_2	0.9987	0.0000	0.0017	0.7500	Cardiolipin synthase, PLD-like domain
PLAC8	0.9987	0.0000	0.0017	0.7500	PLAC8 family
Dak1	0.9987	0.0000	0.0017	0.7500	Dak1 domain
Vps54_N	0.9987	0.0000	0.0017	0.7500	Vacuolar-sorting protein 54, of GARP complex
Maf1	0.9987	0.0000	0.0017	0.7500	Maf1 regulator
Nup54	0.9987	0.0000	0.0017	0.7500	Nucleoporin complex subunit 54
GST_N_2	0.9987	0.0000	0.0017	0.7500	Glutathione S-transferase, N-terminal domain
Mpo1-like	0.9987	0.0000	0.0017	0.7500	2-hydroxy-palmitic acid dioxygenase Mpo1-like
PTR2	0.9987	0.0000	0.0017	0.7500	POT family
MtN3_slv	0.9987	0.0000	0.0017	0.7500	Sugar efflux transporter for intercellular exchange
VID27	0.9987	0.0000	0.0017	0.7500	VID27 C-terminal WD40-like domain
YGR210-like_G4	0.9987	0.0000	0.0017	0.7500	Obg-like GTPase YGR210-like, G4 motif-containing domain
COG2_C	0.9987	0.0000	0.0017	0.7500	COG complex component, COG2, C-terminal
Pentapeptide	0.9987	0.0000	0.0017	0.7500	Pentapeptide repeats (8 copies)
COG5_C	0.9987	0.0000	0.0017	0.7500	Conserved oligomeric Golgi complex subunit 5, C-terminal
Vac14_Fig4_bd	0.9987	0.0000	0.0017	0.7500	Vacuolar protein 14 C-terminal Fig4p binding
VRR_NUC	0.9987	0.0000	0.0017	0.7500	VRR-NUC domain
Vps5	0.9987	0.0000	0.0017	0.7500	Vps5 C terminal like
Med26	0.9987	0.0000	0.0017	0.7500	TFIIS helical bundle-like domain
RNA_lig_T4_1	0.9987	0.0000	0.0017	0.7500	RNA ligase
Nucleoporin_C	0.9987	0.0000	0.0017	0.7500	Non-repetitive/WGA-negative nucleoporin C-terminal
APC1_4th	0.9987	0.0000	0.0017	0.7500	APC1 fourth domain
Prp18	0.9987	0.0000	0.0017	0.7500	Prp18 domain
GPAT_C	0.9987	0.0000	0.0017	0.7500	Glycerol-3-phosphate acyltransferase C-terminal region
GRASP55_65	0.9987	0.0000	0.0017	0.7500	GRASP55/65 PDZ-like domain
LNS2	0.9987	0.0000	0.0017	0.7500	LNS2 (Lipin/Ned1/Smp2)
Nop14	0.9987	0.0000	0.0017	0.7500	Nop14-like family
Cyclin	0.9987	0.0000	0.0017	0.7500	Cyclin
Beta-prop_Vps41	0.9987	0.0000	0.0017	0.7500	Vps42 beta-propeller
TXD17-like_Trx	0.9987	0.0000	0.0017	0.7500	Thioredoxin domain-containing protein 17-like, thioredoxin domain
LSM14	0.9987	0.0000	0.0017	0.7500	Scd6-like Sm domain
TRAP_alpha	0.9987	0.0000	0.0017	0.7500	Translocon-associated protein (TRAP), alpha subunit
VPS18_solenoid_1st	0.9987	0.0000	0.0017	0.7500	VPS18, alpha-solenoid domain, first half
Ins_P5_2-kin	0.9987	0.0000	0.0017	0.7500	Inositol-pentakisphosphate 2-kinase
Zn_ribbon_Elf1	0.9987	0.0000	0.0017	0.7500	Transcription elongation factor Elf1 like
YegS_C	0.9987	0.0000	0.0017	0.7500	YegS C-terminal NAD kinase beta sandwich-like domain
PIN_4	0.9987	0.0000	0.0017	0.7500	PIN domain
WD40_RLD	0.9987	0.0000	0.0017	0.7500	RCC1-like domain
Y_phosphatase2	0.9987	0.0000	0.0017	0.7500	Tyrosine phosphatase family
Lipin_N	0.9987	0.0000	0.0017	0.7500	lipin, N-terminal conserved region
TPR_Trm732_C	0.9987	0.0000	0.0017	0.7500	Trm732, C-terminal TPR repeats
TPR_Vps41	0.9987	0.0000	0.0017	0.7500	Vps41 TPR-like region
DDAH_eukar	0.9987	0.0000	0.0017	0.7500	N,N dimethylarginine dimethylhydrolase, eukaryotic
UPF0220	0.9987	0.0000	0.0017	0.7500	Uncharacterised protein family (UPF0220)
Exportin-T	0.9987	0.0000	0.0017	0.7500	Exportin-T
SepSecS	0.9987	0.0000	0.0017	0.7500	O-phosphoseryl-tRNA(Sec) selenium transferase, SepSecS
DENR_N	0.9987	0.0000	0.0017	0.7500	DENR, N-terminal
ACC_central	0.9987	0.0000	0.0017	0.7500	Acetyl-CoA carboxylase, central region
ACCA_BT	0.9987	0.0000	0.0017	0.7500	Acetyl-CoA carboxylase, BT domain
VPS13_VAB	0.9987	0.0000	0.0017	0.7500	Vacuolar-sorting associated protein 13, adaptor binding domain
PA26	0.9987	0.0000	0.0017	0.7500	PA26 p53-induced protein (sestrin)
ARM_TBCD_2nd	0.9987	0.0000	0.0017	0.7500	Tubulin-specific chaperone D-like, ARM repeats
TFCD_C	0.9987	0.0000	0.0017	0.7500	Tubulin folding cofactor D C terminal
CCDC53	0.9987	0.0000	0.0017	0.7500	Subunit CCDC53 of WASH complex
JmjC_2	0.9987	0.0000	0.0017	0.7500	JmjC domain
Glyco_hydro_63N	0.9987	0.0000	0.0017	0.7500	Glycosyl hydrolase family 63 N-terminal domain
Dak2	0.9987	0.0000	0.0017	0.7500	DAK2 domain
Glyco_hydro_63	0.9987	0.0000	0.0017	0.7500	Glycosyl hydrolase family 63 C-terminal domain
KOWx_SPT5	0.9987	0.0000	0.0017	0.7500	Transcription elongation factor SPT5, KOWx domain
Tau95	0.9987	0.0000	0.0017	0.7500	RNA polymerase III transcription factor (TF)IIIC subunit HTH domain
Glyco_transf_10	0.9987	0.0000	0.0017	0.7500	Glycosyltransferase family 10 (fucosyltransferase) C-term
Paf1	0.9986	0.0000	0.0127	0.8333	Paf1
Tfb2_C	0.9986	0.0000	0.0127	0.8333	Transcription factor Tfb2 (p52) C-terminal domain
UBA_7	0.9986	0.0000	0.0127	0.8333	UBA-like domain
C9orf72-like	0.9986	0.0000	0.0127	0.8333	C9orf72-like protein family
HTH_9	0.9986	0.0000	0.0127	0.8333	RNA polymerase III subunit RPC82 helix-turn-helix domain
BET	0.9986	0.0000	0.0127	0.8333	Bromodomain extra-terminal - transcription regulation
NHL	0.9980	0.0000	0.0071	0.4167	NHL repeat
Tmemb_14	0.9976	0.0000	0.0032	0.7500	Transmembrane proteins 14C
tRNA-synt_1_2	0.9974	0.0000	0.0704	0.7500	Leucyl-tRNA synthetase, editing domain
NDUS4	0.9974	0.0000	0.0704	0.7500	NADH dehydrogenase ubiquinone Fe-S protein 4
Ribosomal_S18	0.9974	0.0000	0.0704	0.7500	Ribosomal protein S18
Pept_tRNA_hydro	0.9974	0.0000	0.0704	0.7500	Peptidyl-tRNA hydrolase
MnmE_helical	0.9974	0.0000	0.0704	0.7500	MnmE helical domain
TrmE_N	0.9974	0.0000	0.0704	0.7500	GTP-binding protein TrmE N-terminus
Nudix_hydro	0.9974	0.0000	0.0704	0.7500	Nudix hydrolase domain
FDX-ACB	0.9974	0.0000	0.0704	0.7500	Ferredoxin-fold anticodon binding domain
Lon_C	0.9974	0.0000	0.0704	0.7500	Lon protease (S16) C-terminal proteolytic domain
Lon_lid	0.9974	0.0000	0.0704	0.7500	Lon protease AAA+ ATPase lid domain
ATP-synt_10	0.9974	0.0000	0.0704	0.7500	ATP10 protein
Lip_prot_lig_C	0.9974	0.0000	0.0704	0.7500	Bacterial lipoate protein ligase C-terminus
Glyco_transf_20	0.9974	0.0000	0.0704	0.7500	Glycosyltransferase family 20
GIDA	0.9974	0.0000	0.0704	0.7500	Glucose inhibited division protein A
Trehalose_PPase	0.9974	0.0000	0.0704	0.7500	Trehalose-phosphatase
MRS2-like	0.9974	0.0000	0.0704	0.7500	Magnesium transporter MRS2-like
DUF829	0.9974	0.0000	0.0704	0.7500	Eukaryotic protein of unknown function (DUF829)
LON_substr_bdg	0.9974	0.0000	0.0704	0.7500	ATP-dependent protease La (LON) substrate-binding domain
Tam41_Mmp37	0.9974	0.0000	0.0704	0.7500	Phosphatidate cytidylyltransferase, mitochondrial
Ubiq_cyt_C_chap	0.9974	0.0000	0.0704	0.7500	Ubiquinol-cytochrome C chaperone
Ribosomal_L23eN	0.9974	0.0000	0.0704	0.7500	Ribosomal protein L23, N-terminal domain
Zn_clus	0.9974	0.0000	0.0704	0.7500	Fungal Zn(2)-Cys(6) binuclear cluster domain
GalKase_gal_bdg	0.9972	0.0000	0.0009	1.0000	Galactokinase galactose-binding signature
DUF34_NIF3	0.9972	0.0000	0.0009	1.0000	Duf34/NIF3 (NGG1p interacting factor 3)
Presenilin	0.9972	0.0000	0.0009	1.0000	Presenilin
PDCD2_N	0.9972	0.0000	0.0009	1.0000	Programmed cell death protein 2, N-terminal domain
PHAF1	0.9972	0.0000	0.0062	1.0000	Phagosome assembly factor 1
EXS	0.9972	0.0000	0.0062	1.0000	EXS family
RPN11_C	0.9972	0.0000	0.0062	1.0000	26S proteasome regulatory subunit RPN11 C-terminal domain
TRM82_WD	0.9972	0.0000	0.0062	1.0000	tRNA methyltransferase TRM82 WD40 domain
TMEM144	0.9972	0.0000	0.0062	1.0000	Transmembrane family, TMEM144 of transporters
PLDc	0.9972	0.0000	0.0062	1.0000	Phospholipase D
MIR	0.9972	0.0000	0.0062	1.0000	MIR domain
E1_DerP2_DerF2	0.9972	0.0000	0.0062	1.0000	ML domain
VIT	0.9972	0.0000	0.0062	1.0000	Vault protein inter-alpha-trypsin domain
Fer4_20	0.9972	0.0000	0.0062	1.0000	Dihydroprymidine dehydrogenase domain II, 4Fe-4S cluster
TPR_XPO7	0.9972	0.0000	0.0062	1.0000	Exportin-7-like, TPR domain
PIG-S	0.9972	0.0000	0.0062	1.0000	Phosphatidylinositol-glycan biosynthesis class S protein
SPC25	0.9972	0.0000	0.0062	1.0000	Microsomal signal peptidase 25 kDa subunit (SPC25)
GWT1	0.9972	0.0000	0.0062	1.0000	GWT1
Fer4_21	0.9972	0.0000	0.0062	1.0000	4Fe-4S dicluster domain
AlaDh_PNT_N	0.9972	0.0000	0.0062	1.0000	Alanine dehydrogenase/PNT, N-terminal domain
ABA_GPCR	0.9971	0.0000	0.0233	0.9167	Abscisic acid G-protein coupled receptor
RALGAPB_N	0.9971	0.0000	0.0062	0.9167	RALGAPB N-terminal domain
Acetyltransf_9	0.9968	0.0000	0.0196	0.5000	Acetyltransferase (GNAT) domain
LigB	0.9964	0.0000	0.0157	0.7500	Catalytic LigB subunit of aromatic ring-opening dioxygenase
WDR55	0.9963	0.0000	0.0086	0.9167	WDR55
Sterol-sensing	0.9963	0.0000	0.0086	0.9167	Sterol-sensing domain of SREBP cleavage-activation
PH1_SSRP1-like	0.9963	0.0000	0.0086	0.9167	SSRP1 PH domain
Mo25	0.9963	0.0000	0.0048	0.7500	Mo25-like
Glyco_hydro_38N	0.9954	0.0000	0.0070	0.7500	Glycosyl hydrolases family 38 N-terminal domain
Glyco_hydro_38C	0.9954	0.0000	0.0070	0.7500	Glycosyl hydrolases family 38 C-terminal domain
Alpha-mann_mid	0.9954	0.0000	0.0070	0.7500	Alpha mannosidase middle domain
Ctf8	0.9954	0.0000	0.0070	0.7500	Ctf8
Saposin	0.9954	0.0000	0.0070	0.7500	Saposin-like domain
Peptidase_M48	0.9951	0.0000	0.0013	1.0000	Peptidase family M48
PNPOx_N	0.9949	0.0000	0.0118	0.8333	Pyridoxamine 5'-phosphate oxidase
Cellulase	0.9949	0.0000	0.0118	0.8333	Cellulase (glycosyl hydrolase family 5)
Transglut_core	0.9949	0.0000	0.0118	0.8333	Transglutaminase-like superfamily
Scramblase	0.9944	0.0000	0.0574	0.5833	Scramblase
RasGAP	0.9942	0.0000	0.0154	1.0000	GTPase-activator protein for Ras-like GTPase
uDENN	0.9942	0.0000	0.0154	1.0000	uDENN domain
OCD_Mu_crystall	0.9940	0.0000	0.0148	1.0000	Ornithine cyclodeaminase/mu-crystallin family
RPN5_C	0.9940	0.0000	0.0148	1.0000	26S proteasome regulatory subunit RPN5 C-terminal domain
RNA_pol_Rpb4	0.9940	0.0000	0.0148	1.0000	RNA polymerase Rpb4
KOW4_SPT5	0.9940	0.0000	0.0148	1.0000	Transcription elongation factor SPT5, fourth KOW domain
PPP2R1A-like_HEAT	0.9940	0.0000	0.0148	1.0000	PPP2R1A-like HEAT repeat
Glycohydro_20b2	0.9940	0.0000	0.0148	1.0000	beta-acetyl hexosaminidase like
Bap31	0.9940	0.0000	0.0148	1.0000	Bap31/Bap29 transmembrane region
TPR_DOCK9	0.9940	0.0000	0.0148	1.0000	DOCK6-11, TPR domain
Tmrp11_N	0.9939	0.0000	0.0207	0.9167	Tmrp11 THUMP N-terminal domain
PRKCSH-like	0.9932	0.0000	0.0273	1.0000	Glucosidase II beta subunit-like
PCNA_C	0.9932	0.0000	0.0134	1.0000	Proliferating cell nuclear antigen, C-terminal domain
PCNA_N	0.9932	0.0000	0.0134	1.0000	Proliferating cell nuclear antigen, N-terminal domain
Peptidase_M48_N	0.9932	0.0000	0.0198	1.0000	CAAX prenyl protease N-terminal, five membrane helices
CNH	0.9931	0.0000	0.0131	0.7500	CNH domain
RNA_pol_Rpb8	0.9926	0.0000	0.0039	0.9167	RNA polymerase Rpb8
Macro	0.9926	0.0000	0.0023	1.0000	Macro domain
Suf	0.9926	0.0000	0.0023	1.0000	Suppressor of forked protein (Suf)
BLOC1_2	0.9924	0.0000	0.0203	0.9167	Biogenesis of lysosome-related organelles complex-1 subunit 2
TRAPPC13_C	0.9920	0.0000	0.0202	0.9167	Trafficking protein particle complex subunit 13, C-terminal
SGT1	0.9920	0.0000	0.0202	0.9167	SGT1 protein
NPR2	0.9920	0.0000	0.0202	0.9167	Nitrogen permease regulator 2
Telomere_reg-2	0.9920	0.0000	0.0202	0.9167	Telomere length regulation protein
Cir_N	0.9920	0.0000	0.0202	0.9167	N-terminal domain of CBF1 interacting co-repressor CIR
Aminotran_3	0.9920	0.0000	0.0333	0.7500	Aminotransferase class-III
ribosomal_L24	0.9920	0.0000	0.0333	0.7500	Large ribosomal subunit protein uL24, C-terminal domain
NAD_binding_10	0.9920	0.0000	0.0333	0.7500	NAD(P)H-binding
Sacchrp_dh_C	0.9920	0.0000	0.0333	0.7500	Saccharopine dehydrogenase C-terminal domain
Plug_translocon	0.9915	0.0000	0.0239	0.8333	Plug domain of Sec61p
Beta-prop_ELP1_2nd	0.9914	0.0000	0.0175	1.0000	ELP1 N-terminal second beta-propeller
Glyco_hydro_14	0.9912	0.0000	0.0174	0.7500	Glycosyl hydrolase family 14
Ribosomal_L31e	0.9909	0.0000	0.0125	1.0000	Ribosomal protein L31e
Carb_kinase	0.9909	0.0000	0.0125	1.0000	NAD(P)H-hydrate dehydratase
Rogdi_lz	0.9909	0.0000	0.0175	0.7500	Rogdi leucine zipper containing protein
Beta-prop_EMC1_N	0.9908	0.0000	0.0119	0.6667	EMC1 N-terminal beta-propeller domain
DUF155	0.9904	0.0000	0.0035	0.7500	RMND1/Sif2-Sif3/Mrx10, DUF155
RRN3	0.9901	0.0000	0.0176	1.0000	RNA polymerase I specific transcription initiation factor RRN3
DUF2921	0.9901	0.0000	0.0176	1.0000	Transmembrane E3 ligase/DUF2921 transmembrane domain
Lipase_GDSL	0.9901	0.0000	0.0037	1.0000	GDSL-like Lipase/Acylhydrolase
Fuz_longin_1	0.9901	0.0000	0.0037	1.0000	First Longin domain of FUZ, MON1 and HPS1
ANAPC4_WD40	0.9898	0.0000	0.0037	0.9167	Anaphase-promoting complex subunit 4 WD40 domain
DDE_3	0.9893	0.0000	0.0297	0.5833	DDE superfamily endonuclease
Ribonucleas_3_3	0.9893	0.0000	0.0297	0.5833	Ribonuclease-III-like
RING_ZNF598	0.9888	0.0000	0.0238	0.7500	ZNF598 RING finger domain
PRP21_like_P	0.9886	0.0000	0.0238	0.9167	Pre-mRNA splicing factor PRP21 like protein
BCDHK_Adom3	0.9884	0.0000	0.0037	0.1667	Mitochondrial branched-chain alpha-ketoacid dehydrogenase kinase
Cu-oxidase_2	0.9884	0.0000	0.0037	0.1667	Multicopper oxidase
Cu-oxidase_3	0.9884	0.0000	0.0037	0.1667	Multicopper oxidase
Mac	0.9881	0.0000	0.0180	1.0000	Maltose acetyltransferase hexapeptide capping motif
YhhN	0.9881	0.0000	0.0180	1.0000	YhhN family
MAGE	0.9881	0.0000	0.0180	1.0000	MAGE homology domain
TFIID_20kDa	0.9881	0.0000	0.0180	1.0000	Transcription initiation factor TFIID subunit A
Med31	0.9881	0.0000	0.0180	0.9167	SOH1
NUC153	0.9881	0.0000	0.0181	0.9167	NUC153 domain
RQC	0.9881	0.0000	0.0181	0.9167	RQC domain
PRELI	0.9879	0.0000	0.0063	1.0000	PRELI-like family
Glyco_hydro_18	0.9869	0.0000	0.0059	1.0000	Glycosyl hydrolases family 18
A_deaminase	0.9869	0.0000	0.0059	1.0000	Adenosine deaminase
Tc-R-P	0.9869	0.0000	0.0059	1.0000	Polymorphic toxin system, DSP-PTPase phosphatase
Pmp3	0.9866	0.0000	0.0244	0.7500	Proteolipid membrane potential modulator
dUTPase	0.9865	0.0000	0.0105	0.9167	dUTPase
POL3_N	0.9861	0.0000	0.0054	0.8333	DNA polymerase delta catalytic subunit-like, N-terminal domain
UTP25_NTPase-like	0.9860	0.0000	0.0279	1.0000	UTP25, NTP hydrolase-like domain
PMI_typeI_cat	0.9860	0.0000	0.0279	1.0000	Phosphomannose isomerase type I, catalytic domain
Sas10	0.9860	0.0000	0.0279	1.0000	Sas10 C-terminal domain
EAP30	0.9860	0.0000	0.0279	1.0000	EAP30/Vps36 family
CLP1_N	0.9860	0.0000	0.0279	1.0000	N-terminal beta-sandwich domain of polyadenylation factor
Transketolase_N	0.9860	0.0000	0.0279	1.0000	Transketolase, thiamine diphosphate binding domain
Transketolase_C_1	0.9860	0.0000	0.0279	1.0000	Transketolase-like TK C-terminal domain
RFC_C	0.9860	0.0000	0.0279	1.0000	Replication factor C subunit 3, C-terminal domain
Peptidase_M18	0.9860	0.0000	0.0279	1.0000	Aminopeptidase I zinc metalloprotease (M18)
V-ATPase_G	0.9860	0.0000	0.0279	1.0000	Vacuolar (H+)-ATPase G subunit
Utp25_C	0.9860	0.0000	0.0279	1.0000	Utp25, C-terminal domain
DIM1	0.9860	0.0000	0.0279	1.0000	Mitosis protein DIM1
RhoGAP	0.9860	0.0000	0.0279	1.0000	RhoGAP domain
Yippee-Mis18	0.9860	0.0000	0.0275	0.9167	Yippee zinc-binding/DNA-binding /Mis18, centromere assembly
TFIIS_M	0.9860	0.0000	0.0275	0.9167	Transcription factor S-II (TFIIS), central domain
LCAT	0.9857	0.0000	0.0176	0.7500	Lecithin:cholesterol acyltransferase
Trypsin_2	0.9856	0.0000	0.0050	0.7500	Trypsin-like peptidase domain
SUV3_C	0.9854	0.0000	0.0324	0.6667	ATP-dependent RNA helicase SUV3 C-terminal domain
Thr_synth_N	0.9853	0.0000	0.0048	0.3333	Threonine synthase N terminus
DDE_Tnp_1_7	0.9849	0.0000	0.0309	0.6667	Transposase IS4
NFD4_C	0.9849	0.0000	0.0309	0.7500	NFD4, C-terminal domain
DLH	0.9848	0.0000	0.0180	0.8333	Dienelactone hydrolase family
GST_N_3	0.9843	0.0000	0.0041	0.6667	Glutathione S-transferase, N-terminal domain
W2	0.9843	0.0000	0.0245	0.9167	eIF4-gamma/eIF5/eIF2-epsilon
Med10	0.9843	0.0000	0.0245	0.9167	Transcription factor subunit Med10 of Mediator complex
NAD_Gly3P_dh_N	0.9841	0.0000	0.0454	0.1667	NAD-dependent glycerol-3-phosphate dehydrogenase N-terminus
WHD	0.9841	0.0000	0.0454	0.1667	Winged helix domain, variant
DNA_photolyase	0.9841	0.0000	0.0454	0.1667	DNA photolyase
TMEM18	0.9841	0.0000	0.0454	0.1667	Transmembrane protein 18
DUF4139	0.9841	0.0000	0.0422	0.1667	Domain of unknown function (DUF4139)
Carb_anhydrase	0.9841	0.0000	0.0422	0.1667	Eukaryotic-type carbonic anhydrase
zf-C2HC_2	0.9841	0.0000	0.0422	0.1667	zinc-finger of a C2HC-type
UvrD_C	0.9841	0.0000	0.0422	0.1667	UvrD-like helicase C-terminal domain
Put_Phosphatase	0.9841	0.0000	0.0422	0.1667	Putative Phosphatase
TPMT	0.9841	0.0000	0.0422	0.1667	Thiopurine S-methyltransferase (TPMT)
Nuf2	0.9839	0.0000	0.0250	0.8333	Nuf2 family
LAMTOR5	0.9839	0.0000	0.0250	0.7500	Ragulator complex protein LAMTOR5
zf-CHCC	0.9834	0.0000	0.0668	0.7500	Zinc-finger domain
Lys-1	0.9831	0.0000	0.0078	0.9167	Lysozyme-like protein 1
POP1_N	0.9831	0.0000	0.0120	0.8333	Ribonucleases P/MRP protein subunit POP1, N-terminal
Adaptin_binding	0.9823	0.0000	0.0311	0.8333	Alpha and gamma adaptin binding protein p34
Img2	0.9823	0.0000	0.0559	0.6667	Mitochondrial large subunit ribosomal protein (Img2)
AcetylCoA_hyd_C	0.9822	0.0000	0.0159	0.7500	Acetyl-CoA hydrolase/transferase C-terminal domain
Avl9	0.9817	0.0000	0.0189	1.0000	Transport protein Avl9
JmjC	0.9817	0.0000	0.0130	0.7500	JmjC domain, hydroxylase
Synapsin	0.9816	0.0000	0.0103	0.4167	Synapsin pre-ATP-grasp domain
Synapsin_C	0.9816	0.0000	0.0103	0.4167	Synapsin, ATP binding domain
Serpin	0.9816	0.0000	0.0103	0.4167	Serpin (serine protease inhibitor)
RhoGEF	0.9816	0.0000	0.0111	1.0000	RhoGEF domain
AI-2E_transport	0.9815	0.0000	0.0103	0.3333	AI-2E family transporter
Acyltransf_C	0.9813	0.0000	0.0112	1.0000	Acyltransferase C-terminus
PPR_long	0.9810	0.0000	0.0115	0.6667	Pentacotripeptide-repeat region of PRORP
Nitroreductase	0.9810	0.0000	0.0038	0.4167	Nitroreductase family
Vps55	0.9810	0.0000	0.0063	0.6667	Vacuolar protein sorting 55
XRN1_D1	0.9808	0.0000	0.0090	0.6667	Exoribonuclease Xrn1 D1 domain
SH3_12	0.9808	0.0000	0.0090	0.6667	Xrn1 SH3-like domain
RH_dom	0.9801	0.0000	0.0072	0.7500	Rubicon Homology Domain
COP9_hel_rpt	0.9789	0.0000	0.0102	1.0000	COP9 signalosome complex subunit 3, N-terminal helical repeats
F_actin_cap_B	0.9785	0.0000	0.0105	1.0000	F-actin capping protein, beta subunit
TPR_EMC2	0.9785	0.0000	0.0105	1.0000	EMC2 TPR-like repeat domain
G6PD_N	0.9785	0.0000	0.0120	0.6667	Glucose-6-phosphate dehydrogenase, NAD binding domain
DNA_pol_phi	0.9785	0.0000	0.0112	1.0000	DNA polymerase phi
zf-C2H2_2	0.9784	0.0000	0.0051	1.0000	C2H2 type zinc-finger (2 copies)
DAGK_acc	0.9784	0.0000	0.0051	1.0000	Diacylglycerol kinase accessory domain
MS_channel_2nd	0.9784	0.0000	0.0051	1.0000	Mechanosensitive ion channel, beta-domain
PH_FAN	0.9784	0.0000	0.0575	0.9167	FAN protein N-terminal PH domain
Rpr2	0.9769	0.0000	0.0124	0.8333	RNAse P Rpr2/Rpp21/SNM1 subunit domain
Cob_adeno_trans	0.9768	0.0000	0.0227	0.7500	Cobalamin adenosyltransferase
zf-C2H2_jaz	0.9764	0.0000	0.0032	1.0000	Zinc-finger double-stranded RNA-binding
JmjN	0.9764	0.0000	0.1343	0.7500	jmjN domain
Josephin	0.9764	0.0000	0.1343	0.7500	Josephin
Ig_TPPC8_2nd	0.9764	0.0000	0.1343	0.7500	TPPC8 second Ig-like domain
Ints3_N	0.9764	0.0000	0.1343	0.7500	Integrator complex subunit 3 N-terminal
Ipi1_N	0.9764	0.0000	0.1343	0.7500	Rix1 complex component involved in 60S ribosome maturation
Init_tRNA_PT	0.9764	0.0000	0.1343	0.7500	Rit1 DUSP-like domain
ATE_C	0.9764	0.0000	0.1343	0.7500	Arginine-tRNA-protein transferase, C terminus
ATG17_like	0.9764	0.0000	0.1343	0.7500	Autophagy protein ATG17-like domain
EME1-MUS81_C	0.9764	0.0000	0.1343	0.7500	EME1/MUS81, C-terminal
Stk19	0.9764	0.0000	0.1343	0.7500	Inactive serine-threonine protein kinase 19
CLU_N	0.9764	0.0000	0.1343	0.7500	Mitochondrial function, CLU-N-term
Sod_Cu	0.9764	0.0000	0.1343	0.7500	Copper/zinc superoxide dismutase (SODC)
DOCK_N	0.9764	0.0000	0.1343	0.7500	DOCK N-terminus
ATG2_CAD	0.9764	0.0000	0.1343	0.7500	Autophagy-related protein 2
DUF2053	0.9764	0.0000	0.1343	0.7500	Predicted membrane protein (DUF2053)
Ribophorin_II_3rd	0.9764	0.0000	0.1343	0.7500	Ribophorin II third domain
CMFA_C	0.9764	0.0000	0.1343	0.7500	Conditioned medium factor C-terminal domain
Pantoate_transf	0.9764	0.0000	0.1343	0.7500	Ketopantoate hydroxymethyltransferase
Slu7	0.9764	0.0000	0.1343	0.7500	Pre-mRNA splicing Prp18-interacting factor
DUF2340	0.9764	0.0000	0.1343	0.7500	Uncharacterized conserved protein (DUF2340)
Response_reg	0.9764	0.0000	0.1343	0.7500	Response regulator receiver domain
Rgp1	0.9764	0.0000	0.1343	0.7500	Rgp1
Aquarius_N_1st	0.9764	0.0000	0.1343	0.7500	Intron-binding protein aquarius N-terminal
Aquarius_N_2nd	0.9764	0.0000	0.1343	0.7500	Intron-binding protein aquarius, beta-barrel
Ams1-like_1st	0.9764	0.0000	0.1343	0.7500	Alpha-mannosidase, jelly roll domain
Alk_phosphatase	0.9764	0.0000	0.1343	0.7500	Alkaline phosphatase
MyTH4	0.9764	0.0000	0.1343	0.7500	MyTH4 domain
5_nucleotid	0.9764	0.0000	0.1343	0.7500	5' nucleotidase family
Sin3a_C	0.9764	0.0000	0.1343	0.7500	C-terminal domain of Sin3a protein
Sin3_corepress	0.9764	0.0000	0.1343	0.7500	Sin3 family co-repressor
RSN1_TM	0.9764	0.0000	0.1343	0.7500	Late exocytosis, associated with Golgi transport
DUF4211	0.9764	0.0000	0.1343	0.7500	Domain of unknown function (DUF4211)
Hira	0.9764	0.0000	0.1343	0.7500	TUP1-like enhancer of split
RecA-like_ORC2	0.9764	0.0000	0.1343	0.7500	Origin recognition complex subunit 2 RecA-like domain
VPS11_C	0.9764	0.0000	0.1343	0.7500	Vacuolar protein sorting protein 11 C terminal
NARG2_C	0.9764	0.0000	0.1343	0.7500	NMDA receptor-regulated gene protein 2 C-terminus
UVSSA_N	0.9764	0.0000	0.1343	0.7500	UVSSA N-terminal domain
VID27_PH	0.9764	0.0000	0.1343	0.7500	VID27 PH-like domain
DEP	0.9764	0.0000	0.1343	0.7500	Domain found in Dishevelled, Egl-10, and Pleckstrin (DEP)
Use1	0.9764	0.0000	0.1343	0.7500	Membrane fusion protein Use1
RTP1_C1	0.9764	0.0000	0.1343	0.7500	Required for nuclear transport of RNA pol II C-terminus 1
RUN	0.9764	0.0000	0.1343	0.7500	RUN domain
SAC9_GBDL_1st	0.9764	0.0000	0.1343	0.7500	SAC9 first GBDL domain
Ric8	0.9764	0.0000	0.1343	0.7500	Guanine nucleotide exchange factor synembryn
Elong_Iki1	0.9764	0.0000	0.1343	0.7500	Elongator subunit Iki1
COMMD1_N	0.9764	0.0000	0.1343	0.7500	COMMD1 N-terminal domain
HisKA	0.9764	0.0000	0.1343	0.7500	His Kinase A (phospho-acceptor) domain
HEAT_ECM29	0.9764	0.0000	0.1343	0.7500	Proteasome adapter and scaffold protein ECM29, HEAT-repeat domain
Methyltransf_10	0.9764	0.0000	0.1343	0.7500	RNA methyltransferase
Elongin_A	0.9764	0.0000	0.1343	0.7500	RNA polymerase II transcription factor SIII (Elongin) subunit A
Hemerythrin	0.9764	0.0000	0.1343	0.7500	Hemerythrin HHE cation binding domain
Tup_N	0.9764	0.0000	0.1343	0.7500	Tup N-terminal
Es2	0.9764	0.0000	0.1343	0.7500	Nuclear protein Es2
Glutaminase	0.9764	0.0000	0.1343	0.7500	Glutaminase
Gad2	0.9764	0.0000	0.1343	0.7500	Gabija anti-defense 2 family protein
BIG2_C	0.9764	0.0000	0.1343	0.7500	BIG2 C-terminal domain
VPS18_RING_C	0.9764	0.0000	0.1343	0.7500	VPS18 RING C-terminal domain
AidB_N	0.9764	0.0000	0.1343	0.7500	Adaptive response protein AidB N-terminal domain
ADH_N_2	0.9764	0.0000	0.1343	0.7500	N-terminal domain of oxidoreductase
DD3_cupredoxin	0.9764	0.0000	0.1343	0.7500	DD3-3 cupredoxin-like domain
ApbA_C	0.9764	0.0000	0.1343	0.7500	Ketopantoate reductase PanE/ApbA C terminal
ApbA	0.9764	0.0000	0.1343	0.7500	Ketopantoate reductase PanE/ApbA
MJ1316	0.9764	0.0000	0.1343	0.7500	MJ1316 RNA cyclic group end recognition domain
WH1	0.9764	0.0000	0.1343	0.7500	WH1 domain
MIF4G_like	0.9764	0.0000	0.1343	0.7500	MIF4G like
Dsc3_C	0.9764	0.0000	0.1343	0.7500	DSC E3 ubiquitin ligase complex subunit 3, C-terminal domain
TH1	0.9764	0.0000	0.1343	0.7500	TH1 protein
THOC2_N	0.9764	0.0000	0.1343	0.7500	THO complex subunit 2 N-terminus
MID_MedPIWI	0.9764	0.0000	0.1343	0.7500	MID domain of medPIWI
GET4	0.9764	0.0000	0.1343	0.7500	Golgi to ER traffic protein 4
Countin_C	0.9764	0.0000	0.1343	0.7500	Countin C-terminal domain
Cyclin_C_2	0.9764	0.0000	0.1343	0.7500	Cyclin C-terminal domain
SCP2	0.9764	0.0000	0.1343	0.7500	SCP-2 sterol transfer family
GTP_cyclohydroI	0.9764	0.0000	0.1343	0.7500	GTP cyclohydrolase I
ECR1_N	0.9764	0.0000	0.1343	0.7500	Exosome complex exonuclease RRP4 N-terminal region
Exportin-5	0.9764	0.0000	0.1343	0.7500	Exportin-5 family
TM2	0.9764	0.0000	0.1343	0.7500	TM2 domain
TFIID_NTD2	0.9764	0.0000	0.1343	0.7500	WD40 associated region in TFIID subunit, NTD2 domain
SapB_1	0.9764	0.0000	0.1343	0.7500	Saposin-like type B, region 1
CTLH	0.9764	0.0000	0.1343	0.7500	CTLH/CRA C-terminal to LisH motif domain
Peroxin-3	0.9764	0.0000	0.1343	0.7500	Peroxin-3
Sgf11	0.9764	0.0000	0.1343	0.7500	Sgf11 (transcriptional regulation protein)
Palm_thioest	0.9764	0.0000	0.1343	0.7500	Palmitoyl protein thioesterase
CSN7_HB_subdom	0.9764	0.0000	0.1343	0.7500	CSN7 helical bundle subdomain
CSN5_C	0.9764	0.0000	0.1343	0.7500	Cop9 signalosome subunit 5 C-terminal domain
EDC4_C	0.9764	0.0000	0.1343	0.7500	Enhancer of mRNA-decapping protein 4, C-terminal
Nckap1	0.9764	0.0000	0.1343	0.7500	Nck-associated protein 1
Nucleopor_Nup85	0.9764	0.0000	0.1343	0.7500	Nup85 Nucleoporin
BTG	0.9764	0.0000	0.1343	0.7500	BTG family
BRAP2	0.9764	0.0000	0.1343	0.7500	BRCA1-associated protein 2
INTS7_N	0.9764	0.0000	0.1343	0.7500	Integrator complex subunit 7, N-terminal
GPKOW_C	0.9764	0.0000	0.1343	0.7500	GPKOW C-terminal domain
GLE1	0.9764	0.0000	0.1343	0.7500	GLE1-like protein
GPR180-TMEM145_TM	0.9764	0.0000	0.1343	0.7500	GPR180/TMEM145, transmembrane domain
WHD_MCM2	0.9764	0.0000	0.1343	0.7500	DNA replication licensing factor MCM2-like, winged-helix domain
WHD_E2F_TDP	0.9764	0.0000	0.1343	0.7500	E2F/DP family winged-helix DNA-binding domain
MIOS_a-sol	0.9764	0.0000	0.1343	0.7500	MIOS, alpha-solenoid
HSA	0.9764	0.0000	0.1343	0.7500	HSA domain
SAC9_GBDL_2nd	0.9764	0.0000	0.1343	0.7500	SAC9 second GBDL domain
SAPS	0.9764	0.0000	0.1343	0.7500	SIT4 phosphatase-associated protein
SGF29_Tudor	0.9764	0.0000	0.1343	0.7500	SGF29 tudor-like domain
Cystatin	0.9764	0.0000	0.1343	0.7500	Cystatin domain
Ctr	0.9764	0.0000	0.1343	0.7500	Ctr copper transporter family
ZnF_RZ-type	0.9764	0.0000	0.1343	0.7500	RZ type zinc finger domain
Phytochelatin	0.9764	0.0000	0.1343	0.7500	Phytochelatin synthase
ARMH3_C	0.9764	0.0000	0.1343	0.7500	Armadillo-like helical domain-containing protein 3, C-terminal
POB3_N	0.9764	0.0000	0.1343	0.7500	POB3-like N-terminal PH domain
FAN1_TPR	0.9764	0.0000	0.1343	0.7500	Fanconi-associated nuclease 1, TPR domain
FACT-Spt16_Nlob	0.9764	0.0000	0.1343	0.7500	FACT complex subunit SPT16 N-terminal lobe domain
CABIN1_N	0.9764	0.0000	0.1343	0.7500	CABIN1 N-terminal domain
Voldacs	0.9764	0.0000	0.1343	0.7500	Regulator of volume decrease after cellular swelling
Med27	0.9764	0.0000	0.1343	0.7500	Mediator complex subunit 27
MAPEG	0.9764	0.0000	0.1343	0.7500	MAPEG family
cwf18	0.9764	0.0000	0.1343	0.7500	cwf18 pre-mRNA splicing factor
ARM_TANGO6	0.9764	0.0000	0.1343	0.7500	Transport and Golgi organization protein 6 homolog, ARM-like repeat
Mad3_BUB1_I	0.9764	0.0000	0.1343	0.7500	Mad3/BUB1 homology region 1
Nbl1_Borealin_N	0.9764	0.0000	0.1343	0.7500	Nbl1 / Borealin N terminal
BRCA-2_helical	0.9764	0.0000	0.1343	0.7500	BRCA2, helical
RALGAPA1_N	0.9764	0.0000	0.1343	0.7500	RALGAPA1 N-terminal domain
E2F_CC-MB	0.9764	0.0000	0.1343	0.7500	E2F transcription factor CC-MB domain
Med4	0.9764	0.0000	0.1343	0.7500	Vitamin-D-receptor interacting Mediator subunit 4
Countin_N	0.9764	0.0000	0.1343	0.7500	Countin N-terminal domain
bZIP_1	0.9764	0.0000	0.1343	0.7500	bZIP transcription factor
WD40_RFWD3	0.9764	0.0000	0.1343	0.7500	E3 ubiquitin-protein ligase RFWD3 WD40 domain
DD3_N	0.9764	0.0000	0.1343	0.7500	DD3-3 N-terminal domain
RPOL_N	0.9764	0.0000	0.1343	0.7500	DNA-directed RNA polymerase N-terminal
ACDH-11_C	0.9764	0.0000	0.1343	0.7500	Acyl-CoA dehydrogenase 11 C-terminal domain-like
Ig_CMFA_2nd	0.9764	0.0000	0.1343	0.7500	Conditioned medium factor 2nd Ig-like domain
Ig_CMFA_3rd	0.9764	0.0000	0.1343	0.7500	Conditioned medium factor 3rd Ig-like domain
AD	0.9764	0.0000	0.1343	0.7500	Anticodon-binding domain
Ig_mannosidase	0.9764	0.0000	0.1343	0.7500	Ig-fold domain
HAMP	0.9764	0.0000	0.1343	0.7500	HAMP domain
hSac2	0.9764	0.0000	0.1343	0.7500	Inositol phosphatase
ABI	0.9764	0.0000	0.1343	0.7500	Abl interactor protein
KLRAQ	0.9764	0.0000	0.1343	0.7500	Predicted coiled-coil domain-containing protein
KOW2_Spt5	0.9764	0.0000	0.1343	0.7500	Transcription elongation factor SPT5, second KOW domain
zf-4CXXC_R1	0.9764	0.0000	0.1343	0.7500	Zinc-finger domain of monoamine-oxidase A repressor R1
KPTN	0.9764	0.0000	0.1343	0.7500	KICSTOR complex protein kaptin
DUSP	0.9764	0.0000	0.1343	0.7500	DUSP domain
PigN	0.9764	0.0000	0.1343	0.7500	Phosphatidylinositolglycan class N (PIG-N)
FNIP_C	0.9764	0.0000	0.1343	0.7500	Folliculin-interacting protein C-terminus
ICAT	0.9764	0.0000	0.1343	0.7500	Beta-catenin-interacting protein ICAT
MSC	0.9764	0.0000	0.1343	0.7500	Man1-Src1p-C-terminal domain
TRAPPC9-Trs120	0.9764	0.0000	0.1343	0.7500	Trs120/TRAPPC9, N-terminal domain
Prenylcys_lyase	0.9764	0.0000	0.1343	0.7500	Prenylcysteine lyase
SOR_SNZ	0.9764	0.0000	0.1343	0.7500	SOR/SNZ family
TRAPPC10-Trs130_NTS	0.9764	0.0000	0.1343	0.7500	TRAPPC10/Trs130, NTS-like domain
PAH	0.9764	0.0000	0.1343	0.7500	Paired amphipathic helix repeat
Ribosomal_L27	0.9764	0.0000	0.1343	0.7500	Ribosomal L27 protein
TPR_IPO11	0.9764	0.0000	0.1343	0.7500	Importin-11-like, TPR repeats
eIF3h_C	0.9764	0.0000	0.1343	0.7500	C-terminal region of eIF3h
ARID	0.9764	0.0000	0.1343	0.7500	ARID/BRIGHT DNA binding domain
BcrAD_BadFG	0.9764	0.0000	0.1343	0.7500	BadF/BadG/BcrA/BcrD ATPase family
Thg1	0.9764	0.0000	0.1343	0.7500	tRNAHis guanylyltransferase
GCFC	0.9764	0.0000	0.1343	0.7500	GC-rich sequence DNA-binding factor-like protein
OPT	0.9764	0.0000	0.1343	0.7500	OPT oligopeptide transporter protein
MAD	0.9764	0.0000	0.1343	0.7500	Mitotic checkpoint protein
Translin	0.9764	0.0000	0.1343	0.7500	Translin family
FragX_IP	0.9764	0.0000	0.1343	0.7500	Cytoplasmic Fragile-X interacting family
Beta-prop_WDR5	0.9764	0.0000	0.1343	0.7500	WDR5 beta-propeller domain
FF	0.9764	0.0000	0.1343	0.7500	FF domain
PIG-F	0.9764	0.0000	0.1343	0.7500	GPI biosynthesis protein family Pig-F
CWC25	0.9764	0.0000	0.1343	0.7500	Pre-mRNA splicing factor
Sec16	0.9764	0.0000	0.1343	0.7500	Vesicle coat trafficking protein Sec16 mid-region
Thioredox_DsbH	0.9764	0.0000	0.1343	0.7500	Protein of unknown function, DUF255
Beta-barrel_INTS6	0.9764	0.0000	0.1343	0.7500	INTS6 beta-barrel domain
TPR_CAND1	0.9764	0.0000	0.1343	0.7500	CAND1-like, TPR repeats
SMCR8_C	0.9764	0.0000	0.1343	0.7500	Guanine nucleotide exchange protein SMCR8, C-terminal domain
RA_2	0.9764	0.0000	0.1343	0.7500	RA like domain
RB_A	0.9764	0.0000	0.1343	0.7500	Retinoblastoma-associated protein A domain
CASP_C	0.9764	0.0000	0.1343	0.7500	CASP C terminal
RB_B	0.9764	0.0000	0.1343	0.7500	Retinoblastoma-associated protein B domain
FANCI_S4	0.9764	0.0000	0.1343	0.7500	FANCI solenoid 4
FANCI_S1	0.9764	0.0000	0.1343	0.7500	FANCI solenoid 1
SWIB	0.9764	0.0000	0.1343	0.7500	SWIB/MDM2 domain
SWIFT	0.9764	0.0000	0.1343	0.7500	SWIFT domain
ScaA_C	0.9764	0.0000	0.1343	0.7500	ScaA C-terminal domain
Cactin_mid	0.9764	0.0000	0.1343	0.7500	Conserved mid region of cactin
PHM7_cyt	0.9764	0.0000	0.1343	0.7500	Cytosolic domain of 10TM putative phosphate transporter
Ceramidase_alk	0.9764	0.0000	0.1343	0.7500	Neutral/alkaline non-lysosomal ceramidase, N-terminal
C12orf66_like	0.9764	0.0000	0.1343	0.7500	KICSTOR complex C12orf66 like
TPR_NUP160_120_M	0.9764	0.0000	0.1343	0.7500	NUP160/120 middle TPR
eEFSec_4th	0.9764	0.0000	0.1343	0.7500	eEFSec C-terminal RIFT domain
Ceramidase	0.9764	0.0000	0.1343	0.7500	Ceramidase
Laa1_Sip1_HTR5	0.9764	0.0000	0.1343	0.7500	Laa1/Sip1/HEATR5 HEAT repeat region
IFRD	0.9764	0.0000	0.1343	0.7500	Interferon-related developmental regulator (IFRD)
FmiP_Thoc5	0.9764	0.0000	0.1343	0.7500	Fms-interacting protein/Thoc5
eIF3a_PCI_TPR-like	0.9764	0.0000	0.1343	0.7500	eIF3a, PCI domain, TPR-like region
efThoc1	0.9764	0.0000	0.1343	0.7500	THO complex subunit 1 transcription elongation factor
eIF_4EBP	0.9764	0.0000	0.1343	0.7500	Eukaryotic translation initiation factor 4E binding protein (EIF4EBP)
zf-CHY	0.9764	0.0000	0.1343	0.7500	CHY zinc finger
zf-C2H2_OTU1_C	0.9764	0.0000	0.1343	0.7500	Ubiquitin thioesterase OTU1, C-terminal C2H2-type zinc finger
MMS19_C	0.9764	0.0000	0.1343	0.7500	RNAPII transcription regulator C-terminal
PDEase_II	0.9764	0.0000	0.1343	0.7500	cAMP phosphodiesterases class-II
Fy-3	0.9764	0.0000	0.1343	0.7500	Ferry endosomal RAB5 effector complex subunit 3
Fra10Ac1	0.9764	0.0000	0.1343	0.7500	Folate-sensitive fragile site protein Fra10Ac1
DUF1731	0.9764	0.0000	0.1343	0.7500	Domain of unknown function (DUF1731)
DDB_G0292058_C	0.9761	0.0000	0.0295	1.0000	DDB_G0292058-like C-terminal domain
SH2	0.9761	0.0000	0.0295	1.0000	SH2 domain
UPF0203	0.9759	0.0000	0.0563	0.7500	Uncharacterised protein family (UPF0203)
Anticodon_2	0.9759	0.0000	0.0563	0.7500	Anticodon binding domain
SAM_GIDA_C	0.9759	0.0000	0.0563	0.7500	tRNA modifying enzyme MnmG/GidA C-terminal helical bundle
COX24_C	0.9759	0.0000	0.0563	0.6667	Mitochondrial mRNA-processing protein COX24, C-terminal
UDPG_MGDP_dh	0.9747	0.0000	0.0334	0.1667	UDP-glucose/GDP-mannose dehydrogenase family, central domain
SYY_C-terminal	0.9746	0.0000	0.0553	0.4167	Tyrosine--tRNA ligase SYY-like C-terminal domain
MRP-L27	0.9744	0.0000	0.0561	0.6667	Mitochondrial ribosomal protein L27
BPL_N	0.9743	0.0000	0.0149	0.3333	Biotin-protein ligase, N terminal
UBL_ZFAND1	0.9743	0.0000	0.0149	0.3333	ZFAND1-like ubiquitin-like domain
RPN7_PSMD6_C	0.9739	0.0000	0.0052	0.6667	26S proteasome regulatory subunit RPN7/PSMD6 C-terminal helix
PAS	0.9738	0.0000	0.0175	0.6667	PAS fold
Clp1	0.9727	0.0000	0.0100	1.0000	Pre-mRNA cleavage complex II protein Clp1
SPase_CTS	0.9721	0.0000	0.0998	0.6667	Signal peptidase C-terminal short helix
HEAT_IPO9_c	0.9721	0.0000	0.0998	0.6667	Importin-9 central HEAT repeats
ASTER	0.9721	0.0000	0.0998	0.6667	PAT complex subunit Asterix
EXOSC1	0.9721	0.0000	0.0998	0.6667	Exosome component EXOSC1/CSL4
WKF	0.9721	0.0000	0.0998	0.6667	WKF domain
RPN6_C_helix	0.9719	0.0000	0.1019	0.6667	26S proteasome subunit RPN6 C-terminal helix domain
Med18	0.9719	0.0000	0.1019	0.6667	Med18 protein
LisH_TPL	0.9719	0.0000	0.1019	0.6667	LisH-like dimerisation domain
PI4KB-PIK1_PIK	0.9719	0.0000	0.1019	0.6667	PI4KB/PIK1, accessory (PIK) domain
Act-Frag_cataly	0.9719	0.0000	0.1019	0.6667	Actin-fragmin kinase, catalytic
FANCL_d3	0.9719	0.0000	0.1019	0.6667	FANCL UBC-like domain 3
Beta-prop_WDR11_2nd	0.9719	0.0000	0.1000	0.5833	WDR11 second beta-propeller
DUF8412	0.9719	0.0000	0.1038	0.5000	Domain of unknown function (DUF8412)
TREH_N	0.9719	0.0000	0.1015	0.5833	Trehalase-like, N-terminal
Kinetochor_Ybp2	0.9718	0.0000	0.1018	0.5000	Uncharacterised protein family, YAP/Alf4/glomulin
Pex14_N	0.9715	0.0000	0.0073	0.9167	Pex14 N-terminal domain
GCN5L1	0.9715	0.0000	0.0102	0.9167	GCN5-like protein 1 (GCN5L1)
ETC_C1_NDUFA5	0.9712	0.0000	0.0634	0.7500	ETC complex I subunit conserved region
Sec6	0.9711	0.0000	0.0146	1.0000	Exocyst complex component Sec6
Solute_trans_a	0.9710	0.0000	0.0074	0.8333	Organic solute transporter Ostalpha
zf-LYAR	0.9710	0.0000	0.0074	0.7500	LYAR-type C2HC zinc finger
CtaG_Cox11	0.9709	0.0000	0.0109	0.7500	Cytochrome c oxidase assembly protein CtaG/Cox11
Nop53	0.9709	0.0000	0.0109	0.7500	Nop53 (60S ribosomal biogenesis)
DAGAT	0.9709	0.0000	0.0109	0.7500	Diacylglycerol acyltransferase
Sulfate_transp	0.9709	0.0000	0.0109	0.7500	Sulfate permease family
RMD1-3	0.9709	0.0000	0.0109	0.7500	Regulator of microtubule dynamics protein 1-3
Fer2_3	0.9709	0.0000	0.0109	0.7500	2Fe-2S iron-sulfur cluster binding domain
WHD_MCM6	0.9708	0.0000	0.0109	0.7500	MCM6 C-terminal winged-helix domain
TARBP1	0.9708	0.0000	0.0109	0.7500	TARBP1 domain
Paf67	0.9708	0.0000	0.0109	0.7500	RNA polymerase I-associated factor PAF67
COG6_N	0.9708	0.0000	0.0109	0.7500	Conserved oligomeric complex COG6, N-terminal
ACOX_C_alpha1	0.9708	0.0000	0.0607	0.7500	Acyl-CoA oxidase, C-alpha1 domain
Ig_TPPC8_1st	0.9708	0.0000	0.0607	0.7500	TPPC8 first Ig-like domain
LBP_BPI_CETP_C	0.9708	0.0000	0.0607	0.7500	LBP / BPI / CETP family, C-terminal domain
Fer2_2	0.9708	0.0000	0.0607	0.7500	[2Fe-2S] binding domain
QRPTase_C	0.9708	0.0000	0.0607	0.7500	Quinolinate phosphoribosyl transferase, C-terminal domain
QRPTase_N	0.9708	0.0000	0.0607	0.7500	Quinolinate phosphoribosyl transferase, N-terminal domain
Abhydro_lipase	0.9708	0.0000	0.0607	0.7500	Partial alpha/beta-hydrolase lipase region
MOSC_N	0.9708	0.0000	0.0607	0.7500	MOSC N-terminal beta barrel domain
CoA_transf_3	0.9708	0.0000	0.0607	0.7500	CoA-transferase family III
3-HAO	0.9708	0.0000	0.0607	0.7500	3-hydroxyanthranilic acid dioxygenase
Glyco_hydro_5_C	0.9708	0.0000	0.0607	0.7500	Glycoside hydrolase family 5 C-terminal domain
Rit1_C	0.9708	0.0000	0.0607	0.7500	Rit1 N-terminal domain
Sortilin-Vps10	0.9708	0.0000	0.0607	0.7500	Sortilin, neurotensin receptor 3,
CO_deh_flav_C	0.9708	0.0000	0.0607	0.7500	CO dehydrogenase flavoprotein C-terminal domain
COesterase	0.9708	0.0000	0.0607	0.7500	Carboxylesterase family
Sortilin_C	0.9708	0.0000	0.0607	0.7500	Sortilin, neurotensin receptor 3, C-terminal
Ariadne	0.9708	0.0000	0.0607	0.7500	Ariadne domain
Pro-kuma_activ	0.9708	0.0000	0.0607	0.7500	Pro-kumamolisin, activation domain
ANAPC2	0.9708	0.0000	0.0607	0.7500	Anaphase promoting complex (APC) subunit 2
Big_9	0.9708	0.0000	0.0607	0.7500	Bacterial Ig domain
CobW_C	0.9708	0.0000	0.0607	0.7500	Cobalamin synthesis protein cobW C-terminal domain
FAD_binding_5	0.9708	0.0000	0.0607	0.7500	FAD binding domain in molybdopterin dehydrogenase
HgmA_N	0.9708	0.0000	0.0607	0.7500	Homogentisate 1,2-dioxygenase N-terminal
CAP	0.9708	0.0000	0.0607	0.7500	Cysteine-rich secretory protein family
CCDC22_CC	0.9708	0.0000	0.0607	0.7500	CCDC22 protein coiled-coil region
REJ	0.9708	0.0000	0.0607	0.7500	REJ domain
ORMDL	0.9708	0.0000	0.0607	0.7500	ORMDL family
CDO_I	0.9708	0.0000	0.0607	0.7500	Cysteine dioxygenase type I
ARTD15_N	0.9708	0.0000	0.0607	0.7500	ARTD15 N-terminal domain
HgmA_C	0.9708	0.0000	0.0607	0.7500	Homogentisate 1,2-dioxygenase C-terminal
HEAT_MROH2B_C	0.9708	0.0000	0.0607	0.7500	MROH2B-like, HEAT repeats
HEAT_MROH2B_1st	0.9708	0.0000	0.0607	0.7500	MROH2B-like, HEAT repeats
CRT-like	0.9708	0.0000	0.0607	0.7500	CRT-like, chloroquine-resistance transporter-like
MoCoBD_2	0.9708	0.0000	0.0607	0.7500	Molybdopterin cofactor-binding domain
MoCoBD_1	0.9708	0.0000	0.0607	0.7500	Molybdopterin cofactor-binding domain
GPS	0.9708	0.0000	0.0607	0.7500	GAIN subdomain B
GNT-I	0.9708	0.0000	0.0607	0.7500	GNT-I family
BACK	0.9708	0.0000	0.0607	0.7500	BTB And C-terminal Kelch
Ald_Xan_dh_C	0.9708	0.0000	0.0607	0.7500	Aldehyde oxidase and xanthine dehydrogenase, a/b hammerhead domain
Ku_C	0.9708	0.0000	0.0607	0.7500	Ku70/Ku80 C-terminal arm
Glyco_hydro_2_N2	0.9708	0.0000	0.0607	0.7500	Glycosyl hydrolase 2 galactose-binding domain-like
DUF5601	0.9708	0.0000	0.0607	0.7500	Domain of unknown function (DUF5601)
ER	0.9708	0.0000	0.0607	0.7500	Enhancer of rudimentary
Metallophos_C	0.9708	0.0000	0.0607	0.7500	Iron/zinc purple acid phosphatase-like protein C
DOMON	0.9708	0.0000	0.0607	0.7500	DOMON domain
MOSC	0.9708	0.0000	0.0607	0.7500	MOSC domain
Arb2	0.9708	0.0000	0.0607	0.7500	Arb2 domain
Amidohydro_2	0.9708	0.0000	0.0607	0.7500	Amidohydrolase
HEAT_Maestro	0.9708	0.0000	0.0607	0.7500	Maestro, HEAT repeats
HEAT_Maestro_2	0.9708	0.0000	0.0607	0.7500	MROH2B-like, HEAT repeats
TAP_C	0.9708	0.0000	0.0607	0.7500	TAP C-terminal domain
Peptidase_C26	0.9708	0.0000	0.0607	0.7500	Peptidase C26
VWA	0.9707	0.0000	0.0150	1.0000	von Willebrand factor type A domain
Glyco_hydro_20	0.9704	0.0000	0.0151	1.0000	Glycosyl hydrolase family 20, catalytic domain
Rad9	0.9703	0.0000	0.0151	0.9167	Rad9
RNase_P_Rpp14	0.9703	0.0000	0.0146	1.0000	Rpp14/Pop5 family
OGFOD2-like	0.9702	0.0000	0.0536	0.6667	OGFOD2-like domain
eIF3g	0.9702	0.0000	0.0536	0.6667	Eukaryotic translation initiation factor 3 subunit G
DCB	0.9700	0.0000	0.0153	1.0000	Mon2/Sec7/BIG1-like, dimerisation and cyclophilin-binding domain
Arrestin_C	0.9700	0.0000	0.0153	1.0000	Arrestin (or S-antigen), C-terminal domain
Ephrin_rec_like	0.9700	0.0000	0.0153	1.0000	Tyrosine-protein kinase ephrin type A/B receptor-like
Peptidase_C39_2	0.9700	0.0000	0.0352	0.7500	Peptidase_C39 like family
Leuk-A4-hydro_C	0.9697	0.0000	0.0536	0.7500	Leukotriene A4 hydrolase, C-terminal
Alg6_Alg8	0.9695	0.0000	0.0533	0.6667	ALG6, ALG8 glycosyltransferase family
SARAF	0.9695	0.0000	0.0533	0.6667	SOCE-associated regulatory factor of calcium homoeostasis
DIE2_ALG10	0.9689	0.0000	0.0534	0.6667	DIE2/ALG10 family
CAP_N-CM	0.9687	0.0000	0.0166	0.9167	CAP N-terminal conserved motif
EMARD_N	0.9687	0.0000	0.0166	0.9167	EMARD, N-terminal domain
DNA_alkylation	0.9687	0.0000	0.0166	0.8333	DNA alkylation repair enzyme
CBFB_NFYA	0.9686	0.0000	0.0166	0.8333	CCAAT-binding transcription factor (CBF-B/NF-YA) subunit B
Pre-PUA_NSUN2	0.9682	0.0000	0.0119	1.0000	NSUN2 Pre-PUA domain
EcKL	0.9675	0.0000	0.0615	0.5833	Ecdysteroid kinase-like family
THU_Piezo1	0.9664	0.0000	0.0130	0.9167	Piezo1-like, transmembrane helical unit
VPS35L_C	0.9661	0.0000	0.0178	0.9167	VPS35L C-terminal domain
COMM_HN	0.9661	0.0000	0.0178	0.9167	COMMD2-7/10, HN domain
COMM_domain	0.9661	0.0000	0.0178	0.9167	COMM domain
UMP1	0.9654	0.0000	0.0183	0.8333	Proteasome maturation factor UMP1
Hydantoinase_B	0.9649	0.0000	0.0178	0.7500	Hydantoinase B/oxoprolinase
Hydantoinase_A	0.9649	0.0000	0.0178	0.7500	Hydantoinase/oxoprolinase
Hydant_A_N	0.9649	0.0000	0.0178	0.7500	Hydantoinase/oxoprolinase N-terminal region
Biopterin_H	0.9644	0.0000	0.0232	0.7500	Biopterin-dependent aromatic amino acid hydroxylase
TPR1-like_2nd	0.9642	0.0000	0.0285	0.7500	TPR1-like, CTLH-containing domain
AAA_5	0.9641	0.0000	0.0046	1.0000	AAA domain (dynein-related subfamily)
AAA_lid_7	0.9641	0.0000	0.0046	1.0000	Midasin AAA lid domain
HEAT_EF3_GNC1	0.9641	0.0000	0.0046	1.0000	Elongation factor 3/GNC1 HEAT repeat
Nrap_D4	0.9641	0.0000	0.0046	1.0000	Nrap protein nucleotidyltransferase domain 4
Coatomer_g_Cpla	0.9641	0.0000	0.0046	1.0000	Coatomer subunit gamma-1 C-terminal appendage platform
Inos-1-P_synth	0.9641	0.0000	0.0046	1.0000	Myo-inositol-1-phosphate synthase
HEAT_EF3_N	0.9641	0.0000	0.0046	1.0000	EF3 N-terminal HEAT repeat
NAD_binding_5	0.9641	0.0000	0.0046	1.0000	Myo-inositol-1-phosphate synthase
CNOT1_CAF1_bind	0.9641	0.0000	0.0046	1.0000	CCR4-NOT transcription complex subunit 1 CAF1-binding domain
CNOT1_TTP_bind	0.9641	0.0000	0.0046	1.0000	CCR4-NOT transcription complex subunit 1 TTP binding domain
AAA_lid_5	0.9641	0.0000	0.0046	1.0000	Midasin AAA lid domain
Nucleoporin2	0.9639	0.0000	0.0047	1.0000	Nup98-96 autopeptidase S59
XMAP215_CLASP_TOG	0.9639	0.0000	0.0047	1.0000	XMAP215/Dis1/CLASP, TOG domain
Anticodon_3	0.9635	0.0000	0.0067	0.9167	Anticodon binding domain of methionyl tRNA ligase
PRMT5_TIM	0.9629	0.0000	0.0232	1.0000	PRMT5 TIM barrel domain
Formyl_trans_C	0.9622	0.0000	0.0549	0.4167	Formyl transferase, C-terminal domain
D123	0.9619	0.0000	0.0170	1.0000	D123
Acyl_transf_3	0.9619	0.0000	0.0203	0.8333	Acyltransferase domain
NopRA1	0.9617	0.0000	0.0103	0.8333	Nucleolar pre-ribosomal-associated protein 1
FumaraseC_C	0.9612	0.0000	0.0208	0.9167	Fumarase C C-terminus
DLIC	0.9611	0.0000	0.0169	0.7500	Dynein light intermediate chain (DLIC)
zf-NF-X1	0.9605	0.0000	0.0095	0.7500	NF-X1 type zinc finger
SF1-HH	0.9604	0.0000	0.0239	1.0000	Splicing factor 1 helix-hairpin domain
SART-1	0.9604	0.0000	0.0239	1.0000	SART-1 family
GSIII_N	0.9604	0.0000	0.0239	1.0000	Glutamine synthetase type III N terminal
Gln-synt_C-ter	0.9604	0.0000	0.0239	1.0000	Glutamine synthetase C-terminal domain
RNA_pol_I_A49	0.9604	0.0000	0.0239	1.0000	A49-like RNA polymerase I associated factor
Dna2	0.9604	0.0000	0.0239	0.9167	DNA replication factor Dna2
SBF2	0.9603	0.0000	0.0240	0.9167	Myotubularin protein
OST48_MD	0.9602	0.0000	0.0169	0.9167	OST48 middle domain
Ribophorin_I	0.9602	0.0000	0.0169	0.9167	Ribophorin I
VPS13_C	0.9602	0.0000	0.0169	0.9167	Intermembrane lipid transfer protein VPS13, C-terminal
Med14	0.9602	0.0000	0.0169	0.9167	Mediator complex subunit MED14
Tfb4	0.9602	0.0000	0.0169	0.9167	Transcription factor Tfb4
DCD	0.9602	0.0000	0.0169	0.9167	dCTP deaminase-like
GBP	0.9602	0.0000	0.0169	0.9167	Guanylate-binding protein, N-terminal domain
SLU7_N	0.9602	0.0000	0.0169	0.9167	SLU7_N
ELP3_N	0.9602	0.0000	0.0169	0.9167	ELP3 N-terminal domain
RdRP	0.9602	0.0000	0.0169	0.9167	RNA dependent RNA polymerase
OST48_N	0.9602	0.0000	0.0169	0.9167	OST48, N-terminal domain
Exo70_C	0.9602	0.0000	0.0169	0.9167	Exo70 exocyst complex subunit C-terminal
MRNIP	0.9602	0.0000	0.0169	0.9167	MRN-interacting protein
U1snRNP70_N	0.9602	0.0000	0.0169	0.9167	U1 small nuclear ribonucleoprotein of 70kDa MW N terminal
Stealth_CR4	0.9602	0.0000	0.0169	0.9167	Stealth protein CR4, conserved region 4
MINDY_DUB	0.9599	0.0000	0.0703	0.6667	MINDY deubiquitinase
ZGRF1-like_N	0.9599	0.0000	0.0168	0.7500	DNA helicase ZGRF1-like, N-terminal domain
GOST_TM	0.9591	0.0000	0.0214	0.8333	GOST, seven transmembrane domain
DUF3819	0.9590	0.0000	0.0056	0.9167	CCR4-Not complex, Not1 subunit, domain of unknown function DUF3819
Mre11_DNA_bind	0.9590	0.0000	0.0056	0.9167	Mre11 DNA-binding presumed domain
Nrap_D5	0.9590	0.0000	0.0056	0.9167	Nrap protein PAP/OAS1-like domain 5
tRNA_synt_1c_R1	0.9590	0.0000	0.0056	0.9167	Glutaminyl-tRNA synthetase, non-specific RNA binding region part 1
SCAI	0.9588	0.0000	0.0226	0.8333	Protein SCAI
NPC1_MLD	0.9588	0.0000	0.0226	0.8333	NPC1, middle luminal domain
STX6_10_61_N	0.9587	0.0000	0.0545	0.7500	Syntaxin 6/10/61, N-terminal
GSKIP_dom	0.9587	0.0000	0.0545	0.7500	GSKIP domain
Acyl-CoA_ox_N	0.9587	0.0000	0.0545	0.7500	Acyl-coenzyme A oxidase N-terminal
DUF4326	0.9587	0.0000	0.0545	0.7500	Domain of unknown function (DUF4326)
Y_phosphatase3	0.9581	0.0000	0.0114	0.9167	Tyrosine phosphatase family
DNA_methylase	0.9569	0.0000	0.0234	0.9167	C-5 cytosine-specific DNA methylase
SET_TTL	0.9567	0.0000	0.0707	0.4167	Tubulin tyrosine ligase SET-like domain
SRR1	0.9565	0.0000	0.0080	0.6667	SRR1 domain
MFAP1	0.9565	0.0000	0.0235	1.0000	Microfibril-associated/Pre-mRNA processing
CNOT1_HEAT	0.9565	0.0000	0.0235	1.0000	CCR4-NOT transcription complex subunit 1 HEAT repeat
TAF2_3rd	0.9565	0.0000	0.0235	1.0000	TAF2 Ig-like domain
Tho2	0.9565	0.0000	0.0235	1.0000	Transcription factor/nuclear export subunit protein 2
Ig_NUP210_7th	0.9564	0.0000	0.0236	0.9167	NUP210 Ig-like domain 7
Ig_NUP210_2nd	0.9564	0.0000	0.0236	0.9167	NUP210 Ig-like domain 2
AlaDh_PNT_C	0.9561	0.0000	0.0170	0.9167	Alanine dehydrogenase/PNT, C-terminal domain
KH_12	0.9560	0.0000	0.0190	0.9167	KH-domain
Myb_DNA-bind_6	0.9558	0.0000	0.0242	1.0000	Myb-like DNA-binding domain
CUE	0.9555	0.0000	0.0244	1.0000	CUE domain
Asn_synthase	0.9555	0.0000	0.0244	1.0000	Asparagine synthase
Acetyltransf_7	0.9554	0.0000	0.0245	0.9167	Acetyltransferase (GNAT) domain
NAPRTase_N	0.9547	0.0000	0.0135	0.9167	Nicotinate phosphoribosyltransferase (NAPRTase) N-terminal domain
Sec10_N	0.9535	0.0000	0.0244	0.9167	Exocyst complex component Sec10, N-terminal
CNOT11	0.9533	0.0000	0.0168	0.9167	CCR4-NOT transcription complex subunit 11
TFIIF_beta	0.9533	0.0000	0.0168	0.9167	TFIIF, beta subunit HTH domain
ATG5_HBR	0.9533	0.0000	0.0168	0.9167	Autophagy protein ATG5, alpha-helical bundle region
SNAPC1	0.9530	0.0000	0.0259	0.9167	Small nuclear RNA activating complex (SNAPc), subunit 1
DUF455	0.9529	0.0000	0.0521	0.1667	Protein of unknown function (DUF455)
DUF4246	0.9529	0.0000	0.0521	0.1667	Protein of unknown function (DUF4246)
Ribosomal_S6e	0.9520	0.0000	0.0082	0.9167	Ribosomal protein S6e
NifU_N	0.9520	0.0000	0.0082	0.9167	NifU-like N terminal domain
DUF229	0.9518	0.0000	0.0396	0.6667	Protein of unknown function (DUF229)
Stealth_CR3	0.9518	0.0000	0.0082	0.9167	Stealth protein CR3, conserved region 3
PF1765-like	0.9502	0.0000	0.0079	0.9167	PF1765 protein family
zf-CCHC_2	0.9502	0.0000	0.0079	0.9167	Zinc knuckle
Endonuclease_5	0.9501	0.0000	0.0079	0.9167	Endonuclease V
SBDS_domain_II	0.9501	0.0000	0.0079	0.9167	SBDS protein, domain II
RRP7	0.9492	0.0000	0.0285	0.9167	Ribosomal RNA-processing protein 7 (RRP7) C-terminal domain
Tsr1_G-like	0.9492	0.0000	0.0285	0.9167	Tsr1, G-like domain
zf-Nse	0.9492	0.0000	0.0285	0.9167	Zinc-finger of the MIZ type in Nse subunit
Ank_3	0.9486	0.0000	0.0213	0.8333	Ankyrin repeat
PTCB-BRCT	0.9484	0.0000	0.0231	0.9167	twin BRCT domain
DUF1295	0.9483	0.0000	0.0121	0.7500	Protein of unknown function (DUF1295)
HVSL	0.9481	0.0000	0.0322	0.9167	Uncharacterised conserved protein
NAD_kinase_C	0.9481	0.0000	0.0322	0.9167	ATP-NAD kinase C-terminal domain
Rrp44_S1	0.9477	0.0000	0.0229	0.8333	S1 domain
CPL	0.9477	0.0000	0.0229	0.8333	CPL (NUC119) domain
WD40_Gbeta	0.9477	0.0000	0.0229	0.8333	G protein beta WD-40 repeat protein
RPAP1_C	0.9477	0.0000	0.0229	0.8333	RPAP1-like, C-terminal
TCR	0.9477	0.0000	0.0229	0.8333	Tesmin/TSO1-like CXC domain, cysteine-rich domain
CCDC22_N	0.9475	0.0000	0.0215	0.8333	CCDC22 protein N-terminal domain
zf-CCHH	0.9472	0.0000	0.0101	0.9167	PBZ domain
DDX23	0.9471	0.0000	0.0329	0.8333	DDX23-like domain
HTH_CHD1_Hrp3	0.9471	0.0000	0.0329	0.8333	ATP-dependent helicase CHD1-2/hrp3 HTH domain
Ada3	0.9467	0.0000	0.0234	0.7500	Histone acetyltransferases subunit 3
TPR_WDR11	0.9456	0.0000	0.0830	0.6667	WDR11 TPR domain
GST_N_4	0.9455	0.0000	0.0146	0.6667	Glutathione S-transferase N-terminal domain
RRM_2	0.9455	0.0000	0.1246	0.6667	RNA recognition motif 2
ING	0.9455	0.0000	0.0963	0.6667	Inhibitor of growth proteins N-terminal histone-binding
SPT2	0.9454	0.0000	0.0976	0.6667	SPT2 chromatin protein
KxDL	0.9454	0.0000	0.0976	0.6667	Uncharacterized conserved protein
Ribosomal_L20	0.9454	0.0000	0.0976	0.6667	Ribosomal protein L20
WHD_CHMP7_1st	0.9454	0.0000	0.0976	0.6667	CHMP7 N-terminal winged helix domain
GFO_IDH_MocA_C	0.9454	0.0000	0.0976	0.6667	Oxidoreductase family, C-terminal alpha/beta domain
LUC7	0.9454	0.0000	0.0976	0.6667	LUC7 N_terminus
Bin3	0.9454	0.0000	0.0976	0.6667	Bicoid-interacting protein 3 (Bin3)
Vma22_CCDC115	0.9454	0.0000	0.0976	0.6667	Vma22/CCDC115
PDDEXK_1	0.9454	0.0000	0.0982	0.6667	PD-(D/E)XK nuclease superfamily
Acetyltransf_CG	0.9454	0.0000	0.0982	0.6667	GCN5-related N-acetyl-transferase
Ribosomal_L34e	0.9451	0.0000	0.0363	0.8333	Ribosomal protein L34e
Zn_Ribbon_TF	0.9450	0.0000	0.0291	0.7500	TFIIB zinc-binding
DUF4476	0.9445	0.0000	0.0931	0.5833	Domain of unknown function (DUF4476)
zf-DNA_Pol	0.9445	0.0000	0.0974	0.7500	DNA Polymerase alpha zinc finger
INTS5_C	0.9445	0.0000	0.0974	0.7500	Integrator complex subunit 5 C-terminus
Beta-prop_ELP1_1st	0.9445	0.0000	0.0974	0.7500	ELP1 first N-terminal beta-propeller
TPR_ELP1	0.9445	0.0000	0.0974	0.7500	ELP1 TPR domain
TPR_PATROL1	0.9445	0.0000	0.0974	0.7500	PATROL1-like, TPR repeats
HB_ELP1	0.9445	0.0000	0.0974	0.7500	ELP1 three-helix bundle
STL11_N	0.9444	0.0000	0.0181	0.9167	STL11, N-terminal
TAF10	0.9443	0.0000	0.0226	0.6667	Transcription initiation factor TFIID 23-30kDa subunit
DDB_G0273449	0.9443	0.0000	0.0181	0.8333	Uncharacterised protein DDB_G0273449
GPHR_N	0.9434	0.0000	0.0076	0.9167	The Golgi pH Regulator (GPHR) Family N-terminal
Cdc6-ORC-like_ATPase_lid	0.9433	0.0000	0.0930	0.5833	Cdc6/ORC-like, ATPase lid domain
Metalloenzyme	0.9433	0.0000	0.0082	0.8333	Metalloenzyme superfamily
PADR1_N	0.9429	0.0000	0.0318	0.9167	PADR1, N-terminal helical domain
POP1_C	0.9429	0.0000	0.0318	0.9167	POP1 C-terminal domain
B-block_TFIIIC	0.9429	0.0000	0.0318	0.9167	B-block binding subunit of TFIIIC
DUF1604	0.9429	0.0000	0.0318	0.9167	G patch domain-containing protein, N-terminal
DUF1681	0.9424	0.0000	0.0267	1.0000	Protein of unknown function (DUF1681)
PIG-U	0.9424	0.0000	0.0267	1.0000	GPI transamidase subunit PIG-U
SDE2	0.9424	0.0000	0.0267	1.0000	Splicing regulator SDE2, SDE2 domain
Ig_TMEM131_2	0.9422	0.0000	0.0966	0.6667	Transmembrane protein 131 second Ig-like domain
DP	0.9422	0.0000	0.0966	0.6667	Transcription factor DP
Proteasom_PSMB	0.9422	0.0000	0.0966	0.6667	Proteasome non-ATPase 26S subunit
Fuz_longin_3	0.9422	0.0000	0.0966	0.6667	Third Longin domain of FUZ, MON1 and HPS1
CENP-T_C	0.9418	0.0000	0.0283	0.9167	Centromere kinetochore component CENP-T histone fold
SRP9-21	0.9407	0.0000	0.0951	0.5833	Signal recognition particle 9 kDa protein (SRP9)
HAT_PRP39_N	0.9405	0.0000	0.0423	0.6667	PRP39 N-terminal HAT repeat
Nrap_D6	0.9392	0.0000	0.0328	0.9167	Nrap protein domain 6
HEAT_PSME4_mid	0.9386	0.0000	0.0246	0.7500	Proteasome activator complex subunit 4, mid HEAT repeats region
Tubulin_3	0.9384	0.0000	0.1109	0.7500	Tubulin domain
APG12	0.9384	0.0000	0.1109	0.7500	Ubiquitin-like autophagy protein Apg12
RPAP2_Rtr1	0.9384	0.0000	0.1109	0.7500	Rtr1/RPAP2 family
NmrA	0.9384	0.0000	0.1109	0.7500	NmrA-like family
Pantoate_ligase	0.9384	0.0000	0.1109	0.7500	Pantoate-beta-alanine ligase
Methyltransf_3	0.9383	0.0000	0.1109	0.7500	O-methyltransferase
Fer4_8	0.9383	0.0000	0.0320	0.7500	4Fe-4S dicluster domain
5_3_exonuc_N	0.9379	0.0000	0.0098	0.7500	5'-3' exonuclease, N-terminal resolvase-like domain
5_3_exonuc	0.9379	0.0000	0.0098	0.7500	5'-3' exonuclease, C-terminal SAM fold
ATP-synt_DE_N	0.9379	0.0000	0.0098	0.7500	ATP synthase, Delta/Epsilon chain, beta-sandwich domain
tRNA_Me_trans	0.9376	0.0000	0.0098	0.7500	tRNA methyl transferase HUP domain
CutC	0.9370	0.0000	0.0252	0.6667	CutC family
BCAS2	0.9363	0.0000	0.0929	0.7500	Breast carcinoma amplified sequence 2 (BCAS2)
TAF4	0.9363	0.0000	0.0929	0.7500	Transcription initiation factor TFIID component TAF4 family
GH116_catalytic	0.9363	0.0000	0.0929	0.7500	Glycosyl-hydrolase family 116, catalytic region
Foie-gras_1	0.9363	0.0000	0.0929	0.7500	Foie gras liver health family 1
ELP6	0.9363	0.0000	0.0929	0.7500	Elongation complex protein 6
zf-UBR_1	0.9363	0.0000	0.0929	0.7500	UBR box
Glyco_hydr_116N	0.9363	0.0000	0.0929	0.7500	beta-glucosidase 2, glycosyl-hydrolase family 116 N-term
Itfg2	0.9363	0.0000	0.0929	0.6667	Integrin-alpha FG-GAP repeat-containing protein 2
COG7	0.9358	0.0000	0.0256	0.7500	Golgi complex component 7 (COG7)
Urocanase_C	0.9358	0.0000	0.0256	0.7500	Urocanase C-terminal domain
CCDC93_N	0.9358	0.0000	0.0233	0.9167	CCDC93 protein N-terminal domain
CCDC93_CC	0.9358	0.0000	0.0233	0.9167	CCDC93 coiled-coil domain
AcetylCoA_hydro	0.9358	0.0000	0.0472	0.6667	Acetyl-CoA hydrolase/transferase N-terminal domain
Mdm34_N	0.9358	0.0000	0.0472	0.6667	Mdm34, N-terminal domain
Pam16	0.9358	0.0000	0.0472	0.6667	Pam16
Mgm101p	0.9358	0.0000	0.0472	0.6667	Mitochondrial genome maintenance MGM101
AAA_25	0.9355	0.0000	0.0471	0.5833	AAA domain
Pirin	0.9351	0.0000	0.0278	0.7500	Pirin
Pirin_C	0.9351	0.0000	0.0278	0.7500	Pirin C-terminal cupin domain
RPN6_N	0.9348	0.0000	0.0096	0.9167	26S proteasome regulatory subunit RPN6 N-terminal domain
SDA1_HEAT	0.9348	0.0000	0.0096	0.9167	SDA1, HEAT repeat
Vps53_N	0.9348	0.0000	0.0096	0.9167	Vps53, N-terminal
SF3a60_Prp9_C	0.9348	0.0000	0.0096	0.9167	SF3a60/Prp9 C-terminal
VPS13_N	0.9348	0.0000	0.0096	0.9167	VPS13-like family N-terminal region
Gp_dh_C	0.9348	0.0000	0.0096	0.9167	Glyceraldehyde 3-phosphate dehydrogenase, C-terminal domain
Memo	0.9348	0.0000	0.0096	0.9167	Memo-like protein
NatA_aux_su	0.9348	0.0000	0.0096	0.9167	N-terminal acetyltransferase A, auxiliary subunit
TMEM208_SND2	0.9348	0.0000	0.0096	0.9167	SRP-independent targeting protein 2/TMEM208
CDC48_N	0.9348	0.0000	0.0096	0.9167	Cell division protein 48 (CDC48), N-terminal domain
RRP12_HEAT	0.9348	0.0000	0.0096	0.9167	Ribosomal RNA-processing protein 12, HEAT repeats
RNA_pol_Rpb1_7	0.9348	0.0000	0.0096	0.9167	RNA polymerase Rpb1, domain 7
eIF-3c_N	0.9348	0.0000	0.0096	0.9167	Eukaryotic translation initiation factor 3 subunit 8 N-terminus
Cornichon	0.9348	0.0000	0.0096	0.9167	Cornichon protein
NAD_synthase	0.9348	0.0000	0.0096	0.9167	NAD synthase
GCD14	0.9348	0.0000	0.0096	0.9167	tRNA methyltransferase complex GCD14 subunit
NPL	0.9348	0.0000	0.0096	0.9167	Nucleoplasmin-like domain
Fe_hyd_lg_C	0.9348	0.0000	0.0096	0.9167	Iron only hydrogenase large subunit, C-terminal domain
UPF0113	0.9348	0.0000	0.0096	0.9167	UPF0113 PUA domain
Pre-PUA	0.9348	0.0000	0.0096	0.9167	Pre-PUA-like domain
eIF-1a	0.9348	0.0000	0.0096	0.9167	Translation initiation factor 1A / IF-1
Rcd1	0.9348	0.0000	0.0096	0.9167	Cell differentiation family, Rcd1-like
Clp_N	0.9348	0.0000	0.0096	0.9167	Clp repeat (R) N-terminal domain
RtcB	0.9348	0.0000	0.0096	0.9167	tRNA-splicing ligase RtcB
CRM1_C	0.9348	0.0000	0.0096	0.9167	CRM1 C terminal
pre-PUA_NIP7	0.9348	0.0000	0.0096	0.9167	NIP7/UPF0113, pre-PUA domain
RNA_pol_Rpb1_6	0.9348	0.0000	0.0096	0.9167	RNA polymerase Rpb1, domain 6
Noc2	0.9348	0.0000	0.0096	0.9167	Noc2p family
DNA_primase_lrg_N	0.9348	0.0000	0.0096	0.9167	Eukaryotic and archaeal DNA primase, large subunit N-terminal domain
Gp_dh_N	0.9348	0.0000	0.0096	0.9167	Glyceraldehyde 3-phosphate dehydrogenase, NAD binding domain
DNA_primase_lrg	0.9348	0.0000	0.0096	0.9167	Eukaryotic and archaeal DNA primase, large subunit C-terminal domain
Utp13	0.9348	0.0000	0.0096	0.9167	Utp13 specific WD40 associated domain
OB_PRS7	0.9348	0.0000	0.0096	0.9167	26S proteasome regulatory subunit 7, OB domain
KH_PNO1_2nd	0.9348	0.0000	0.0096	0.9167	Eukaryotic type KH-domain (KH-domain type I)
Spt20_SEP	0.9347	0.0000	0.0924	0.6667	Spt20, SEP domain
RPC5	0.9346	0.0000	0.0096	0.8333	RPC5 protein
Vta1_C	0.9346	0.0000	0.0096	0.8333	Vta1 C-terminal domain
S1_RRP4	0.9346	0.0000	0.0096	0.9167	RRP4, S1 domain
Fip1	0.9346	0.0000	0.0096	0.9167	Fip1 motif
Nipped-B_C	0.9346	0.0000	0.0096	0.9167	Sister chromatid cohesion C-terminus
FPL	0.9346	0.0000	0.0096	0.9167	Uncharacterised conserved protein
Spt4	0.9346	0.0000	0.0096	0.9167	Spt4/RpoE2 zinc finger
Nop52	0.9346	0.0000	0.0096	0.9167	Nucleolar protein,Nop52
Beta-prop_WDR36-Utp21_2nd	0.9344	0.0000	0.0096	0.8333	WDR36/Utp21 second beta-propeller domain
Beta-prop_WDR36-Utp21_1st	0.9344	0.0000	0.0096	0.8333	WDR36/Utp21 first beta-propeller
Sep15_SelM	0.9340	0.0000	0.0278	0.9167	Sep15/SelM redox domain
TPP_enzyme_C	0.9340	0.0000	0.0146	1.0000	Thiamine pyrophosphate enzyme, C-terminal TPP binding domain
HTH_3	0.9340	0.0000	0.0146	1.0000	Helix-turn-helix
HSF_DNA-bind	0.9327	0.0000	0.0506	1.0000	HSF-type DNA-binding
Akirin	0.9327	0.0000	0.0506	1.0000	Akirin
ANKRD13_C	0.9327	0.0000	0.0506	1.0000	ANKRD13 C-terminal
CBM_48	0.9327	0.0000	0.0506	1.0000	Carbohydrate-binding module 48 (Isoamylase N-terminal domain)
Alpha-amylase_C	0.9327	0.0000	0.0506	1.0000	Alpha amylase, C-terminal all-beta domain
Pus10_N_euk	0.9327	0.0000	0.0506	1.0000	Eukaryotic Pus10, N-terminal
Phosphorylase	0.9327	0.0000	0.0506	1.0000	Carbohydrate phosphorylase
FCH	0.9327	0.0000	0.0506	1.0000	Fes/CIP4, and EFC/F-BAR homology domain
I_LWEQ	0.9327	0.0000	0.0506	1.0000	I/LWEQ domain
Erf4	0.9327	0.0000	0.0506	1.0000	Golgin subfamily A member 7/ERF4 family
RNase_Zc3h12a	0.9327	0.0000	0.0506	1.0000	Zc3h12a-like Ribonuclease NYN domain
LRR_CARMIL	0.9327	0.0000	0.0506	1.0000	CARMIL family, LRR domain
DG1062_N	0.9327	0.0000	0.0506	1.0000	DG1062 N-terminal domain
Peptidase_S74	0.9327	0.0000	0.0506	1.0000	Chaperone of endosialidase
Ndc80_HEC	0.9327	0.0000	0.0506	1.0000	HEC/Ndc80p family
CBM_20	0.9327	0.0000	0.0506	1.0000	Starch binding domain
Ig_NUP210_13th	0.9327	0.0000	0.0507	0.9167	NUP210 Ig-like domain 13
NTP_transf_7	0.9327	0.0000	0.0507	0.9167	Nucleotidyltransferase
DIRP	0.9324	0.0000	0.0922	0.6667	DIRP
Ribosomal_S10	0.9323	0.0000	0.0307	1.0000	Ribosomal protein S10p/S20e
EFP_N	0.9322	0.0000	0.0174	0.7500	Elongation factor P (EF-P) KOW-like domain
Nucleoporin_FG	0.9310	0.0000	0.0409	0.8333	Nucleoporin FG repeat region
F-box-like	0.9308	0.0000	0.0032	1.0000	F-box-like
MTR4_beta-barrel	0.9308	0.0000	0.0141	1.0000	Mtr4-like, beta-barrel domain
DSHCT	0.9308	0.0000	0.0141	1.0000	DSHCT (NUC185) domain
PNK3P	0.9306	0.0000	0.0097	1.0000	Polynucleotide kinase 3 phosphatase
TFIIE_alpha	0.9305	0.0000	0.0290	0.7500	TFIIE alpha subunit
DUF747	0.9302	0.0000	0.0033	0.9167	Eukaryotic membrane protein family
Sad1_UNC	0.9302	0.0000	0.0033	0.9167	Sad1 / UNC-like C-terminal
PARG_cat_N	0.9300	0.0000	0.0035	1.0000	Poly (ADP-ribose) glycohydrolase (PARG), helical domain
MTR4-like_stalk	0.9300	0.0000	0.0033	0.9167	Exosome RNA helicase MTR4-like, stalk
zf-MYST	0.9300	0.0000	0.0311	0.9167	MYST family zinc finger domain
Coatomer_b_Cpla	0.9298	0.0000	0.0054	1.0000	Coatomer beta subunit appendage platform
Coatamer_beta_C	0.9298	0.0000	0.0054	1.0000	Coatomer beta C-terminal region
ANAPC3	0.9298	0.0000	0.0035	1.0000	Anaphase-promoting complex, cyclosome, subunit 3
ArsA_ATPase	0.9293	0.0000	0.0037	1.0000	Anion-transporting ATPase
Sec5	0.9292	0.0000	0.0056	1.0000	Exocyst complex component Sec5
zf-PARP	0.9291	0.0000	0.0033	0.9167	Poly(ADP-ribose) polymerase and DNA-Ligase Zn-finger region
Pelota_N	0.9291	0.0000	0.0033	0.9167	Pelota N-terminal domain
R1_ABCA1	0.9291	0.0000	0.0142	0.6667	ABCA1-like, C-terminal R1 regulatory domain
Bax1-I	0.9288	0.0000	0.0043	0.9167	Inhibitor of apoptosis-promoting Bax1
PROPPIN	0.9285	0.0000	0.0039	1.0000	PROPPIN
Ribosomal_S30	0.9285	0.0000	0.0043	0.9167	Ribosomal protein S30
Glyco_transf_4	0.9285	0.0000	0.0040	1.0000	Glycosyltransferase Family 4
PEMT	0.9282	0.0000	0.0041	1.0000	Phospholipid methyltransferase
Q_salvage	0.9282	0.0000	0.0041	1.0000	Queuosine salvage protein
zf-Tim10_DDP	0.9280	0.0000	0.0038	0.7500	Tim10/DDP family zinc finger
HSCB_C	0.9280	0.0000	0.0381	0.7500	HSCB C-terminal oligomerisation domain
OGFr_N	0.9280	0.0000	0.0835	0.7500	Opioid growth factor receptor (OGFr) conserved region
Fn3-like	0.9279	0.0000	0.0153	1.0000	Fibronectin type III-like domain
Glyco_hydro_3	0.9279	0.0000	0.0153	1.0000	Glycosyl hydrolase family 3 N terminal domain
CKS	0.9278	0.0000	0.0042	0.9167	Cyclin-dependent kinase regulatory subunit
MRP-S28	0.9278	0.0000	0.0598	0.7500	Mitochondrial ribosomal subunit protein
Tyr_Deacylase	0.9276	0.0000	0.0032	1.0000	D-Tyr-tRNA(Tyr) deacylase
zf-HIT	0.9276	0.0000	0.0032	1.0000	HIT zinc finger
MutL_C	0.9276	0.0000	0.0032	1.0000	MutL C terminal dimerisation domain
PIF1	0.9276	0.0000	0.0032	1.0000	PIF1-like helicase
TRM13	0.9276	0.0000	0.0032	1.0000	Methyltransferase TRM13
Peptidase_C54	0.9276	0.0000	0.0032	1.0000	Peptidase C54 catalytic domain
Asp_protease	0.9276	0.0000	0.0032	1.0000	Aspartyl protease
UNC-50	0.9276	0.0000	0.0032	1.0000	UNC-50 family
PGI	0.9275	0.0000	0.0044	1.0000	Phosphoglucose isomerase
SecE	0.9275	0.0000	0.0158	0.8333	SecE/Sec61-gamma subunits of protein translocation complex
PRT6_C	0.9275	0.0000	0.0084	1.0000	Proteolysis_6 C-terminal
zf-UBR	0.9275	0.0000	0.0084	1.0000	Putative zinc finger in N-recognin (UBR box)
Diphthami_syn_2_C	0.9275	0.0000	0.0044	1.0000	Diphthamide synthase C-terminal domain
MCU	0.9275	0.0000	0.0037	0.7500	Mitochondrial calcium uniporter
BipA_C	0.9275	0.0000	0.0037	0.7500	TypA/BipA C-terminal domain
RCF1-5-like_lid	0.9274	0.0000	0.0044	1.0000	RCF1/5-like, AAA+ ATPase lid domain
dsrm	0.9274	0.0000	0.0040	0.7500	Double-stranded RNA binding motif
Gly_kinase	0.9270	0.0000	0.0045	1.0000	Glycerate kinase family
Diphthami_syn_2_N	0.9268	0.0000	0.0046	1.0000	Diphthamide synthase N-terminal domain
Saf4_Yju2	0.9268	0.0000	0.0046	1.0000	Saf4/Yju2 protein
RNA_pol_Rpa2_4	0.9268	0.0000	0.0046	1.0000	RNA polymerase I, Rpa2 specific domain
Myb_DNA-bind_7	0.9268	0.0000	0.0046	1.0000	Myb DNA-binding like
Rrp15p	0.9268	0.0000	0.0034	0.9167	Rrp15p
TPR_28	0.9267	0.0000	0.0046	1.0000	GBF1-like, tetratrico peptide repeat region
EMC6	0.9267	0.0000	0.0045	0.9167	EMC6
AdoHcyase_NAD	0.9267	0.0000	0.0045	0.9167	S-adenosyl-L-homocysteine hydrolase, NAD binding domain
AdoHcyase	0.9267	0.0000	0.0045	0.9167	S-adenosyl-L-homocysteine hydrolase
mRNA_cap_C	0.9267	0.0000	0.0045	0.9167	mRNA capping enzyme, C-terminal domain
DUF676	0.9267	0.0000	0.0045	0.9167	Putative serine esterase (DUF676)
DNA_pol3_delta2	0.9267	0.0000	0.0045	0.9167	DNA polymerase III, delta subunit
GPI2	0.9267	0.0000	0.0034	0.9167	Phosphatidylinositol N-acetylglucosaminyltransferase
Ribosomal_L37ae	0.9267	0.0000	0.0040	1.0000	Ribosomal L37ae protein family
PP4R3	0.9264	0.0000	0.0048	1.0000	Phosphatase 4 regulatory subunit 3
HMA	0.9263	0.0000	0.0039	0.7500	Heavy-metal-associated domain
PEP_mutase	0.9263	0.0000	0.0438	0.5833	Phosphoenolpyruvate phosphomutase
Orn_Arg_deC_N	0.9261	0.0000	0.0047	1.0000	Pyridoxal-dependent decarboxylase, pyridoxal binding domain
G-gamma	0.9261	0.0000	0.0247	0.7500	GGL domain
SAM_1	0.9261	0.0000	0.0041	0.7500	SAM domain (Sterile alpha motif)
Zn_ribbon_CSL	0.9260	0.0000	0.0040	0.7500	CSL zinc finger
Copine	0.9260	0.0000	0.0049	1.0000	Copine
Acetyltransf_13	0.9260	0.0000	0.0047	0.9167	ESCO1/2 acetyl-transferase
UBC_like	0.9260	0.0000	0.0047	0.9167	Ubiquitin conjugating domain-like
RNA_pol_Rpc4	0.9260	0.0000	0.0047	0.9167	RNA polymerase III RPC4
POPLD	0.9259	0.0000	0.0186	0.8333	POPLD (NUC188) domain
PKD_channel	0.9259	0.0000	0.0257	0.7500	Polycystin cation channel
GNAT_acetyltr_2	0.9258	0.0000	0.0102	0.8333	GNAT acetyltransferase 2
TmcA_N	0.9258	0.0000	0.0102	0.8333	tRNA(Met) cytidine acetyltransferase TmcA, N-terminal
Rer1	0.9258	0.0000	0.0102	0.8333	Rer1 family
tRNA_bind_2	0.9258	0.0000	0.0102	0.8333	Possible tRNA binding domain
NGP1NT	0.9258	0.0000	0.0102	0.8333	NGP1NT (NUC091) domain
EMC7_beta-sandw	0.9258	0.0000	0.0162	0.8333	ER membrane protein complex subunit 7, beta-sandwich domain
Thioredoxin_7	0.9258	0.0000	0.0256	0.6667	Thioredoxin-like
BTB	0.9257	0.0000	0.0049	1.0000	BTB/POZ domain
CID	0.9256	0.0000	0.0050	1.0000	CID domain
SRP40_C	0.9256	0.0000	0.0264	0.8333	SRP40, C-terminal domain
Mlh1_C	0.9256	0.0000	0.0162	0.8333	DNA mismatch repair protein Mlh1 C-terminus
Rad21_Rec8_N	0.9256	0.0000	0.0162	0.8333	N terminus of Rad21 / Rec8 like protein
Flavoprotein	0.9256	0.0000	0.0162	0.8333	Flavoprotein
COG2_N	0.9256	0.0000	0.0162	0.8333	COG2 N-terminal
PSF2_N	0.9256	0.0000	0.0162	0.8333	PSF2 N-terminal domain
AA_kinase	0.9255	0.0000	0.0050	0.9167	Amino acid kinase family
Urocanase	0.9255	0.0000	0.0313	0.7500	Urocanase Rossmann-like domain
BolA	0.9254	0.0000	0.0047	0.7500	BolA-like protein
DCTN5	0.9253	0.0000	0.0047	0.7500	Dynactin subunit 5
Ribosomal_L12	0.9251	0.0000	0.0037	0.7500	Ribosomal protein L7/L12 C-terminal domain
Evr1_Alr	0.9251	0.0000	0.0037	0.7500	Erv1 / Alr family
SelR	0.9251	0.0000	0.0057	0.8333	SelR domain
Fumble	0.9251	0.0000	0.0103	0.7500	Fumble
EF_TS	0.9251	0.0000	0.0049	0.7500	Elongation factor TS
Ketoacyl-synt_C	0.9251	0.0000	0.0049	0.7500	Beta-ketoacyl synthase, C-terminal domain
zf-DNL	0.9250	0.0000	0.0037	0.7500	DNL zinc finger
Piezo_cap	0.9249	0.0000	0.0025	0.9167	Piezo non-specific cation channel, cap domain
Piezo_THU9_anchor	0.9249	0.0000	0.0025	0.9167	Piezo, THU9 and anchor domain
GRIM-19	0.9248	0.0000	0.0067	0.7500	GRIM-19 protein
TNFAIP8	0.9248	0.0000	0.0475	0.9167	Tumor necrosis factor alpha-induced protein 8-like
AAA_22	0.9248	0.0000	0.0060	1.0000	AAA domain
Ig_NUP210_9th	0.9247	0.0000	0.0476	0.8333	NUP210, Ig-like domain 9
Nicastrin	0.9247	0.0000	0.0159	1.0000	Nicastrin large lobe
HAD_2	0.9246	0.0000	0.0186	0.4167	Haloacid dehalogenase-like hydrolase
NAD_Gly3P_dh_C	0.9245	0.0000	0.0159	0.1667	NAD-dependent glycerol-3-phosphate dehydrogenase C-terminus
ATG13	0.9244	0.0000	0.0936	0.7500	Autophagy-related protein 13
Intu_longin_3	0.9244	0.0000	0.0936	0.7500	Intu longin-like domain 3
ATG16	0.9244	0.0000	0.0936	0.7500	Autophagy protein 16 (ATG16)
ATG101	0.9244	0.0000	0.0936	0.7500	Autophagy-related protein 101
Ost5	0.9244	0.0000	0.0936	0.7500	Oligosaccharyltransferase subunit 5
XAP5	0.9244	0.0000	0.0936	0.7500	XAP5, circadian clock regulator C-terminal domain
RRM_Nup35	0.9244	0.0000	0.0936	0.7500	Nup53/35/40-type RNA recognition motif
BORCS7	0.9244	0.0000	0.0936	0.7500	BLOC-1-related complex sub-unit 7
GYF	0.9244	0.0000	0.0936	0.7500	GYF domain
INTS2	0.9244	0.0000	0.0936	0.7500	Integrator complex subunit 2
SPRING1	0.9244	0.0000	0.0936	0.7500	SREBP regulating gene protein
DDB_G0286829	0.9244	0.0000	0.0936	0.7500	Uncharacterised protein DDB_G0286829
DSS1_SEM1	0.9244	0.0000	0.0936	0.7500	DSS1/SEM1 family
HABP4_PAI-RBP1	0.9244	0.0000	0.0936	0.7500	Hyaluronan / mRNA binding family
AAR2	0.9244	0.0000	0.0936	0.7500	AAR2 C-terminal repeat region
Myb_Cef	0.9244	0.0000	0.0936	0.7500	pre-mRNA splicing factor component
Ap4A_phos_N	0.9244	0.0000	0.0936	0.7500	Ap4A phosphorylase N-terminal domain
AASDHPPT_N	0.9244	0.0000	0.0936	0.7500	4'-phosphopantetheinyl transferase, N-terminal
CIA30	0.9244	0.0000	0.0936	0.7500	Complex I intermediate-associated protein 30 (CIA30)
ATP_transf	0.9244	0.0000	0.0936	0.7500	ATP adenylyltransferase C-terminal domain
CTNNBL	0.9244	0.0000	0.0936	0.7500	Catenin-beta-like, Arm-motif containing nuclear
Med22	0.9244	0.0000	0.0936	0.7500	Surfeit locus protein 5 subunit 22 of Mediator complex
Rrn7_cyclin_N	0.9244	0.0000	0.0936	0.7500	Rrn7/TAF1B, N-terminal cyclin domain
NOMO1-like_9th	0.9244	0.0000	0.0936	0.7500	BOS complex subunit NOMO1-like, beta sandwich domain
UCR_14kD	0.9244	0.0000	0.0051	0.7500	Ubiquinol-cytochrome C reductase complex 14kD subunit
Mu_AP3	0.9243	0.0000	0.0936	0.6667	AP3 Mu C-terminal domain
KN17_SH3	0.9243	0.0000	0.0936	0.6667	KN17 SH3-like domain
tRNA_int_end_N2	0.9243	0.0000	0.0936	0.6667	tRNA-splicing endonuclease subunit sen54 N-term
MMADHC	0.9243	0.0000	0.0950	0.6667	Methylmalonic aciduria and homocystinuria type D protein
zf-NOSIP	0.9243	0.0000	0.0950	0.6667	Zinc-finger of nitric oxide synthase-interacting protein
Cupin_2	0.9243	0.0000	0.0197	0.5000	Cupin domain
F5_F8_type_C	0.9243	0.0000	0.0403	0.8333	F5/8 type C domain
Porin_3	0.9242	0.0000	0.0061	0.9167	Eukaryotic porin
PheRS_DBD3	0.9241	0.0000	0.0213	1.0000	PheRS DNA binding domain 3
GAF	0.9241	0.0000	0.0039	0.6667	GAF domain
Methyltrans_RNA	0.9240	0.0000	0.0632	0.5000	RNA methyltransferase domain
DUF1751	0.9240	0.0000	0.0047	0.7500	Eukaryotic integral membrane protein (DUF1751)
VWA_3	0.9240	0.0000	0.0032	1.0000	von Willebrand factor type A domain
ELFV_dehydrog_N	0.9239	0.0000	0.0054	0.7500	Glu/Leu/Phe/Val dehydrogenase, dimerisation domain
PMI_typeI_hel	0.9236	0.0000	0.0049	0.7500	Phosphomannose isomerase type I, helical insertion domain
MTHFR	0.9236	0.0000	0.0049	0.7500	Methylenetetrahydrofolate reductase
Aldolase_II	0.9236	0.0000	0.0049	0.7500	Class II Aldolase and Adducin N-terminal domain
FTHFS	0.9236	0.0000	0.0049	0.7500	Formate--tetrahydrofolate ligase
WBS_methylT	0.9236	0.0000	0.0043	0.9167	Methyltransferase involved in Williams-Beuren syndrome
Pcc1	0.9234	0.0000	0.0033	0.7500	Transcription factor Pcc1
Ins134_P3_kin	0.9233	0.0000	0.0298	1.0000	Inositol 1,3,4-trisphosphate 5/6-kinase ATP-grasp domain
PIG-X	0.9233	0.0000	0.0298	1.0000	PIG-X / PBN1
MYCBP_helical	0.9233	0.0000	0.0050	0.7500	c-Myc-binding protein
Erv26	0.9233	0.0000	0.0027	0.9167	Transmembrane adaptor Erv26
Pif1_2B_dom	0.9233	0.0000	0.0027	0.9167	DNA helicase Pif1, 2B domain
SGS	0.9233	0.0000	0.0027	0.9167	SGS domain
EamA	0.9231	0.0000	0.0061	1.0000	EamA-like transporter family
BCD1	0.9230	0.0000	0.0039	0.7500	BCD1 domain
PPI_Ypi1	0.9230	0.0000	0.0039	0.7500	Protein phosphatase inhibitor
FBPase	0.9230	0.0000	0.0039	0.7500	Fructose-1-6-bisphosphatase, N-terminal domain
COG6_C	0.9230	0.0000	0.0039	0.7500	Conserved Oligomeric Golgi complex subunit 6, C-terminal
LCM	0.9230	0.0000	0.0039	0.7500	Leucine carboxyl methyltransferase
NSUN5_N	0.9230	0.0000	0.0039	0.7500	NOL1/NOP2/Sun domain family member 5, N-terminal domain
DUF423	0.9230	0.0000	0.0039	0.7500	Protein of unknown function (DUF423)
AMPK1_CBM	0.9230	0.0000	0.0039	0.7500	Glycogen recognition site of AMP-activated protein kinase
Vps23_core	0.9230	0.0000	0.0039	0.7500	Vps23 core domain
FBPase_C	0.9230	0.0000	0.0039	0.7500	Fructose-1-6-bisphosphatase, C-terminal domain
PAPS_reduct	0.9230	0.0000	0.0039	0.7500	Phosphoadenosine phosphosulfate reductase domain
Pex16	0.9230	0.0000	0.0039	0.7500	Peroxisomal membrane protein (Pex16)
UPRTase	0.9230	0.0000	0.0039	0.7500	Uracil phosphoribosyltransferase
B12-binding	0.9230	0.0000	0.0062	0.7500	B12 binding domain
MM_CoA_mutase	0.9230	0.0000	0.0062	0.7500	Methylmalonyl-CoA mutase
BSD	0.9229	0.0000	0.0052	0.7500	BSD domain
UFC1	0.9229	0.0000	0.0052	0.7500	Ubiquitin-fold modifier-conjugating enzyme 1
GMP_synt_C	0.9229	0.0000	0.0052	0.7500	GMP synthase C terminal domain
Nkap_C	0.9229	0.0000	0.0052	0.7500	NF-kappa-B-activating protein C-terminal domain
Lipid_desat	0.9229	0.0000	0.0052	0.7500	Lipid desaturase domain
HROB	0.9229	0.0000	0.0052	0.7500	Homologous recombination OB-fold protein
TAL_FSA	0.9229	0.0000	0.0052	0.7500	Transaldolase/Fructose-6-phosphate aldolase
ChaC	0.9229	0.0000	0.0052	0.7500	ChaC-like protein
FeS_assembly_P	0.9229	0.0000	0.0052	0.7500	Iron-sulfur cluster assembly protein
PUA_elF2D	0.9229	0.0000	0.0052	0.7500	elF2D, PUA domain
DnaJ-like_C11_C	0.9229	0.0000	0.0052	0.7500	DnaJ-like protein C11, C-terminal
bVLRF1	0.9229	0.0000	0.0052	0.7500	Bacteroidetes VLRF1 release factor
DFRP_C	0.9229	0.0000	0.0052	0.7500	DRG Family Regulatory Proteins, Tma46
ERG2_Sigma1R	0.9229	0.0000	0.0052	0.7500	ERG2 and Sigma1 receptor like protein
UPF0172	0.9229	0.0000	0.0052	0.7500	Uncharacterised protein family (UPF0172)
Dor1	0.9229	0.0000	0.0039	0.7500	Dor1-like family
AMPKBI	0.9228	0.0000	0.0040	0.7500	5'-AMP-activated protein kinase beta subunit, interaction domain
CAP_N	0.9226	0.0000	0.0065	1.0000	CAP, N-terminal domain
Na_Ca_ex	0.9226	0.0000	0.0047	0.9167	Sodium/calcium exchanger protein
Rotamase	0.9225	0.0000	0.0034	1.0000	PPIC-type PPIASE domain
Utp12	0.9224	0.0000	0.0063	1.0000	Dip2/Utp12 Family
DDE_Tnp_4	0.9224	0.0000	0.0280	0.8333	DDE superfamily endonuclease
NMO	0.9223	0.0000	0.0054	0.6667	Nitronate monooxygenase
YqgF	0.9222	0.0000	0.0054	0.7500	Holliday-junction resolvase-like of SPT6
RSN1_7TM	0.9222	0.0000	0.0054	0.7500	Calcium-dependent channel, 7TM region, putative phosphate
CPSase_L_D3	0.9222	0.0000	0.0054	0.7500	Carbamoyl-phosphate synthetase large chain, oligomerisation domain
CPSase_L_D1	0.9222	0.0000	0.0054	0.7500	Carbamoyl phosphate synthase preATP-grasp domain
CPSase_sm_chain	0.9222	0.0000	0.0054	0.7500	Carbamoyl-phosphate synthase small chain, CPSase domain
RTT107_BRCT_5	0.9220	0.0000	0.0044	0.7500	Regulator of Ty1 transposition protein 107 BRCT domain
LRR_14	0.9220	0.0000	0.0064	1.0000	Leucine-rich repeat region
Beta-lactamase	0.9220	0.0000	0.0058	0.8333	Beta-lactamase
SGL	0.9218	0.0000	0.0055	0.7500	SMP-30/Gluconolactonase/LRE-like region
Mon2_C	0.9218	0.0000	0.0055	0.7500	C-terminal region of Mon2 protein
Tcf25	0.9218	0.0000	0.0055	0.7500	Transcriptional repressor TCF25
TIG	0.9218	0.0000	0.0062	1.0000	IPT/TIG domain
Ribosomal_S27e	0.9218	0.0000	0.0042	0.9167	Ribosomal protein S27
SERF-like_N	0.9216	0.0000	0.0051	0.8333	Small EDRK-rich factor 1/2-like, N-terminal
ACPS	0.9215	0.0000	0.0056	0.9167	4'-phosphopantetheinyl transferase superfamily
Ribosomal_L29e	0.9214	0.0000	0.0044	0.8333	Ribosomal L29e protein family
RasGEF_N_2	0.9213	0.0000	0.0036	0.8333	Rapamycin-insensitive companion of mTOR RasGEF_N domain
NOMO1-like_2nd	0.9212	0.0000	0.0938	0.5000	BOS complex subunit NOMO1-like, second beta sandwich domain
BCAS3_WD40	0.9211	0.0000	0.0066	1.0000	BCAS3, WD40 repeat
Pkinase_C	0.9211	0.0000	0.0067	1.0000	Protein kinase C terminal domain
ECM10	0.9210	0.0000	0.0025	0.7500	ER membrane protein complex subunit 10
Glucokinase	0.9207	0.0000	0.0059	0.7500	Glucokinase
Pterin_bind	0.9207	0.0000	0.0064	0.7500	Pterin binding enzyme
Met_synt_B12	0.9207	0.0000	0.0064	0.7500	Vitamin B12 dependent methionine synthase, activation domain
B12-binding_2	0.9207	0.0000	0.0064	0.7500	B12 binding domain
DUF525	0.9207	0.0000	0.0217	0.6667	ApaG domain
FG-GAP_3	0.9206	0.0000	0.0126	0.9167	FG-GAP-like repeat
Vac14_Fab1_bd	0.9200	0.0000	0.0062	0.7500	Vacuolar 14 Fab1-binding region
Omp85	0.9200	0.0000	0.0027	0.8333	Omp85 superfamily domain
TSEN34_N	0.9199	0.0000	0.0928	0.6667	TSEN34-like, N-terminal domain
COBRA1	0.9199	0.0000	0.0928	0.6667	Cofactor of BRCA1 (COBRA1)
FANCL_d2	0.9199	0.0000	0.0928	0.6667	FANCL UBC-like domain 2
UbiB_helical	0.9198	0.0000	0.0339	0.7500	UbiB helical domain
YL1	0.9197	0.0000	0.0052	0.6667	YL1 nuclear protein
UCH_1	0.9193	0.0000	0.0052	0.7500	Ubiquitin carboxyl-terminal hydrolase
TBCA	0.9193	0.0000	0.0052	0.7500	Tubulin binding cofactor A
HMG_CoA_synt_C	0.9191	0.0000	0.0445	0.7500	Hydroxymethylglutaryl-coenzyme A synthase C terminal
GatB_Yqey	0.9190	0.0000	0.0508	0.6667	GatB domain
AIF_C	0.9190	0.0000	0.0508	0.6667	Apoptosis-inducing factor, mitochondrion-associated, C-term
GatB_N	0.9190	0.0000	0.0508	0.6667	GatB/GatE catalytic domain
Ribosomal_L28	0.9190	0.0000	0.0508	0.6667	Ribosomal L28 family
Pet127	0.9190	0.0000	0.0508	0.6667	Mitochondrial protein Pet127
Sey1_3HB	0.9190	0.0000	0.0035	1.0000	Sey1 three-helix bundle domain
UCH_C	0.9187	0.0000	0.0020	0.9167	Ubiquitin carboxyl-terminal hydrolases
Redoxin	0.9183	0.0000	0.0333	0.7500	Redoxin
2-Hacid_dh	0.9182	0.0000	0.0078	1.0000	D-isomer specific 2-hydroxyacid dehydrogenase, catalytic domain
PB1	0.9174	0.0000	0.0162	1.0000	PB1 domain
ARM_TBCD	0.9171	0.0000	0.0024	0.6667	Tubulin-specific chaperone D-like, ARM repeat
CGI-121	0.9168	0.0000	0.0429	0.7500	Kinase binding protein CGI-121
Syndetin_C	0.9167	0.0000	0.0823	0.7500	Syndetin, C-terminal
Syntaxin_2	0.9167	0.0000	0.0381	0.7500	Syntaxin-like protein
PBP	0.9164	0.0000	0.0458	0.6667	Phosphatidylethanolamine-binding protein
Sdh5	0.9163	0.0000	0.0040	0.7500	Flavinator of succinate dehydrogenase
Rieske_4	0.9163	0.0000	0.0163	0.1667	Soluble Rieske-type ferredoxin
ARMT1-like_dom	0.9163	0.0000	0.0163	0.1667	Damage-control phosphatase ARMT1-like domain
Beta-prop_ATRN-LZTR1	0.9157	0.0000	0.0043	0.9167	Attractin/LZTR1 beta-propeller
SIP1	0.9155	0.0000	0.0138	1.0000	Survival motor neuron (SMN) interacting protein 1 (SIP1)
MTS	0.9154	0.0000	0.0030	0.8333	Methyltransferase small domain
Methyltransf_12	0.9150	0.0000	0.0093	1.0000	Methyltransferase domain
OCRL-like_ASH	0.9149	0.0000	0.0185	1.0000	Inositol polyphosphate 5-phosphatase OCRL-like, ASH domain
Ribosomal_uL15_N	0.9149	0.0000	0.0598	0.7500	Ribosomal protein uL15, N-terminal region
tRNA_Me_trans_M	0.9149	0.0000	0.0598	0.7500	tRNA methyl transferase PRC-barrel domain
BLTP3A_B	0.9149	0.0000	0.0598	0.7500	Bridge-like lipid transfer protein family member 3A/B
Nup84_Nup100	0.9149	0.0000	0.0304	0.7500	Nuclear pore protein 84 / 107
GatC	0.9148	0.0000	0.0598	0.6667	Glu-tRNAGln amidotransferase C subunit
zf-C2HC5	0.9143	0.0000	0.0335	0.9167	Putative zinc finger motif, C2HC5-type
Ig_TRAPPC11_2nd	0.9143	0.0000	0.0392	0.9167	TRAPPC11 second Ig-like domain
SSrecog	0.9142	0.0000	0.0652	0.9167	Structure-specific recognition protein (SSRP1)
Ltn1_1st	0.9141	0.0000	0.0127	0.9167	E3 ubiquitin-protein ligase listerin, N-terminal domain
Toprim_2	0.9140	0.0000	0.0511	0.6667	Toprim-like
Romo1	0.9140	0.0000	0.0511	0.6667	Reactive mitochondrial oxygen species modulator 1
LisH	0.9140	0.0000	0.0095	0.9167	LisH
WHD_TBPIP	0.9137	0.0000	0.0069	0.7500	TBPIP/Hop2 winged helix domain
Rav1p_C	0.9128	0.0000	0.0035	1.0000	RAVE protein 1 C terminal
UBA_ARI1	0.9125	0.0000	0.0438	0.9167	E3 ubiquitin-protein ligase ARIH1, UBA-like domain
RICTOR_M	0.9123	0.0000	0.0037	0.6667	Rapamycin-insensitive companion of mTOR, middle domain
DUF5600	0.9118	0.0000	0.0134	0.9167	Domain of unknown function (DUF5600)
MTHFR_C	0.9115	0.0000	0.0399	0.7500	MTHFR, SAM-binding regulatory domain
Asp	0.9115	0.0000	0.0399	0.7500	Eukaryotic aspartyl protease
Asparaginase_2	0.9115	0.0000	0.0399	0.7500	Asparaginase
EI24	0.9106	0.0000	0.0390	0.6667	Sulfate transporter CysZ/Etoposide-induced protein 2.4
Slo-like_RCK	0.9096	0.0000	0.0197	0.7500	Calcium-activated potassium channel slowpoke-like RCK domain
Suv3_C_1	0.9096	0.0000	0.0712	0.5833	Suv3 C-terminal domain 1
PreP_C	0.9091	0.0000	0.0000	1.0000	PreP C-terminal domain
Ferric_reduct	0.9091	0.0000	0.0000	1.0000	Ferric reductase like transmembrane component
Ribosomal_S17e	0.9091	0.0000	0.0000	1.0000	Ribosomal S17
NDUF_B7	0.9091	0.0000	0.0000	0.7500	NADH-ubiquinone oxidoreductase B18 subunit (NDUFB7)
Mpv17_PMP22	0.9091	0.0000	0.0000	0.7500	Mpv17 / PMP22 family
Cytochrom_C	0.9091	0.0000	0.0000	0.7500	Cytochrome c
B3_4	0.9091	0.0000	0.0000	1.0000	B3/4 domain
zf-CCHC_3	0.9091	0.0000	0.0000	1.0000	Zinc knuckle
DUF1674	0.9091	0.0000	0.0073	0.7500	Protein of unknown function (DUF1674)
PI3K_C2	0.9091	0.0000	0.0000	1.0000	Phosphoinositide 3-kinase C2
ENTH	0.9091	0.0000	0.0000	1.0000	ENTH domain
Beta-prop_CAF1B_HIR1	0.9091	0.0000	0.0000	1.0000	CAF1B/HIR1 beta-propeller domain
TsaD	0.9091	0.0000	0.0000	1.0000	tRNA N6-adenosine threonylcarbamoyltransferase
PRP3	0.9091	0.0000	0.0000	0.9167	pre-mRNA processing factor 3 domain
F-box	0.9091	0.0000	0.0000	1.0000	F-box domain
PRK	0.9091	0.0000	0.0000	1.0000	Phosphoribulokinase / Uridine kinase family
Frag1	0.9091	0.0000	0.0000	1.0000	Frag1/DRAM/Sfk1/Cwh43P N-terminal domain
zf-U1	0.9091	0.0000	0.0000	0.9167	U1 zinc finger
DUF2039	0.9091	0.0000	0.0000	0.9167	Uncharacterized conserved protein (DUF2039)
Methyltransf_32	0.9091	0.0000	0.0000	1.0000	Methyltransferase domain
LMWPc	0.9091	0.0000	0.0046	1.0000	Low molecular weight phosphotyrosine protein phosphatase
Acetyltransf_3	0.9091	0.0000	0.0043	1.0000	Acetyltransferase (GNAT) domain
PAZ	0.9091	0.0000	0.0000	1.0000	PAZ domain
Sec10_HB	0.9091	0.0000	0.0000	1.0000	Exocyst complex component Sec10-like, alpha-helical bundle
Sedlin_N	0.9091	0.0000	0.0000	0.9167	Sedlin
SPX	0.9091	0.0000	0.0000	1.0000	SPX domain
RVT_1	0.9091	0.0000	0.0000	0.8333	Reverse transcriptase (RNA-dependent DNA polymerase)
SF3b10	0.9091	0.0000	0.0000	1.0000	Splicing factor 3B subunit 10 (SF3b10)
SH3_2	0.9091	0.0000	0.0000	1.0000	Variant SH3 domain
PHD	0.9091	0.0000	0.0000	1.0000	PHD-finger
CoA_trans	0.9091	0.0000	0.0050	0.7500	Coenzyme A transferase
Separin_C	0.9091	0.0000	0.0080	0.9167	Separin, protease domain
IBR_1	0.9091	0.0000	0.0000	1.0000	IBR domain
Chromo	0.9091	0.0000	0.0000	1.0000	Chromo (CHRromatin Organisation MOdifier) domain
PUF_NOP9	0.9091	0.0000	0.0000	0.9167	NOP9-like PUF repeat domain
PUL	0.9091	0.0000	0.0000	1.0000	PUL domain
PI3K_rbd	0.9091	0.0000	0.0000	1.0000	PI3-kinase family, ras-binding domain
Pro_CA	0.9091	0.0000	0.0000	1.0000	Carbonic anhydrase
Ist1	0.9091	0.0000	0.0058	1.0000	Regulator of Vps4 activity in the MVB pathway
NatB_MDM20	0.9091	0.0000	0.0052	0.9167	N-acetyltransferase B complex (NatB) non catalytic subunit
Zn_ribbon_NOB1	0.9091	0.0000	0.0058	1.0000	Nin one binding (NOB1) Zn-ribbon like
DPPIV_N	0.9091	0.0000	0.0000	0.7500	Dipeptidyl peptidase IV (DPP IV) N-terminal region
DHHA1	0.9091	0.0000	0.0000	0.7500	DHHA1 domain
ATP-cone	0.9091	0.0000	0.0000	0.8333	ATP cone domain
PMM	0.9091	0.0000	0.0058	1.0000	Eukaryotic phosphomannomutase
PTS_2-RNA	0.9091	0.0000	0.0000	1.0000	RNA 2'-phosphotransferase, Tpt1 / KptA family
Clathrin	0.9091	0.0000	0.0058	1.0000	Region in Clathrin and VPS
Sterile	0.9091	0.0000	0.0000	0.7500	Male sterility protein
PIN_6	0.9091	0.0000	0.0058	1.0000	PIN domain of ribonuclease
TPR_NAA35	0.9091	0.0000	0.0000	1.0000	NAA35-like, TPR repeats
Hikeshi-like_N	0.9091	0.0000	0.0000	0.7500	Hikeshi-like, N-terminal domain
TrkH	0.9091	0.0000	0.0000	1.0000	Cation transport protein
Clathrin_H_link	0.9091	0.0000	0.0000	1.0000	Clathrin-H-link
RPN2_C	0.9091	0.0000	0.0000	1.0000	26S proteasome regulatory subunit RPN2 C-terminal domain
Rubis-subs-bind	0.9091	0.0000	0.0000	0.7500	Rubisco LSMT substrate-binding
PFK	0.9091	0.0000	0.0058	1.0000	Phosphofructokinase
PGAP1	0.9091	0.0000	0.0000	0.7500	PGAP1-like alpha/beta domain
SAM_Ribosomal_mS41	0.9091	0.0000	0.0000	0.7500	Small ribosomal subunit protein mS41 SAM domain
RPN2_N	0.9091	0.0000	0.0058	1.0000	26S proteasome subunit RPN2, N-terminal domain
RNA_pol_N	0.9091	0.0000	0.0000	0.7500	RNA polymerases N / 8 kDa subunit
RICTOR_N	0.9091	0.0000	0.0000	0.8333	Rapamycin-insensitive companion of mTOR, N-term
TIP41	0.9091	0.0000	0.0000	0.7500	TIP41-like family
IPP-2	0.9091	0.0000	0.0041	0.7500	Protein phosphatase inhibitor 2 (IPP-2)
Afi1	0.9091	0.0000	0.0000	0.7500	Docking domain of Afi1 for Arf3 in vesicle trafficking
Robl_LC7	0.9091	0.0000	0.0041	0.7500	Roadblock/LC7 domain
TPR_Psidin_N	0.9091	0.0000	0.0000	0.8333	Psidin, N-terminal TPR repeats region
Meth_synt_1	0.9091	0.0000	0.0000	0.7500	Cobalamin-independent synthase, N-terminal domain
Meth_synt_2	0.9091	0.0000	0.0000	0.7500	Cobalamin-independent synthase, Catalytic domain
SF3A2	0.9091	0.0000	0.0000	0.9167	Pre-mRNA-splicing factor SF3a complex subunit 2 (Prp11)
GBBH-like_N	0.9091	0.0000	0.0000	0.5833	Gamma-butyrobetaine hydroxylase-like, N-terminal
RIH_assoc	0.9091	0.0000	0.0000	0.7500	RyR and IP3R Homology associated
Alpha_kinase	0.9091	0.0000	0.0000	1.0000	Alpha-kinase family
Ribosomal_S25	0.9091	0.0000	0.0324	0.9167	S25 ribosomal protein
PCMT	0.9091	0.0000	0.0000	0.6667	Protein-L-isoaspartate(D-aspartate) O-methyltransferase (PCMT)
Ribosomal_L44	0.9091	0.0000	0.0000	0.7500	Ribosomal protein L44
A_deamin	0.9091	0.0000	0.0000	0.9167	Adenosine-deaminase (editase) domain
Fer4	0.9091	0.0000	0.0000	0.9167	4Fe-4S binding domain
Telomerase_RBD	0.9091	0.0000	0.0000	0.6667	Telomerase ribonucleoprotein complex - RNA binding domain
PEX-1N	0.9091	0.0000	0.0000	0.6667	Peroxisome biogenesis factor 1, N-terminal
Hikeshi-like_C	0.9091	0.0000	0.0000	0.6667	Hikeshi-like, C-terminal domain
Smr	0.9091	0.0000	0.0000	0.8333	Smr domain
zf-TRAF	0.9091	0.0000	0.0000	0.7500	TRAF-type zinc finger
zf-U11-48K	0.9091	0.0000	0.0000	0.8333	U11-48K-like CHHC zinc finger
zinc_ribbon_16	0.9091	0.0000	0.0000	0.7500	Zinc-ribbon like family
NDUFA12	0.9091	0.0000	0.0000	0.7500	NADH ubiquinone oxidoreductase subunit NDUFA12
Glyco_hydro_47	0.9091	0.0000	0.0000	0.7500	Glycosyl hydrolase family 47
Nsp1_C	0.9091	0.0000	0.0000	0.7500	Nsp1-like C-terminal region
Urm1	0.9091	0.0000	0.0097	1.0000	Urm1 (Ubiquitin related modifier)
USP7_ICP0_bdg	0.9091	0.0000	0.0000	0.7500	ICP0-binding domain of Ubiquitin-specific protease 7
ALG11_N	0.9091	0.0000	0.0000	1.0000	ALG11 mannosyltransferase N-terminus
Trm112p	0.9091	0.0000	0.0000	1.0000	Trm112p-like protein
EF-hand_6	0.9091	0.0000	0.0000	1.0000	EF-hand domain
HAT_Syf1_CNRKL1_C	0.9091	0.0000	0.0000	1.0000	Pre-mRNA-splicing factor Syf1/CRNKL1 C-terminal HAT repeat
EF-hand_1	0.9091	0.0000	0.0000	1.0000	EF hand domain
Peptidase_M24_C	0.9091	0.0000	0.0000	0.9167	C-terminal region of peptidase_M24
UDP-g_GGTase	0.9091	0.0000	0.0000	0.7500	UDP-glucose:Glycoprotein Glucosyltransferase
HEAT_EZ	0.9091	0.0000	0.0000	0.7500	HEAT-like repeat
Thioredoxin_13	0.9091	0.0000	0.0000	0.8333	Thioredoxin-like domain
UAE_UbL	0.9091	0.0000	0.0000	0.6667	Ubiquitin/SUMO-activating enzyme ubiquitin-like domain
HHH	0.9091	0.0000	0.0000	0.9167	Helix-hairpin-helix motif
DUF2838	0.9091	0.0000	0.0000	1.0000	Protein of unknown function (DUF2838)
Ribosomal_S21e	0.9091	0.0000	0.0000	1.0000	Ribosomal protein S21e
Ribosomal_L30	0.9091	0.0000	0.0000	0.9167	Ribosomal protein L30p/L7e
FMO-like	0.9091	0.0000	0.0000	0.7500	Flavin-binding monooxygenase-like
ERp29	0.9091	0.0000	0.0000	0.9167	Endoplasmic reticulum protein ERp29, C-terminal domain
TRAPPC13_N	0.9091	0.0000	0.0000	0.7500	Trafficking protein particle complex subunit 13, N-terminal
C2_ITFG1	0.9091	0.0000	0.0000	0.8333	ITFG1, C2 domain
CBFD_NFYB_HMF	0.9091	0.0000	0.0000	1.0000	Histone-like transcription factor (CBF/NF-Y) and archaeal histone
RHD3_GTPase	0.9091	0.0000	0.0000	1.0000	Root hair defective 3 GTP-binding protein (RHD3) GTPase domain
RNase_H2_suC	0.9091	0.0000	0.0000	0.7500	Ribonuclease H2 non-catalytic subunit (Ylr154p-like)
LRR_FBXL15	0.9091	0.0000	0.0000	0.7500	F-box/LRR-repeat protein 15, leucine rich repeat domain
Thiolase_C	0.9091	0.0000	0.0000	0.7500	Thiolase, C-terminal domain
Thioredoxin_14	0.9091	0.0000	0.0000	0.9167	Thioredoxin-like domain
Ribosomal_L19e_C	0.9091	0.0000	0.0000	1.0000	Ribosomal protein L19e, C-terminal domain
Ribosomal_L19e	0.9091	0.0000	0.0000	0.9167	Ribosomal protein L19e, N-terminal domain
CoA_binding	0.9091	0.0000	0.0000	0.7500	CoA binding domain
Cmc1	0.9091	0.0000	0.0000	0.7500	Cytochrome c oxidase biogenesis protein Cmc1 like
WASH_WAHD	0.9091	0.0000	0.0000	0.9167	WAHD domain of WASH complex
WASH-4_N	0.9091	0.0000	0.0000	0.7500	WASH complex subunit 4, N-terminal
SKIP_SNW	0.9091	0.0000	0.0000	0.8333	SKIP/SNW domain
HSP33	0.9091	0.0000	0.0000	0.6667	Hsp33 protein
CactinC_cactus	0.9091	0.0000	0.0000	0.9167	Cactus-binding C-terminus of cactin protein
DBR1	0.9091	0.0000	0.0000	0.7500	Lariat debranching enzyme, C-terminal domain
CRAL_TRIO_N	0.9091	0.0000	0.0000	0.7500	CRAL/TRIO, N-terminal domain
COG4_N	0.9091	0.0000	0.0000	0.9167	Conserved oligomeric Golgi complex subunit 4, N-terminal
Creatinase_N	0.9091	0.0000	0.0000	0.9167	Creatinase/Prolidase N-terminal domain
ARPC4	0.9091	0.0000	0.0001	0.9167	ARP2/3 complex 20 kDa subunit (ARPC4)
AMP-binding_C_3	0.9091	0.0000	0.0000	0.9167	AMP-binding enzyme C-terminal domain
ANAPC8	0.9091	0.0000	0.0000	0.7500	Anaphase promoting complex subunit 8 / Cdc23
V-SNARE	0.9091	0.0000	0.0000	0.7500	Vesicle transport v-SNARE protein N-terminus
ALIX_LYPXL_bnd	0.9091	0.0000	0.0452	1.0000	ALIX V-shaped domain binding to HIV
P16-Arc	0.9091	0.0000	0.0000	1.0000	ARP2/3 complex 16 kDa subunit (p16-Arc)
Glyco_transf_24	0.9091	0.0000	0.0000	0.9167	Glucosyltransferase 24
Creatinase_N_2	0.9091	0.0000	0.0000	0.9167	Creatinase/Prolidase N-terminal domain
USP7_C2	0.9091	0.0000	0.0104	0.6667	Ubiquitin-specific protease C-terminal
Cpn10	0.9090	0.0000	0.0001	0.8333	Chaperonin 10 Kd subunit
Ribosomal_L38e	0.9090	0.0000	0.0001	0.8333	Ribosomal L38e protein family
Ribosomal_S28e	0.9090	0.0000	0.0001	0.7500	Ribosomal protein S28e
Ribosomal_L17	0.9090	0.0000	0.0001	0.6667	Ribosomal protein L17
MCM_bind	0.9090	0.0000	0.0001	0.9167	Mini-chromosome maintenance replisome factor
Beta-prop_VPS8	0.9090	0.0000	0.0001	0.8333	Vps8 beta-propeller
Rad1	0.9090	0.0000	0.0001	0.8333	Repair protein Rad1/Rec1/Rad17
Dopey_N	0.9090	0.0000	0.0001	0.9167	Dopey, N-terminal
zn-ribbon_14	0.9090	0.0000	0.0001	0.8333	Zinc-ribbon
ATG5_UblA	0.9090	0.0000	0.0001	0.9167	Autophagy protein ATG5, UblA domain
Flavokinase	0.9090	0.0000	0.0001	0.8333	Riboflavin kinase
Mo-co_dimer	0.9086	0.0000	0.0418	0.7500	Mo-co oxidoreductase dimerisation domain
Oxidored_molyb	0.9086	0.0000	0.0418	0.7500	Oxidoreductase molybdopterin binding domain
UPF1_Zn_bind	0.9078	0.0000	0.0137	1.0000	RNA helicase (UPF2 interacting domain)
PAS_9	0.9077	0.0000	0.0417	0.7500	PAS domain
MTP18	0.9077	0.0000	0.0292	0.1667	Mitochondrial 18 KDa protein (MTP18)
H_lectin	0.9076	0.0000	0.0684	0.9167	H-type lectin domain
FERM_f0	0.9076	0.0000	0.0684	0.9167	N-terminal or F0 domain of Talin-head FERM
Myosin_tail_1	0.9076	0.0000	0.0684	0.9167	Myosin tail
AIG1	0.9076	0.0000	0.0684	0.9167	AIG1 family
DNA_repr_REX1B	0.9076	0.0000	0.0420	0.7500	DNA repair REX1-B
VPS35L_N	0.9076	0.0000	0.0420	0.7500	VPS35L
Trp_dioxygenase	0.9076	0.0000	0.0420	0.7500	Tryptophan 2,3-dioxygenase
G_glu_transpept	0.9073	0.0000	0.0998	0.4167	Gamma-glutamyltranspeptidase
POL2_thumb	0.9072	0.0000	0.0143	0.7500	DNA polymerase epsilon catalytic subunit A, thumb domain
Acyl_transf_1	0.9072	0.0000	0.0143	0.7500	Acyl transferase domain
HAT_Syf1_M	0.9071	0.0000	0.0074	0.9167	Pre-mRNA-splicing factor SYF1 middle HAT repeat
Pept_C14_Metacaspase	0.9070	0.0000	0.0148	0.5000	Metacaspase, peptidase C14 domain
CLASP_N	0.9069	0.0000	0.0143	0.7500	CLASP N terminal
Mcl1_mid	0.9069	0.0000	0.0143	0.7500	Minichromosome loss protein, Mcl1, middle region
Peptidase_C78	0.9069	0.0000	0.0143	0.7500	Peptidase family C78
TRAPPC-Trs85	0.9069	0.0000	0.0143	0.7500	ER-Golgi trafficking TRAPP I complex 85 kDa subunit
YbjQ_2	0.9069	0.0000	0.0143	0.7500	C2 domain-containing protein 5, YbjQ-like domain
C1_1	0.9066	0.0000	0.0315	1.0000	Phorbol esters/diacylglycerol binding domain (C1 domain)
Abhydrolase_3	0.9064	0.0000	0.0426	0.7500	alpha/beta hydrolase fold
zf-DPOE	0.9064	0.0000	0.0426	0.7500	Zinc finger domain of DNA polymerase-epsilon
SE	0.9059	0.0000	0.0133	0.6667	Squalene epoxidase
MPC	0.9059	0.0000	0.0133	0.6667	Mitochondrial pyruvate carriers
Big_2	0.9059	0.0000	0.0303	0.3333	Bacterial Ig-like domain (group 2)
Zn_ribbon_GRF	0.9058	0.0000	0.0053	0.5833	GRF zinc finger
TPR_AP5Z1_C	0.9057	0.0000	0.0696	0.8333	AP-5 complex subunit zeta-1, C-terminal TPR repeats
MBTPS1_4th	0.9053	0.0000	0.0431	0.7500	MBTPS1, fourth GATase-like domain
LbH_EIF2B	0.9053	0.0000	0.0431	0.7500	EIF2B subunit epsilon LbH domain
Ammonium_transp	0.9053	0.0000	0.0431	0.7500	Ammonium Transporter Family
EGF_2	0.9053	0.0000	0.0431	0.7500	EGF-like domain
AAA_16	0.9052	0.0000	0.0432	0.7500	AAA ATPase domain
Spt5-NGN	0.9049	0.0000	0.0024	0.9167	Early transcription elongation factor of RNA pol II, NGN section
BAG	0.9037	0.0000	0.0236	0.2500	BAG domain
EDR1_CTR1_ARMC3_pept	0.9031	0.0000	0.0278	0.1667	EDR1/CTR1/ARMC3, peptidase-like
Golgin_A5	0.9031	0.0000	0.0278	0.1667	Golgin subfamily A member 5
GRIP	0.9027	0.0000	0.0041	0.5833	GRIP domain
AP_endonuc_2	0.8996	0.0000	0.0935	0.5833	Xylose isomerase-like TIM barrel
Zn_ribbon_RPB9	0.8994	0.0000	0.0217	1.0000	RNA polymerases M/15 Kd subunit
Nop25	0.8991	0.0000	0.0208	0.7500	Nucleolar protein 12 (25kDa)
DeoC	0.8965	0.0000	0.0181	0.5833	DeoC/LacD family aldolase
Rsm22	0.8964	0.0000	0.0229	0.7500	Mitochondrial small ribosomal subunit Rsm22
Glyco_hydro_3_C	0.8952	0.0000	0.0243	1.0000	Glycosyl hydrolase family 3 C-terminal domain
GKRP_SIS_N	0.8952	0.0000	0.0469	0.6667	Glucokinase regulatory protein N-terminal SIS domain
Glyco_transf_49	0.8952	0.0000	0.0469	0.6667	Glycosyl-transferase for dystroglycan
SGL_GH162	0.8952	0.0000	0.0469	0.6667	Endo-beta-1,2-glucanase SGL
Chal_sti_synt_N	0.8952	0.0000	0.0469	0.6667	Chalcone and stilbene synthases, N-terminal domain
Chal_sti_synt_C	0.8952	0.0000	0.0469	0.6667	Chalcone and stilbene synthases, C-terminal domain
Glyco_hydro_39	0.8952	0.0000	0.0469	0.6667	Glycosyl hydrolases family 39
DUF4291	0.8948	0.0000	0.0472	0.5833	Domain of unknown function (DUF4291)
U-box_ZFPL1	0.8948	0.0000	0.0655	0.7500	ZFPL1-like, U-box domain
RNase_H	0.8947	0.0000	0.0050	0.5000	RNase H
NAD_kinase	0.8946	0.0000	0.0245	1.0000	ATP-NAD kinase N-terminal domain
tRNA_edit	0.8941	0.0000	0.0181	0.5000	Aminoacyl-tRNA editing domain
DUF4832	0.8931	0.0000	0.0229	0.4167	Domain of unknown function (DUF4832)
OsmC	0.8924	0.0000	0.0496	0.7500	OsmC-like protein
DHH	0.8921	0.0000	0.0184	0.5000	DHH family, N-terminal domain
RRM_5	0.8898	0.0000	0.0289	0.8333	RNA recognition motif. (a.k.a. RRM, RBD, or RNP domain)
Nop16	0.8895	0.0000	0.0062	0.8333	Ribosome biogenesis protein Nop16
SLBP_RNA_bind	0.8895	0.0000	0.1362	0.9167	Histone RNA hairpin-binding protein RNA-binding domain
BRCT_3	0.8888	0.0000	0.0505	0.7500	BRCA1 C Terminus (BRCT) domain
XLF	0.8875	0.0000	0.0938	0.7500	XLF N-terminal domain
PAS_3	0.8875	0.0000	0.0938	0.7500	PAS fold
TPR_DOCK	0.8875	0.0000	0.0938	0.7500	Dedicator of cytokinesis (DOCK) TPR region
Clathrin_propel	0.8875	0.0000	0.0938	0.7500	Clathrin propeller repeat
CNOT10_TPR	0.8875	0.0000	0.0938	0.7500	CNOT10 tetratricopeptide repeat domain
DCC1-like	0.8875	0.0000	0.0938	0.7500	DCC1-like thiol-disulfide oxidoreductase
THUMP	0.8869	0.0000	0.0499	1.0000	THUMP domain
RPN13_C	0.8841	0.0000	0.0541	0.7500	UCH-binding domain
Rep_fac-A_3	0.8837	0.0000	0.0213	0.1667	Replication factor A protein 3
HD_4	0.8828	0.0000	0.0285	0.9167	HD domain
Arginase	0.8821	0.0000	0.0105	0.6667	Arginase family
SH3BGR	0.8811	0.0000	0.0256	0.7500	SH3-binding, glutamic acid-rich protein
DHFR_1	0.8810	0.0000	0.0211	0.7500	Dihydrofolate reductase
5-FTHF_cyc-lig	0.8798	0.0000	0.0220	0.1667	5-formyltetrahydrofolate cyclo-ligase family
Zn_ribbon_PADR1	0.8795	0.0000	0.0420	0.9167	PADR1 domain, zinc ribbon fold
Ribosomal_S2	0.8791	0.0000	0.0111	0.9167	Ribosomal protein S2
Ribosomal_L26	0.8788	0.0000	0.0178	0.9167	Ribosomal proteins L26 eukaryotic, L24P archaeal
Peptidase_M76	0.8784	0.0000	0.0162	0.6667	Peptidase M76 family
RRF	0.8784	0.0000	0.0162	0.6667	Ribosome recycling factor
Succ_DH_flav_C	0.8784	0.0000	0.0162	0.6667	Fumarate reductase flavoprotein C-term
Alba	0.8784	0.0000	0.0162	0.6667	Alba
RsfS	0.8784	0.0000	0.0162	0.6667	Ribosomal silencing factor during starvation
NCA2	0.8781	0.0000	0.0156	0.6667	ATP synthase regulation protein NCA2
eIF3_N	0.8781	0.0000	0.0572	0.7500	eIF3 subunit 6 N terminal domain
Ribosomal_L18A	0.8778	0.0000	0.0111	0.8333	Ribosomal proteins 50S-L18Ae/60S-L20/60S-L18A
Ribosomal_S19e	0.8778	0.0000	0.0111	0.8333	Ribosomal protein S19e
RMC1_C	0.8777	0.0000	0.0098	0.9167	Regulator of MON1-CCZ1 complex, C-terminal
S10_plectin	0.8777	0.0000	0.0111	0.8333	Plectin/S10 domain
PRKCSH	0.8776	0.0000	0.0078	0.7500	Glucosidase II beta subunit-like protein
IBB	0.8775	0.0000	0.0413	0.7500	Importin beta binding domain
MR_MLE_C	0.8775	0.0000	0.0413	0.7500	Enolase C-terminal domain-like
Catalase	0.8763	0.0000	0.0582	0.7500	Catalase
Catalase-rel	0.8763	0.0000	0.0582	0.7500	Catalase-related immune-responsive
PAH_ZNF598	0.8761	0.0000	0.0626	0.7500	ZNF598 PAH domain
Fcf2	0.8760	0.0000	0.0583	0.7500	Fcf2 pre-rRNA processing
SLX9	0.8759	0.0000	0.0584	0.7500	Ribosome biogenesis protein SLX9
MIOS_WD40	0.8759	0.0000	0.0584	0.7500	MIOS, WD40 repeat
zf_DPOE_2	0.8759	0.0000	0.0584	0.7500	Zinc finger domain of DNA polymerase-epsilon
Ribonuclease_3	0.8758	0.0000	0.0582	0.7500	Ribonuclease III domain
NFACT-C	0.8746	0.0000	0.0112	0.8333	NFACT protein C-terminal domain
DFP	0.8746	0.0000	0.0112	0.8333	DNA/pantothenate metabolism flavoprotein C-terminal domain
Myb_DNA-binding_2	0.8744	0.0000	0.0111	0.8333	Myb-like DNA-binding domain
MVP_shoulder	0.8744	0.0000	0.0138	0.6667	Shoulder domain
MKT1_C	0.8744	0.0000	0.0138	0.6667	Temperature dependent protein affecting M2 dsRNA replication
MKT1_N	0.8744	0.0000	0.0138	0.6667	Temperature dependent protein affecting M2 dsRNA replication
SQHop_cyclase_N	0.8744	0.0000	0.0138	0.6667	Squalene-hopene cyclase N-terminal domain
GlcNAc	0.8744	0.0000	0.0138	0.6667	Glycosyltransferase (GlcNAc)
zf-CRD	0.8744	0.0000	0.0138	0.6667	Cysteine rich domain with multizinc binding regions
Lactamase_B_4	0.8742	0.0000	0.0587	1.0000	tRNase Z endonuclease
SQHop_cyclase_C	0.8740	0.0000	0.0138	0.6667	Squalene-hopene cyclase C-terminal domain
PhosphMutase	0.8740	0.0000	0.0138	0.6667	2,3-bisphosphoglycerate-independent phosphoglycerate mutase
NifU	0.8740	0.0000	0.0115	0.9167	NifU-like domain
DUF1764	0.8739	0.0000	0.0111	0.8333	Eukaryotic protein of unknown function (DUF1764)
Urocanase_N	0.8733	0.0000	0.0574	0.7500	Urocanase N-terminal domain
Ribosomal_S3_C	0.8725	0.0000	0.0104	0.8333	Ribosomal protein S3, C-terminal domain
PrmA	0.8714	0.0000	0.0135	0.8333	Ribosomal protein L11 methyltransferase (PrmA)
Thymidylate_kin	0.8706	0.0000	0.0117	0.9167	Thymidylate kinase
Nodulin-like	0.8705	0.0000	0.0117	0.6667	Nodulin-like
BRCT_2	0.8704	0.0000	0.0105	0.9167	BRCT domain
MYG1_exonuc	0.8704	0.0000	0.0105	0.9167	Uncharacterised protein family (UPF0160)
Methyltransf_2	0.8697	0.0000	0.0646	0.7500	O-methyltransferase domain
RT_RNaseH	0.8697	0.0000	0.0646	0.7500	RNase H-like domain found in reverse transcriptase
DUF599	0.8697	0.0000	0.0646	0.7500	Protein of unknown function, DUF599
Melibiase_2	0.8697	0.0000	0.0646	0.7500	Alpha galactosidase A
PEPcase	0.8697	0.0000	0.0646	0.7500	Phosphoenolpyruvate carboxylase
Senescence	0.8697	0.0000	0.0646	0.7500	Senescence domain
Glyco_hydro_16	0.8694	0.0000	0.0645	0.6667	Glycosyl hydrolases family 16
Kinesin_assoc	0.8694	0.0000	0.0457	0.6667	Kinesin-associated
APEH_N	0.8694	0.0000	0.0457	0.6667	Acylamino-acid-releasing enzyme, N-terminal domain
GFA	0.8694	0.0000	0.0457	0.6667	Glutathione-dependent formaldehyde-activating enzyme
SOS1_NGEF_PH	0.8693	0.0000	0.0842	0.8333	SOS1/NGEF-like PH domain
Impact_N	0.8692	0.0000	0.0117	0.8333	Impact N-terminal domain
Ufd2P_core	0.8690	0.0000	0.0105	0.8333	Ubiquitin elongating factor core
Peptidase_M49	0.8688	0.0000	0.0116	0.9167	Peptidase family M49
Coq4	0.8687	0.0000	0.0126	0.6667	Coenzyme Q (ubiquinone) biosynthesis protein Coq4
Ubie_methyltran	0.8687	0.0000	0.0126	0.6667	ubiE/COQ5 methyltransferase family
Polyketide_cyc	0.8685	0.0000	0.0126	0.6667	Polyketide cyclase / dehydrase and lipid transport
CXXC_Zn-b_euk	0.8685	0.0000	0.0181	0.6667	CXXC motif containing zinc binding protein, eukaryotic
NAT10_TcmA_helicase	0.8682	0.0000	0.0126	0.7500	RNA cytidine acetyltransferase NAT10/TcmA, helicase domain
Hydrolase_3	0.8680	0.0000	0.0122	0.9167	haloacid dehalogenase-like hydrolase
WGG	0.8680	0.0000	0.0104	0.9167	Pre-rRNA-processing protein TSR2
DUF3336	0.8674	0.0000	0.0158	0.3333	Domain of unknown function (DUF3336)
CARME	0.8673	0.0000	0.0124	0.8333	Carnosine N-methyltransferase
Ubiquitin_2	0.8669	0.0000	0.0263	0.6667	Ubiquitin-like domain
SACS	0.8667	0.0000	0.0644	0.6667	Sacsin domain
PPDK_N	0.8667	0.0000	0.2599	0.2500	Pyruvate phosphate dikinase, AMP/ATP-binding domain
Nfu_N	0.8664	0.0000	0.0116	0.6667	Scaffold protein Nfu/NifU N terminal
Herpes_UL52	0.8663	0.0000	0.0211	0.5000	Herpesviridae UL52/UL70 DNA primase
Rad21_Rec8	0.8659	0.0000	0.0124	0.7500	Conserved region of Rad21 / Rec8 like protein
RAB3GAP2_N	0.8658	0.0000	0.0102	0.8333	Rab3 GTPase-activating protein regulatory subunit N-terminus
Vps39_1	0.8657	0.0000	0.0199	0.6667	Vacuolar sorting protein 39 domain 1
RPAP3_C	0.8657	0.0000	0.0124	0.6667	Potential Monad-binding region of RPAP3
zf-CCCH_4	0.8648	0.0000	0.0130	0.8333	CCCH-type zinc finger
zf-C2H2_3	0.8644	0.0000	0.0102	0.8333	zinc-finger of acetyl-transferase ESCO
DUF7932	0.8644	0.0000	0.0827	0.5000	Domain of unknown function (DUF7932)
Rep_fac-A_C	0.8642	0.0000	0.0176	0.6667	Replication factor-A C terminal domain
PNTB	0.8642	0.0000	0.0240	0.9167	NAD(P) transhydrogenase beta subunit
PNTB_4TM	0.8642	0.0000	0.0240	0.9167	4TM region of pyridine nucleotide transhydrogenase, mitoch
STAS	0.8640	0.0000	0.0324	0.7500	STAS domain
DAP3	0.8629	0.0000	0.0123	0.5833	Mitochondrial ribosomal death-associated protein 3
Rad17	0.8628	0.0000	0.0360	1.0000	Rad17 P-loop domain
RS4NT	0.8619	0.0000	0.0148	0.8333	RS4NT (NUC023) domain
STI1-HOP_DP	0.8616	0.0000	0.0190	0.8333	STI1/HOP, DP domain
SF3A3	0.8615	0.0000	0.0111	0.8333	Pre-mRNA-splicing factor SF3A3, of SF3a complex, Prp9
Glyco_transf_61	0.8611	0.0000	0.0279	0.6667	Glycosyltransferase 61
TPP_enzyme_N	0.8586	0.0000	0.0331	0.7500	Thiamine pyrophosphate enzyme, N-terminal TPP binding domain
WHD_POLR3C	0.8584	0.0000	0.0150	0.8333	POLR3C, C-terminal winged-helix domain
Helicase_C_3	0.8582	0.0000	0.0150	0.8333	Helicase conserved C-terminal domain
Vault	0.8579	0.0000	0.0110	0.6667	Major Vault Protein repeat domain
Helicase_PWI	0.8573	0.0000	0.0241	1.0000	N-terminal helicase PWI domain
Pur_ac_phosph_N	0.8573	0.0000	0.0632	0.7500	Purple acid Phosphatase, N-terminal domain
CEMIP_beta-hel	0.8573	0.0000	0.0632	0.7500	CEMIP beta-helix
zf-RING_4	0.8573	0.0000	0.0632	0.7500	RING/Ubox like zinc-binding domain
FPN1	0.8573	0.0000	0.0632	0.7500	Ferroportin1 (FPN1)
PAP2_C	0.8570	0.0000	0.0421	0.3333	PAP2 superfamily C-terminal
Arv1	0.8562	0.0000	0.0133	0.9167	Arv1-like family
IBR_2	0.8554	0.0000	0.0267	0.8333	IBR domain
AZUL	0.8544	0.0000	0.0612	0.7500	Amino-terminal Zinc-binding domain of ubiquitin ligase E3A
Oxidored-like	0.8540	0.0000	0.0218	0.6667	Oxidoreductase-like protein, N-terminal
Fumerase	0.8527	0.0000	0.0657	0.2500	Fumarate hydratase (Fumerase)
DBP10CT	0.8527	0.0000	0.0397	0.6667	DBP10CT (NUC160) domain
zf-C6H2	0.8525	0.0000	0.0398	0.6667	zf-MYND-like zinc finger, mRNA-binding
PRP1_N	0.8524	0.0000	0.0346	1.0000	PRP1 splicing factor, N-terminal
Sec3_CC	0.8522	0.0000	0.0142	0.8333	Exocyst complex component Sec3, coiled-coil
DUF383	0.8510	0.0000	0.0977	0.7500	Domain of unknown function (DUF383)
BRWD_AD	0.8510	0.0000	0.0977	0.7500	BRWD/PHIP ancillary domain-like domain
PANTS-like	0.8510	0.0000	0.0977	0.7500	Synaptic plasticity regulator PANTS-like
Integrase_H2C2	0.8510	0.0000	0.0977	0.7500	Integrase zinc binding domain
AAR2_1st	0.8510	0.0000	0.0977	0.7500	AAR2 N-terminal domain
BCNT	0.8504	0.0000	0.0704	0.5833	Bucentaur or craniofacial development
BK_channel_a	0.8472	0.0000	0.0319	0.7500	Calcium-activated BK potassium channel alpha subunit
Stealth_CR2	0.8468	0.0000	0.0134	0.9167	Stealth protein CR2, conserved region 2
Ctf4_C	0.8457	0.0000	0.0759	0.5833	DNA polymerase alpha-binding protein Ctf4, C-terminal domain
Ten1_2	0.8444	0.0000	0.1104	0.6667	Telomere-capping, CST complex subunit
Ins134_P3_kin_N	0.8444	0.0000	0.1104	0.6667	Inositol 1,3,4-trisphosphate 5/6-kinase pre-ATP-grasp domain
WHD_Cdc6	0.8442	0.0000	0.0986	0.5000	CDC6, C terminal winged helix domain
Arg_tRNA_synt_N	0.8410	0.0000	0.0140	0.7500	Arginyl tRNA synthetase N terminal domain
CRM1_repeat_3	0.8393	0.0000	0.0163	0.6667	CRM1 / Exportin repeat 3
Endonuclease_NS	0.8393	0.0000	0.0163	0.6667	DNA/RNA non-specific endonuclease
Glycolytic	0.8393	0.0000	0.0163	0.6667	Fructose-bisphosphate aldolase class-I
DUF202	0.8393	0.0000	0.0163	0.6667	Domain of unknown function (DUF202)
ERO1	0.8393	0.0000	0.0163	0.6667	Endoplasmic Reticulum Oxidoreductin 1 (ERO1)
Leo1	0.8393	0.0000	0.0163	0.6667	Leo1-like protein
BHD_3	0.8393	0.0000	0.0163	0.6667	Rad4 beta-hairpin domain 3
zf-Vps39_C	0.8393	0.0000	0.0163	0.6667	Vacuolar sorting protein 39 C-terminal zinc finger domain
EF-hand_13	0.8393	0.0000	0.0163	0.6667	EF-hand domain
Cse1	0.8393	0.0000	0.0163	0.6667	Cse1
MCM5_C	0.8393	0.0000	0.0163	0.6667	MCM5, C-terminal domain
Nup96	0.8393	0.0000	0.0163	0.6667	Nuclear protein 96
CRM1_repeat_2	0.8393	0.0000	0.0163	0.6667	CRM1 / Exportin repeat 2
SCAMP	0.8393	0.0000	0.0163	0.6667	SCAMP family
NSUN5_fdxn-like	0.8393	0.0000	0.0163	0.6667	NOL1/NOP2/Sun domain family member 5, ferredoxin-like domain
DNA_pol_lambd_f	0.8393	0.0000	0.0168	0.6667	Fingers domain of DNA polymerase lambda
TPR_DNAAF5	0.8393	0.0000	0.0163	0.6667	Dynein axonemal assembly factor 5-like, TPR repeats
AAA_lid_11	0.8393	0.0000	0.0163	0.6667	Dynein heavy chain AAA lid domain
HEAT_SCC3-SA	0.8389	0.0000	0.0163	0.6667	Cohesin subunit SCC3/SA, HEAT-repeats domain
PAN2_N	0.8380	0.0000	0.0700	0.7500	PAN2 N-terminal
Costars	0.8379	0.0000	0.0700	0.7500	Costars
Glyco_hydro38C2	0.8378	0.0000	0.0702	0.7500	Glycosyl hydrolases family 38 C-terminal beta sandwich domain
DUF1168	0.8377	0.0000	0.0599	0.7500	Protein of unknown function (DUF1168)
PPP4R2	0.8377	0.0000	0.0702	0.7500	PPP4R2
MRG	0.8357	0.0000	0.0297	0.9167	MRG
DnaJ-X	0.8345	0.0000	0.0449	0.7500	X-domain of DnaJ-containing
COG5_N	0.8343	0.0000	0.0265	0.7500	Conserved oligomeric Golgi complex subunit 5, N-terminal
MRP-L20	0.8337	0.0000	0.0656	0.1667	Mitochondrial ribosomal protein subunit L20
NOC3p	0.8332	0.0000	0.0399	0.9167	Nucleolar complex-associated protein
T6SS_HCP	0.8313	0.0000	0.0737	0.5833	Type VI secretion system effector, Hcp
SRI	0.8303	0.0000	0.0811	0.6667	SRI (Set2 Rpb1 interacting) domain
SH3_KIN17_C	0.8288	0.0000	0.0884	0.5833	KIN17 C-terminal SH3 domain
KHA	0.8288	0.0000	0.0872	0.5833	KHA, dimerisation domain of potassium ion channel
PIG-H	0.8285	0.0000	0.0143	0.7500	GPI-GlcNAc transferase complex, PIG-H component
FDF	0.8284	0.0000	0.0919	0.5833	FDF domain
LOR	0.8278	0.0000	0.0887	0.5833	LURP-one-related
Mog1	0.8272	0.0000	0.0153	0.5833	Ran-interacting Mog1 protein
Swi3	0.8272	0.0000	0.0302	0.8333	Replication Fork Protection Component Swi3
DUF179	0.8267	0.0000	0.0107	0.6667	AlgH-like
UBA_HYPK	0.8267	0.0000	0.0206	0.5833	HYPK UBA domain
BORCS8	0.8259	0.0000	0.1022	0.6667	BLOC-1-related complex sub-unit 8
TMF_TATA_bd	0.8259	0.0000	0.1022	0.6667	TATA element modulatory factor 1 TATA binding
Mem_trans	0.8253	0.0000	0.0577	0.3333	Membrane transport protein
DUF4187	0.8225	0.0000	0.1123	0.7500	Domain of unknown function (DUF4187)
MCRS_N	0.8202	0.0000	0.0752	0.6667	N-terminal region of micro-spherule protein
TFIIA_gamma_C	0.8198	0.0000	0.0756	0.6667	Transcription initiation factor IIA, gamma subunit
zf-C3HC3H_KANSL2	0.8197	0.0000	0.0673	0.6667	KANL2-like, probable zinc-finger domain
RlaP	0.8197	0.0000	0.0673	0.6667	RNA repair pathway DNA polymerase beta family
D-ser_dehydrat	0.8197	0.0000	0.0673	0.6667	Putative serine dehydratase domain
FANCL_C	0.8197	0.0000	0.0673	0.6667	FANCL C-terminal domain
SBDS_C	0.8197	0.0000	0.0673	0.6667	SBDS protein, C-terminal domain
ThrE	0.8197	0.0000	0.0673	0.6667	Putative threonine/serine exporter
ROK	0.8197	0.0000	0.0673	0.6667	ROK family
RNR-II_ins_dom	0.8197	0.0000	0.0673	0.6667	B12-dependent ribonucleotide reductase, insertion domain
ParBc_2	0.8197	0.0000	0.0673	0.6667	Putative ParB-like nuclease
GKRP_SIS_2	0.8197	0.0000	0.0673	0.6667	Glucokinase regulatory protein, second SIS domain
Seipin	0.8197	0.0000	0.0673	0.6667	Putative adipose-regulatory protein (Seipin)
MFS_2	0.8197	0.0000	0.0673	0.6667	MFS/sugar transport protein
Hep_59	0.8197	0.0000	0.0673	0.6667	Hepatocellular carcinoma-associated antigen 59
GAT	0.8197	0.0000	0.0673	0.6667	GAT domain
Apc1_MidN	0.8197	0.0000	0.0673	0.6667	Anaphase-promoting complex subunit 1 middle domain
Med25_VWA	0.8197	0.0000	0.0673	0.6667	Mediator complex subunit 25 von Willebrand factor type A
EFhand_Ca_insen	0.8197	0.0000	0.0673	0.6667	Ca2+ insensitive EF hand
GKRP-like_C	0.8197	0.0000	0.0673	0.6667	C-terminal lid domain of glucokinase regulatory protein
TFIIA_gamma_N	0.8197	0.0000	0.0673	0.6667	Transcription initiation factor IIA, gamma subunit, helical domain
TFIIA	0.8197	0.0000	0.0673	0.6667	Transcription factor IIA, alpha/beta subunit
TRAP-gamma	0.8197	0.0000	0.0673	0.6667	Translocon-associated protein, gamma subunit (TRAP-gamma)
XPO4	0.8197	0.0000	0.0673	0.6667	Exportin-4
Ig_TMEM131L_5	0.8197	0.0000	0.0673	0.6667	TMEM131L fifth Ig-like domain
HPS3_C	0.8197	0.0000	0.0754	0.5833	Hermansky-Pudlak syndrome 3 protein, C-terminal region
WAC_Acf1_DNA_bd	0.8192	0.0000	0.0672	0.5833	ATP-utilising chromatin assembly and remodelling N-terminal
SAM_MT	0.8192	0.0000	0.0672	0.5833	Putative SAM-dependent methyltransferase
Ribophorin_II	0.8192	0.0000	0.0631	0.5833	Ribophorin II N-terminal domain
RNA_hel_CTD	0.8190	0.0000	0.0421	0.7500	C-terminal domain in RNA helicases
IMS_HHH_1	0.8185	0.0000	0.0462	0.2500	DNA polymerase-iota, thumb domain
MDN1_4th	0.8178	0.0000	0.0256	0.9167	Midasin AAA+ ATPase lid domain
NPR3	0.8178	0.0000	0.0256	0.9167	Nitrogen Permease regulator of amino acid transport activity 3
DDB_G0281145	0.8178	0.0000	0.0256	0.9167	Small transmembrane protein DDB_G0281145
Glyco_hydro_2	0.8177	0.0000	0.0803	0.8333	Glycosyl hydrolases family 2
DUF3402	0.8169	0.0000	0.0633	0.6667	Domain of unknown function (DUF3402)
DUF4461	0.8169	0.0000	0.0633	0.6667	Domain of unknown function (DUF4461)
rve	0.8141	0.0000	0.0791	0.6667	Integrase core domain
LINES_N	0.8134	0.0000	0.0756	0.6667	Lines N-terminus
zf-C2H2_ZFAND2	0.8130	0.0000	0.0173	0.3333	ZFAND2A/B-like C2H2 zinc finger
UcrQ	0.8125	0.0000	0.0588	0.5000	UcrQ family
PAP2_3	0.8124	0.0000	0.0304	0.8333	PAP2 superfamily
Methyltransf_15	0.8121	0.0000	0.0178	0.9167	RNA cap guanine-N2 methyltransferase
Nrap_D3	0.8106	0.0000	0.0151	0.9167	Nrap protein domain 3
EB1	0.8099	0.0000	0.0112	0.6667	EB1-like C-terminal motif
PDZ_3	0.8096	0.0000	0.0588	0.7500	PDZ domain
Citrate_synth_N	0.8096	0.0000	0.0588	0.7500	ATP-citrate synthase ATP-grasp domain
Citrate_bind	0.8096	0.0000	0.0588	0.7500	ATP citrate lyase citrate-binding
Ribosomal_L33	0.8087	0.0000	0.0708	0.5833	Ribosomal protein L33
SCD	0.8085	0.0000	0.0192	0.5833	Stromalin conservative domain
MFS_1_like	0.8072	0.0000	0.0507	0.7500	MFS_1 like family
MAM33	0.8072	0.0000	0.0495	0.7500	Mitochondrial glycoprotein
VIT1	0.8072	0.0000	0.0495	0.7500	VIT family
VKOR	0.8072	0.0000	0.0495	0.7500	Vitamin K epoxide reductase family
ASL_C	0.8072	0.0000	0.0495	0.7500	Adenylosuccinate lyase C-terminal
Pho88	0.8072	0.0000	0.0495	0.7500	Phosphate transport (Pho88)
FUSC_2	0.8072	0.0000	0.0495	0.7500	Fusaric acid resistance protein-like
TROVE	0.8070	0.0000	0.0495	0.7500	TROVE domain
MoaC	0.8070	0.0000	0.0495	0.7500	MoaC family
TUG-UBL1	0.8062	0.0000	0.0614	0.5833	TUG ubiquitin-like domain
Ferrochelatase	0.8060	0.0000	0.0480	0.7500	Ferrochelatase
PUA_2	0.8053	0.0000	0.1232	0.9167	PUA-like domain
T1R_D3-like	0.8053	0.0000	0.1232	0.9167	Type I restriction enzyme subunit R domain 3
ATP-sulfurylase	0.8053	0.0000	0.1232	0.9167	ATP-sulfurylase
COX16	0.8031	0.0000	0.0682	0.5833	Cytochrome c oxidase assembly protein COX16
PqiA	0.8031	0.0000	0.0258	0.4167	Paraquat-inducible protein A
FMN_dh	0.8022	0.0000	0.0169	0.8333	FMN-dependent dehydrogenase
zf-LITAF-like	0.7999	0.0000	0.0292	0.8333	LITAF-like zinc ribbon domain
DSBA	0.7997	0.0000	0.0494	0.3333	DSBA-like thioredoxin domain
UME	0.7986	0.0000	0.0954	0.7500	UME (NUC010) domain
GSHPx	0.7968	0.0000	0.0290	0.3333	Glutathione peroxidase
Clathrin-link	0.7968	0.0000	0.0299	0.7500	Clathrin, heavy-chain linker
Rad4	0.7968	0.0000	0.0299	0.7500	Rad4 transglutaminase-like domain
SRAP	0.7965	0.0000	0.0609	0.4167	SOS response associated peptidase (SRAP)
DUF1264	0.7963	0.0000	0.0849	0.1667	Protein of unknown function (DUF1264)
Questin_oxidase	0.7963	0.0000	0.0849	0.1667	Questin oxidase-like
TSPO_2	0.7963	0.0000	0.0849	0.1667	TSPO-like protein
Pyrid_ox_like	0.7963	0.0000	0.0849	0.1667	Pyridoxamine 5'-phosphate oxidase like
TPPII_Ig-like-1	0.7963	0.0000	0.0849	0.1667	Tripeptidyl-peptidase II, first Ig-like domain
TsaE	0.7963	0.0000	0.0849	0.1667	Threonylcarbamoyl adenosine biosynthesis protein TsaE
Thioredoxin_4	0.7963	0.0000	0.0849	0.1667	Thioredoxin
TspO_MBR	0.7963	0.0000	0.0849	0.1667	TspO/MBR family
TPPII	0.7963	0.0000	0.0849	0.1667	Tripeptidyl peptidase II
Glyco_hydro_76	0.7963	0.0000	0.0849	0.1667	Glycosyl hydrolase family 76
HAUS4	0.7963	0.0000	0.0849	0.1667	HAUS augmin-like complex subunit 4
HAUS1	0.7963	0.0000	0.0849	0.1667	HAUS augmin-like complex subunit 1
Glyco_hydro_99	0.7963	0.0000	0.0849	0.1667	Glycosyl hydrolase family 99
IRK_C	0.7963	0.0000	0.0849	0.1667	Inward rectifier potassium channel C-terminal domain
Gly_transf_sug	0.7963	0.0000	0.0849	0.1667	Glycosyltransferase sugar-binding region containing DXD motif
ARCH_RTEL1	0.7963	0.0000	0.0849	0.1667	RTEL1 helicase, ARCH domain
ADIP	0.7963	0.0000	0.0849	0.1667	Afadin- and alpha -actinin-Binding
MT-A70	0.7963	0.0000	0.0849	0.1667	MT-A70
SAD_SRA	0.7963	0.0000	0.0849	0.1667	SAD/SRA domain
SLC52_ribofla_tr	0.7963	0.0000	0.0849	0.1667	Solute carrier family 52, riboflavin transporter
Folate_rec	0.7963	0.0000	0.0849	0.1667	Folate receptor family
PBP_like_2	0.7963	0.0000	0.0849	0.1667	PBP superfamily domain
PRiA4_ORF3	0.7963	0.0000	0.0849	0.1667	Plasmid pRiA4b ORF-3-like protein
ENT	0.7963	0.0000	0.0849	0.1667	ENT domain
TPPII_GBD	0.7963	0.0000	0.0849	0.1667	TPPII, galactose-binding domain-like
HAUS5	0.7963	0.0000	0.0849	0.1667	HAUS augmin-like complex subunit 5
BAH	0.7963	0.0000	0.0849	0.1667	BAH domain
HCO3_cotransp	0.7953	0.0000	0.0717	0.5833	HCO3- transporter integral membrane domain
Lactonase	0.7949	0.0000	0.0624	0.5000	Lactonase, 7-bladed beta-propeller
Peptidase_M50	0.7925	0.0000	0.1008	0.7500	Peptidase family M50
Arc1p_N_like	0.7925	0.0000	0.1008	0.7500	Nuclear-export cofactor Arc1p
MAT1	0.7925	0.0000	0.1008	0.7500	CDK-activating kinase assembly factor MAT1
Smg4_UPF3	0.7915	0.0000	0.0216	0.9167	Smg-4/UPF3 family
SLD5_C	0.7900	0.0000	0.0365	0.7500	DNA replication complex GINS protein SLD5 C-terminus
BHD_1	0.7898	0.0000	0.0140	0.6667	Rad4 beta-hairpin domain 1
FAM13A	0.7898	0.0000	0.0140	0.6667	FAM13A-like domain
Glyco_hydro_85	0.7892	0.0000	0.0140	0.6667	Glycosyl hydrolase family 85
DUF4460	0.7892	0.0000	0.0140	0.6667	Domain of unknown function (DUF4460)
PHO4	0.7882	0.0000	0.0191	0.2500	Phosphate transporter family
CFAP70_TPR_C	0.7877	0.0000	0.0191	0.2500	Cilia and flagella-associated protein 70 C-terminal domain
Snapin_Pallidin	0.7876	0.0000	0.0224	0.9167	Snapin/Pallidin
Pentapeptide_4	0.7874	0.0000	0.0702	0.5833	Pentapeptide repeat region
Eaf7	0.7874	0.0000	0.0702	0.5833	Chromatin modification-related protein EAF7
SWI2_SNF2	0.7872	0.0000	0.1410	0.8333	SWI2/SNF2 ATPase
Trp_Tyr_perm	0.7870	0.0000	0.1411	0.7500	Tryptophan/tyrosine permease family
Anoctamin	0.7868	0.0000	0.0181	0.6667	Calcium-activated chloride channel
CHD1-like_C	0.7852	0.0000	0.0373	0.7500	Chromodomain-helicase-DNA-binding protein 1-like, C-terminal
ACT_13	0.7847	0.0000	0.0162	0.6667	ACT-like domain
Vault_3	0.7847	0.0000	0.0162	0.6667	Major Vault Protein Repeat domain
GIDA_C_1st	0.7837	0.0000	0.0910	0.7500	tRNA modifying enzyme MnmG/GidA C-terminal helical domain
TMEM135_C_rich	0.7837	0.0000	0.0910	0.7500	N-terminal cysteine-rich region of Transmembrane protein 135
PEPCK_GTP	0.7837	0.0000	0.0910	0.7500	Phosphoenolpyruvate carboxykinase C-terminal P-loop domain
Usp	0.7837	0.0000	0.0910	0.7500	Universal stress protein family
HIG_1_N	0.7837	0.0000	0.0910	0.7500	Hypoxia induced protein conserved region
COX5B	0.7837	0.0000	0.0910	0.7500	Cytochrome c oxidase subunit Vb
Cox20	0.7837	0.0000	0.0910	0.7500	Cytochrome c oxidase assembly protein COX20
PEPCK_N	0.7837	0.0000	0.0910	0.7500	Phosphoenolpyruvate carboxykinase N-terminal domain
UCR_TM	0.7837	0.0000	0.0910	0.7500	Ubiquinol cytochrome reductase transmembrane region
FH3_FHOD1-3	0.7837	0.0000	0.0186	0.9167	FHOD1/3 FH3 domain
Methyltransf_ANTKMT	0.7835	0.0000	0.0530	0.5833	ANTKMT methyltransferase domain
Fumerase_C	0.7821	0.0000	0.0352	0.2500	Fumarase C-terminus
Catalase_C	0.7821	0.0000	0.0779	0.5000	C-terminal domain found in long catalases
TRIP4_3rd	0.7821	0.0000	0.0805	0.6667	TRIP4, third domain
RRM_3	0.7817	0.0000	0.1019	0.7500	RNA binding motif
RICTOR_V	0.7815	0.0000	0.1020	0.7500	Rapamycin-insensitive companion of mTOR, domain 5
Dicty_CAR	0.7815	0.0000	0.1020	0.7500	Slime mold cyclic AMP receptor
zf-Di19	0.7810	0.0000	0.0976	0.7500	Drought induced 19 protein (Di19), zinc-binding
eIF3m_C_helix	0.7810	0.0000	0.0976	0.7500	eIF3 subunit M, C-terminal helix
ADP_PFK_GK	0.7810	0.0000	0.0976	0.7500	ADP-specific Phosphofructokinase/Glucokinase conserved region
Nramp	0.7810	0.0000	0.0976	0.7500	Natural resistance-associated macrophage protein-like
Glrx-like	0.7810	0.0000	0.0976	0.7500	Glutaredoxin-like domain (DUF836)
RAI1	0.7810	0.0000	0.0976	0.7500	RAI1 like PD-(D/E)XK nuclease
Med1	0.7810	0.0000	0.0976	0.7500	Mediator of RNA polymerase II transcription subunit 1
Melibiase_C	0.7810	0.0000	0.0976	0.7500	Alpha galactosidase C-terminal beta sandwich domain
Dynactin	0.7810	0.0000	0.0976	0.7500	Dynein associated protein
PUA_NSUN2	0.7810	0.0000	0.0976	0.7500	NSUN2 PUA domain
PTPS	0.7810	0.0000	0.0976	0.7500	6-pyruvoyl tetrahydropterin synthase
Zn_dep_PLPC	0.7810	0.0000	0.0976	0.7500	Zinc dependent phospholipase C
XRCC4	0.7810	0.0000	0.0976	0.7500	XRCC4 N-terminal domain
MS_C	0.7810	0.0000	0.0976	0.7500	Malate synthase, C-terminal
CycT2-like_C	0.7810	0.0000	0.0976	0.7500	Cyclin-T2-like, C-terminal domain
SCAR_helical	0.7810	0.0000	0.0976	0.7500	SCAR helical domain
SAP18	0.7810	0.0000	0.0976	0.7500	Sin3 associated polypeptide p18 (SAP18)
MIOX	0.7810	0.0000	0.0976	0.7500	Myo-inositol oxygenase
PHD_UBR7-like	0.7810	0.0000	0.0976	0.7500	UBR7-like PHD finger
FG-GAP	0.7810	0.0000	0.0976	0.7500	FG-GAP repeat
HAMP_2	0.7810	0.0000	0.0976	0.7500	HAMP domain
DHX37_C	0.7810	0.0000	0.0976	0.7500	DEAH helicase DHX37 C-terminal domain
Muted	0.7810	0.0000	0.0976	0.7500	Organelle biogenesis, Muted-like protein
FR47	0.7810	0.0000	0.0976	0.7500	FR47-like protein
MS_TIM-barrel	0.7810	0.0000	0.0976	0.7500	Malate synthase, TIM barrel domain
DUF3605	0.7810	0.0000	0.0976	0.7500	Protein of unknown function (DUF3605)
Rib_5-P_isom_A	0.7810	0.0000	0.0976	0.7500	Ribose 5-phosphate isomerase A (phosphoriboisomerase A)
DUF2470	0.7810	0.0000	0.0976	0.7500	Domain of unknown function (DUF2470)
Pinin_SDK_memA	0.7810	0.0000	0.0976	0.7500	pinin/SDK/memA/ protein conserved region
SNF5	0.7810	0.0000	0.0976	0.7500	SNF5 / SMARCB1 / INI1
UTP6_C	0.7810	0.0000	0.0976	0.7500	U3 small nucleolar RNA-associated protein 6 C-terminal
ORC3_N	0.7810	0.0000	0.0976	0.7500	Origin recognition complex (ORC) subunit 3 N-terminus
Ncstrn_small	0.7810	0.0000	0.0976	0.7500	Nicastrin small lobe
Uricase	0.7810	0.0000	0.0976	0.7500	Uricase
OHCU_decarbox	0.7810	0.0000	0.0976	0.7500	OHCU decarboxylase
Fucosidase_C	0.7810	0.0000	0.0976	0.7500	Alpha-L-fucosidase C-terminal domain
TPR_SYO1	0.7810	0.0000	0.0976	0.7500	SYO1-like, TPR repeats
CE2_N	0.7810	0.0000	0.0976	0.7500	Carbohydrate esterase 2 N-terminal
TPR_20	0.7810	0.0000	0.0976	0.7500	Tetratricopeptide repeat
Branch	0.7810	0.0000	0.0976	0.7500	Core-2/I-Branching enzyme
Transthyretin	0.7810	0.0000	0.0976	0.7500	HIUase/Transthyretin family
Alpha_L_fucos	0.7810	0.0000	0.0976	0.7500	Alpha-L-fucosidase
IP_trans	0.7810	0.0000	0.0976	0.7500	Phosphatidylinositol transfer protein
Allantoicase	0.7810	0.0000	0.0976	0.7500	Allantoicase repeat
ORC4_C	0.7810	0.0000	0.0976	0.7500	Origin recognition complex (ORC) subunit 4 C-terminus
BOS1_GOSR2_MEM11-like_N	0.7810	0.0000	0.0976	0.7500	BOS1/GOSR2/MEM11, N-terminal domain
Beta-prop_THOC3	0.7810	0.0000	0.0976	0.7500	THOC3 beta-propeller domain
PH_TRF2_HOY1	0.7810	0.0000	0.0976	0.7500	TRF2/HOY1 PH-like domain
THOC7	0.7810	0.0000	0.0976	0.7500	Tho complex subunit 7
LTN1_E3_ligase_6th	0.7810	0.0000	0.0976	0.7500	LTN1 family HEAT repeat region
XRCC4_CC	0.7810	0.0000	0.0935	0.6667	XRCC4 coiled-coil
CENP-X	0.7810	0.0000	0.0935	0.6667	CENP-S associating Centromere protein X
SNO	0.7809	0.0000	0.0976	0.6667	SNO glutamine amidotransferase family
SAE2	0.7806	0.0000	0.0975	0.6667	DNA endonuclease activator SAE2/CtIP C-terminus
MFE-2_hydrat-2_N	0.7806	0.0000	0.0975	0.6667	MFE-2 hydratase 2 N-terminal domain
Lectin_legB	0.7806	0.0000	0.0975	0.6667	Legume lectin domain
MAPKK1_Int	0.7800	0.0000	0.0808	0.5833	Mitogen-activated protein kinase kinase 1 interacting
3HBD	0.7799	0.0000	0.0721	0.6667	Three-helical bundle domain
RdRP_head	0.7799	0.0000	0.0721	0.6667	RdRP, head domain
HIND	0.7799	0.0000	0.0721	0.6667	HIND motif
Exo70_N	0.7799	0.0000	0.0721	0.6667	Exocyst complex component Exo70 N-terminal
zinc_ribbon_6	0.7799	0.0000	0.0721	0.6667	Zinc-ribbon
ATE_N	0.7799	0.0000	0.0721	0.6667	Arginine-tRNA-protein transferase, N terminus
PI31_Prot_C	0.7799	0.0000	0.0721	0.6667	PI31 proteasome regulator
INCENP_ARK-bind	0.7799	0.0000	0.0721	0.6667	Inner centromere protein, ARK binding region
OB_Ssb-like	0.7799	0.0000	0.0721	0.6667	Single-stranded DNA binding protein Ssb-like, OB fold
USP8_dimer	0.7799	0.0000	0.0721	0.6667	USP8 dimerisation domain
Keratin_assoc	0.7799	0.0000	0.0721	0.6667	Keratinocyte-associated protein 2
Ubl_WDR48-Bun107	0.7799	0.0000	0.0721	0.6667	WDR48/Bun107, ubiquitin-like domain
PI31_Prot_N	0.7799	0.0000	0.0721	0.6667	PI31 proteasome regulator N-terminal
PAXNEB	0.7799	0.0000	0.0721	0.6667	PAXNEB protein
TRAPPC13_M	0.7799	0.0000	0.0721	0.6667	Trafficking protein particle complex subunit 13, middle domain
DONSON	0.7799	0.0000	0.0721	0.6667	Protein downstream neighbor of Son
Rrp40_N	0.7799	0.0000	0.0721	0.6667	Exosome complex exonuclease Rrp40 N-terminal domain
EIF3CL_C	0.7799	0.0000	0.0721	0.6667	EIF3CL-like, C-terminal domain
Ceramidse_alk_C	0.7799	0.0000	0.0721	0.6667	Neutral/alkaline non-lysosomal ceramidase, C-terminal
MCM9_N	0.7799	0.0000	0.0721	0.6667	MCM9, N-terminal domain
HEAT_RRP12_N	0.7799	0.0000	0.0721	0.6667	RRP12-like, N-terminal HEAT repeats
EPL1	0.7799	0.0000	0.0721	0.6667	Enhancer of polycomb-like
PepS8_pro_Ba	0.7799	0.0000	0.0721	0.6667	Peptidase S8 propeptide domain, Bacteroidota
EFL1	0.7799	0.0000	0.0721	0.6667	Elongation factor-like GTPase 1-like domain
NSRP1_N	0.7799	0.0000	0.0721	0.6667	Nuclear speckle splicing regulatory protein 1, N-terminal
zf-RING_16	0.7799	0.0000	0.0721	0.6667	RING/Ubox like zinc-binding domain
YL1_C	0.7799	0.0000	0.0721	0.6667	YL1 nuclear protein C-terminal domain
Folliculin_C	0.7799	0.0000	0.0721	0.6667	Folliculin C-terminal domain
TMEM120A-B	0.7799	0.0000	0.0721	0.6667	TMEM120A/B
TPR_DOP1B	0.7799	0.0000	0.0721	0.6667	DOP1B-like, TPR repeats
SYMPK_PTA1_N	0.7799	0.0000	0.0721	0.6667	Symplekin/PTA1 N-terminal
TPR_Vps8	0.7799	0.0000	0.0721	0.6667	Vps8 central TPR
MARCHF6_C	0.7799	0.0000	0.0721	0.6667	E3 ubiquitin-protein ligase MARCHF6-like, C-terminal domain
P5-ATPase	0.7799	0.0000	0.0721	0.6667	P5-type ATPase cation transporter
SctB-like	0.7799	0.0000	0.0721	0.6667	Secreted protein B-like
NADH-u_ox-rdase	0.7795	0.0000	0.0195	0.6667	NADH-ubiquinone oxidoreductase complex I, 21 kDa subunit
Pan3_CK	0.7794	0.0000	0.0150	0.5833	Pan3 C-terminal knob domain
RRM_LARP4	0.7793	0.0000	0.0720	0.5833	La-related protein 4-like, RNA recognition motif
RimK	0.7793	0.0000	0.0720	0.5833	RimK-like ATP-grasp domain
CTU2	0.7793	0.0000	0.0720	0.5833	Cytoplasmic tRNA 2-thiolation protein 2
STAG	0.7789	0.0000	0.0150	0.5833	STAG domain
CRM1_repeat	0.7785	0.0000	0.0152	0.6667	Chromosome region maintenance or exportin repeat
4HBT_2	0.7783	0.0000	0.0214	0.4167	Thioesterase-like superfamily
MeaB	0.7775	0.0000	0.0078	0.7500	Methylmalonyl Co-A mutase-associated GTPase MeaB
Glyoxalase_4	0.7775	0.0000	0.0078	0.7500	Glyoxalase/Bleomycin resistance protein/Dioxygenase superfamily
TRAM	0.7770	0.0000	0.0406	0.5833	TRAM domain
GST_C_3	0.7770	0.0000	0.0077	0.7500	Glutathione S-transferase, C-terminal domain
MFS_5	0.7768	0.0000	0.0154	0.6667	Sugar-tranasporters, 12 TM
zf-C3HC	0.7767	0.0000	0.0720	0.6667	NuBaID N-terminal domain (aka zf-C3HC)
DUF4704	0.7764	0.0000	0.0515	0.7500	Neurobeachin/BDCP, DUF4704 alpha solenoid region
TMEM234	0.7762	0.0000	0.0478	0.9167	Putative transmembrane family 234
KYNU_C	0.7762	0.0000	0.0132	0.7500	Kynureninase C-terminal domain
zf-met2	0.7761	0.0000	0.0144	0.7500	Zinc-binding
ALO	0.7761	0.0000	0.0267	0.3333	D-arabinono-1,4-lactone oxidase
TPK_B1_binding	0.7759	0.0000	0.0048	0.9167	Thiamin pyrophosphokinase, vitamin B1 binding domain
PCC_BT	0.7759	0.0000	0.0464	0.7500	Propionyl-coenzyme A carboxylase BT domain
TPR_7	0.7747	0.0000	0.0083	0.8333	Tetratricopeptide repeat
Clathrin_lg_ch	0.7746	0.0000	0.0592	0.7500	Clathrin light chain
Fe-ADH	0.7732	0.0000	0.0061	0.9167	Iron-containing alcohol dehydrogenase
BUD31	0.7730	0.0000	0.0171	0.7500	Pre-mRNA-splicing factor BUD31
TM_HPP	0.7730	0.0000	0.0484	0.7500	HPP, transmembrane region
Importin_rep_6	0.7727	0.0000	0.0450	0.5000	Importin repeat 6
Mak10	0.7726	0.0000	0.0084	0.7500	Mak10 subunit, NatC N(alpha)-terminal acetyltransferase
M-HEAT_ATR	0.7724	0.0000	0.0088	0.7500	Serine/threonine-protein kinase ATR, M-HEAT region
Ribosomal_S14	0.7723	0.0000	0.0061	0.7500	Ribosomal protein S14p/S29e
Pet191_N	0.7721	0.0000	0.0354	0.6667	Cytochrome c oxidase assembly protein PET191
Asp_Arg_Hydrox	0.7714	0.0000	0.0453	0.1667	Aspartyl/Asparaginyl beta-hydroxylase
Vint	0.7714	0.0000	0.0453	0.1667	Hint-domain
5_nucleotid_C	0.7714	0.0000	0.0453	0.1667	5'-nucleotidase, C-terminal domain
SelO	0.7714	0.0000	0.0453	0.1667	Protein adenylyltransferase SelO
Vwaint	0.7714	0.0000	0.0453	0.1667	VWA / Hh  protein intein-like
RPE65	0.7714	0.0000	0.0453	0.1667	Retinal pigment epithelial membrane protein
Fucose_pyrophosphorylase	0.7712	0.0000	0.0552	0.7500	Fucose pyrophosphorylase domain
Glyco_hydro_35	0.7712	0.0000	0.0792	0.6667	Glycosyl hydrolases family 35
COX6B	0.7709	0.0000	0.0089	0.7500	Cytochrome oxidase c subunit VIb
EBP	0.7708	0.0000	0.0316	0.6667	EXPERA (EXPanded EBP superfamily)
EGF_Teneurin	0.7702	0.0000	0.0075	0.6667	Teneurin-like EGF domain
TPR_NOC4	0.7702	0.0000	0.0948	0.6667	Nucleolar complex protein 4-like, TPR repeats
MSL3_chromo-like	0.7702	0.0000	0.0948	0.6667	MSL3 chromodomain-like
ANAPC1	0.7702	0.0000	0.0948	0.6667	Anaphase-promoting complex subunit 1 WD40 beta-propeller domain
PPP1R21_C	0.7702	0.0000	0.0948	0.6667	Protein phosphatase 1 regulatory subunit 21, C-terminal
PDCD10_N	0.7702	0.0000	0.0948	0.6667	Programmed cell death protein 10, dimerisation domain
ABM	0.7701	0.0000	0.0065	0.7500	Antibiotic biosynthesis monooxygenase
ADH_Fe_C	0.7695	0.0000	0.0055	0.8333	Fe-containing alcohol dehydrogenase family, C-terminal
CytochromB561_N	0.7694	0.0000	0.0079	0.6667	Cytochrome B561, N terminal
RYDR_ITPR	0.7694	0.0000	0.0070	0.7500	RIH domain
WHD_RIOX1	0.7693	0.0000	0.0658	0.7500	Ribosomal oxygenase 1, C-terminal winged helix domain
Rab3-GTPase_cat	0.7692	0.0000	0.0157	0.6667	Rab3 GTPase-activating protein catalytic subunit
WHD_eIF2D	0.7679	0.0000	0.0075	0.7500	eIF2D winged helix domain
AP5B1_C	0.7679	0.0000	0.0316	0.7500	AP5B1, C-terminal
MgsA_C	0.7669	0.0000	0.1522	0.9167	MgsA AAA+ ATPase C terminal
Auto_anti-p27	0.7669	0.0000	0.1522	0.9167	Sjogren's syndrome/scleroderma autoantigen 1 (Autoantigen p27)
Glyco_hydro_77	0.7669	0.0000	0.1522	0.9167	4-alpha-glucanotransferase
zf-B_box_ZFPL1	0.7669	0.0000	0.1522	0.9167	ZFPL1-like, B-box zinc-binding domain
hDGE_amylase	0.7669	0.0000	0.1522	0.9167	Glycogen debranching enzyme, glucanotransferase domain
G8	0.7668	0.0000	0.0079	0.7500	G8 domain
hGDE_central	0.7667	0.0000	0.1523	0.8333	Central domain of human glycogen debranching enzyme
GDE_C	0.7667	0.0000	0.1523	0.8333	Amylo-alpha-1,6-glucosidase
GATase_7	0.7661	0.0000	0.0086	0.8333	Glutamine amidotransferase domain
UIM	0.7660	0.0000	0.0055	0.8333	Ubiquitin interaction motif
ATP-synt	0.7657	0.0000	0.0335	0.7500	ATP synthase
PTPlike_phytase	0.7651	0.0000	0.0275	0.1667	Inositol hexakisphosphate
Thioredoxin_8	0.7651	0.0000	0.0275	0.1667	Thioredoxin-like
Zn_ribbon_RanBP	0.7651	0.0000	0.0275	0.1667	Zn-finger in Ran binding protein and others
GIY-YIG	0.7645	0.0000	0.0252	0.5833	GIY-YIG catalytic domain
Nop10p	0.7644	0.0000	0.0061	0.6667	Nucleolar RNA-binding protein, Nop10p family
S1-P1_nuclease	0.7644	0.0000	0.0276	0.1667	S1/P1 Nuclease
ATG14	0.7640	0.0000	0.0925	0.7500	Vacuolar sorting 38 and autophagy-related subunit 14
A2M_BRD	0.7635	0.0000	0.0999	0.7500	Alpha-2-macroglobulin bait region domain
FAN1_HTH	0.7635	0.0000	0.0999	0.7500	FAN1, HTH domain
EryCIII-like_C	0.7635	0.0000	0.0999	0.7500	Erythromycin biosynthesis protein CIII-like, C-terminal domain
Sec8_C	0.7635	0.0000	0.0999	0.7500	Exocyst complex component Sec8 C-terminal
FancD2	0.7635	0.0000	0.0999	0.7500	Fanconi anaemia protein FancD2 nuclease
Cbl_N2	0.7635	0.0000	0.0999	0.7500	CBL proto-oncogene N-terminus, EF hand-like domain
RELCH_C	0.7635	0.0000	0.0999	0.7500	RAB11-binding protein RELCH C-terminal domain
FolB	0.7635	0.0000	0.0999	0.7500	Dihydroneopterin aldolase
Ig_CMFA_1st	0.7635	0.0000	0.0999	0.7500	Conditioned medium factor 1st Ig-like domain
FNIP_M	0.7635	0.0000	0.0999	0.7500	Folliculin-interacting protein middle domain
TPR_Trm732	0.7635	0.0000	0.0999	0.7500	Trm732, TPR repeats
A2M	0.7635	0.0000	0.0999	0.7500	Alpha-2-macroglobulin family
An_peroxidase	0.7635	0.0000	0.0999	0.7500	Animal haem peroxidase
Lectin_L-type_dom	0.7635	0.0000	0.0999	0.7500	Legume lectin beta-barrel domain
Linker_histone	0.7635	0.0000	0.0999	0.7500	linker histone H1 and H5 family
TIMELESS	0.7635	0.0000	0.0999	0.7500	Timeless protein
Thoc2	0.7635	0.0000	0.0999	0.7500	Transcription- and export-related complex subunit
MBTPS1_3rd	0.7635	0.0000	0.0999	0.7500	MBTPS1, third Ig-like domain
BBE	0.7635	0.0000	0.0999	0.7500	Berberine and berberine like
SMCHD1_S5	0.7635	0.0000	0.0999	0.7500	SMCHD1, ribosomal S5 domain 2-like domain
BRR2_plug	0.7635	0.0000	0.0999	0.7500	Pre-mRNA-splicing helicase BRR2 plug domain
HEAT_GCN1_2	0.7635	0.0000	0.0999	0.7500	Stalled ribosome sensor GCN1, HEAT repeats
Tra1_central	0.7635	0.0000	0.0999	0.7500	Tra1 HEAT repeat central region
Med20	0.7635	0.0000	0.0999	0.7500	TATA-binding related factor (TRF) of subunit 20 of Mediator complex
HCNGP	0.7635	0.0000	0.0999	0.7500	HCNGP-like protein
DUF3535	0.7635	0.0000	0.0999	0.7500	Domain of unknown function (DUF3535)
Med12	0.7635	0.0000	0.0999	0.7500	Transcription mediator complex subunit Med12
DBINO	0.7635	0.0000	0.0999	0.7500	DNA-binding domain
Mss4	0.7635	0.0000	0.0999	0.7500	Mss4 protein
MOR2-PAG1_C	0.7635	0.0000	0.0999	0.7500	Cell morphogenesis C-terminal
RELCH_LH	0.7635	0.0000	0.0999	0.7500	RELCH LisH-containing region
MRPL52	0.7635	0.0000	0.0999	0.7500	Mitoribosomal protein mL52
MOR2-PAG1_mid	0.7635	0.0000	0.0999	0.7500	Cell morphogenesis central region
MOR2-PAG1_N	0.7635	0.0000	0.0999	0.7500	Cell morphogenesis N-terminal
SAP30_Sin3_bdg	0.7635	0.0000	0.0999	0.7500	Sin3 binding region of histone deacetylase complex subunit SAP30
Tra1_ring	0.7635	0.0000	0.0999	0.7500	Tra1 HEAT repeat ring region
ZW10_C2	0.7635	0.0000	0.0999	0.7500	ZW10 C-terminal helical domain
TPR_ZFYVE26	0.7635	0.0000	0.0999	0.7500	ZFYVE26-like, TPR repeats
Misat_Tub_SegII	0.7635	0.0000	0.0999	0.7500	Misato Segment II tubulin-like domain
HAM1_N	0.7635	0.0000	0.0999	0.7500	HAM1-like, N-terminal domain
Beta-prop_WDR3_1st	0.7635	0.0000	0.0999	0.7500	WDR3 first beta-propeller domain
ECM29_N	0.7635	0.0000	0.0999	0.7500	Proteasome component ECM29, N-terminal
Dynamitin	0.7635	0.0000	0.0999	0.7500	Dynamitin
Sulf_transp	0.7635	0.0000	0.0999	0.7500	Sulphur transport
Dyp_perox_C	0.7635	0.0000	0.0999	0.7500	Dyp-type peroxidase, C-terminal
bMG10	0.7635	0.0000	0.0999	0.7500	Bacterial Alpha-2-macroglobulin MG10 domain
Dynactin_p62	0.7635	0.0000	0.0999	0.7500	Dynactin p62 family
GAD	0.7635	0.0000	0.0999	0.6667	GAD domain
GSAP-16	0.7634	0.0000	0.0712	0.5833	gamma-Secretase-activating protein C-term
PSF1_C	0.7634	0.0000	0.0712	0.5833	PSF1 C-terminal domain
DUF913	0.7633	0.0000	0.0998	0.6667	Domain of Unknown Function (DUF913)
ORC5_C	0.7633	0.0000	0.0998	0.6667	Origin recognition complex (ORC) subunit 5 C-terminus
zf_PCFS4	0.7633	0.0000	0.0998	0.6667	PCFS4 zinc finger domain
U3snoRNP10	0.7633	0.0000	0.0998	0.6667	U3 small nucleolar RNA-associated protein 10
Polyketide_cyc2	0.7633	0.0000	0.0997	0.6667	Polyketide cyclase / dehydrase and lipid transport
Erg28	0.7633	0.0000	0.0997	0.6667	Erg28 like protein
LPA1_N	0.7622	0.0000	0.0701	0.6667	P-loop NTPase domain-containing protein LPA1 N-terminal domain
Mat89Bb	0.7622	0.0000	0.0701	0.6667	Cell cycle and development regulator Mat89Bb
DUF2418	0.7622	0.0000	0.0701	0.6667	Protein of unknown function (DUF2418)
Beta-prop_RIC1_2nd	0.7610	0.0000	0.0053	0.6667	RIC1 second beta propeller domain
WSD	0.7609	0.0000	0.0046	0.5833	Williams-Beuren syndrome DDT (WSD), D-TOX E motif
MIF4G_like_2	0.7588	0.0000	0.0994	0.6667	MIF4G like
Ins145_P3_rec	0.7584	0.0000	0.0051	0.5833	Inositol 1,4,5-trisphosphate/ryanodine receptor
Glyco_transf_5	0.7577	0.0000	0.1625	0.8333	Starch synthase catalytic domain
DUF1242	0.7574	0.0000	0.0027	0.8333	Protein of unknown function (DUF1242)
RsmF-B_ferredox	0.7562	0.0000	0.0697	0.7500	Methyltr_RsmF/B-like, ferredoxin-like domain
SURF6	0.7562	0.0000	0.0698	0.7500	Surfeit locus protein 6
SRP72	0.7562	0.0000	0.0698	0.7500	SRP72 RNA-binding domain
AAA_lid_TRIP13_C	0.7557	0.0000	0.0055	0.4167	TRIP13-like, AAA+ ATPase lid C-terminal domain
UCR_hinge	0.7556	0.0000	0.0030	0.6667	Ubiquinol-cytochrome C reductase hinge protein
CFA20_dom	0.7553	0.0000	0.0246	0.2500	CFA20 domain
Fis1_TPR_C	0.7552	0.0000	0.0230	0.5000	Fis1 C-terminal tetratricopeptide repeat
GGACT	0.7547	0.0000	0.0246	0.2500	Gamma-glutamyl cyclotransferase, AIG2-like
Kri1	0.7542	0.0000	0.0293	0.3333	KRI1-like family
UvrD-helicase	0.7538	0.0000	0.0243	0.2500	UvrD/REP helicase N-terminal domain
COQ9	0.7527	0.0000	0.0065	0.6667	COQ9
MBTP1_N	0.7521	0.0000	0.0970	0.6667	Membrane-bound Site-1 Protease Family N-terminal domain
Cnd1_N	0.7521	0.0000	0.0970	0.6667	non-SMC mitotic condensation complex subunit 1, N-term
ZW10_C	0.7521	0.0000	0.0970	0.6667	Centromere/kinetochore protein zw10, C-terminal
FANCI_HD2	0.7521	0.0000	0.0970	0.6667	FANCI helical domain 2
FANCI_S2	0.7521	0.0000	0.0970	0.6667	FANCI solenoid 2
CUX1_N	0.7520	0.0000	0.0543	0.5833	CUX1-like, N-terminal tRNA-binding arm
TRAUB	0.7514	0.0000	0.0114	0.6667	Apoptosis-antagonizing transcription factor, C-terminal
Tfb5	0.7511	0.0000	0.0677	0.5833	Transcription factor TFIIH complex subunit Tfb5
DUF5110	0.7505	0.0000	0.0035	0.4167	Domain of unknown function (DUF5110)
Ribonuc_P_40	0.7501	0.0000	0.0685	0.6667	Ribonuclease P 40kDa (Rpp40) subunit
TFIIF_beta_N	0.7501	0.0000	0.0685	0.6667	TFIIF, beta subunit N-terminus
Ank_5	0.7500	0.0000	0.0000	1.0000	Ankyrin repeats (many copies)
Wheel	0.7500	0.0000	0.0481	1.0000	Cns1/TTC4 Wheel domain
eIF3_subunit	0.7500	0.0000	0.0000	0.9167	Translation initiation factor eIF3 subunit
GST_C_2	0.7500	0.0000	0.0000	0.7500	Glutathione S-transferase, C-terminal domain
SHS2_Rpb7-N	0.7500	0.0000	0.0000	0.7500	SHS2 domain found in N terminus of Rpb7p/Rpc25p/MJ0397
SF3b1	0.7500	0.0000	0.0000	0.7500	Splicing factor 3B subunit 1
SRP_TPR_like	0.7500	0.0000	0.0000	0.7500	Putative TPR-like repeat
SKI	0.7500	0.0000	0.0000	0.6667	Shikimate kinase
Thioredoxin_12	0.7500	0.0000	0.0000	0.7500	Thioredoxin-like domain
GN3L_Grn1	0.7500	0.0000	0.0000	0.8333	GNL3L/Grn1 putative GTPase
DPM2	0.7500	0.0000	0.0046	0.5833	Dolichol phosphate-mannose biosynthesis regulatory protein (DPM2)
Ribosomal_L40e	0.7500	0.0000	0.0000	0.7500	Ribosomal L40e family
Lipase_GDSL_2	0.7500	0.0000	0.0051	0.5000	GDSL-like Lipase/Acylhydrolase family
TPR_6	0.7500	0.0000	0.0000	0.7500	Tetratricopeptide repeat
Cupin_5	0.7500	0.0000	0.0000	0.4167	Cupin superfamily (DUF985)
MCM2_N	0.7500	0.0000	0.0000	0.5833	Mini-chromosome maintenance protein 2
XRN1_D2_D3	0.7500	0.0000	0.0000	0.6667	Exoribonuclease Xrn1 D2/D3 domain
GST_C_6	0.7500	0.0000	0.0000	0.6667	Glutathione S-transferase, C-terminal domain
FAM210A-B_dom	0.7500	0.0000	0.0000	0.7500	FAM210A/B-like domain
UTP20_N	0.7500	0.0000	0.0000	0.6667	U3 small nucleolar RNA-associated protein 20, N-terminal
UEV	0.7500	0.0000	0.0000	1.0000	UEV domain
TMEM33_Pom33	0.7500	0.0000	0.0000	0.7500	Transmembrane protein 33/Nucleoporin POM33
Gaa1	0.7500	0.0000	0.0000	0.9167	Gaa1-like, GPI transamidase component
Esterase	0.7500	0.0000	0.0000	0.9167	Putative esterase
Exo_endo_phos_PGAP2IP	0.7500	0.0000	0.0000	0.5833	PGAP2IP, C-terminal nuclease-like domain
Swi5	0.7500	0.0000	0.0000	0.8333	Swi5
Peptidase_M28	0.7500	0.0000	0.0000	0.7500	Peptidase family M28
RNA_pol_Rbc25	0.7500	0.0000	0.0000	0.8333	RNA polymerase III subunit Rpc25
WLS-like_TM	0.7500	0.0000	0.1142	0.9167	Wntless-like, transmembrane domain
Tmemb_185A	0.7500	0.0000	0.0000	0.6667	Transmembrane Fragile-X-F protein
HSBP1	0.7500	0.0000	0.0111	0.6667	Heat shock factor binding protein 1
DOT1	0.7483	0.0000	0.0469	0.5000	Histone methylation protein DOT1
fn3	0.7477	0.0000	0.0046	0.4167	Fibronectin type III domain
Polysacc_deac_1	0.7475	0.0000	0.0340	0.5833	Polysaccharide deacetylase
Glyco_trans_1_4	0.7472	0.0000	0.0539	0.4167	Glycosyl transferases group 1
Archease	0.7466	0.0000	0.1438	0.8333	Archease protein family (MTH1598/TM1083)
Rsa3	0.7466	0.0000	0.1438	0.8333	Ribosome-assembly protein 3
AAA_lid_RFC1	0.7466	0.0000	0.0029	0.5833	RFC1-like, AAA+ ATPase lid domain
zf-ANAPC11	0.7464	0.0000	0.0026	0.6667	Anaphase-promoting complex subunit 11 RING-H2 finger
Thymidylat_synt	0.7462	0.0000	0.0306	0.1667	Thymidylate synthase
Thiolase_C_1	0.7462	0.0000	0.0306	0.1667	Thiolase C-terminal domain-like
UBM	0.7461	0.0000	0.0500	0.6667	Ubiquitin binding region
Orn_DAP_Arg_deC	0.7459	0.0000	0.0034	0.5000	Pyridoxal-dependent decarboxylase, C-terminal sheet domain
YqeH-like_C	0.7448	0.0000	0.0735	0.5000	YqeH-like, C-terminal
SIN1_PH	0.7430	0.0000	0.0034	0.5833	SAPK-interacting protein 1 (Sin1), Pleckstrin-homology
TPP_enzyme_M	0.7429	0.0000	0.0621	0.7500	Thiamine pyrophosphate enzyme, central domain
TMEM164	0.7424	0.0000	0.0351	0.9167	TMEM164 family
SAYSvFN	0.7422	0.0000	0.0741	0.5833	Uncharacterized conserved domain (SAYSvFN)
GOSR1_N	0.7420	0.0000	0.0037	0.5000	GOSR1 N-terminal domain
Cauli_VI	0.7416	0.0000	0.0068	0.5000	Ribonuclease H1 N-terminal domain
Sec3_C-term	0.7412	0.0000	0.0046	0.9167	Exocyst complex component Sec3, C-terminal
PEN-2	0.7409	0.0000	0.0057	0.8333	Presenilin enhancer-2 subunit of gamma secretase
TPR_INTS8	0.7407	0.0000	0.0661	0.5833	INTS8, TPR repeats
HEPN_Swt1	0.7407	0.0000	0.0661	0.5833	Swt1-like HEPN
TRAPPC10_1st	0.7407	0.0000	0.0661	0.5833	Trafficking protein particle complex subunit 10-like, N-terminal
EAF	0.7407	0.0000	0.0661	0.5833	RNA polymerase II transcription elongation factor
Bud13	0.7403	0.0000	0.0052	0.8333	Pre-mRNA-splicing factor of RES complex
NuA4	0.7391	0.0000	0.0045	0.6667	Histone acetyltransferase subunit NuA4
TAF	0.7389	0.0000	0.0101	0.8333	TATA box binding protein associated factor (TAF)
Rubrerythrin	0.7381	0.0000	0.1050	0.3333	Rubrerythrin
MRP-S34	0.7378	0.0000	0.0047	0.6667	Mitochondrial 28S ribosomal protein S34
DNA-PKcs_N	0.7377	0.0000	0.0049	0.6667	DNA-PKcs, N-terminal
Glyco_transf_8	0.7376	0.0000	0.0280	0.5833	Glycosyl transferase family 8
RBD_LARS1	0.7370	0.0000	0.0049	0.8333	Leucine--tRNA ligase, RagD-binding domain
Str_synth	0.7369	0.0000	0.0416	0.5000	Strictosidine synthase
Taxilin	0.7368	0.0000	0.0055	0.5833	Myosin-like coiled-coil protein
zf-C2HE	0.7365	0.0000	0.0053	0.5000	C2HE / C2H2 / C2HC zinc-binding finger
DNA_binding_1	0.7363	0.0000	0.0054	0.6667	6-O-methylguanine DNA methyltransferase, DNA binding domain
PI4K_N	0.7361	0.0000	0.0054	0.9167	PI4-kinase N-terminal region
PhzC-PhzF	0.7358	0.0000	0.0206	0.2500	Phenazine biosynthesis-like protein
PAS_8	0.7356	0.0000	0.0286	0.6667	PAS domain
SPC12	0.7355	0.0000	0.0069	0.6667	Microsomal signal peptidase 12 kDa subunit (SPC12)
Aph-1	0.7355	0.0000	0.0635	0.7500	Aph-1 protein
Ufm1	0.7354	0.0000	0.0054	0.5833	Ubiquitin fold modifier 1 protein
ATG5_UblB	0.7352	0.0000	0.0229	0.9167	Autophagy protein ATG5, UblB domain
Ribosomal_L30_N	0.7351	0.0000	0.0195	0.6667	Ribosomal L30 N-terminal domain
GrpE	0.7351	0.0000	0.0195	0.6667	GrpE
Yos1	0.7350	0.0000	0.0066	0.7500	Yos1-like
tRNA_Me_trans_C	0.7345	0.0000	0.0051	0.5000	Aminomethyltransferase beta-barrel domain
Ribosomal_L37e	0.7338	0.0000	0.0062	0.7500	Ribosomal protein L37e
Stealth_CR1	0.7338	0.0000	0.0943	0.9167	Stealth protein CR1, conserved region 1
DUF5915	0.7316	0.0000	0.0051	0.9167	Domain of unknown function (DUF5915)
vWA_IML1	0.7314	0.0000	0.0175	0.9167	Vacuolar membrane-associated protein Iml1, vWA-like domain
SKICH	0.7312	0.0000	0.0656	0.6667	SKICH domain
MAP65_ASE1	0.7295	0.0000	0.0652	0.7500	Microtubule associated protein (MAP65/ASE1 family)
Haspin_kinase	0.7279	0.0000	0.0359	0.5000	Haspin like kinase domain
GILT	0.7270	0.0000	0.0401	0.3333	Gamma interferon inducible lysosomal thiol reductase (GILT)
RELCH_N	0.7262	0.0000	0.0596	0.7500	RAB11-binding protein RELCH N-terminal domain
UTP20	0.7258	0.0000	0.0216	0.9167	U3 small nucleolar RNA-associated protein 20 domain
PGAP4	0.7247	0.0000	0.0617	0.1667	GPI-N-acetylgalactosamine transferase PGAP4
IML1_small	0.7240	0.0000	0.0071	0.5833	IML1 small domain
ANAPC5	0.7237	0.0000	0.0511	0.6667	Anaphase-promoting complex subunit 5
PG_binding_1	0.7229	0.0000	0.0637	0.8333	Putative peptidoglycan binding domain
PAPA-1	0.7223	0.0000	0.0456	0.1667	PAPA-1-like conserved region
PGM_PMM_IV	0.7197	0.0000	0.0134	0.8333	Phosphoglucomutase/phosphomannomutase, C-terminal domain
Mannosidase_ig	0.7196	0.0000	0.0937	0.3333	Mannosidase Ig/CBM-like domain
Intu_longin_2	0.7196	0.0000	0.0937	0.3333	Intu longin-like domain 2
DREV	0.7191	0.0000	0.0168	0.6667	DREV methyltransferase
HTH_DNAJC9	0.7183	0.0000	0.0168	0.6667	DNAJC9 HTH domain
EGF_TEN	0.7182	0.0000	0.0533	0.5000	Teneurin EGF domain
PAD_porph	0.7180	0.0000	0.0698	0.2500	Porphyromonas-type peptidyl-arginine deiminase
PA	0.7177	0.0000	0.0281	0.1667	PA domain
HAT_PRP39_C	0.7173	0.0000	0.0385	0.6667	PRP39 C-terminal HAT repeat
Folliculin	0.7157	0.0000	0.0131	0.5833	Vesicle coat protein involved in Golgi to plasma membrane transport
HD_assoc_2	0.7141	0.0000	0.0685	0.6667	HD associated region
MMACHC	0.7141	0.0000	0.0685	0.6667	Methylmalonic aciduria and homocystinuria type C family
PIGO_PIGG	0.7141	0.0000	0.0685	0.6667	GPI ethanolamine phosphate transferase membrane region
Hpt	0.7141	0.0000	0.0685	0.6667	Hpt domain
TFIIIC_sub6	0.7141	0.0000	0.0685	0.6667	TFIIIC subunit triple barrel domain
CdiA_CT_tRNase	0.7141	0.0000	0.0685	0.6667	CdiA C-terminal tRNase toxin domain
DUF4457	0.7139	0.0000	0.0438	0.5833	Domain of unknown function (DUF4457)
TRAPPC10_C	0.7129	0.0000	0.0803	0.6667	TRAPPC10 C-terminal domain
ARM_UBR_1_2_3	0.7129	0.0000	0.0803	0.6667	UBR1/2/3-like ARM repeat domain
TPR_MLP1_2	0.7128	0.0000	0.1131	0.6667	TPR/MLP1/MLP2-like protein
AWS	0.7128	0.0000	0.1131	0.6667	AWS domain
Glyco_hydro_cc	0.7124	0.0000	0.0536	0.6667	Glycosyl hydrolase catalytic core
Sec20	0.7106	0.0000	0.0236	0.6667	Sec20
DUF3638	0.7105	0.0000	0.0102	0.3333	Protein of unknown function (DUF3638)
DUF3645	0.7105	0.0000	0.0102	0.3333	Protein of unknown function (DUF3645)
VPS53_C	0.7100	0.0000	0.0231	0.6667	Vacuolar protein sorting-associated protein 53 C-terminus
FtsZ_C	0.7096	0.0000	0.0555	0.6667	FtsZ family, C-terminal domain
YjbQ	0.7086	0.0000	0.0336	0.4167	UPF0047 protein YjbQ-like
Dzip-like_N	0.7086	0.0000	0.0102	0.4167	Iguana/Dzip1-like DAZ-interacting protein N-terminal
Na_sulph_symp	0.7075	0.0000	0.0611	0.1667	Sodium:sulfate symporter transmembrane region
INTS4_C	0.7063	0.0000	0.0606	0.4167	Integrator subunit 4 family C-terminal Ig-like domain
MGH1-like_GH	0.7054	0.0000	0.0439	0.5833	Mannosylglycerate hydrolase MGH1-like glycoside hydrolase domain
NAPRTase	0.7037	0.0000	0.0245	0.7500	Nicotinate phosphoribosyltransferase (NAPRTase) family
ATP-synt_Eps	0.7037	0.0000	0.0406	0.7500	Mitochondrial ATP synthase epsilon chain
Sterol_MT_C	0.7006	0.0000	0.0201	0.6667	Sterol methyltransferase C-terminal
NTPase_I-T	0.7006	0.0000	0.0201	0.6667	Protein of unknown function DUF84
COPI_assoc	0.7006	0.0000	0.0201	0.6667	COPI associated protein
HAP2-GCS1	0.6999	0.0000	0.0201	0.6667	Male gamete fusion factor
ATP_synt_H	0.6982	0.0000	0.0145	0.5000	ATP synthase subunit H
Glyco_hydro_130	0.6967	0.0000	0.1315	0.4167	beta-1,4-mannooligosaccharide phosphorylase
DUF6787	0.6955	0.0000	0.0337	0.5833	Family of unknown function (DUF6787)
UDPG_MGDP_dh_N	0.6942	0.0000	0.0366	0.1667	UDP-glucose/GDP-mannose dehydrogenase family, NAD binding domain
SH3-C_UBE2O	0.6939	0.0000	0.0934	0.5000	UBE2O, ubiquitin binding SH3-C domain
Tex_central_region	0.6918	0.0000	0.0372	0.6667	Tex central region-like
Hydant_A_C	0.6917	0.0000	0.0513	0.6667	Hydantoinase/oxoprolinase C-terminal domain
BRF1	0.6902	0.0000	0.0383	0.8333	Brf1-like TBP-binding domain
OTU1_UBXL	0.6893	0.0000	0.0285	0.6667	OTU1, UBXL domain
Cohesin_HEAT	0.6889	0.0000	0.0446	0.9167	HEAT repeat associated with sister chromatid cohesion
SSXT	0.6881	0.0000	0.0613	0.1667	SSXT protein (N-terminal region)
HARE-HTH	0.6881	0.0000	0.0613	0.1667	HB1, ASXL, restriction endonuclease HTH domain
PH_UBFD1_C	0.6881	0.0000	0.0613	0.1667	C-terminal PH-like domain in UBFD1
MOZART1	0.6881	0.0000	0.0613	0.1667	Mitotic-spindle organizing gamma-tubulin ring associated
DOPA_dioxygen	0.6881	0.0000	0.0613	0.1667	Dopa 4,5-dioxygenase family
Tom37	0.6881	0.0000	0.0613	0.1667	Outer mitochondrial membrane transport complex protein
SCI1_hairpin	0.6881	0.0000	0.0613	0.1667	Style cell-cycle inhibitor 1-like helix hairpin domain
IRK	0.6881	0.0000	0.0613	0.1667	Inward rectifier potassium channel transmembrane domain
DUF3429	0.6881	0.0000	0.0613	0.1667	Protein of unknown function (DUF3429)
HAUS6_N	0.6881	0.0000	0.0613	0.1667	HAUS augmin-like complex subunit 6 N-terminus
DOP1_C	0.6859	0.0000	0.0289	0.6667	DOP1 C-terminal
Fascin	0.6837	0.0000	0.0372	0.5833	Fascin domain
Acylphosphatase	0.6833	0.0000	0.0890	0.1667	Acylphosphatase
FIBP	0.6832	0.0000	0.0293	0.6667	Acidic fibroblast growth factor binding (FIBP)
DUF2046	0.6830	0.0000	0.0293	0.6667	Uncharacterized conserved protein H4 (DUF2046)
TerD	0.6829	0.0000	0.0293	0.6667	TerD domain
DDB_G0268226	0.6820	0.0000	0.1159	0.5833	Uncharacterised protein DDB_G0268226
DUF3825	0.6818	0.0000	0.0661	0.5833	Domain of unknown function (DUF3825)
DUF3752	0.6818	0.0000	0.0661	0.5833	Protein of unknown function (DUF3752)
PH_NISCH_C	0.6817	0.0000	0.1142	0.5000	Nischarin, C-terminal PH domain
DPBB_1	0.6816	0.0000	0.1085	0.5000	Lytic transglycolase
Apyrase	0.6795	0.0000	0.0377	0.3333	Apyrase
HI0933_like_1st	0.6789	0.0000	0.0719	0.2500	HI0933-like protein barrel and H2TH domain
HI0933_like	0.6789	0.0000	0.0719	0.2500	HI0933-like protein Rossmann domain
TPR_TTI1_2nd	0.6788	0.0000	0.0634	0.4167	TELO2-interacting protein 1 homologue second TPR domain
Upf2	0.6786	0.0000	0.1012	0.5833	Up-frameshift suppressor 2
RED_N	0.6786	0.0000	0.1012	0.5833	RED-like protein N-terminal region
Chromo_shadow	0.6778	0.0000	0.1016	0.5833	Chromo shadow domain
TPR_TTI1_C	0.6758	0.0000	0.1090	0.7500	TTI1 C-terminal TPR domain
CEMIP_X	0.6758	0.0000	0.1090	0.7500	CEMIP domain X
TRAPPC11_N	0.6758	0.0000	0.1090	0.7500	Trafficking protein particle complex subunit 11 N-terminal domain
HTH_44	0.6758	0.0000	0.1090	0.7500	Helix-turn-helix DNA-binding domain of SPT6
PIG-Y	0.6740	0.0000	0.0375	0.6667	Phosphatidylinositol N-acetylglucosaminyltransferase subunit Y
APS_kinase	0.6728	0.0000	0.0535	0.9167	Adenylylsulphate kinase
NUDT19_Nudix	0.6722	0.0000	0.0624	0.7500	NUDT19 Nudix domain
CDC27	0.6713	0.0000	0.0417	0.5000	DNA polymerase subunit Cdc27
Symplekin_C	0.6706	0.0000	0.0195	0.5833	Symplekin tight junction protein C terminal
Sec15_C	0.6675	0.0000	0.0512	0.7500	Exocyst complex subunit Sec15 C-terminal
DUF1294	0.6669	0.0000	0.0550	0.6667	Protein of unknown function (DUF1294)
DOCK_C-D_N	0.6668	0.0000	0.1078	0.4167	Dedicator of cytokinesis C/D, N terminal
Beta-prop_DCAF12	0.6658	0.0000	0.0900	0.7500	DDB1- and CUL4-associated factor 12 beta propeller
Peptidase_S49	0.6641	0.0000	0.0447	0.5833	Peptidase family S49
SnoaL_2	0.6635	0.0000	0.0486	0.3333	SnoaL-like domain
SH3-B_UBE2O	0.6630	0.0000	0.0521	0.5000	UBE2O, SH3-B domain
Tma16	0.6615	0.0000	0.0442	0.8333	Translation machinery-associated protein 16
OSCP	0.6612	0.0000	0.0220	0.6667	ATP synthase delta (OSCP) subunit
Med12-LCEWAV	0.6608	0.0000	0.1024	0.5000	Eukaryotic Mediator 12 subunit domain
Band_7_C	0.6604	0.0000	0.1032	0.0833	C-terminal region of band_7
Ig_NUP210_1st	0.6591	0.0000	0.1020	0.6667	NUP210 Ig-like domain 1
RNA_pol_Rpc82	0.6555	0.0000	0.0626	0.3333	RNA polymerase III subunit RPC82
Dimer_Tnp_hAT	0.6550	0.0000	0.0413	0.6667	hAT family C-terminal dimerisation region
YqaJ	0.6537	0.0000	0.0232	0.3333	YqaJ-like viral recombinase domain
VMA21	0.6535	0.0000	0.0288	0.6667	VMA21-like domain
ARM_Cnot1	0.6522	0.0000	0.0697	0.7500	Cnot1 ARM repeat
APG6	0.6507	0.0000	0.0304	0.6667	Apg6 BARA domain
FKBP15	0.6496	0.0000	0.0471	0.6667	FK506-binding protein 15-like domain
NTF2_SigF	0.6492	0.0000	0.1002	0.5833	SigF NTF2-like domain
Acetyltransf_4	0.6486	0.0000	0.0619	0.4167	Acetyltransferase (GNAT) domain
PIH1_CS	0.6475	0.0000	0.0185	0.6667	PIH1 CS-like domain
GYF_2	0.6472	0.0000	0.0893	0.8333	GYF domain 2
TrAA12	0.6471	0.0000	0.0897	0.4167	TrAA12-like
C2CD5_C	0.6466	0.0000	0.0185	0.6667	C2CD5, C-terminal domain
HEAT_PSME4	0.6466	0.0000	0.0481	0.3333	Proteasome activator complex subunit 4-like, HEAT repeat-like
HAD_SAK_1	0.6464	0.0000	0.0297	0.6667	HAD domain family 1 in Swiss Army Knife RNA repair proteins
CSTF2_hinge	0.6457	0.0000	0.0165	0.7500	Hinge domain of cleavage stimulation factor subunit 2
CUB	0.6447	0.0000	0.0334	0.1667	CUB domain
P_proprotein	0.6443	0.0000	0.0648	0.2500	Proprotein convertase P-domain
PARG_cat_microb	0.6443	0.0000	0.0648	0.2500	Microbial-type PARG, catalytic domain
DCX	0.6435	0.0000	0.0453	0.6667	Doublecortin
ACT	0.6434	0.0000	0.0651	0.1667	ACT domain
AAA_17	0.6434	0.0000	0.0331	0.5833	AAA domain
Glyco_hydro_71	0.6431	0.0000	0.0650	0.3333	Glycosyl hydrolase family 71
TELO2_ARM	0.6426	0.0000	0.0652	0.2500	TELO2 ARM repeat domain
Flavin_Reduct	0.6417	0.0000	0.0278	0.5833	Flavin reductase like domain
TauD	0.6399	0.0000	0.0383	0.1667	Taurine catabolism dioxygenase TauD, TfdA family
B12D	0.6383	0.0000	0.0575	0.5000	NADH-ubiquinone reductase complex 1 MLRQ subunit
Dimerisation	0.6364	0.0000	0.0482	0.6667	O-methyltransferase dimerisation domain
MMgT	0.6364	0.0000	0.0482	0.6667	Membrane magnesium transporter
PUA_4	0.6361	0.0000	0.0551	0.5000	RNA methyltransferase PUA domain
Spatacsin_C	0.6360	0.0000	0.1224	0.9167	Spatacsin C-terminus
RRM_ACIN1	0.6360	0.0000	0.0653	0.5833	ACIN1-like, RNA-recognition domain
CRIM	0.6360	0.0000	0.0653	0.5833	SAPK-interacting protein 1 (Sin1), middle CRIM domain
Glyco_tran_10_N	0.6354	0.0000	0.0892	0.5000	Fucosyltransferase, N-terminal
RMI2	0.6349	0.0000	0.0577	0.5000	RecQ-mediated genome instability protein 2
Bac_rhamnosid_C	0.6338	0.0000	0.0571	0.1667	Bacterial alpha-L-rhamnosidase C-terminal domain
WAPL	0.6338	0.0000	0.0571	0.1667	Wings apart-like protein regulation of heterochromatin
RRM_8	0.6328	0.0000	0.0222	0.5833	RRM-like domain
MBF1	0.6325	0.0000	0.0410	0.1667	Multiprotein bridging factor 1
HEAT_GCN1_C_2	0.6322	0.0000	0.0643	0.4167	Stalled ribosome sensor GCN1-like, HEAT repeats
EHD_N	0.6321	0.0000	0.0522	0.9167	N-terminal EH-domain containing protein
FYRC	0.6320	0.0000	0.0206	0.2500	F/Y rich C-terminus
NACHT	0.6317	0.0000	0.0435	0.4167	NACHT domain
TPR_17	0.6305	0.0000	0.0259	0.6667	Tetratricopeptide repeat
Fic	0.6301	0.0000	0.0219	0.5833	Fic/DOC family
CAF1A_acidic	0.6300	0.0000	0.0977	0.4167	Chromatin assembly factor 1 complex p150 subunit, acidic region
CIMR	0.6290	0.0000	0.0729	0.4167	Cation-independent mannose-6-phosphate receptor repeat
RAD24_helical	0.6286	0.0000	0.0646	0.4167	Checkpoint protein RAD24-like, helical bundle
PWI_CCDC43	0.6286	0.0000	0.0924	0.5833	CCDC43 PWI-like domain
DUF7646	0.6286	0.0000	0.0924	0.5833	Domain of unknown function (DUF7646)
Coprogen_oxidas	0.6285	0.0000	0.0782	0.7500	Coproporphyrinogen III oxidase
Nucleotid_trans	0.6285	0.0000	0.0277	0.6667	Nucleotide-diphospho-sugar transferase
DUF5898	0.6284	0.0000	0.0923	0.5000	Family of unknown function (DUF5898)
UCR_UQCRX_QCR9	0.6265	0.0000	0.0896	0.4167	Cytochrome b-c1 complex subunit 9
NPC1_N	0.6262	0.0000	0.0384	0.7500	Niemann-Pick C1 N terminus
Galactosyl_T	0.6262	0.0000	0.0660	0.4167	Galactosyltransferase
Cyclase	0.6258	0.0000	0.0662	0.1667	Putative cyclase
Pre-SET	0.6251	0.0000	0.0834	0.5833	Pre-SET motif
HGSNAT_cat	0.6249	0.0000	0.0662	0.5833	Heparan-alpha-glucosaminide N-acetyltransferase, catalytic
MPAB_Lcp_cat	0.6240	0.0000	0.0672	0.2500	ER-bound oxygenase mpaB/B'/Rubber oxygenase, catalytic domain
E1_4HB	0.6233	0.0000	0.0804	0.5000	Ubiquitin-activating enzyme E1 four-helix bundle
WS_DGAT_cat	0.6229	0.0000	0.0417	0.3333	Wax ester synthase/diacylglycerol acyltransferase catalytic domain
WS_DGAT_C	0.6229	0.0000	0.0417	0.3333	WS/DGAT C-terminal domain
Cnn_1N	0.6223	0.0000	0.0915	0.5000	Centrosomin N-terminal motif 1
POT1	0.6197	0.0000	0.0713	0.4167	Telomeric single stranded DNA binding POT1/CDC13
KBP_C	0.6181	0.0000	0.0480	0.5000	KIF-1 binding protein C terminal
Ig_TPPC8_C	0.6172	0.0000	0.0609	0.6667	TPPC8 C-terminal Ig-like domain
bZIP_2	0.6166	0.0000	0.0646	0.7500	Basic region leucine zipper
MACPF	0.6151	0.0000	0.0486	0.5000	MAC/Perforin domain
ADI	0.6145	0.0000	0.0365	0.6667	Arginine deiminase
DUF1749	0.6144	0.0000	0.0506	0.3333	Protein of unknown function (DUF1749)
NOMO1-like_1st	0.6143	0.0000	0.1208	0.7500	BOS complex subunit NOMO1-like, first beta sandwich domain
Ski2_N	0.6143	0.0000	0.1208	0.7500	Ski2 N-terminal region
WHD_UBR1	0.6143	0.0000	0.1208	0.7500	E3 ubiquitin-protein ligase UBR1-like, winged-helix domain
SPG48	0.6143	0.0000	0.1208	0.7500	AP-5 complex subunit, vesicle trafficking
TraB_PrgY_gumN	0.6143	0.0000	0.1208	0.7500	TraB/PrgY/gumN family
AP-5_subunit_s1	0.6143	0.0000	0.1208	0.7500	AP-5 complex subunit sigma-1
HGTP_anticodon2	0.6143	0.0000	0.1208	0.7500	Anticodon binding domain of tRNAs
Med13_C	0.6143	0.0000	0.1208	0.7500	Mediator complex subunit 13 C-terminal domain
ARM_UBP24_USP9X-Y	0.6143	0.0000	0.1208	0.7500	UBP24/USP9X/USP9Y ARM repeat
Htt_N-HEAT_1	0.6143	0.0000	0.1208	0.7500	Huntingtin, N-terminal HEAT 1
XRCC1_N	0.6143	0.0000	0.1208	0.7500	XRCC1 N terminal domain
Ig_NOMO	0.6143	0.0000	0.1208	0.7500	NOMO Ig-like domain
UPF1_1B_dom	0.6143	0.0000	0.1208	0.7500	RNA helicase UPF1, 1B domain
EFR3_ARM	0.6140	0.0000	0.0365	0.6667	EFR3, armadillo repeat
EF_assoc_2	0.6137	0.0000	0.0788	0.6667	EF hand associated
HEM4	0.6133	0.0000	0.0757	0.5833	Uroporphyrinogen-III synthase HemD
Rpp20	0.6126	0.0000	0.0296	0.3333	Rpp20 subunit of nuclear RNase MRP and P
TAD3_N	0.6121	0.0000	0.0379	0.4167	tRNA-specific adenosine deaminase TAD3 N-terminal domain
PKS_DH_N	0.6117	0.0000	0.0457	0.6667	Polyketide synthase dehydratase domain
NLPC_P60	0.6117	0.0000	0.0457	0.6667	NlpC/P60 family
KR	0.6117	0.0000	0.0457	0.6667	KR domain
PhoPQ_related	0.6117	0.0000	0.0457	0.6667	PhoPQ-activated pathogenicity-related protein
LANC_like	0.6110	0.0000	0.0489	0.4167	Lanthionine synthetase C-like protein
Acatn	0.6104	0.0000	0.0274	0.6667	Acetyl-coenzyme A transporter 1
COMMD8_HN	0.6094	0.0000	0.0513	0.5000	COMMD8, helical N-terminal domain
Acetyltransf_2	0.6091	0.0000	0.0324	0.6667	N-acetyltransferase
DUF218	0.6086	0.0000	0.1051	0.7500	DUF218 domain
FYRN	0.6079	0.0000	0.0277	0.3333	F/Y-rich N-terminus
Nuf2_DHR10-like	0.6064	0.0000	0.1002	0.4167	Nuf2, DHR10-like domain
SUZ	0.6064	0.0000	0.1002	0.4167	SUZ domain
NosD	0.6063	0.0000	0.0184	0.5833	Periplasmic copper-binding protein (NosD)
CRCB	0.6062	0.0000	0.0202	0.2500	CrcB-like protein, Camphor Resistance (CrcB)
RecA_C	0.6046	0.0000	0.0558	0.5833	RecA C-terminal domain
PH_RBD	0.6044	0.0000	0.0273	0.6667	Rab-binding domain (RBD)
Phosphoesterase	0.6040	0.0000	0.0401	0.2500	Phosphoesterase family
Hid1	0.6040	0.0000	0.0401	0.2500	High-temperature-induced dauer-formation protein
Gryzun-like	0.6038	0.0000	0.0264	0.6667	TRAPPC11 C-terminal domain
DUF8773	0.6031	0.0000	0.0909	0.3333	Domain of unknown function (DUF8773)
WD40_WDHD1_1st	0.6031	0.0000	0.0909	0.3333	WDHD1 first WD40 domain
Vault_2	0.6030	0.0000	0.0346	0.6667	Major Vault Protein repeat domain
PA28_C	0.6030	0.0000	0.0346	0.6667	Proteasome activator PA28, C-terminal
Vault_4	0.6030	0.0000	0.0346	0.6667	Major Vault Protein repeat domain
DUF2804	0.6029	0.0000	0.0289	0.6667	Domain of unknown function (DUF2804)
DUF4062	0.6028	0.0000	0.0346	0.6667	Domain of unknown function (DUF4062)
Pacs-1	0.6024	0.0000	0.0363	0.6667	PACS-1 cytosolic sorting protein
Tetraspanin	0.6001	0.0000	0.0146	0.8333	Tetraspanin family
ATPase_2	0.6000	0.0000	0.0458	0.3333	ATPase domain predominantly from Archaea
Nuc_sug_transp	0.5981	0.0000	0.0469	0.5833	Nucleotide-sugar transporter
TPR_TNPO3_IPO13_2nd	0.5976	0.0000	0.0525	0.5000	Transportin-3/Importin-13 second TPR domain
YfaP_C	0.5971	0.0000	0.0452	0.4167	YfaP C-terminal domain
TERT_C	0.5947	0.0000	0.0484	0.3333	Telomerase reverse transcriptase, C-terminal extension
TMTC_DUF1736	0.5941	0.0000	0.0343	0.6667	Protein O-mannosyl-transferase TMTC, DUF1736
Gpr1_Fun34_YaaH	0.5941	0.0000	0.0309	0.1667	GPR1/FUN34/yaaH family
DAP_epimerase	0.5937	0.0000	0.0261	0.6667	Diaminopimelate epimerase
Nup98_GLEBS	0.5924	0.0000	0.0948	0.4167	Nup98, Gle2-binding sequence
LMF1_C	0.5879	0.0000	0.1107	0.7500	Lipase maturation factor C-terminal domain
AhpC-TSA_2	0.5879	0.0000	0.1107	0.7500	AhpC/TSA antioxidant enzyme
CD36	0.5879	0.0000	0.1107	0.7500	CD36 family
MoeA_C	0.5879	0.0000	0.1107	0.7500	MoeA C-terminal region (domain IV)
FAA_hydrolase_N	0.5879	0.0000	0.1107	0.7500	Fumarylacetoacetase N-terminal
MoCF_biosynth	0.5879	0.0000	0.1107	0.7500	Probable molybdopterin binding domain
MoeA_N	0.5879	0.0000	0.1107	0.7500	MoeA N-terminal region (domain I and II)
RT_RNaseH_2	0.5877	0.0000	0.1040	0.6667	RNase H-like domain found in reverse transcriptase
Mrr_cat	0.5860	0.0000	0.0440	0.5833	Restriction endonuclease
Ribophorin_II_2nd	0.5858	0.0000	0.0674	0.5833	Ribophorin II second domain
TPR_TEX10	0.5856	0.0000	0.0679	0.5833	TEX10-like, TPR repeats
Sec61_beta	0.5833	0.0000	0.0297	0.5000	Sec61beta family
Ig_NUP210_4th	0.5811	0.0000	0.0498	0.6667	NUP210 forth Ig-like domain
Beta-lactamase2	0.5811	0.0000	0.0498	0.6667	Beta-lactamase enzyme family
DOLK	0.5783	0.0000	0.0726	0.4167	Dolichol kinase
OPA3	0.5780	0.0000	0.0264	0.6667	Optic atrophy 3 protein (OPA3)
Tim44	0.5766	0.0000	0.1873	0.3333	Tim44-like domain
MRP-S33	0.5752	0.0000	0.0472	0.5833	Mitochondrial ribosomal subunit S27
BetaGal_ABD_1	0.5748	0.0000	0.0752	0.5000	Beta-galactosidase, first all-beta domain
DUF1348	0.5721	0.0000	0.0483	0.5833	Protein of unknown function (DUF1348)
Sulfatase	0.5717	0.0000	0.0283	0.2500	Sulfatase
RRM_11	0.5709	0.0000	0.1041	0.2500	RRM domain
DUF924	0.5705	0.0000	0.0397	0.2500	Bacterial protein of unknown function (DUF924)
SIP5_N	0.5683	0.0000	0.0414	0.4167	SIP5 protein N-terminal domain
DHHA2	0.5683	0.0000	0.0427	0.1667	DHHA2 domain
TPR_TRIP12_N	0.5681	0.0000	0.0198	0.5833	E3 ubiquitin-protein ligase TRIP12-like, TPR repeats
Peptidase_S24	0.5655	0.0000	0.0200	0.6667	Peptidase S24-like
Vps36_ESCRT-II	0.5653	0.0000	0.0268	0.6667	Vacuolar protein sorting protein 36 Vps36
Fer4_7	0.5646	0.0000	0.0687	0.9167	4Fe-4S dicluster domain
Acid_PPase	0.5621	0.0000	0.0565	0.1667	Acid Phosphatase
TMEM70	0.5584	0.0000	0.0282	0.2500	TMEM70/TMEM186/TMEM223 protein family
Fes1	0.5573	0.0000	0.0600	0.7500	Nucleotide exchange factor Fes1
LAIKA	0.5572	0.0000	0.0724	0.5833	LAIKA domain
DBC1	0.5572	0.0000	0.0724	0.5833	DBC1
BetaGal_gal-bd	0.5562	0.0000	0.0484	0.5833	Beta-galactosidase, galactose-binding domain
K_trans	0.5559	0.0000	0.0547	0.4167	K+ potassium transporter integral membrane domain
PAN_4	0.5559	0.0000	0.0547	0.4167	PAN domain
K_trans_C	0.5559	0.0000	0.0547	0.4167	K+ potassium transporter C-terminal domain
Zn_ribbon_19	0.5555	0.0000	0.0567	0.5833	zinc-ribbon
Amidohydro_3	0.5543	0.0000	0.0360	0.1667	Amidohydrolase family
CYTH	0.5529	0.0000	0.0224	0.8333	CYTH domain
RSB_motif	0.5519	0.0000	0.0817	0.4167	RNSP1-SAP18 binding (RSB) motif
VCPO_2nd	0.5512	0.0000	0.0634	0.5833	VCPO second helical-bundle domain
HutD	0.5512	0.0000	0.0634	0.5833	HutD
NYN	0.5511	0.0000	0.0410	0.6667	NYN domain
Notch	0.5511	0.0000	0.0410	0.6667	LNR domain
PNP_phzG_C	0.5511	0.0000	0.0410	0.6667	Pyridoxine 5'-phosphate oxidase C-terminal dimerisation region
Beta-prop_EML_2	0.5492	0.0000	0.0221	0.5833	Echinoderm microtubule-associated protein second beta-propeller
Med23	0.5491	0.0000	0.1273	0.4167	Mediator complex subunit 23
RPA_interact_C	0.5488	0.0000	0.0247	0.0833	Replication protein A interacting C-terminal
TMEM131_like_N	0.5448	0.0000	0.0441	0.5833	Transmembrane protein 131-like N-terminal
PAC4	0.5447	0.0000	0.0362	0.5833	Proteasome assembly chaperone 4
R3H-assoc	0.5421	0.0000	0.0331	0.6667	R3H-associated N-terminal domain
Ccdc124	0.5421	0.0000	0.0331	0.6667	Coiled-coil domain-containing protein 124 /Oxs1
CAF1A_dimeriz	0.5418	0.0000	0.0331	0.6667	Chromatin assembly factor 1 subunit A dimerization domain
DUF726	0.5418	0.0000	0.0331	0.6667	Protein of unknown function (DUF726)
BioY	0.5413	0.0000	0.0480	0.5833	BioY family
HIRA_B	0.5410	0.0000	0.0527	0.5000	HIRA B motif
FAF1	0.5402	0.0000	0.0295	0.6667	Fas-associated factor 1
FUN14	0.5377	0.0000	0.0302	0.6667	FUN14 family
COQ7	0.5374	0.0000	0.0400	0.5833	Ubiquinone biosynthesis protein COQ7
Nup192	0.5374	0.0000	0.0450	0.5833	Nuclear pore complex scaffold, nucleoporins 186/192/205
AT_hook	0.5372	0.0000	0.0439	0.5833	AT hook motif
Mut7-C	0.5363	0.0000	0.1411	0.0833	Mut7-C RNAse domain
Homeodomain	0.5354	0.0000	0.1326	0.7500	Homeodomain
TANGO6_N	0.5354	0.0000	0.0439	0.5833	TANGO6 N-terminal domain
Acetyltransf_10	0.5348	0.0000	0.0528	0.8333	Acetyltransferase (GNAT) domain
Vezatin	0.5325	0.0000	0.0443	0.5833	Mysoin-binding motif of peroxisomes
CLEC16A_helical	0.5320	0.0000	0.0432	0.5833	CLEC16A helical domain
MRP-L46	0.5319	0.0000	0.0114	0.5000	39S mitochondrial ribosomal protein L46
PUB	0.5308	0.0000	0.0699	0.0833	PUB domain
RPA_C	0.5308	0.0000	0.0699	0.0833	Replication protein A C terminal
PheRS_DBD1	0.5308	0.0000	0.0699	0.0833	PheRS DNA binding domain 1
PQQ_2	0.5306	0.0000	0.0359	0.1667	Outer membrane protein assembly factor BamB
T4_Rnl2_C	0.5304	0.0000	0.0698	0.0833	T4 RNA ligase 2 C-terminal
NTP_transf_2	0.5300	0.0000	0.0697	0.0833	Nucleotidyltransferase domain
SpoU_sub_bind	0.5293	0.0000	0.0232	0.6667	RNA 2'-O ribose methyltransferase substrate binding
DNAPKcs_CC3	0.5288	0.0000	0.0208	0.6667	DNA-dependent protein kinase catalytic subunit, CC3
zf-HC5HC2H_2	0.5270	0.0000	0.0172	0.6667	PHD-zinc-finger like domain
DUF5054	0.5264	0.0000	0.0567	0.1667	Domain of unknown function (DUF5054)
DUF5127	0.5264	0.0000	0.0567	0.1667	Domain of unknown function (DUF5127)
CDT1	0.5264	0.0000	0.0567	0.1667	DNA replication factor CDT1 like
GST_C_7	0.5264	0.0000	0.0567	0.1667	Glutathione S-transferase, C-terminal domain
NUDIX-like	0.5264	0.0000	0.0567	0.1667	NADH pyrophosphatase-like rudimentary NUDIX domain
DUF4246_N	0.5264	0.0000	0.0567	0.1667	Domain of unknown function DUF4246, N-terminal
Cu_amine_oxid	0.5264	0.0000	0.0567	0.1667	Copper amine oxidase, enzyme domain
TPX2	0.5264	0.0000	0.0567	0.1667	Targeting protein for Xklp2 (TPX2) domain
FAD_oxidored	0.5264	0.0000	0.0567	0.1667	FAD dependent oxidoreductase
DUF4874	0.5264	0.0000	0.0567	0.1667	Domain of unknown function (DUF4874)
Ring_hydroxyl_A	0.5264	0.0000	0.0567	0.1667	Ring hydroxylating alpha subunit (catalytic domain)
DUF4964	0.5264	0.0000	0.0567	0.1667	Domain of unknown function (DUF4964)
DUF4385	0.5264	0.0000	0.0567	0.1667	Domain of unknown function (DUF4385)
WHD_MCM7	0.5264	0.0000	0.0567	0.1667	DNA replication licensing factor MCM7, winged helix
Hva1_TUDOR	0.5264	0.0000	0.0567	0.1667	Hypervirulence associated proteins TUDOR domain
Ferritin_2	0.5264	0.0000	0.0567	0.1667	Ferritin-like domain
S8_pro-domain	0.5264	0.0000	0.0567	0.1667	Peptidase S8 pro-domain
Cyclin_D1_bind	0.5264	0.0000	0.0567	0.1667	Cyclin D1 binding domain
Bac_rhodopsin	0.5264	0.0000	0.0567	0.1667	Bacteriorhodopsin-like protein
PBC	0.5264	0.0000	0.0567	0.1667	PBC domain
DIT1_PvcA	0.5264	0.0000	0.0567	0.1667	Pyoverdine/dityrosine biosynthesis protein
Cript	0.5264	0.0000	0.0567	0.1667	Microtubule-associated protein CRIPT
Thaumatin	0.5264	0.0000	0.0567	0.1667	Thaumatin family
Inhibitor_I9	0.5264	0.0000	0.0567	0.1667	Peptidase inhibitor I9
DUF1746	0.5264	0.0000	0.0567	0.1667	Fungal domain of unknown function (DUF1746)
UPF0176_N	0.5264	0.0000	0.0567	0.1667	UPF0176 acylphosphatase like domain
Rng_hyd_C	0.5264	0.0000	0.0567	0.1667	Aromatic-ring hydroxylase, C-terminal
Pirin_C_2	0.5264	0.0000	0.0567	0.1667	Quercetinase C-terminal cupin domain
Cytokin_check_N	0.5264	0.0000	0.0567	0.1667	Cdc14 phosphatase binding protein N-terminus
Cu_amine_oxidN2	0.5264	0.0000	0.0567	0.1667	Copper amine oxidase, N2 domain
Reductase_C	0.5264	0.0000	0.0567	0.1667	Reductase C-terminal
YDMC	0.5264	0.0000	0.0567	0.1667	Oxidoreductase/YMDC permease-like domain
Haem_oxygenas_2	0.5264	0.0000	0.0567	0.1667	Iron-containing redox enzyme
Ribosomal_L39	0.5259	0.0000	0.0281	0.5000	Ribosomal L39 protein
Glyco_transf_64	0.5225	0.0000	0.0320	0.1667	Glycosyl transferase family 64 domain
DNAPKcs_CC5	0.5210	0.0000	0.0219	0.6667	DNA-PKcs, CC5
TPR_Nup160_C	0.5206	0.0000	0.0700	0.4167	Nup160 C-terminal TPR
Cgr1	0.5206	0.0000	0.0700	0.4167	Cgr1 family
Pyr_excise	0.5206	0.0000	0.0700	0.4167	Pyrimidine dimer DNA glycosylase
Transferase	0.5196	0.0000	0.0184	0.4167	Transferase family
DUF4140	0.5192	0.0000	0.0370	0.1667	N-terminal domain of unknown function (DUF4140)
MBIP_C	0.5191	0.0000	0.0441	0.5833	MAP3K12-binding inhibitory protein C-terminal domain
Transglut_core2	0.5179	0.0000	0.0655	0.1667	Transglutaminase-like superfamily
GtaA_6_Hairpin	0.5179	0.0000	0.0655	0.1667	Glutaminase A six helical-hairpin domain
SLT_3	0.5179	0.0000	0.0655	0.1667	Lysozyme like domain
DHDPS	0.5179	0.0000	0.0655	0.1667	Dihydrodipicolinate synthetase family
Glyco_hydro_43	0.5179	0.0000	0.0655	0.1667	Glycosyl hydrolases family 43
FOL3_C	0.5169	0.0000	0.1116	0.4167	Dihydrofolate synthetase, C-terminal domain
NAD_binding_3	0.5166	0.0000	0.0171	0.2500	Homoserine dehydrogenase, NAD binding domain
ThrE_2	0.5156	0.0000	0.0608	0.5000	Threonine/Serine exporter, ThrE
Mitofilin	0.5119	0.0000	0.0453	0.5833	Mitochondrial inner membrane protein
Neurobeachin	0.5119	0.0000	0.0453	0.5833	Neurobeachin alpha solenoid region
zf-CDGSH	0.5114	0.0000	0.0927	0.5833	Iron-binding zinc finger CDGSH type
Nucleoprot-TPR	0.5112	0.0000	0.0357	0.2500	Nucleoprotein TPR-like domain
SpoIIE	0.5099	0.0000	0.0218	0.2500	Stage II sporulation protein E (SpoIIE)
CarboxypepD_reg	0.5086	0.0000	0.0542	0.3333	Carboxypeptidase regulatory-like domain
OmdA	0.5081	0.0000	0.0409	0.4167	Bacteriocin-protection, YdeI or OmpD-Associated
GDH_2nd	0.5077	0.0000	0.0764	0.6667	NAD-specific glutamate dehydrogenase, second domain
TPR_24	0.5073	0.0000	0.0029	0.4167	Pentatricopeptide repeat-containing protein
DHOase	0.5063	0.0000	0.1366	0.7500	Dihydro-orotase-like
ELYS	0.5059	0.0000	0.0342	0.3333	Nuclear pore complex assembly
PHD-1st_NSD	0.5052	0.0000	0.1396	0.7500	Histone-lysine N-methyltransferase NSD-like, PHD zinc finger 1
FoP_duplication	0.5052	0.0000	0.0026	0.4167	C-terminal duplication domain of Friend of PRMT1
GAF_2	0.5047	0.0000	0.0020	0.3333	GAF domain
MG2	0.5047	0.0000	0.0516	0.1667	MG2 domain
Glyco_transf_34	0.5047	0.0000	0.0516	0.1667	galactosyl transferase GMA12/MNN10 family
Ferritin	0.5047	0.0000	0.0516	0.1667	Ferritin-like domain
EST1_DNA_bind	0.5047	0.0000	0.0516	0.1667	Est1 DNA/RNA binding domain
DUF7599	0.5047	0.0000	0.0516	0.1667	Domain of unknown function (DUF7599)
LBP_BPI_CETP	0.5047	0.0000	0.0516	0.1667	LBP / BPI / CETP family, N-terminal domain
SANTA	0.5047	0.0000	0.0516	0.1667	SANTA (SANT Associated)
HAUS-augmin3	0.5047	0.0000	0.0516	0.1667	HAUS augmin-like complex subunit 3
FANCI_HD1	0.5047	0.0000	0.0516	0.1667	FANCI helical domain 1
SDF	0.5047	0.0000	0.0516	0.1667	Sodium:dicarboxylate symporter family
Methyltransf_21	0.5046	0.0000	0.0021	0.2500	Methyltransferase FkbM domain
Maelstrom	0.5045	0.0000	0.0232	0.3333	piRNA pathway germ-plasm component
Mur_ligase_M	0.5042	0.0000	0.0020	0.2500	Mur ligase middle domain
PhoD	0.5031	0.0000	0.0018	0.1667	PhoD-like phosphatase
SLFN_AlbA_2	0.5029	0.0000	0.0012	0.3333	Schlafen, AlbA_2
ANCHR-like_BBOX	0.5027	0.0000	0.0012	0.5000	ANCHR-like B-box zinc-binding domain
BMT5-like	0.5022	0.0000	0.0014	0.4167	rRNA (uridine-N3-)-methyltransferase BTM5-like
EndIII_4Fe-2S	0.5020	0.0000	0.0215	0.2500	Iron-sulfur binding domain of endonuclease III
TBCC_N	0.5011	0.0000	0.0236	0.5833	Tubulin-specific chaperone C N-terminal domain
TPR_TTI1_N	0.5007	0.0000	0.0383	0.5833	TTI1 N-terminal TPR domain
AP4E_app_platf	0.5007	0.0000	0.0177	0.1667	Adaptin AP4 complex epsilon appendage platform
DDT	0.5000	0.0000	0.0000	0.5000	DDT domain
GFO_IDH_MocA_C3	0.5000	0.0000	0.0014	0.3333	GFO/IDH/MocA C-terminal domain
zf-RING_5	0.5000	0.0000	0.0000	0.7500	zinc-RING finger domain
Ydr279_N	0.5000	0.0000	0.0000	0.6667	Ydr279p protein triple barrel domain
TMA7	0.5000	0.0000	0.0005	0.5833	Translation machinery associated TMA7
RecA_N	0.5000	0.0000	0.0160	0.5833	RecA N-terminal domain
PAC3	0.5000	0.0000	0.0000	0.6667	Proteasome assembly chaperone 3
Kdo	0.5000	0.0000	0.0000	0.3333	Lipopolysaccharide kinase (Kdo/WaaP) family
AA_permease	0.4993	0.0000	0.0009	0.5833	Amino acid permease
SDA1_dom	0.4993	0.0000	0.0011	0.5000	SDA1, conserved domain
PH_12	0.4989	0.0000	0.0013	0.0833	Pleckstrin homology domain
NUP50	0.4989	0.0000	0.0009	0.4167	NUP50 (Nucleoporin 50 kDa)
EHN	0.4988	0.0000	0.0515	0.1667	Epoxide hydrolase N terminus
zf-TRM13_CCCH	0.4986	0.0000	0.0473	0.4167	CCCH zinc finger in TRM13 protein
DUF543	0.4983	0.0000	0.0457	0.2500	Domain of unknown function (DUF543)
EGF_laminin	0.4981	0.0000	0.0227	0.6667	Laminin EGF domain
Beta_elim_lyase	0.4977	0.0000	0.0017	0.5000	Beta-eliminating lyase
EnY2	0.4967	0.0000	0.0018	0.5000	Transcription factor e(y)2
Beta-prop_EML	0.4960	0.0000	0.0016	0.2500	Echinoderm microtubule-associated protein first beta-propeller
DNAPKcs_CC1-2	0.4959	0.0000	0.0427	0.6667	DNA-dependent protein kinase catalytic subunit, CC1/2
Peptidase_C15	0.4954	0.0000	0.0263	0.6667	Pyroglutamyl peptidase
zf-CCCH_3	0.4952	0.0000	0.0600	0.4167	Zinc-finger containing family
C2_GDE1	0.4944	0.0000	0.0670	0.5833	GDE1-like C2 domain
Med24_N	0.4944	0.0000	0.0670	0.5833	Mediator complex subunit 24 N-terminal
Ubiquitin_3	0.4943	0.0000	0.0666	0.5833	Ubiquitin-like domain
DUF5918	0.4943	0.0000	0.0666	0.5833	Family of unknown function (DUF5918)
RHD_RETREG1-3	0.4943	0.0000	0.0666	0.5833	RETREG1-3/ARL6IP-like, N-terminal reticulon-homology domain
RBD	0.4943	0.0000	0.0666	0.5833	Raf-like Ras-binding domain
NUP160_helical	0.4942	0.0000	0.0751	0.5833	Nucleoporin NUP160, helical domain
HTH_CHD6-9	0.4941	0.0000	0.0713	0.5000	Chromodomain-helicase-DNA-binding protein 6-9, tri-helical
SAM_PNT	0.4940	0.0000	0.0753	0.5833	Sterile alpha motif (SAM)/Pointed domain
Tweety	0.4940	0.0000	0.0753	0.5833	Tweety
Neurochondrin	0.4940	0.0000	0.0753	0.5833	Neurochondrin
RAMP4	0.4931	0.0000	0.0242	0.5000	Ribosome associated membrane protein RAMP4
HMG_box_2	0.4929	0.0000	0.0030	0.2500	HMG-box domain
UT	0.4924	0.0000	0.0418	0.5833	Urea transporter
FERM_N	0.4920	0.0000	0.0520	0.6667	FERM N-terminal domain
SERRATE_Ars2_N	0.4909	0.0000	0.1493	0.8333	SERRATE/Ars2, N-terminal domain
zf-RING-like	0.4907	0.0000	0.0843	0.3333	RING-like domain
GAS2	0.4903	0.0000	0.0393	0.5833	Growth-Arrest-Specific Protein 2 Domain
S1_RRP5	0.4902	0.0000	0.0641	0.5000	RRP5 S1 domain
HAND	0.4897	0.0000	0.0305	0.6667	HAND
PI3K_1B_p101	0.4887	0.0000	0.0416	0.5000	Phosphoinositide 3-kinase gamma adapter protein p101 subunit
ANF_receptor	0.4879	0.0000	0.0562	0.7500	Receptor family ligand binding region
HHH_9	0.4872	0.0000	0.0578	0.2500	HHH domain
DUF5920	0.4862	0.0000	0.0744	0.5833	Domain of unknown function (DUF5920)
Arm_2	0.4862	0.0000	0.0744	0.5833	Armadillo-like
APAF1_C	0.4862	0.0000	0.0744	0.5833	APAF-1 helical domain
LIN52	0.4862	0.0000	0.0744	0.5833	Retinal tissue protein
TMD0_ABC	0.4862	0.0000	0.0744	0.5833	ABC transporter TMD0 domain
NOMO_5th	0.4862	0.0000	0.0746	0.4167	NOMO fifth transthyretin-like domain
MGS	0.4859	0.0000	0.1419	0.7500	MGS-like domain
DUF4397	0.4850	0.0000	0.0743	0.5000	Domain of unknown function (DUF4397)
KPWE_dom	0.4833	0.0000	0.0547	0.6667	PEX14-like KPWE domain
NAGLU	0.4833	0.0000	0.0547	0.6667	Alpha-N-acetylglucosaminidase (NAGLU) tim-barrel domain
NAGLU_C	0.4833	0.0000	0.0547	0.6667	Alpha-N-acetylglucosaminidase (NAGLU) C-terminal domain
Cyto_heme_lyase	0.4833	0.0000	0.0547	0.6667	Cytochrome c/c1 heme lyase
NELF-A_N	0.4833	0.0000	0.0547	0.6667	NELF-A N-terminal domain
NAGLU_N	0.4833	0.0000	0.0547	0.6667	Alpha-N-acetylglucosaminidase (NAGLU) N-terminal domain
Npa1	0.4832	0.0000	0.0280	0.5000	Ribosome 60S biogenesis N-terminal
Htt_C-HEAT	0.4826	0.0000	0.1432	0.7500	Huntingtin, C-terminal HEAT
Zn_ribbon_RPAB4	0.4808	0.0000	0.0245	0.5000	DNA directed RNA polymerase, 7 kDa subunit
TPR_INTS8_3	0.4808	0.0000	0.0441	0.5833	Integrator complex subunit 8, TPR repeats
DNAI3_WD	0.4807	0.0000	0.0628	0.3333	Dynein axonemal intermediate chain 3 WD40 domain
RAI16-like	0.4802	0.0000	0.1437	0.7500	Retinoic acid induced 16-like protein
UFL1	0.4799	0.0000	0.1352	0.6667	E3 UFM1-protein ligase 1-like domain
SEC-C	0.4799	0.0000	0.1438	0.7500	SEC-C motif
DYH2-5-8_CC	0.4793	0.0000	0.0278	0.0833	Dynein axonemal heavy chain 2/5/8 coiled-coil
TEX47	0.4792	0.0000	0.0278	0.0833	Testis-expressed protein 47
Rdx	0.4790	0.0000	0.0245	0.1667	Rdx family
WHD_BLACT	0.4767	0.0000	0.0374	0.6667	Beta-lactamase associated winged helix domain
RNase_H2-Ydr279	0.4766	0.0000	0.0178	0.5833	Ydr279p protein family (RNase H2 complex component) wHTH domain
DUF7869	0.4761	0.0000	0.0419	0.1667	Domain of unknown function (DUF7869)
Dioxygenase_C	0.4761	0.0000	0.0419	0.1667	Dioxygenase
Ribosomal_L34	0.4746	0.0000	0.1705	0.6667	Ribosomal protein L34
HOOK	0.4746	0.0000	0.1705	0.6667	HOOK protein coiled-coil region
CDC73_N	0.4746	0.0000	0.1705	0.6667	Paf1 complex subunit CDC73 N-terminal
HOOK_N	0.4746	0.0000	0.1705	0.6667	HOOK domain
DUF908	0.4746	0.0000	0.1705	0.6667	Domain of Unknown Function (DUF908)
PH_PLEKHM2	0.4745	0.0000	0.1703	0.6667	PLEKHM2 PH domain-like
Beta-prop_Nup120_160	0.4745	0.0000	0.1703	0.6667	Nucleoporin Nup120/160, beta-propeller domain
Thioredox_PDIA6_C	0.4745	0.0000	0.1703	0.6667	PDIA6-like, C-terminal thioredoxin-like domain
SGTA_dimer	0.4745	0.0000	0.1703	0.6667	Homodimerisation domain of SGTA
ABC_ATPase	0.4745	0.0000	0.0291	0.1667	P-loop domain
SYNRG_C	0.4743	0.0000	0.0622	0.5833	Synergin gamma, C-terminal domain
ANAPC4	0.4743	0.0000	0.0622	0.5833	Anaphase-promoting complex, cyclosome, subunit 4
YecM	0.4743	0.0000	0.0622	0.5833	YecM protein
Beta-prop_DCAF4	0.4743	0.0000	0.0622	0.5833	DDB1- and CUL4-associated factor 4 beta-propeller domain
DUF6851	0.4743	0.0000	0.0622	0.5833	Domain of unknown function (DUF6851)
Polysacc_lyase	0.4734	0.0000	0.0908	0.3333	Polysaccharide lyase
RMI1_C	0.4734	0.0000	0.0908	0.3333	Recq-mediated genome instability protein 1, C-terminal OB-fold
Zn_ribbon_IFT122	0.4732	0.0000	0.0337	0.0833	IFT122, zinc ribbon domain
UDPG_MGDP_dh_C	0.4732	0.0000	0.0337	0.0833	UDP-glucose/GDP-mannose dehydrogenase family, UDP binding domain
Med28	0.4729	0.0000	0.1698	0.6667	Mediator complex subunit 28
Uso1_p115_head	0.4729	0.0000	0.1698	0.6667	Uso1 / p115 like vesicle tethering protein, head region
ASCC3_N	0.4729	0.0000	0.1698	0.6667	ASCC3-like, N-terminal domain
Condensin2nSMC	0.4729	0.0000	0.1698	0.6667	Condensin II non structural maintenance of chromosomes subunit
Sds3	0.4729	0.0000	0.1698	0.6667	Sds3-like
E1_FCCH	0.4725	0.0000	0.1698	0.5000	Ubiquitin-activating enzyme E1 FCCH domain
EF-hand_like	0.4725	0.0000	0.1698	0.5000	Phosphoinositide-specific phospholipase C, efhand-like
BBS2_pf	0.4721	0.0000	0.0463	0.0833	BBS2 platform domain
DUF8701	0.4708	0.0000	0.0488	0.3333	Domain of unknown function (DUF8701)
GNC1_N	0.4704	0.0000	0.1676	0.6667	Stalled ribosome sensor GCN1 N-terminal
HEAT_Ints3_C	0.4704	0.0000	0.1676	0.6667	Ints3-like, C-terminal HEAT repeats
NAGidase	0.4704	0.0000	0.1676	0.6667	beta-N-acetylglucosaminidase
MZB	0.4704	0.0000	0.1676	0.6667	MrfA Zn-binding domain
Thioredoxin_15	0.4704	0.0000	0.1676	0.6667	Thioredoxin-like domain
Ig_TRAPPC9-Trs120_4th	0.4704	0.0000	0.1676	0.6667	Trs120/TRAPPC9, fourth Ig-like domain
Peptidase_C65	0.4699	0.0000	0.0585	0.0833	Peptidase C65 Otubain
IFT20	0.4685	0.0000	0.1384	0.0833	Intraflagellar transport complex B, subunit 20
HEAT_DAAF5	0.4685	0.0000	0.1384	0.0833	Dynein axonemal assembly factor 5, HEAT-repeat domain
Beta-prop_IFT122_2nd	0.4685	0.0000	0.1384	0.0833	IFT122 second beta-propeller
RIB43A	0.4685	0.0000	0.1384	0.0833	RIB43A
ParcG	0.4685	0.0000	0.1384	0.0833	Parkin co-regulated protein
p25-alpha	0.4685	0.0000	0.1384	0.0833	p25-alpha
NYD-SP28_assoc	0.4685	0.0000	0.1384	0.0833	Sperm tail C-terminal domain
NYD-SP28	0.4685	0.0000	0.1384	0.0833	Sperm tail
CEPT76_peptidase	0.4685	0.0000	0.1384	0.0833	CEP76 peptidase-like domain
TPH	0.4685	0.0000	0.1384	0.0833	Trichohyalin-plectin-homology domain
DPCD	0.4685	0.0000	0.1384	0.0833	DPCD protein family
PTHB1_hp	0.4685	0.0000	0.1384	0.0833	PTHB1 hairpin
Radial_spoke	0.4685	0.0000	0.1384	0.0833	Radial spokehead-like protein
Beta-prop_WDR19_2nd	0.4685	0.0000	0.1384	0.0833	WDR19 second beta-propeller
GMP_PDE_delta	0.4685	0.0000	0.1384	0.0833	GMP-PDE, delta subunit
H_PPase	0.4685	0.0000	0.0696	0.0833	Inorganic H+ pyrophosphatase
BBL5	0.4685	0.0000	0.1384	0.0833	Bardet-Biedl syndrome 5 protein N-terminal PH-like domain
GAS	0.4685	0.0000	0.1384	0.0833	Growth-arrest specific micro-tubule binding
DRC7_C	0.4685	0.0000	0.1384	0.0833	Dynein regulatory complex subunit 7 C-terminal
Meckelin	0.4685	0.0000	0.0696	0.0833	Meckelin (Transmembrane protein 67)
BBL5_2nd	0.4685	0.0000	0.1384	0.0833	Bardet-Biedl syndrome 5 protein second PH-like domain
Beta-prop_WDR35_TULP_N	0.4685	0.0000	0.0696	0.0833	WDR35/TULP4 N-terminal
IFT56	0.4685	0.0000	0.1384	0.0833	Intraflagellar transport protein 56
Beta-prop_WDR19_1st	0.4685	0.0000	0.1384	0.0833	WDR19 first beta-propeller
MORN_DRC7	0.4685	0.0000	0.1384	0.0833	Dynein regulatory complex subunit 7 MORN domain
SAS-6_N	0.4685	0.0000	0.1384	0.0833	Centriolar protein SAS N-terminal domain
CCDC39	0.4685	0.0000	0.1384	0.0833	Coiled-coil domain-containing protein 39
DUF4464	0.4685	0.0000	0.1384	0.0833	Domain of unknown function (DUF4464)
CFAP251_N	0.4685	0.0000	0.1384	0.0833	CFAP251 N-terminal domain
CFAP251_C	0.4685	0.0000	0.1384	0.0833	CFAP251 C-terminal domain
CEP76_C	0.4685	0.0000	0.1384	0.0833	Centrosomal protein of 76 kDa C-terminal domain
PHTB1_N	0.4685	0.0000	0.1384	0.0833	PTHB1 N-terminal
FAD_binding_7	0.4685	0.0000	0.1384	0.0833	FAD binding domain of DNA photolyase
Cluap1	0.4685	0.0000	0.1384	0.0833	Clusterin-associated protein-1
Dpy-30	0.4685	0.0000	0.1384	0.0833	Dpy-30 motif
B9-C2	0.4685	0.0000	0.0696	0.0833	Ciliary basal body-associated, B9 protein
CEP76-C2	0.4685	0.0000	0.1384	0.0833	CEP76 C2 domain
Pepdidase_M14_N	0.4685	0.0000	0.1384	0.0833	Cytosolic carboxypeptidase N-terminal domain
TPR_IF140_C	0.4685	0.0000	0.1384	0.0833	IF140 C-terminal TPR domain
ASCH	0.4685	0.0000	0.1384	0.0833	ASCH domain
Enkurin	0.4685	0.0000	0.1384	0.0833	Calmodulin-binding
Ax_dynein_light	0.4685	0.0000	0.1384	0.0833	Axonemal dynein light chain
TPR_IFT80_172	0.4685	0.0000	0.1384	0.0833	IFT80/172/WDR35/WDR19 TPR domain
TPR_IF140-IFT172	0.4685	0.0000	0.1384	0.0833	IF140/IFT172 TPR domain
IFT70_C	0.4685	0.0000	0.1384	0.0833	Intraflagellar transport protein 70 C-terminal domain
TPR_IFT122	0.4685	0.0000	0.1384	0.0833	IFT122, TPR domain
CS_DNAAF11_C	0.4685	0.0000	0.1384	0.0833	Dynein axonemal assembly factor 11-like, CS domain
AAA_lid_1	0.4685	0.0000	0.1384	0.0833	AAA+ lid domain
Oscp1	0.4685	0.0000	0.1384	0.0833	Organic solute transport protein 1
CCDC113_CCDC96_CC	0.4685	0.0000	0.1384	0.0833	CCDC113/CCDC96, coiled-coil
BBS1	0.4683	0.0000	0.0696	0.0833	Ciliary BBSome complex subunit 1
GAE_BBS1	0.4683	0.0000	0.0696	0.0833	Bardet-Biedl syndrome 1 protein, GAE domain
IFT52_GIFT	0.4683	0.0000	0.0696	0.0833	IFT52 GIFT domain
BBS2_hp	0.4683	0.0000	0.0696	0.0833	BBS2 hairpin
KIF9	0.4683	0.0000	0.0696	0.0833	Kinesin-like protein KIF9 domain
ARM_TT21_2nd	0.4683	0.0000	0.0696	0.0833	Tetratricopeptide repeat protein 21 second ARM domain
DRC11_N	0.4683	0.0000	0.0696	0.0833	Dynein regulatory complex subunit 11-like, N-terminal domain
ARM_TT21_4th	0.4683	0.0000	0.0696	0.0833	Tetratricopeptide repeat protein 21 forth ARM domain
TPR_WDR35	0.4683	0.0000	0.0696	0.0833	WD repeat-containing protein 35, TPR repeats
Beta-prop_WDR35_2nd	0.4683	0.0000	0.0696	0.0833	WDR35 second beta-propeller
IFT46_B_C	0.4683	0.0000	0.0696	0.0833	Intraflagellar transport complex B protein 46 C terminal
ARM_TT21_N	0.4683	0.0000	0.0696	0.0833	Tetratricopeptide repeat protein 21 N-terminal ARM repeat
ARM_TT21_C	0.4683	0.0000	0.0696	0.0833	Tetratricopeptide repeat protein 21 C-terminal ARM domain
BIVM	0.4683	0.0000	0.0696	0.0833	Basic immunoglobulin-like variable motif-containing protein
ARM_TT21	0.4683	0.0000	0.0696	0.0833	Tetratricopeptide repeat protein 21 ARM repeat
ARM_TT21_5th	0.4683	0.0000	0.0696	0.0833	TT21 fifth ARM repeats domain
CFAP70_helical	0.4683	0.0000	0.0696	0.0833	Cilia and flagella-associated protein 70 helical domain
BBS2_Mid	0.4683	0.0000	0.0696	0.0833	Ciliary BBSome complex subunit 2, middle region
BBS2_GAE	0.4683	0.0000	0.0696	0.0833	BBS2 GAE domain
CFAP70_mid_TPR	0.4683	0.0000	0.0696	0.0833	Cilia and flagella-associated protein 70 middle TPR-like domain
TPR_IFT121	0.4683	0.0000	0.0696	0.0833	IFT121-like, TPR repeats
PTHB1_CtH	0.4683	0.0000	0.0696	0.0833	PTHB1 C-terminal helix bundle
Zf_2nd_IFT121	0.4683	0.0000	0.0696	0.0833	IFT121, second zinc finger domain
Itf52_C	0.4683	0.0000	0.0696	0.0833	Intraflagellar transport protein 52, C-terminal domain
DRC10_N	0.4683	0.0000	0.0696	0.0833	DRC10 N-terminal domain
IFT52_central	0.4683	0.0000	0.0696	0.0833	IFT52 central domain
CutA1	0.4665	0.0000	0.0689	0.0833	CutA1 divalent ion tolerance protein
Glyco_hydro_125	0.4658	0.0000	0.0414	0.1667	Metal-independent alpha-mannosidase (GH125)
Beta-prop_IFT80_2nd	0.4654	0.0000	0.0688	0.0833	IFT80 second beta-propeller
Globin	0.4648	0.0000	0.0191	0.5833	Globin
CMAS	0.4643	0.0000	0.0158	0.5833	Mycolic acid cyclopropane synthetase
Zn_Ribbon_1	0.4635	0.0000	0.0354	0.5000	zinc-ribbon domain
GH113	0.4633	0.0000	0.0345	0.2500	Glycoside Hydrolase Family 113
Ricin_B_lectin	0.4616	0.0000	0.0503	0.8333	Ricin-type beta-trefoil lectin domain
UN_NPL4	0.4615	0.0000	0.0787	0.3333	Nuclear pore localisation protein NPL4
DUF3522	0.4610	0.0000	0.0655	0.5833	Protein of unknown function (DUF3522)
LOH1CR12	0.4606	0.0000	0.0681	0.4167	Tumour suppressor protein
NB-ARC	0.4599	0.0000	0.0382	0.3333	NB-ARC domain
Tuberin	0.4596	0.0000	0.0630	0.5000	Tuberin
GPT2_C	0.4593	0.0000	0.0371	0.1667	Glycerol-3-phosphate acyltransferase 2 C-terminal domain
GtrA_DPMS_TM	0.4592	0.0000	0.0782	0.2500	GtrA/DPMS, transmembrane domain
Occludin_ELL	0.4590	0.0000	0.0487	0.1667	Occludin homology domain
KAsynt_C_assoc	0.4585	0.0000	0.0511	0.6667	Ketoacyl-synthetase C-terminal extension
ACP_SdgA_C	0.4585	0.0000	0.0511	0.6667	Highly reducing polyketide synthase sdgA, C-terminal ACP domain
ParB_N	0.4585	0.0000	0.0511	0.6667	ParB N-terminal domain
PS-DH	0.4585	0.0000	0.0511	0.6667	Polyketide synthase dehydratase N-terminal domain
RNR_Alpha	0.4585	0.0000	0.0511	0.6667	Ribonucleotide reductase alpha domain
YccF	0.4585	0.0000	0.0511	0.6667	Inner membrane component domain
Epg5_N	0.4574	0.0000	0.0384	0.3333	Epg5-like N-terminal domain
DUF4042	0.4559	0.0000	0.0145	0.5000	Domain of unknown function (DUF4042)
HTH_Tnp_4	0.4549	0.0000	0.0379	0.3333	Helix-turn-helix of DDE superfamily endonuclease
SSF	0.4543	0.0000	0.0780	0.1667	Sodium:solute symporter family
Arm_4	0.4513	0.0000	0.0431	0.5833	Armadillo-like repeats
HUN	0.4502	0.0000	0.0869	0.4167	HPC2 and ubinuclein domain
Penicil_amidase	0.4489	0.0000	0.0232	0.0833	Penicillin amidase
Apc13p	0.4482	0.0000	0.0893	0.3333	Apc13p protein
DNMT1-RFD	0.4471	0.0000	0.0391	0.2500	Cytosine specific DNA methyltransferase replication foci domain
Ribosomal_L32p	0.4447	0.0000	0.0920	0.5833	Ribosomal L32p protein family
ELMO_ARM	0.4447	0.0000	0.0920	0.5833	ELMO, armadillo-like helical domain
AP3B1_C	0.4447	0.0000	0.0932	0.5833	Clathrin-adaptor complex-3 beta-1 subunit C-terminal
MDH1B_N	0.4447	0.0000	0.0932	0.5833	Putative malate dehydrogenase 1B N-terminal domain
tRNA_synt_1c_R2	0.4447	0.0000	0.0932	0.5833	Glutaminyl-tRNA synthetase, non-specific RNA binding region part 2
ASH2L-like_WH	0.4447	0.0000	0.0932	0.5833	Set1/Ash2 histone methyltransferase complex subunit ASH2-like, WH
SMN_G2-BD	0.4446	0.0000	0.0611	0.5000	Survival Motor Neuron, Gemin2-binding domain
APG6_N	0.4445	0.0000	0.0584	0.5000	Apg6 coiled-coil region
CybS	0.4444	0.0000	0.0608	0.5833	CybS, succinate dehydrogenase cytochrome B small subunit
LRR_NXF1-5	0.4440	0.0000	0.0236	0.3333	NXF1/2/3/5 leucine-rich repeat domain
Phage_integrase	0.4421	0.0000	0.0334	0.3333	Phage integrase family
NIPSNAP	0.4417	0.0000	0.0415	0.6667	NIPSNAP
BBS2_N	0.4416	0.0000	0.0264	0.0833	Ciliary BBSome complex subunit 2, N-terminal
TM231	0.4411	0.0000	0.0264	0.0833	Transmembrane protein 231
Ropporin_N	0.4407	0.0000	0.0644	0.0833	Ropporin N-terminal domain
SSNA1	0.4407	0.0000	0.0644	0.0833	Microtubule nucleation factor SSNA1
KATNA1_MIT	0.4399	0.0000	0.0263	0.0833	Katanin p60 subunit A1, MIT domain
SMI1_KNR4	0.4389	0.0000	0.0208	0.1667	SMI1 / KNR4 family (SUKH-1)
BCAS3	0.4383	0.0000	0.0484	0.4167	BCAS3 microtubule associated cell migration factor, C-terminal
AAA_RNF213_4	0.4383	0.0000	0.0611	0.6667	RNF213 AAA domain
AAA_RNF213_5	0.4383	0.0000	0.0611	0.6667	RNF213 AAA domain
Sen15	0.4383	0.0000	0.0773	0.6667	Sen15 protein
DUF938	0.4369	0.0000	0.0223	0.0833	Protein of unknown function (DUF938)
ORC6_2nd	0.4363	0.0000	0.0253	0.4167	ORC6 second cyclin-like domain
TPR_VPS8_2	0.4361	0.0000	0.0662	0.5833	VPS8-like, TPR-like repeats
VASP_tetra	0.4361	0.0000	0.0662	0.5833	VASP tetramerisation domain
TPR_LAA1_C	0.4361	0.0000	0.0662	0.5833	LAA1-like, C-terminal TPR repeats
Spc7	0.4360	0.0000	0.0603	0.4167	Spc7 kinetochore protein
DGCR6	0.4356	0.0000	0.0579	0.5000	DiGeorge syndrome critical region 6 (DGCR6) protein
Lipoxygenase	0.4349	0.0000	0.0646	0.5000	Lipoxygenase
Ig_TPPC8_3rd	0.4345	0.0000	0.0673	0.5000	TPPC8 third Ig-like domain
hGDE_N	0.4338	0.0000	0.0607	0.4167	N-terminal domain from the human glycogen debranching enzyme
PrmC_N	0.4335	0.0000	0.0405	0.5833	PrmC N-terminal domain
DUF2383	0.4328	0.0000	0.0691	0.4167	Domain of unknown function (DUF2383)
ArgoL1	0.4326	0.0000	0.0611	0.5000	Argonaute linker 1 domain
RMP	0.4323	0.0000	0.0200	0.0833	Retinal Maintenance
IF3_N	0.4316	0.0000	0.0432	0.3333	Translation initiation factor IF-3, N-terminal domain
BBIP10	0.4313	0.0000	0.0200	0.0833	Cilia BBSome complex subunit 10
SEN1_N	0.4304	0.0000	0.0612	0.5000	SEN1 N terminal
Spc24	0.4297	0.0000	0.0807	0.3333	Spc24 subunit of Ndc80
UVB_sens_C	0.4297	0.0000	0.0807	0.3333	Root UVB sensitive protein, C-terminal
Aquarius_N_3rd	0.4297	0.0000	0.0807	0.3333	Intron-binding protein aquarius insert domain
NADH-G_4Fe-4S_3	0.4284	0.0000	0.0236	0.3333	NADH-ubiquinone oxidoreductase-G iron-sulfur binding region
Ig_NUP210_15th	0.4271	0.0000	0.0646	0.4167	NUP210 Ig-like domain 15
DEK_C	0.4264	0.0000	0.0247	0.0833	DEK C terminal domain
RSLD_CPSF6	0.4253	0.0000	0.0500	0.1667	CPSF6-like, RSLD domain, N-terminal region
M1AP_C	0.4253	0.0000	0.0500	0.1667	Meiosis 1 arrest protein C-terminal domain
Prismane	0.4243	0.0000	0.0258	0.3333	Prismane/CO dehydrogenase family
HTTM	0.4232	0.0000	0.0571	0.5000	HTTM domain
Ifi-6-16	0.4224	0.0000	0.0223	0.3333	Interferon-induced 6-16 family
SelK_SelG	0.4216	0.0000	0.0881	0.6667	Selenoprotein SelK_SelG
CENP-S	0.4216	0.0000	0.0538	0.6667	CENP-S protein
RINT1_TIP1	0.4216	0.0000	0.0538	0.6667	RINT-1/TIP-1 family
AIM24	0.4216	0.0000	0.0538	0.6667	Mitochondrial biogenesis AIM24
Smg8_Smg9	0.4216	0.0000	0.0538	0.6667	Smg8_Smg9
Anthrone_oxy	0.4216	0.0000	0.0538	0.6667	Anthrone oxygenase
FANCL_d1	0.4216	0.0000	0.0538	0.6667	FANCL UBC-like domain 1
ICL	0.4216	0.0000	0.0538	0.6667	Isocitrate lyase family
Ndr	0.4216	0.0000	0.0538	0.6667	Ndr family
DUF3818	0.4216	0.0000	0.0538	0.6667	Domain of unknown function in PX-proteins (DUF3818)
SPIN90_LRD	0.4216	0.0000	0.0538	0.6667	SPIN90/Ldb17, leucine-rich domain
Hyccin	0.4216	0.0000	0.0538	0.6667	Hyccin
RMC1_N	0.4216	0.0000	0.0538	0.6667	Regulator of MON1-CCZ1 complex, N-terminal
MmgE_PrpD_C	0.4216	0.0000	0.0538	0.6667	MmgE/PrpD C-terminal domain
MmgE_PrpD_N	0.4216	0.0000	0.0538	0.6667	MmgE/PrpD N-terminal domain
Rotamase_3	0.4206	0.0000	0.0313	0.4167	PPIC-type PPIASE domain
GLTSCR1	0.4200	0.0000	0.0465	0.2500	Conserved region of unknown function on GLTSCR protein
DUF4419	0.4171	0.0000	0.0389	0.4167	Domain of unknown function (DUF4419)
Glyco_hydro_28	0.4165	0.0000	0.0345	0.4167	Glycosyl hydrolases family 28
PYC_OADA	0.4116	0.0000	0.0415	0.3333	Conserved carboxylase domain
ARM_LRRK2	0.4112	0.0000	0.0176	0.3333	LRRK2 ARM repeat
TMEM145_N	0.4092	0.0000	0.0568	0.5000	TMEM145, N-terminal domain
CFAP298	0.4085	0.0000	0.0585	0.0833	Cilia- and flagella-associated protein 298
HEAT_ULK4	0.4085	0.0000	0.0585	0.0833	Serine/threonine-protein kinase ULK4-like, HEAT repeats
CFAP58_CC	0.4085	0.0000	0.0585	0.0833	CFAP58 central coiled coil
IQUB	0.4085	0.0000	0.0585	0.0833	IQUB-like domain
CC_Cfap43	0.4085	0.0000	0.0585	0.0833	Cfap43 coiled coil
DDA1	0.4072	0.0000	0.0311	0.3333	Det1 complexing ubiquitin ligase
PDZD8_N	0.4058	0.0000	0.0600	0.4167	PDZD8 N-terminal TULIPs domain
DUF702	0.4054	0.0000	0.0618	0.4167	Domain of unknown function (DUF702)
CCD97-like_C	0.4043	0.0000	0.0672	0.3333	Coiled-coil domain containing protein 97-like, C-terminal
WHD_MUS81	0.4029	0.0000	0.0248	0.3333	Crossover junction endonuclease MUS81-like, winged helix domain
Acetate_kinase	0.4028	0.0000	0.0235	0.3333	Acetokinase family
INTS1_R4	0.4020	0.0000	0.0328	0.5000	Integrator complex subunit 1, R4 domain
MULE	0.4019	0.0000	0.0186	0.3333	MULE transposase domain
WHD_GTF3C1	0.4008	0.0000	0.0581	0.2500	GTF3C1, extended winged-helix domain
Lyase_8_C	0.4008	0.0000	0.0581	0.2500	Polysaccharide lyase family 8, C-terminal beta-sandwich domain
Lyase_8	0.4008	0.0000	0.0581	0.2500	Polysaccharide lyase family 8, super-sandwich domain
Lyase_8_N	0.4008	0.0000	0.0581	0.2500	Polysaccharide lyase family 8, N terminal alpha-helical domain
DUF3592	0.4002	0.0000	0.0220	0.1667	Domain of unknown function (DUF3592)
YbaB_DNA_bd	0.4000	0.0000	0.0172	0.0833	YbaB/EbfC DNA-binding family
V-ATPase_su_f	0.3998	0.0000	0.0339	0.3333	V-type proton ATPase subunit f-like
Fer2_4	0.3996	0.0000	0.0242	0.3333	2Fe-2S iron-sulfur cluster binding domain
RlmN_N	0.3994	0.0000	0.0234	0.4167	Ribosomal RNA large subunit methyltransferase N-terminal domain
DUF3730	0.3975	0.0000	0.0442	0.6667	Focadhesin/RST1, DUF3730
VPS13_M	0.3975	0.0000	0.0442	0.6667	VPS13-like family middle region
RNA_pol_Rpb1_R	0.3975	0.0000	0.0442	0.6667	RNA polymerase Rpb1 C-terminal repeat
DEPDC5_CTD	0.3975	0.0000	0.0442	0.6667	DEPDC5 protein C-terminal region
Vma12	0.3975	0.0000	0.0442	0.6667	Endoplasmic reticulum-based factor for assembly of V-ATPase
zf-A20	0.3975	0.0000	0.0442	0.6667	A20-like zinc finger
SWIRM-assoc_1	0.3975	0.0000	0.0442	0.6667	SWIRM-associated region 1
SF3a60_bindingd	0.3975	0.0000	0.0442	0.6667	Splicing factor SF3a60 binding domain
NST1	0.3975	0.0000	0.0442	0.6667	Salt tolerance down-regulator
Cut8	0.3975	0.0000	0.0442	0.6667	Cut8, nuclear proteasome tether protein
APC1_3rd	0.3975	0.0000	0.0442	0.6667	APC1 beta sandwich domain
TTI1	0.3975	0.0000	0.0442	0.6667	TELO2-interacting protein 1
Chlam_PMP	0.3975	0.0000	0.0442	0.6667	Chlamydia polymorphic membrane protein (Chlamydia_PMP) repeat
HTH_NPRL3	0.3975	0.0000	0.0442	0.6667	GATOR1 complex protein NPRL3, C-terminal HTH
Ig_GNPTAB	0.3975	0.0000	0.0442	0.6667	GNPTAB, immunoglobulin-like domain
Ig_TRAPPC9-Trs120_2nd	0.3975	0.0000	0.0442	0.6667	Trs120/TRAPPC9, second Ig-like domain
PDZ_2	0.3973	0.0000	0.0449	0.5000	PDZ domain
PPIP5K2_N	0.3968	0.0000	0.0298	0.5000	Diphosphoinositol pentakisphosphate kinase 2 N-terminal domain
Beta-prop_WDR41	0.3951	0.0000	0.0652	0.4167	WDR41
Beta-barrel_CAF17_C	0.3951	0.0000	0.0573	0.1667	CAF17, C-terminal beta-barrel domain
ORC6	0.3919	0.0000	0.0201	0.4167	Origin recognition complex subunit 6 (ORC6)
CcmE	0.3900	0.0000	0.0218	0.4167	CcmE domain
ABA4-like	0.3897	0.0000	0.0283	0.0833	ABA DEFICIENT 4-like
PSF3_N	0.3849	0.0000	0.0806	0.5833	PSF3 N-terminal domain
Zn_ribbon_15	0.3849	0.0000	0.0806	0.5833	zinc-ribbon family
RNF157-like_N	0.3849	0.0000	0.0806	0.5833	RNF157-like N-terminal domain
PHD_5	0.3849	0.0000	0.0806	0.5833	PhD finger domain
TPR	0.3840	0.0000	0.0513	0.3333	Nucleoprotein TPR-like domain
DUF1977	0.3839	0.0000	0.0236	0.1667	Domain of unknown function (DUF1977)
NOMO_8th	0.3821	0.0000	0.0535	0.3333	NOMO eighth prealbumin-like domain
Med9	0.3818	0.0000	0.0560	0.4167	RNA polymerase II transcription mediator complex subunit 9
peroxidase	0.3816	0.0000	0.0556	0.0833	Peroxidase
PWI_Topors	0.3815	0.0000	0.0614	0.4167	Topors, PWI-like domain
TPR_TmcB	0.3808	0.0000	0.0397	0.5833	TmcB, TPR repeats
OCRE	0.3808	0.0000	0.0397	0.5833	OCRE domain
Glyco_hydro_32N	0.3791	0.0000	0.0213	0.0833	Glycosyl hydrolases family 32 N-terminal domain
Glyco_hydro_32C	0.3791	0.0000	0.0213	0.0833	Glycosyl hydrolases family 32 C terminal
AdenylateSensor	0.3789	0.0000	0.0612	0.5000	Adenylate sensor of SNF1-like protein kinase
Ge1_WD40	0.3788	0.0000	0.0375	0.2500	WD40 region of Ge1, enhancer of mRNA-decapping protein
WHD_DDX60	0.3786	0.0000	0.0229	0.2500	DDX60-like, winged helix domain
KAP	0.3786	0.0000	0.0229	0.2500	Kinesin-associated protein (KAP)
Condensation	0.3786	0.0000	0.0198	0.0833	Condensation domain
Glyco_transf_92	0.3784	0.0000	0.0387	0.1667	Glycosyltransferase family 92
TFR_dimer	0.3784	0.0000	0.0387	0.1667	Transferrin receptor-like dimerisation domain
DUF8561	0.3784	0.0000	0.0387	0.1667	Domain of unknown function (DUF8561)
PAN_1	0.3784	0.0000	0.0387	0.1667	PAN domain
DUF2045	0.3784	0.0000	0.0387	0.1667	Uncharacterized conserved protein (DUF2045)
PUS7L_N	0.3784	0.0000	0.0387	0.1667	PUS7L N-terminal domain
MPP6	0.3766	0.0000	0.0873	0.6667	M-phase phosphoprotein 6
Methyltrans_SAM	0.3766	0.0000	0.0873	0.6667	S-adenosylmethionine-dependent methyltransferase
Glyco_hydro_65N	0.3751	0.0000	0.0378	0.1667	Glycosyl hydrolase family 65, N-terminal domain
DNA_ligase_OB_2	0.3751	0.0000	0.0378	0.1667	DNA ligase OB-like domain
LicD	0.3751	0.0000	0.0378	0.1667	LicD/FKTN/FKRP, nucleotidyltransferase domain
Carn_acyltransf	0.3751	0.0000	0.0378	0.1667	Choline/Carnitine o-acyltransferase
SMAP	0.3748	0.0000	0.0378	0.1667	Small acidic protein family
DUF5906	0.3747	0.0000	0.0532	0.4167	Family of unknown function (DUF5906)
DUF4200	0.3745	0.0000	0.1785	0.0833	Domain of unknown function (DUF4200)
Peptidase_M32	0.3745	0.0000	0.1785	0.0833	Carboxypeptidase Taq (M32) metallopeptidase
DM10_dom	0.3745	0.0000	0.1785	0.0833	DM10 domain
Ribosomal_L36	0.3739	0.0000	0.0303	0.3333	Ribosomal protein L36
TMEM128	0.3722	0.0000	0.0416	0.5833	TMEM128 protein
RME-8_4th	0.3719	0.0000	0.0780	0.7500	DNAJ protein RME-8 4th domain
Phosphonate-bd	0.3717	0.0000	0.0489	0.5000	ABC transporter, phosphonate, periplasmic substrate-binding protein
SKA2	0.3698	0.0000	0.0829	0.3333	Spindle and kinetochore-associated protein 2
FHA_2	0.3698	0.0000	0.0829	0.3333	FHA domain
GON	0.3698	0.0000	0.0266	0.0833	GON domain
MazG-like	0.3698	0.0000	0.0266	0.0833	MazG-like family
EVE	0.3694	0.0000	0.0281	0.2500	EVE domain
CHCH	0.3669	0.0000	0.0247	0.1667	CHCH domain
HYDIN_VesB_CFA65-like_Ig	0.3664	0.0000	0.0537	0.2500	HYDIN/CFA65/VesB-like, Ig-like domain
Elong-fact-P_C	0.3662	0.0000	0.0211	0.0833	Elongation factor P, C-terminal
Beta-prop_NUP159_NUP214	0.3657	0.0000	0.0448	0.1667	NUP159/214 beta propeller
DDE_1	0.3650	0.0000	0.0363	0.5000	DDE superfamily endonuclease
Chibby	0.3609	0.0000	0.0401	0.3333	Chibby family
PPR_1	0.3601	0.0000	0.0281	0.3333	PPR repeat
ZBED1_RNase-like	0.3597	0.0000	0.0213	0.4167	ZBED1 RNase-like domain
UDPGT	0.3593	0.0000	0.0541	0.2500	UDP-glucoronosyl and UDP-glucosyl transferase
HR1_TOCA	0.3592	0.0000	0.0551	0.3333	TOCA family HR1 domain
ATP-synt_ab_C	0.3580	0.0000	0.0247	0.3333	ATP synthase alpha/beta chain, C terminal domain
Fer4_Nqo3	0.3580	0.0000	0.0247	0.3333	NADH-quinone oxidoreductase subunit 3, ferredoxin-like domain
THR4_C	0.3578	0.0000	0.0095	0.3333	Threonine synthase, C-terminal
LIAS_N	0.3574	0.0000	0.0258	0.2500	N-terminal domain of lipoyl synthase of Radical_SAM family
PCC	0.3545	0.0000	0.0196	0.0833	Plants and Prokaryotes Conserved (PCC) domain
IFT57	0.3535	0.0000	0.0393	0.0833	Intra-flagellar transport protein 57
Radial_spoke_3	0.3535	0.0000	0.0393	0.0833	Radial spoke protein 3
HEAT_SGR6	0.3534	0.0000	0.0514	0.2500	SGR6, HEAT repeats
BRAT1	0.3534	0.0000	0.0514	0.2500	Integrator complex assembly factor BRAT1
HLH	0.3534	0.0000	0.0514	0.2500	Helix-loop-helix DNA-binding domain
Sec39	0.3534	0.0000	0.0514	0.2500	Secretory pathway protein Sec39
Folate_carrier	0.3511	0.0000	0.0247	0.5000	Reduced folate carrier
HYOU1_C	0.3508	0.0000	0.0294	0.1667	HYOU1-like, C-terminal domain
Par3_HAL_N_term	0.3498	0.0000	0.0073	0.1667	N-terminal of Par3 and HAL proteins
RBBP6_link	0.3486	0.0000	0.0260	0.0833	RBBP6 linker domain
APP1_cat	0.3486	0.0000	0.0260	0.0833	Phosphatidate phosphatase APP1, catalytic domain
YIPF3_C	0.3486	0.0000	0.0260	0.0833	YIPF3 C-terminal domain
BRCC36_C	0.3486	0.0000	0.0260	0.0833	BRCC36 C-terminal helical domain
DUF3228	0.3471	0.0000	0.0705	0.0833	Protein of unknown function (DUF3228)
CENP-I	0.3467	0.0000	0.0519	0.5000	Mis6
PEX6_4th	0.3467	0.0000	0.0519	0.5000	PEX6 fourth domain
KDM5_C-hel	0.3467	0.0000	0.0519	0.5000	Lysine-specific demethylase 5, C-terminal helical domain
Polycystin_dom	0.3455	0.0000	0.0056	0.5000	Polycystin domain
Katanin_con80	0.3451	0.0000	0.0380	0.0833	con80 domain of Katanin
zf_CCCH_4	0.3448	0.0000	0.0131	0.2500	Zinc finger domain
FAM133	0.3442	0.0000	0.0751	0.3333	FAM133
Nbas_N	0.3436	0.0000	0.0580	0.4167	Neuroblastoma-amplified sequence, N terminal
DUF7910	0.3428	0.0000	0.0218	0.1667	Domain of unknown function (DUF7910)
AAA_19	0.3414	0.0000	0.0313	0.4167	AAA domain
UTP23_sensor	0.3411	0.0000	0.0037	0.2500	UTP23 sensor motif
ClpS	0.3390	0.0000	0.0965	0.3333	ATP-dependent Clp protease adaptor protein ClpS
FAM161A_B	0.3379	0.0000	0.0444	0.0000	Protein FAM161A/B
Tub	0.3374	0.0000	0.0177	0.0833	Tub family
HEAT_PBS	0.3373	0.0000	0.0168	0.0833	PBS lyase HEAT-like repeat
TMEM107	0.3364	0.0000	0.0229	0.0833	Transmembrane protein
HAD	0.3359	0.0000	0.0196	0.1667	haloacid dehalogenase-like hydrolase
TMEM151	0.3352	0.0000	0.0230	0.1667	TMEM151 family
Dicer_dimer	0.3345	0.0000	0.0240	0.0833	Dicer dimerisation domain
Pex24p	0.3337	0.0000	0.0441	0.0833	Integral peroxisomal membrane peroxin
HEPN	0.3337	0.0000	0.0609	0.3333	HEPN domain
Chitin_bind_1	0.3337	0.0000	0.0609	0.3333	Chitin recognition protein
UVR	0.3334	0.0000	0.0363	0.3333	UvrB/uvrC motif
Sulfotransfer_3	0.3333	0.0000	0.0004	0.3333	Sulfotransferase family
Kgd4-YMR31	0.3333	0.0000	0.0000	0.0833	Alpha-ketoglutarate dehydrogenase component 4/YMR-31
PDZ	0.3333	0.0000	0.0000	0.0833	PDZ domain
Kelch_2	0.3333	0.0000	0.0000	0.3333	Kelch motif
TPR_BSK1_C	0.3333	0.0000	0.0000	0.4167	Serine/threonine-protein kinase BSK1-like, TPR repeats
NUDIX_4	0.3333	0.0000	0.0000	0.2500	NUDIX domain
MYCBPAP	0.3333	0.0000	0.0000	0.0833	MYCBP-associated protein family
TrmI-like_N	0.3333	0.0000	0.0000	0.3333	TrmI-like N-terminal
DUF789	0.3333	0.0000	0.0000	0.0000	Protein of unknown function (DUF789)
TMEM254	0.3333	0.0000	0.0308	0.0000	Transmembrane protein 254
Exo_endo_phos_2	0.3333	0.0000	0.0000	0.0833	Endonuclease-reverse transcriptase
WD40_Prp19	0.3320	0.0000	0.0464	0.2500	Prp19 WD40 domain
EPSP_synthase	0.3320	0.0000	0.0464	0.2500	EPSP synthase (3-phosphoshikimate 1-carboxyvinyltransferase)
Mitoc_mL59	0.3318	0.0000	0.0200	0.0833	Mitochondrial ribosomal protein mL59
CNOT11_N	0.3317	0.0000	0.0631	0.4167	CNOT11 N-terminal domain
Pect-lyase_RHGA_epim	0.3309	0.0000	0.0174	0.0833	Rhamnogalacturonase A/epimerase, pectate lyase-like
AATase	0.3307	0.0000	0.0468	0.3333	Alcohol acetyltransferase
Glyco_transf_15	0.3303	0.0000	0.0032	0.0833	Glycolipid 2-alpha-mannosyltransferase
Lectin_C	0.3290	0.0000	0.0034	0.2500	Lectin C-type domain
Glyco_hydro_92	0.3284	0.0000	0.0218	0.3333	Glycosyl hydrolase family 92 catalytic domain
SPO22	0.3283	0.0000	0.0328	0.1667	Meiosis protein SPO22/ZIP4 like
RRG7	0.3279	0.0000	0.0236	0.4167	Required for respiratory growth protein 7
CENP-L	0.3272	0.0000	0.0546	0.3333	Centromere protein L
DUF1963	0.3271	0.0000	0.0195	0.3333	Domain of unknown function (DUF1963)
Leu_zip	0.3256	0.0000	0.0030	0.0833	Leucine zipper
LRR_5	0.3249	0.0000	0.0554	0.2500	BspA type Leucine rich repeat region (6 copies)
Peptidase_M60	0.3245	0.0000	0.0441	0.2500	Peptidase M60, enhancin and enhancin-like
UfSP2_N	0.3240	0.0000	0.0461	0.2500	Ubiquitin-fold modifier 1 specific protease 2, N-terminal
LIN9_C	0.3240	0.0000	0.0461	0.2500	LIN9 C-terminal
RPA43_OB	0.3240	0.0000	0.0461	0.2500	RPA43 OB domain in RNA Pol I
PET117	0.3235	0.0000	0.0053	0.3333	PET assembly of cytochrome c oxidase, mitochondrial
TMEM_230_134	0.3233	0.0000	0.0035	0.0833	Transmembrane proteins 230/134
AJM1_N	0.3227	0.0000	0.0387	0.6667	AJM-1 N-terminal domain
DRY_EERY	0.3202	0.0000	0.0488	0.2500	Alternative splicing regulator
SPOC	0.3202	0.0000	0.0488	0.2500	SPOC domain
zf-C5HC2	0.3202	0.0000	0.0488	0.2500	C5HC2 zinc finger
Ribosomal_L25p	0.3201	0.0000	0.0673	0.6667	Ribosomal L25p family
Bfr1	0.3200	0.0000	0.0067	0.2500	Bfr1
Beta-prop_IFT140_1st	0.3188	0.0000	0.0233	0.0833	IFT140 first beta-propeller
CFAP99_CC	0.3188	0.0000	0.0233	0.0833	CFAP99 V-shaped coiled-coil domain
BBS7_pf	0.3187	0.0000	0.0233	0.0833	BBS7 platform domain
GRDP-like	0.3180	0.0000	0.0442	0.1667	Glycine-rich domain-containing protein-like
BBS7_hp	0.3177	0.0000	0.0231	0.0833	BBS7 hairpin
Forkhead	0.3159	0.0000	0.0220	0.0833	Forkhead domain
EGF_PEAR1L	0.3159	0.0000	0.0220	0.0833	Platelet endothelial aggregation receptor 1-like, EGF domain
DUF3431	0.3159	0.0000	0.0220	0.0833	Protein of unknown function (DUF3431)
PI-PLC_X	0.3148	0.0000	0.0069	0.0833	PI-PLC X 1
TPR_TNPO3_IPO13_3rd	0.3144	0.0000	0.0303	0.5000	Transportin-3/Importin-13 third TPR domain
FAE1_CUT1_RppA	0.3142	0.0000	0.0371	0.8333	FAE1/Type III polyketide synthase-like protein
PHD_NSD	0.3137	0.0000	0.0212	0.5833	Histone-lysine N-methyltransferase NSD-like, PHD zinc finger
ASH	0.3124	0.0000	0.0088	0.0833	Abnormal spindle-like microcephaly-assoc'd, ASPM-SPD-2-Hydin
TCTN_DUF1619	0.3096	0.0000	0.0178	0.0833	Tectonic domain of DUF1619
DUF6606	0.3037	0.0000	0.0555	0.2500	Family of unknown function (DUF6606)
Glyco_hydro_30	0.3037	0.0000	0.0555	0.2500	Glycosyl hydrolase family 30 TIM-barrel domain
Fe_hyd_SSU	0.3025	0.0000	0.0383	0.5833	Iron hydrogenase small subunit
Form_Nir_trans	0.3019	0.0000	0.0835	0.2500	Formate/nitrite transporter
LSM12_LSM	0.3019	0.0000	0.0181	0.2500	LSM12, LSM domain
HTH_23	0.3010	0.0000	0.0211	0.4167	Homeodomain-like domain
GPR137_N	0.2989	0.0000	0.0210	0.4167	GPR137 N-terminal domain
GPP34	0.2985	0.0000	0.0266	0.5000	Golgi phosphoprotein 3 (GPP34)
ANAPC_CDC26	0.2984	0.0000	0.0269	0.5000	Anaphase-promoting complex APC subunit CDC26
TPR_DOP1	0.2984	0.0000	0.0269	0.5000	DOP1 TPR domain
CEP70	0.2963	0.0000	0.0237	0.0833	CEP70
ARM_RUK	0.2963	0.0000	0.0237	0.0833	RUNKEL ARM-repeat domain
Fer4_17	0.2960	0.0000	0.0273	0.1667	4Fe-4S dicluster domain
RPEL	0.2958	0.0000	0.0160	0.1667	RPEL repeat
SUCH1_C	0.2957	0.0000	0.0222	0.0833	Suppressor of spindle checkpoint defect 1 C-terminal domain
E_motif	0.2957	0.0000	0.0222	0.0833	E motif
Glyco_hydro_2_C	0.2957	0.0000	0.0222	0.0833	Glycosyl hydrolases family 2, TIM barrel domain
CDT1_C	0.2957	0.0000	0.0222	0.0833	DNA replication factor Cdt1 C-terminal domain
DYW_deaminase	0.2957	0.0000	0.0222	0.0833	DYW family of nucleic acid deaminases
IntS14_C	0.2949	0.0000	0.0239	0.1667	Integrator complex subunit 14, alpha-helical domain
ATG11	0.2949	0.0000	0.0239	0.1667	Autophagy-related protein 11
T4_deiodinase	0.2946	0.0000	0.0802	0.6667	Iodothyronine deiodinase
Dyp_perox_N	0.2946	0.0000	0.0802	0.6667	Dyp-type peroxidase, N-terminal
AAA_lid_10	0.2943	0.0000	0.0462	0.5000	AAA lid domain
PAT1	0.2943	0.0000	0.0462	0.5000	Topoisomerase II-associated protein PAT1
SDA1_C	0.2943	0.0000	0.0462	0.5000	SDA1, C-terminal
CREG_beta-barrel	0.2941	0.0000	0.0594	0.3333	CREG, beta-barrel
EloA-BP1	0.2934	0.0000	0.0449	0.4167	ElonginA binding-protein 1
GLOD4_C	0.2929	0.0000	0.0261	0.0833	Glyoxalasedomain-containing protein 4-like, C-terminal domain
TACO1_YebC_N	0.2929	0.0000	0.0261	0.0833	TACO1/YebC protein N-terminal domain
Transcrip_reg	0.2929	0.0000	0.0261	0.0833	TACO1/YebC second and third domain
bZIP_Maf	0.2912	0.0000	0.0620	0.6667	bZIP Maf transcription factor
BBS7_GAE	0.2901	0.0000	0.0190	0.0833	BBS7 GAE domain
CFAP61_dimer	0.2901	0.0000	0.0190	0.0833	CFAP61 dimerisation domain
Gig2-like	0.2891	0.0000	0.0201	0.5000	Gig2-like
AAA_RNF213_3	0.2883	0.0000	0.0126	0.1667	RNF213 AAA domain
SHOCT	0.2882	0.0000	0.0334	0.3333	Short C-terminal domain
FBF1	0.2881	0.0000	0.0170	0.0833	Fas-binding factor 1
CHB_HEX_C_1	0.2874	0.0000	0.0613	0.0000	Chitobiase/beta-hexosaminidase C-terminal domain
Cohesin_load	0.2867	0.0000	0.0248	0.4167	Cohesin loading factor
Glyco_hydro_92N	0.2858	0.0000	0.0231	0.2500	Glycosyl hydrolase family 92 N-terminal domain
Ribosomal_S16	0.2855	0.0000	0.0297	0.0000	Ribosomal protein S16
Glyco_transf_28	0.2847	0.0000	0.2137	0.7500	Glycosyltransferase family 28 N-terminal domain
COG3_Ccap	0.2847	0.0000	0.2137	0.7500	COG3 C-terminal cap domain
DNA_ligase_aden	0.2847	0.0000	0.2137	0.7500	NAD-dependent DNA ligase adenylation domain
Mob_synth_C	0.2847	0.0000	0.2137	0.7500	Molybdenum Cofactor Synthesis C
DSRM_DHX29	0.2847	0.0000	0.2137	0.7500	ATP-dependent RNA helicase DHX29, DSRM-like
KOW7_SPT5	0.2847	0.0000	0.2137	0.7500	Transcription elongation factor SPT5, seventh KOW domain
COR-A	0.2847	0.0000	0.2137	0.7500	C-terminal of Roc, COR-A domain
DNase_II	0.2847	0.0000	0.2137	0.7500	Deoxyribonuclease II
ARM_ECM29_C	0.2847	0.0000	0.2137	0.7500	ECM29, C-terminal ARM-like repeats
SHPRH_helical-1st	0.2847	0.0000	0.2137	0.7500	E3 ubiquitin-protein ligase SHPRH, first helical domain
SHPRH_helical-2nd	0.2847	0.0000	0.2137	0.7500	E3 ubiquitin-protein ligase SHPRH, second helical domain
SID-1_RNA_chan	0.2847	0.0000	0.2137	0.7500	dsRNA-gated channel SID-1
ThiS	0.2847	0.0000	0.2137	0.7500	ThiS family
CCDC43_C	0.2847	0.0000	0.2137	0.7500	Coiled-coil domain-containing protein 43 C-terminal domain
THH1_TOM1-3_dom	0.2847	0.0000	0.2137	0.7500	THH1/TOM1/TOM3 domain
BAR_3	0.2847	0.0000	0.2137	0.7500	BAR domain of APPL family
STATa_Ig	0.2847	0.0000	0.2137	0.7500	STATa Immunoglobulin-like domain
SPN1_m3Gcap_bd	0.2847	0.0000	0.2137	0.7500	Snurportin1, m3G cap-binding domain
DUF3452	0.2847	0.0000	0.2137	0.7500	Domain of unknown function (DUF3452)
URO-D	0.2847	0.0000	0.2137	0.7500	Uroporphyrinogen decarboxylase (URO-D)
UPF0556	0.2847	0.0000	0.2137	0.7500	UPF0556 domain
UPF0552	0.2847	0.0000	0.2137	0.7500	Arp2/3-interacting proteins Arpin
DUF1990	0.2847	0.0000	0.2137	0.7500	Domain of unknown function (DUF1990)
DUF3517	0.2847	0.0000	0.2137	0.7500	Domain of unknown function (DUF3517)
KA1	0.2847	0.0000	0.2137	0.7500	Kinase associated domain 1
Rif1_N	0.2847	0.0000	0.2137	0.7500	Rap1-interacting factor 1 N terminal
MS_N	0.2847	0.0000	0.2137	0.7500	Malate synthase, N-terminal domain
ARS2	0.2847	0.0000	0.2137	0.7500	Arsenite-resistance protein 2
EF-hand_12	0.2847	0.0000	0.2137	0.7500	EF-hand fold domain
Htt_N-HEAT	0.2847	0.0000	0.2137	0.7500	Huntingtin, N-terminal HEAT
Chalcone_2	0.2847	0.0000	0.2137	0.7500	Chalcone isomerase like
MDM31_MDM32	0.2847	0.0000	0.2137	0.7500	Yeast mitochondrial distribution and morphology (MDM) proteins
RS_preATP-grasp-like	0.2847	0.0000	0.2137	0.7500	Ribonucleotide synthetase preATP-grasp domain
LMF1	0.2847	0.0000	0.2137	0.7500	Lipase maturation factor transmembrane domain
DUF3384	0.2847	0.0000	0.2137	0.7500	Domain of unknown function (DUF3384)
Peptidase_M17_N	0.2847	0.0000	0.2137	0.7500	Cytosol aminopeptidase family, N-terminal domain
Glyco_transf_41	0.2847	0.0000	0.2137	0.7500	Glycosyl transferase family 41
DUF7906	0.2847	0.0000	0.2137	0.7500	Domain of unknown function (DUF7906)
TLN1-like_RS	0.2847	0.0000	0.2137	0.7500	Talin 1-like, rod segment domain
FGAR-AT_linker	0.2847	0.0000	0.2137	0.7500	Formylglycinamide ribonucleotide amidotransferase linker domain
ATP-grasp	0.2847	0.0000	0.2137	0.7500	ATP-grasp domain
Dict-STAT-coil	0.2847	0.0000	0.2137	0.7500	Dictyostelium STAT, coiled coil
GATase_5	0.2847	0.0000	0.2137	0.7500	CobB/CobQ-like glutamine amidotransferase domain
GATase_4	0.2847	0.0000	0.2137	0.7500	Glutamine amidotransferases class-II
HemN_C	0.2847	0.0000	0.2137	0.7500	HemN C-terminal domain
FGAR-AT_N	0.2847	0.0000	0.2137	0.7500	Formylglycinamide ribonucleotide amidotransferase N-terminal
Talin_R4	0.2847	0.0000	0.2137	0.7500	Talin, R4 domain
TPR_TRAPPC9-Trs120	0.2847	0.0000	0.2137	0.7500	Trs120/TRAPPC9 TPR
Urb2	0.2847	0.0000	0.2137	0.7500	Urb2/Npa2 family
Frizzled	0.2847	0.0000	0.2137	0.7500	Frizzled/Smoothened family membrane region
P2X_receptor	0.2847	0.0000	0.2137	0.7500	ATP P2X receptor
Lipin_mid	0.2847	0.0000	0.2137	0.7500	Lipin/Ned1/Smp2 multi-domain protein middle domain
LisH_PAC1	0.2847	0.0000	0.2137	0.7500	PAC1 LisH domain
WHD_ORC2	0.2847	0.0000	0.2137	0.7500	ORC2 WHD
WHD_ORC	0.2847	0.0000	0.2137	0.7500	Origin recognition complex winged helix C-terminal
AA_permease_C	0.2847	0.0000	0.2137	0.7500	C-terminus of AA_permease
ALAD	0.2847	0.0000	0.2137	0.7500	Delta-aminolevulinic acid dehydratase
AICARFT_IMPCHas	0.2847	0.0000	0.2137	0.7500	AICARFT/IMPCHase bienzyme
Nlig-Ia	0.2847	0.0000	0.2137	0.7500	DNA ligase-like, N-terminal NAD+-binding domain
AIRC	0.2847	0.0000	0.2137	0.7500	AIR carboxylase
Calcipressin	0.2847	0.0000	0.2137	0.7500	Calcipressin
Sdh_cyt	0.2847	0.0000	0.2137	0.7500	Succinate dehydrogenase/Fumarate reductase transmembrane subunit
COR-B	0.2847	0.0000	0.2137	0.7500	C-terminal of Roc, COR-B domain
CSN1_C	0.2847	0.0000	0.2137	0.7500	COP9 signalosome complex subunit 1, C-terminal helix
GARS_N	0.2847	0.0000	0.2137	0.7500	Phosphoribosylglycinamide synthetase, N domain
EGF_CA	0.2847	0.0000	0.2137	0.7500	Calcium-binding EGF domain
ODR4-like	0.2847	0.0000	0.2137	0.7500	Odorant response abnormal 4-like
SAICAR_synt	0.2847	0.0000	0.2137	0.7500	SAICAR synthetase
Ig_NUP210_5th	0.2847	0.0000	0.2137	0.7500	NUP210 Ig-like domain 5
GARS_A	0.2847	0.0000	0.2137	0.7500	Phosphoribosylglycinamide synthetase, ATP-grasp (A) domain
GARS_C	0.2847	0.0000	0.2137	0.7500	Phosphoribosylglycinamide synthetase, C domain
OB_DNA_ligase	0.2847	0.0000	0.2137	0.7500	NAD-dependent DNA ligase OB-fold domain
TOR1L1_N	0.2847	0.0000	0.2137	0.7500	TORTIFOLIA1 N-terminal
CBM49	0.2847	0.0000	0.2137	0.7500	Carbohydrate binding domain CBM49
Eapp_C	0.2847	0.0000	0.2137	0.7500	EAPP beta-tent domain
zf-C3H1	0.2847	0.0000	0.2137	0.7500	Putative zinc-finger domain
SMUBP-2_HCS1_1B	0.2847	0.0000	0.2137	0.7500	Helicase SMUBP-2/HCS1, 1B domain
Semialdhyde_dh	0.2847	0.0000	0.2137	0.7500	Semialdehyde dehydrogenase, NAD binding domain
HPPK	0.2847	0.0000	0.2137	0.7500	7,8-dihydro-6-hydroxymethylpterin-pyrophosphokinase (HPPK)
Talin_IBS2B	0.2847	0.0000	0.2137	0.7500	Talin IBS2B domain
7tm_2	0.2847	0.0000	0.2137	0.7500	7 transmembrane receptor (Secretin family)
HHH_2	0.2847	0.0000	0.2137	0.7500	Helix-hairpin-helix motif
Vinculin	0.2847	0.0000	0.2137	0.7500	Vinculin family
WRKY	0.2847	0.0000	0.2137	0.7500	WRKY DNA -binding domain
FGAR-AT_PurM_N-like	0.2847	0.0000	0.2137	0.7500	FGAR-AT PurM_N-like domain
NOL9_C	0.2847	0.0000	0.2137	0.7500	NOL9-like, C-terminal domain
NAPRTase_C	0.2847	0.0000	0.2137	0.7500	Nicotinate phosphoribosyltransferase C-terminal domain
RBM39linker	0.2847	0.0000	0.2137	0.7500	linker between RRM2 and RRM3 domains in RBM39 protein
UFL1_C	0.2847	0.0000	0.2137	0.7500	E3 UFM1-protein ligase 1 C-terminal domain
TMF_DNA_bd	0.2847	0.0000	0.2137	0.7500	TATA element modulatory factor 1 DNA binding
PurK_C	0.2847	0.0000	0.2137	0.7500	Phosphoribosylaminoimidazole carboxylase C-terminal domain
Porphobil_deam	0.2847	0.0000	0.2137	0.7500	Porphobilinogen deaminase, dipyromethane cofactor binding domain
Porphobil_deamC	0.2847	0.0000	0.2137	0.7500	Porphobilinogen deaminase, C-terminal domain
Mis12	0.2847	0.0000	0.2137	0.7500	Mis12 protein
Sos7	0.2840	0.0000	0.0264	0.4167	Kinetochore protein Sos7
DUF2462	0.2840	0.0000	0.0264	0.4167	Protein of unknown function (DUF2462)
SMN_YG-box	0.2835	0.0000	0.0142	0.3333	Survival Motor Neuron, YG-box
XYPPX	0.2826	0.0000	0.0448	0.4167	XYPPX repeat (two copies)
Beta-prop_WDR75_1st	0.2825	0.0000	0.0168	0.2500	WD repeat-containing protein 75 first beta-propeller
Glucan_synthase	0.2820	0.0000	0.0152	0.0833	1,3-beta-glucan synthase component
MOV-10_beta-barrel	0.2820	0.0000	0.0152	0.0833	Helicase MOV-10, beta-barrel domain
ARM_KDM8_N	0.2819	0.0000	0.0183	0.1667	KDM8-like, N-terminal ARM repeats
IFT43	0.2812	0.0000	0.0179	0.0833	Intraflagellar transport protein 43
ASXH	0.2812	0.0000	0.0297	0.2500	Asx homology domain
TPLATE_C	0.2811	0.0000	0.0224	0.5000	TPLATE C-terminal domain
FNIP_N	0.2811	0.0000	0.0224	0.5000	Folliculin-interacting protein N-terminal domain
TFA2_E-tether	0.2811	0.0000	0.0617	0.4167	Tfa2 E-tether
DDB_G0281251	0.2806	0.0000	0.1088	0.5000	DDB_G0281251 small helical domain
ACT_AHAS_ss	0.2806	0.0000	0.0533	0.5000	AHAS small subunit-like ACT domain
ZBED1_RNase-like_helical	0.2794	0.0000	0.0442	0.2500	ZBED1 RNase-like helical domain
DUF8730	0.2789	0.0000	0.0149	0.3333	Domain of unknown function (DUF8730)
Trefoil	0.2772	0.0000	0.0189	0.0833	Trefoil (P-type) domain
Methyltransf_24	0.2772	0.0000	0.0189	0.0833	Methyltransferase domain
YbjQ_1	0.2772	0.0000	0.0189	0.0833	Putative heavy-metal-binding
Casc1_N	0.2771	0.0000	0.0266	0.0833	Cancer susceptibility candidate 1 N-terminus
CNBH_CNNM2_C	0.2768	0.0000	0.0221	0.5833	Metal transporter CNNM2-like, C-terminal CNBH domain
FtsH_ext	0.2764	0.0000	0.0151	0.3333	FtsH Extracellular
MgtE	0.2741	0.0000	0.0902	0.0000	Divalent cation transporter
PEP-utilizers_C	0.2738	0.0000	0.1137	0.2500	PEP-utilising enzyme, PEP-binding domain
PEP-utilizers	0.2738	0.0000	0.1137	0.2500	PEP-utilising enzyme, mobile domain
PPL4	0.2738	0.0000	0.0470	0.0000	Prim-pol 4
MWFE	0.2718	0.0000	0.0317	0.5000	NADH-ubiquinone oxidoreductase MWFE subunit
IntS14_b-barrel	0.2718	0.0000	0.0115	0.2500	Integrator complex subunit 14, beta-barrel domain
CHAT	0.2714	0.0000	0.0843	0.2500	CHAT domain
Pet100	0.2714	0.0000	0.0316	0.5000	Pet100
DUF4750	0.2713	0.0000	0.0500	0.4167	Domain of unknown function (DUF4750)
TAGT	0.2706	0.0000	0.0110	0.1667	TET-Associated Glycosyltransferase
RicinB_lectin_2	0.2695	0.0000	0.0202	0.4167	Ricin-type beta-trefoil lectin domain-like
JTB	0.2695	0.0000	0.0331	0.2500	Jumping translocation breakpoint protein (JTB)
PTHB1_GAE	0.2692	0.0000	0.0232	0.0833	PTHB1 GAE domain
DUF5662	0.2691	0.0000	0.0321	0.3333	Family of unknown function (DUF5662)
ACT_7	0.2683	0.0000	0.0260	0.1667	ACT domain
Lipocalin_2	0.2682	0.0000	0.0277	0.2500	Lipocalin-like domain
Ribosomal_L9_C	0.2673	0.0000	0.0674	0.3333	Ribosomal protein L9, C-terminal domain
NTR2	0.2672	0.0000	0.0102	0.3333	Nineteen complex-related protein 2
GPR_Gpa2_C	0.2664	0.0000	0.0269	0.3333	G protein-coupled glucose receptor regulating Gpa2 C-term
SIL1_FES1_HPBP1_C	0.2651	0.0000	0.1022	0.3333	SIL1/FES1/HPBP1 C-terminal domain
Glyco_transf_17	0.2635	0.0000	0.0084	0.3333	Glycosyltransferase family 17
Wbp11	0.2631	0.0000	0.0301	0.3333	WW domain binding protein 11
Beta-prop_FBX42	0.2631	0.0000	0.0105	0.3333	FBX42, beta-propeller domain
PIH1	0.2625	0.0000	0.0436	0.5000	PIH1 N-terminal domain
IMS_HHH	0.2622	0.0000	0.1359	0.5000	IMS family HHH motif
AstE_AspA_cat	0.2603	0.0000	0.0133	0.2500	Succinylglutamate desuccinylase/Aspartoacylase catalytic domain
PLA2G12	0.2597	0.0000	0.0198	0.0833	Group XII secretory phospholipase A2 precursor (PLA2G12)
PP2C_2	0.2594	0.0000	0.0165	0.3333	Protein phosphatase 2C
Barstar	0.2593	0.0000	0.0102	0.2500	Barstar (barnase inhibitor)
KIF21A_4th	0.2589	0.0000	0.0164	0.5833	KIF21A-like domain
PolyA_pol_RNAbd	0.2586	0.0000	0.1542	0.6667	Probable RNA and SrmB- binding site of polymerase A
Zn_ribbon_TOP3B	0.2537	0.0000	0.0795	0.4167	DNA topoisomerase 3-beta zinc ribbon domain
TMEM214	0.2535	0.0000	0.0949	0.3333	TMEM214, C-terminal, caspase 4 activator
7tm_1	0.2531	0.0000	0.0250	0.2500	7 transmembrane receptor (rhodopsin family)
Exostosin_GT47	0.2527	0.0000	0.0062	0.0833	Exostosin GT47 domain
Mannitol_dh_C	0.2524	0.0000	0.0238	0.1667	Mannitol dehydrogenase C-terminal domain
Mannitol_dh	0.2524	0.0000	0.0238	0.1667	Mannitol dehydrogenase Rossmann domain
Nt_Gln_amidase	0.2514	0.0000	0.0456	0.0000	N-terminal glutamine amidase
PRCC	0.2512	0.0000	0.0398	0.2500	Mitotic checkpoint regulator, MAD2B-interacting
LRR_TMOD-LMOD	0.2505	0.0000	0.0061	0.3333	TMOD/LMOD Leucine-rich domain
zf-His_Me_endon	0.2500	0.0000	0.0261	0.1667	Zinc-binding loop region of homing endonuclease
Beta-prop_IP5PC_F	0.2488	0.0000	0.0061	0.0833	IP5P C-F beta-propeller
Bac_rhamnosid6H	0.2484	0.0000	0.0171	0.0833	Bacterial alpha-L-rhamnosidase 6 hairpin glycosidase domain
Glyoxalase_5	0.2484	0.0000	0.0441	0.3333	Hydroxyphenylpyruvate dioxygenase, HPPD, N-terminal
BRCA2	0.2480	0.0000	0.0062	0.0833	BRCA2 repeat
API5	0.2475	0.0000	0.0282	0.5833	Apoptosis inhibitory protein 5 (API5)
DCAF1_helical	0.2474	0.0000	0.0065	0.0833	DCAF1 helical domain
LRR_At5g56370	0.2470	0.0000	0.0225	0.1667	FBD-associated F-box protein At5g56370, LRR repeats
DUF4504	0.2467	0.0000	0.0281	0.5833	Domain of unknown function (DUF4504)
TFA2_Winged_2	0.2467	0.0000	0.0281	0.5833	TFA2 Winged helix domain 2
Myosin_N	0.2467	0.0000	0.0281	0.5833	Myosin N-terminal SH3-like domain
DDHD	0.2467	0.0000	0.0281	0.5833	DDHD domain
INT1_R3	0.2467	0.0000	0.0281	0.5833	Integrator complex subunit 1, R3 domain
Spectrin	0.2467	0.0000	0.0281	0.5833	Spectrin repeat
DUF2828	0.2467	0.0000	0.0281	0.5833	Domain of unknown function (DUF2828)
DUF7788	0.2467	0.0000	0.0281	0.5833	Domain of unknown function (DUF7788)
CTLH_Armc9	0.2467	0.0000	0.0281	0.5833	Armc9, CTLH-like domain
Striatin	0.2467	0.0000	0.0281	0.5833	Striatin family
DUF8749	0.2467	0.0000	0.0281	0.5833	Domain of unknown function (DUF8749)
PLDc_3	0.2467	0.0000	0.0281	0.5833	PLD3/4, PLD-like domain
PNRC	0.2466	0.0000	0.0281	0.5000	Proline-rich nuclear receptor coactivator motif
Terpene_syn_C_2	0.2466	0.0000	0.0281	0.5000	Terpene synthase family 2, C-terminal metal binding
DUF1996	0.2463	0.0000	0.0217	0.1667	Domain of unknown function (DUF1996)
zf-TRAF_2	0.2463	0.0000	0.0217	0.1667	TRAF-like zinc-finger
CBM96	0.2463	0.0000	0.0217	0.1667	Carbohydrate-binding module family 96
Glyco_hydr_30_2	0.2463	0.0000	0.0217	0.1667	O-Glycosyl hydrolase family 30
zf-RING_11	0.2462	0.0000	0.0058	0.0833	RING-like zinc finger
CDKN3	0.2461	0.0000	0.0236	0.2500	Cyclin-dependent kinase inhibitor 3 (CDKN3)
NPHP3_N	0.2459	0.0000	0.0055	0.4167	Nephrocystin 3, N-terminal
DUF4615	0.2459	0.0000	0.0288	0.5000	Domain of unknown function (DUF4615)
AAT	0.2456	0.0000	0.0278	0.3333	Acyl-coenzyme A:6-aminopenicillanic acid acyl-transferase
VMP1_C	0.2456	0.0000	0.0425	0.6667	Vacuole membrane protein 1 C-terminal helical domain
Nrap_D2	0.2456	0.0000	0.0425	0.6667	Nrap protein PAP/OAS-like domain
Nrap	0.2456	0.0000	0.0425	0.6667	Nrap protein domain 1
RVE6	0.2456	0.0000	0.0425	0.6667	REVEILLE 6-like domain
MRB1590_C	0.2432	0.0000	0.1129	0.1667	MRB1590 C-terminal domain
ABC_N	0.2432	0.0000	0.1129	0.1667	ATPase of the ABC class N-terminal
SAT	0.2428	0.0000	0.0051	0.0833	Starter unit:ACP transacylase in aflatoxin biosynthesis
Peptidase_M64	0.2410	0.0000	0.0051	0.0833	IgA Peptidase M64
DUF7789	0.2403	0.0000	0.0205	0.4167	Domain of unknown function (DUF7789)
CAND6-7_N	0.2403	0.0000	0.0204	0.3333	CAND6/7, N-terminal domain
NDUF_B12	0.2401	0.0000	0.0324	0.4167	NADH-ubiquinone oxidoreductase B12 subunit family
YkuD	0.2385	0.0000	0.0164	0.3333	L,D-transpeptidase catalytic domain
MCD_N	0.2383	0.0000	0.0318	0.0000	Malonyl-CoA decarboxylase N-terminal domain
RBP_receptor	0.2382	0.0000	0.0237	0.0833	Retinol binding protein receptor
TRP	0.2377	0.0000	0.0040	0.1667	Transient receptor potential (TRP) ion channel
TMP-TENI	0.2376	0.0000	0.0804	0.0833	Thiamine monophosphate synthase
DUF5765	0.2376	0.0000	0.0804	0.0833	Family of unknown function (DUF5765)
KshA_C	0.2376	0.0000	0.0804	0.0833	3-Ketosteroid 9alpha-hydroxylase C-terminal domain
Homoserine_dh	0.2375	0.0000	0.0265	0.2500	Homoserine dehydrogenase
CEP104_TOG	0.2361	0.0000	0.0229	0.0833	Centrosomal protein CEP104, TOG domain
DUF3689	0.2356	0.0000	0.0219	0.4167	Protein of unknown function (DUF3689)
LRRNT_2	0.2348	0.0000	0.0039	0.2500	Leucine rich repeat N-terminal domain
PAS_4	0.2340	0.0000	0.0258	0.1667	PAS fold
NUP42_C	0.2340	0.0000	0.0258	0.1667	NUP42 C-terminal domain
AAA-ATPase_like	0.2340	0.0000	0.0258	0.1667	Predicted AAA-ATPase
Glyco_hydro_65C	0.2339	0.0000	0.0304	0.2500	Glycosyl hydrolase family 65, C-terminal domain
LARP1_HEAT	0.2330	0.0000	0.0687	0.6667	LARP1 HEAT repeat region
Ac45-VOA1_TM	0.2330	0.0000	0.0687	0.6667	V0 complex accessory subunit Ac45/VOA1 transmembrane domain
SIR2_2	0.2330	0.0000	0.0687	0.6667	SIR2-like domain
TPR_AP5Z1	0.2330	0.0000	0.0687	0.6667	AP-5 complex subunit zeta-1, TPR repeats
SSL_N	0.2330	0.0000	0.0687	0.6667	Strictosidine synthase-like, N-terminal
Ig_TRAPPC11_1st	0.2330	0.0000	0.0687	0.6667	TRAPPC11 first Ig-like domain
PGP_phosphatase	0.2330	0.0000	0.0687	0.6667	Mitochondrial PGP phosphatase
DDB_G0268712_C	0.2330	0.0000	0.0687	0.6667	DDB_G0268712 C-terminal domain
TRI4_N	0.2330	0.0000	0.0687	0.6667	TRI4 N-terminal domain
Peptidase_M15	0.2330	0.0000	0.0687	0.6667	D-ala-D-ala dipeptidase
CDC24_OB1	0.2330	0.0000	0.0687	0.6667	Cell division control protein 24, OB domain 1
FslL_N	0.2330	0.0000	0.0687	0.6667	FslL N-terminal domain
GCIP_C	0.2330	0.0000	0.0687	0.6667	Grap2 and cyclin-D-interacting, C-terminal
AIF-1	0.2330	0.0000	0.0687	0.6667	Allograft inflammatory factor 1
DUF2465	0.2330	0.0000	0.0687	0.6667	Protein of unknown function (DUF2465)
zf-CCCH_DUS3L	0.2330	0.0000	0.0687	0.6667	DUS3L CCCH zinc finger domain
DPM3	0.2330	0.0000	0.0687	0.6667	Dolichol-phosphate mannosyltransferase subunit 3 (DPM3)
MIT_C	0.2330	0.0000	0.0687	0.6667	Phospholipase D-like domain at C-terminus of MIT
Zw10_middle	0.2330	0.0000	0.0687	0.6667	Centromere/kinetochore protein zw10, middle domain
Peroxin-13_N	0.2330	0.0000	0.0687	0.6667	Peroxin 13, N-terminal region
SLAC1	0.2330	0.0000	0.0687	0.6667	Voltage-dependent anion channel
SdrD_B	0.2330	0.0000	0.0687	0.6667	SdrD B-like domain
Glyco_trans_2_3	0.2330	0.0000	0.0687	0.6667	Glycosyl transferase family group 2
EF_assoc_1	0.2330	0.0000	0.0687	0.6667	EF hand associated
VATC	0.2330	0.0000	0.0687	0.6667	Vms1-associating treble clef domain
Mit_KHE1	0.2330	0.0000	0.0687	0.6667	Mitochondrial K+-H+ exchange-related
Golvesin_C	0.2330	0.0000	0.0687	0.6667	Golvesin C-terminal domain
DUF885	0.2330	0.0000	0.0687	0.6667	Bacterial protein of unknown function (DUF885)
DcsG_N	0.2330	0.0000	0.0687	0.6667	D-cycloserine synthetase DcsG, N-terminal domain
Importin_rep_3	0.2330	0.0000	0.0687	0.6667	Importin 13 repeat
GCIP_N	0.2330	0.0000	0.0687	0.6667	Grap2 and cyclin-D-interacting, N-terminal
GDH2_N	0.2330	0.0000	0.0687	0.6667	NAD-dependent glutamate dehydrogenase, N-terminal domain
IMD	0.2330	0.0000	0.0687	0.6667	IRSp53/MIM homology domain
KRIT1_FRMD8_FERM_C	0.2330	0.0000	0.0687	0.6667	KRIT1/FRMD8, FERM domain C-lobe
Endosulfine	0.2330	0.0000	0.0687	0.6667	cAMP-regulated phosphoprotein/endosulfine conserved region
FAM32A	0.2330	0.0000	0.0687	0.6667	FAM32A
ENTR1	0.2330	0.0000	0.0687	0.6667	ENTR1
RLL	0.2330	0.0000	0.0687	0.6667	RNA transcription, translation and transport factor protein
HECT_2	0.2330	0.0000	0.0687	0.6667	HECT-like Ubiquitin-conjugating enzyme (E2)-binding
Methyltransf_7	0.2330	0.0000	0.0687	0.6667	SAM dependent carboxyl methyltransferase
Usp38-like_N	0.2330	0.0000	0.0687	0.6667	Ubiquitin carboxyl-terminal hydrolase 38-like, N-terminal domain
Sulfotransfer_1	0.2330	0.0000	0.0687	0.6667	Sulfotransferase domain
Spt6_S1	0.2330	0.0000	0.0687	0.6667	Spt6, S1/OB domain
Glycogen_syn	0.2330	0.0000	0.0687	0.6667	Glycogen synthase
CMS1	0.2330	0.0000	0.0687	0.6667	U3-containing 90S pre-ribosomal complex subunit
Ddi2_HDD	0.2327	0.0000	0.0463	0.2500	Ddi2 HDD domain
DUF5522	0.2327	0.0000	0.0227	0.0833	Family of unknown function (DUF5522)
CEP131_C	0.2325	0.0000	0.0178	0.0833	CEP131 C-terminal domain
IFT74	0.2325	0.0000	0.0178	0.0833	Intraflagellar transport protein 74
EML_helical	0.2323	0.0000	0.0227	0.0833	Embryogenesis-like protein helical domain
INTS7_HB	0.2321	0.0000	0.0483	0.6667	Integrator complex subunit 7 helical bundle
YccV-like	0.2318	0.0000	0.0183	0.0833	Hemimethylated DNA-binding protein YccV like
Glyco_hydro_72	0.2318	0.0000	0.0183	0.0833	Glucanosyltransferase
Wound_ind	0.2318	0.0000	0.0183	0.0833	Wound-inducible basic protein family
Glyco_transf_90	0.2318	0.0000	0.0183	0.0833	Glycosyl transferase family 90
Zn_ribbon_IFT122_C	0.2318	0.0000	0.0183	0.0833	IFT122, C-terminal zinc ribbon domain
PAF-AH_p_II	0.2313	0.0000	0.0409	0.0833	Platelet-activating factor acetylhydrolase, isoform II
XG_FTase	0.2313	0.0000	0.0031	0.0833	Xyloglucan fucosyltransferase
PUNUT	0.2309	0.0000	0.0156	0.3333	Purine nucleobase transmembrane transport
CEP44	0.2308	0.0000	0.0031	0.0833	Centrosomal spindle body, CEP44
TMA17_helical	0.2308	0.0000	0.0000	0.0833	TMA17 helical domain
Zn_ribbon_NUD	0.2308	0.0000	0.0108	0.0833	NADH pyrophosphatase zinc ribbon domain
Esterase_PHB	0.2308	0.0000	0.0000	0.0833	Esterase PHB depolymerase
RIX1	0.2308	0.0000	0.0000	0.3333	rRNA processing/ribosome biogenesis
MATH	0.2308	0.0000	0.0000	0.1667	MATH domain
Hexapep_GlmU	0.2308	0.0000	0.0000	0.1667	GlmU-like, C-terminal hexapeptide
AMG1_II	0.2308	0.0000	0.0207	0.0000	Phosphoacetylglucosamine mutase AMG1, domain II
GNAT_acetyltran	0.2308	0.0000	0.0000	0.0833	GNAT acetyltransferase
BTAD	0.2308	0.0000	0.0489	0.0000	Bacterial transcriptional activator domain
QLQ	0.2306	0.0000	0.0183	0.2500	QLQ
UBX7_N	0.2305	0.0000	0.0099	0.4167	UBX7 N-terminal domain
Ig_NUP210_6th	0.2303	0.0000	0.0176	0.3333	NUP210-like, Ig-like domain 6
HELP	0.2296	0.0000	0.0030	0.1667	HELP motif
RibD_C	0.2285	0.0000	0.0293	0.1667	RibD C-terminal domain
zf-C2H2_4	0.2283	0.0000	0.0189	0.0833	C2H2-type zinc finger
Hexokinase_1	0.2271	0.0000	0.0892	0.3333	Hexokinase
Hexokinase_2	0.2271	0.0000	0.0892	0.3333	Hexokinase
zf-HC5HC2H	0.2270	0.0000	0.0892	0.3333	PHD-like zinc-binding domain
NOV_C	0.2266	0.0000	0.0891	0.2500	Protein NO VEIN, C-terminal
Iwr1	0.2265	0.0000	0.0251	0.0833	Transcription factor Iwr1
Abhydrolase_11	0.2262	0.0000	0.0026	0.1667	Alpha/beta hydrolase domain
MoaE	0.2257	0.0000	0.0367	0.6667	MoaE protein
FAM177	0.2257	0.0000	0.0367	0.6667	FAM177 family
WSC	0.2257	0.0000	0.0367	0.6667	WSC domain
CfaA_B_C	0.2257	0.0000	0.0367	0.6667	Counting factor-associated protein A/B/C
B56	0.2257	0.0000	0.0367	0.6667	Protein phosphatase 2A regulatory B subunit (B56 family)
TTC5_OB	0.2226	0.0000	0.0047	0.1667	Tetratricopeptide repeat protein 5 OB fold domain
AAA_21	0.2225	0.0000	0.0207	0.4167	AAA domain, putative AbiEii toxin, Type IV TA system
Semialdhyde_dhC	0.2220	0.0000	0.0406	0.2500	Semialdehyde dehydrogenase, dimerisation domain
ACT_9	0.2220	0.0000	0.0406	0.2500	ACT domain
Ig_TMEM131L_4	0.2213	0.0000	0.0045	0.1667	TMEM131L fourth Ig-like domain
MR_MLE_N	0.2213	0.0000	0.0217	0.1667	Mandelate racemase / muconate lactonizing enzyme, N-terminal domain
AMG1_III	0.2212	0.0000	0.0783	0.0000	Phosphoacetylglucosamine mutase AMG1, domain III
DUF4535	0.2211	0.0000	0.0043	0.2500	Domain of unknown function (DUF4535)
Pyridox_ox_2	0.2211	0.0000	0.0165	0.2500	Pyridoxamine 5'-phosphate oxidase
Mei5	0.2211	0.0000	0.0165	0.2500	Double-strand recombination repair protein
dCMP_cyt_deam_2	0.2211	0.0000	0.0165	0.2500	Cytidine and deoxycytidylate deaminase zinc-binding region
Peptidase_S15	0.2211	0.0000	0.0778	0.0000	X-Pro dipeptidyl-peptidase (S15 family)
Fringe	0.2208	0.0000	0.0052	0.0833	Fringe-like
Propeptide_C1	0.2208	0.0000	0.0191	0.5000	Peptidase family C1 propeptide
AAA_30	0.2206	0.0000	0.0171	0.3333	AAA domain
Ost4	0.2196	0.0000	0.0154	0.3333	Oligosaccaryltransferase
Ig_NPHP4_4th	0.2190	0.0000	0.0287	0.0000	NPH4 Ig-like domain 4
Pentapeptide_3	0.2182	0.0000	0.0072	0.2500	Pentapeptide repeats (9 copies)
Hexapep_2	0.2179	0.0000	0.0051	0.3333	Hexapeptide repeat of succinyl-transferase
PIBF1	0.2178	0.0000	0.0131	0.0833	Progesterone-induced blocking factor 1
DUF2368	0.2168	0.0000	0.1190	0.3333	Uncharacterised conserved protein (DUF2368)
Flavodoxin_2	0.2168	0.0000	0.0532	0.2500	Flavodoxin-like fold
CCDC146_C	0.2164	0.0000	0.0142	0.0833	CCDC146 C-terminal coiled-coil domain
CFA69_ARM_rpt	0.2164	0.0000	0.0142	0.0833	Cilia- and flagella-associated protein 69, ARM repeat
CCDC24	0.2164	0.0000	0.0142	0.0833	Coiled-coil domain-containing protein 24 family
C1_2	0.2161	0.0000	0.0131	0.2500	C1 domain
Fn3_assoc	0.2161	0.0000	0.0217	0.0833	Fn3 associated
CDC24_OB2	0.2161	0.0000	0.0155	0.2500	Cell division control protein 24, OB domain 2
OB_POT1A	0.2161	0.0000	0.0155	0.2500	POT1A-like, OB fold domain
CC2D1A-B_DM14	0.2159	0.0000	0.0144	0.3333	Coiled-coil and C2 domain-containing protein 1, DM14 domain
ADPRTs_Tse2	0.2155	0.0000	0.0341	0.0000	Tse2 ADP-ribosyltransferase toxin
DUF952	0.2152	0.0000	0.0140	0.0000	Protein of unknown function (DUF952)
Resolvase	0.2143	0.0000	0.0149	0.2500	Resolvase, N terminal domain
Succ_CoA_lig	0.2139	0.0000	0.0538	0.0833	Succinyl-CoA ligase like flavodoxin domain
CFAP161	0.2137	0.0000	0.0693	0.0000	Cilia- and flagella-associated protein 161-like domain
CCDC77	0.2137	0.0000	0.0693	0.0000	Coiled-coil domain-containing protein 77
Glyco_transf_25	0.2136	0.0000	0.0366	0.0833	Glycosyltransferase family 25 (LPS biosynthesis protein)
Spore_III_AA	0.2136	0.0000	0.0366	0.0833	Sporulation stage III, protein AA
BPL_C	0.2135	0.0000	0.0055	0.2500	Biotin protein ligase C terminal domain
ASCH_2	0.2131	0.0000	0.0136	0.2500	ASCH domain
MDM10	0.2131	0.0000	0.0136	0.2500	Mitochondrial distribution and morphology protein 10
SHOC1_PDDEXK	0.2080	0.0000	0.0256	0.3333	SHOC1 PDDEXK domain
Cas1_AcylT	0.2078	0.0000	0.0085	0.0000	10 TM Acyl Transferase domain found in Cas1p
Mst1_SARAH	0.2064	0.0000	0.0108	0.1667	C terminal SARAH domain of Mst1
BATS	0.2057	0.0000	0.0203	0.0833	Biotin and Thiamin Synthesis associated domain
WHD_RNase_II	0.2057	0.0000	0.0203	0.0833	Ribonuclease II, winged helix domain
HydF_tetramer	0.2057	0.0000	0.0203	0.0833	Hydrogen maturase F tetramerization domain
FF_PRPF40A	0.2057	0.0000	0.0203	0.0833	PRPF40A-like, FF domain
Erythro_esteras	0.2057	0.0000	0.0203	0.0833	Erythromycin esterase
Adenosine_kin	0.2057	0.0000	0.0203	0.0833	Adenosine specific kinase
VanA_C	0.2057	0.0000	0.0203	0.0833	Vanillate O-demethylase oxygenase C-terminal domain
GBD_ELAPOR1	0.2057	0.0000	0.0203	0.0833	ELAPOR1-like, galactose binding domain
D-Glu_cyclase	0.2057	0.0000	0.0203	0.0833	D-glutamate cyclase
GLUCM-like_C	0.2057	0.0000	0.0203	0.0833	D-glutamate cyclase-like, C-terminal
ADC	0.2057	0.0000	0.0203	0.0833	Acetoacetate decarboxylase (ADC)
Mahjong_helical	0.2057	0.0000	0.0203	0.0833	Mahjong helical domain
SIMPL	0.2057	0.0000	0.0203	0.0833	Protein of unknown function (DUF541)
CBAH	0.2057	0.0000	0.0203	0.0833	Linear amide C-N hydrolases, choloylglycine hydrolase family
Metallopep	0.2057	0.0000	0.0203	0.0833	Putative peptidase family
Copper-bind	0.2055	0.0000	0.0248	0.3333	Copper binding proteins, plastocyanin/azurin family
SH3_Tf2-1	0.2045	0.0000	0.0209	0.4167	Tf2-1-like, SH3 domain
CDC24_OB3	0.2041	0.0000	0.0118	0.3333	Cell division control protein 24, OB domain 3
DUF7803	0.2039	0.0000	0.0162	0.0000	Domain of unknown function (DUF7803)
clamp_Gag1-like	0.2039	0.0000	0.0118	0.1667	Gag1-like, clamp domain
SnoaL	0.2038	0.0000	0.0101	0.0833	SnoaL-like polyketide cyclase
PHAX_RNA-bd	0.2034	0.0000	0.0130	0.2500	Phosphorylated adapter RNA export protein, RNA-binding domain
Nup88	0.2034	0.0000	0.0112	0.2500	Nuclear pore component
YgaP-like_TM	0.2025	0.0000	0.0315	0.0833	Inner membrane protein YgaP-like, transmembrane domain
SMN_Tudor	0.2013	0.0000	0.0117	0.2500	Survival motor neuron protein (SMN), Tudor domain
Ig_NUP210_16th	0.2003	0.0000	0.0329	0.1667	NUP210-like, Ig-like domain 16
COX2	0.1995	0.0000	0.0212	0.3333	Cytochrome C oxidase subunit II, periplasmic domain
Proton_antipo_M	0.1985	0.0000	0.0110	0.3333	NADH:quinone oxidoreductase/Mrp antiporter, TM
MinC_C	0.1983	0.0000	0.0089	0.2500	Septum formation inhibitor MinC, C-terminal domain
MinE	0.1983	0.0000	0.0089	0.2500	Septum formation topological specificity factor MinE
Gly-zipper_C13G5-2	0.1981	0.0000	0.0092	0.0833	C13G5.2-like, glycine zipper domain
FBA	0.1974	0.0000	0.0100	0.1667	F-box associated region
Pro_racemase	0.1974	0.0000	0.0093	0.0833	Proline racemase
UIM_2	0.1972	0.0000	0.0093	0.2500	Ubiquitin interaction motif
DUF3474	0.1967	0.0000	0.0108	0.2500	Domain of unknown function (DUF3474)
MRJP	0.1954	0.0000	0.0245	0.0833	Major royal jelly protein
Asp_DH_C	0.1954	0.0000	0.0245	0.0833	Aspartate dehydrogenase, C-terminal
SPEF2_D5	0.1954	0.0000	0.0245	0.0833	CPC1/SPEF2 domain D5
FWWh	0.1954	0.0000	0.0245	0.0833	Protein of unknown function
RRM_10	0.1948	0.0000	0.0486	0.6667	RRM domain
SURF2	0.1946	0.0000	0.0586	0.6667	Surfeit locus protein 2 (SURF2)
Njmu-R1	0.1946	0.0000	0.0586	0.6667	Njmu-R1-like protein family
HEAT_NCAPD3	0.1946	0.0000	0.0586	0.6667	Condensin-2 complex subunit D3-like. HEAT repeats
HEAT_NCAPD3_2	0.1946	0.0000	0.0586	0.6667	Condensin-2 complex subunit D3-like. HEAT repeats
zf-DBF	0.1946	0.0000	0.0586	0.6667	DBF zinc finger
PH_LRR1	0.1946	0.0000	0.0586	0.6667	LRR1 pleckstrin homology domain
TFIIF_alpha	0.1946	0.0000	0.0586	0.6667	Transcription initiation factor IIF, alpha subunit (TFIIF-alpha)
CNDH2_C	0.1946	0.0000	0.0586	0.6667	Condensin II complex subunit CAP-H2 or CNDH2, C-terminal wHTH domain
NRDE-2	0.1946	0.0000	0.0586	0.6667	NRDE-2, necessary for RNA interference
Ig_SIBA-E_2nd	0.1946	0.0000	0.0586	0.6667	Integrin beta-like protein A-E, second Ig-like domain
REV3_N	0.1946	0.0000	0.0586	0.6667	DNA polymerase zeta catalytic subunit, N-terminal
CLN5	0.1946	0.0000	0.0586	0.6667	Ceroid-lipofuscinosis neuronal protein 5
Ig_SibA	0.1946	0.0000	0.0586	0.6667	SibA-like, immunoglobulin-like domain
Yae1_N	0.1946	0.0000	0.0586	0.6667	Essential protein Yae1, N terminal
Thg1C	0.1946	0.0000	0.0586	0.6667	Thg1 C terminal domain
STB6_N	0.1946	0.0000	0.0586	0.6667	STB6-like, N-terminal domain
SUZ-C	0.1946	0.0000	0.0586	0.6667	SUZ-C motif
RTP1_C2	0.1946	0.0000	0.0586	0.6667	Required for nuclear transport of RNA pol II C-terminus 2
Mago-bind	0.1946	0.0000	0.0586	0.6667	Mago binding
RTA1	0.1946	0.0000	0.0586	0.6667	RTA1 like protein
PDR_CDR	0.1946	0.0000	0.0586	0.6667	CDR ABC transporter
DUF384	0.1946	0.0000	0.0586	0.6667	Domain of unknown function (DUF384)
UTP20_C	0.1946	0.0000	0.0586	0.6667	Small subunit processome component 20 homolog, C-terminal
RNA_polI_A34	0.1946	0.0000	0.0586	0.6667	DNA-directed RNA polymerase I subunit RPA34.5
SIBA-E_N	0.1946	0.0000	0.0586	0.6667	Integrin beta-like protein A-E, N-terminal
TPD	0.1946	0.0000	0.0586	0.6667	Protein of unknown function TPD sequence-motif
Bet_v_1_TRM44_N	0.1946	0.0000	0.0586	0.6667	TRM44-like, N-terminal bet v1-like domain
NDT80_PhoG	0.1946	0.0000	0.0586	0.6667	NDT80 / PhoG like DNA-binding  family
GNAT_LYC1-like	0.1946	0.0000	0.0586	0.6667	LYC1 GNAT-like C-terminal domain
SMG1	0.1946	0.0000	0.0586	0.6667	Serine/threonine-protein kinase smg-1
ABC_trans_N	0.1946	0.0000	0.0586	0.6667	ABC-transporter N-terminal
Annexin	0.1946	0.0000	0.0586	0.6667	Annexin
DUF4800	0.1946	0.0000	0.0586	0.6667	Domain of unknown function (DUF4800)
CRTF_DBD	0.1946	0.0000	0.0586	0.6667	CAR1 transcription factor, DNA-binding domain
DNA_ligase_IV	0.1946	0.0000	0.0586	0.6667	DNA ligase IV
BRWD1_N	0.1946	0.0000	0.0586	0.6667	BRWD1-like, N-terminal domain
DUF5917	0.1946	0.0000	0.0586	0.6667	Family of unknown function (DUF5917)
RNA12	0.1946	0.0000	0.0586	0.6667	RNA12 protein
PHD_2	0.1946	0.0000	0.0586	0.6667	PHD-finger
AdoMet_MTase	0.1946	0.0000	0.0586	0.6667	Predicted AdoMet-dependent methyltransferase
Ig_TRAPPC9-Trs120_3rd	0.1946	0.0000	0.0586	0.6667	Trs120/TRAPPC9, third Ig-like domain
CCDC28	0.1946	0.0000	0.0586	0.6667	Coiled-coil domain-containing protein 28
YbjQ_3	0.1946	0.0000	0.0586	0.6667	C2 domain-containing protein 5, fifth YbjQ-like domain
PA14	0.1946	0.0000	0.0586	0.6667	PA14 domain
AAA_lid_2	0.1946	0.0000	0.0586	0.6667	AAA lid domain
DUF3657	0.1946	0.0000	0.0586	0.6667	Protein FAM135
CNDH2_N	0.1946	0.0000	0.0586	0.6667	Condensin II complex subunit CAP-H2 or CNDH2, N-terminal
APC1_C	0.1946	0.0000	0.0586	0.6667	Anaphase-promoting complex sub unit 1 C-terminal domain
INTS1_INTS2-bd	0.1946	0.0000	0.0586	0.6667	Integrator complex subunit 1, INTS2-binding domain
WHD_UFL1_5th	0.1946	0.0000	0.0586	0.6667	Winged helix-turn-helix domain 5 in UFL1 protein
Dicty_CTDC	0.1946	0.0000	0.0586	0.6667	Dictyostelium (slime mold) repeat
PP28	0.1946	0.0000	0.0586	0.6667	Casein kinase substrate phosphoprotein PP28
Mitofissin	0.1946	0.0000	0.0586	0.6667	Mitofissin
TACC_C	0.1944	0.0000	0.0126	0.1667	Transforming acidic coiled-coil-containing protein (TACC), C-terminal
P-loop_SecA	0.1940	0.0000	0.0080	0.4167	SecA P-loop domain
SecA_DEAD	0.1940	0.0000	0.0080	0.4167	SecA DEAD-like domain
MMPL	0.1921	0.0000	0.0558	0.2500	MMPL family
CAP59_mtransfer	0.1909	0.0000	0.0210	0.0833	Cryptococcal mannosyltransferase 1
AtuA	0.1906	0.0000	0.0409	0.6667	Acyclic terpene utilisation family protein AtuA
AtuA_ferredoxin	0.1906	0.0000	0.0409	0.6667	AtuA ferredoxin-like domain
PHA02142	0.1906	0.0000	0.0409	0.6667	PHA02142 OB-fold domain
AP5B1_middle	0.1906	0.0000	0.0409	0.6667	AP5B1, middle domain
zf-C2H2_6	0.1900	0.0000	0.0072	0.0833	C2H2-type zinc finger
GDA1_CD39	0.1899	0.0000	0.0311	0.0833	GDA1/CD39 (nucleoside phosphatase) family
PAAT-like	0.1898	0.0000	0.0078	0.2500	ATPase PAAT-like
PARP6_N	0.1895	0.0000	0.0079	0.0833	PARP6/PARP8 N-terminal domain
LisH_2	0.1894	0.0000	0.0223	0.0833	LisH
LacAB_rpiB	0.1894	0.0000	0.1164	0.2500	Ribose/Galactose Isomerase
LRR_ComC	0.1889	0.0000	0.0178	0.5000	EGF-like domain-containing protein ComC LRR domain
DUF1206	0.1884	0.0000	0.0117	0.2500	Domain of Unknown Function (DUF1206)
ASC	0.1883	0.0000	0.0077	0.0833	Amiloride-sensitive sodium channel
ACP_syn_III_C	0.1879	0.0000	0.0507	0.3333	3-Oxoacyl-[acyl-carrier-protein (ACP)] synthase III C terminal
MHYT	0.1877	0.0000	0.0220	0.1667	Bacterial signalling protein N terminal repeat
Methyltrn_RNA_3	0.1875	0.0000	0.0210	0.5833	Putative RNA methyltransferase
Zn_ribbon_10	0.1875	0.0000	0.0210	0.5833	ER junction formation factor lunapark, zinc ribbon finger
Thy1	0.1875	0.0000	0.0210	0.5833	Thymidylate synthase complementing protein
Lipid_DES	0.1875	0.0000	0.0777	0.0000	Sphingolipid Delta4-desaturase (DES)
BBS2_CtH	0.1871	0.0000	0.0780	0.0000	BBS2 C-terminal helix bundle
T2SSF	0.1870	0.0000	0.0263	0.0000	Type II secretion system (T2SS), protein F
SPBC1E8_03c_C	0.1868	0.0000	0.0073	0.0833	SPBC1E8.03c C-terminal domain
Ofd1_CTDD	0.1866	0.0000	0.0267	0.0833	Oxoglutarate and iron-dependent oxygenase degradation C-term
Peptidase_M54	0.1866	0.0000	0.0267	0.0833	Peptidase family M54
SSB	0.1866	0.0000	0.0267	0.0833	Single-strand binding protein family
2OG-FeII_Oxy_4	0.1866	0.0000	0.0267	0.0833	2OG-Fe(II) oxygenase superfamily
HK	0.1866	0.0000	0.0267	0.0833	Hydroxyethylthiazole kinase family
Peptidase_M19	0.1866	0.0000	0.0267	0.0833	Membrane dipeptidase (Peptidase family M19)
Peripla_BP_6	0.1866	0.0000	0.0267	0.0833	Periplasmic binding protein
TENA_THI-4	0.1866	0.0000	0.0267	0.0833	TENA/THI-4/PQQC family
DCAF1_4th	0.1866	0.0000	0.0267	0.0833	DCAF1 fourth domain
ATAD2_C	0.1866	0.0000	0.0267	0.0833	ATAD2 ATPase C-terminal domain
DENND11	0.1866	0.0000	0.0267	0.0833	DENN domain-containing protein 11
NamZ_C	0.1866	0.0000	0.0267	0.0833	Exo-beta-N-acetylmuramidase NamZ, C-terminal
NamZ_N	0.1866	0.0000	0.0267	0.0833	Exo-beta-N-acetylmuramidase NamZ, N-terminal
ADSL_C	0.1866	0.0000	0.0267	0.0833	Adenylosuccinate lyase C-terminus
CMC4	0.1861	0.0000	0.0062	0.0833	Cx9C motif-containing protein 4
C2orf69	0.1861	0.0000	0.0062	0.0833	C2orf69
Peptidase_C14	0.1858	0.0000	0.0233	0.4167	Caspase domain
TMEM181_GOLD	0.1857	0.0000	0.0072	0.1667	TMEM181, GOLD domain
FAM221	0.1855	0.0000	0.0771	0.0000	Protein FAM221A/B
HHH_3	0.1853	0.0000	0.0163	0.0833	Helix-hairpin-helix motif
HPS3_N	0.1852	0.0000	0.0087	0.2500	Hermansky-Pudlak syndrome 3 protein, N-terminal
NCAPD3_N	0.1852	0.0000	0.0087	0.2500	Condensin-2 complex subunit D3-like, N-terminal domain
4HBT_3	0.1849	0.0000	0.0048	0.0833	Acyl-CoA thioesterase N-terminal domain
Fructosamin_kin	0.1832	0.0000	0.0152	0.0833	Fructosamine kinase
Septin	0.1829	0.0000	0.0054	0.3333	Septin
PBP2_Ca3427_like	0.1826	0.0000	0.0183	0.1667	Ca3427-like PBP
Slowpoke_C	0.1824	0.0000	0.0167	0.1667	Ca2+-activated K+ channel Slowpoke, TrkA_C like domain
HNH_2	0.1820	0.0000	0.0080	0.2500	HNH endonuclease
DUF2415	0.1813	0.0000	0.0057	0.0833	Uncharacterised protein domain (DUF2415)
Inhibitor_I42	0.1808	0.0000	0.0792	0.2500	Chagasin family peptidase inhibitor I42
Tyrosinase	0.1803	0.0000	0.0068	0.2500	Common central domain of tyrosinase
4HBT_3C	0.1801	0.0000	0.0056	0.0833	Acyl-CoA thioesterase C-terminal domain
2TM_P5A-ATPase	0.1796	0.0000	0.0042	0.2500	P5A-ATPase, transmembrane helical hairpin
Guanylate_cyc_2	0.1785	0.0000	0.0185	0.4167	Guanylylate cyclase
DUF7898	0.1780	0.0000	0.0125	0.1667	Domain of unknown function (DUF7898)
Pkr1	0.1775	0.0000	0.1050	0.2500	ER protein Pkr1
TPLATE_Ig	0.1766	0.0000	0.0175	0.3333	TPLATE immunoglobulin-like domain
Complex1_49kDa	0.1765	0.0000	0.0189	0.2500	Respiratory-chain NADH dehydrogenase, 49 Kd subunit
PA_decarbox	0.1755	0.0000	0.0152	0.0833	Phenolic acid decarboxylase (PAD)
Complex1_30kDa	0.1752	0.0000	0.0043	0.2500	Respiratory-chain NADH dehydrogenase, 30 Kd subunit
Beta-prop_IFT140_2nd	0.1747	0.0000	0.0307	0.0833	IFT140 second beta-propeller
CEP19	0.1747	0.0000	0.0307	0.0833	CEP19-like protein
Ig_CFAP65	0.1747	0.0000	0.0307	0.0833	Cilia- and flagella-associated protein 65-like, Ig-like domain
Hmw_CFAP97	0.1747	0.0000	0.0307	0.0833	Hemingway/CFA97
YbeY	0.1747	0.0000	0.0307	0.0833	Endoribonuclease YbeY
IG_AIR9	0.1747	0.0000	0.0307	0.0833	AIR9 A9 domain
Ig_CFAP65_8th	0.1747	0.0000	0.0307	0.0833	CFAP65, eight Ig-like domain
FOP_dimer	0.1747	0.0000	0.0307	0.0833	FOP N terminal dimerisation domain
Ig_CFAP65_4th	0.1747	0.0000	0.0307	0.0833	CFAP65, fourth Ig-like domain
MIP-T3_C	0.1747	0.0000	0.0307	0.0833	Microtubule-binding protein MIP-T3 C-terminal region
DUF1619_N	0.1747	0.0000	0.0307	0.0833	N-terminal domain of DUF1619
IFT81_CH	0.1747	0.0000	0.0307	0.0833	Intraflagellar transport 81 calponin homology domain
MIP-T3	0.1747	0.0000	0.0307	0.0833	Microtubule-binding protein MIP-T3 CH-like domain
Acetyltransf_16	0.1747	0.0000	0.0307	0.0833	GNAT acetyltransferase, Mec-17
CH_2	0.1747	0.0000	0.0307	0.0833	CH-like domain in sperm protein
CLAMP	0.1747	0.0000	0.0307	0.0833	Flagellar C1a complex subunit C1a-32
Ig_CFAP65_7th	0.1747	0.0000	0.0307	0.0833	CFAP65, seventh Ig-like domain
ARL2_Bind_BART	0.1747	0.0000	0.0307	0.0833	The ARF-like 2 binding protein BART
Ig_CFAP65__9th	0.1747	0.0000	0.0307	0.0833	Cilia- and flagella-associated protein 65-like, Ig-like domain
SHIPPO-rpt	0.1747	0.0000	0.0307	0.0833	Sperm-tail PG-rich repeat
Transmemb_17	0.1747	0.0000	0.0307	0.0833	Predicted membrane protein
CFAP300	0.1747	0.0000	0.0307	0.0833	Cilia- and flagella-associated protein 300
CFAP91	0.1745	0.0000	0.0307	0.0833	Cilia- and flagella-associated protein 91
DYNC2H1_AAA_dom	0.1745	0.0000	0.0307	0.0833	Cytoplasmic dynein 2 heavy chain 1, AAA+ ATPase domain
Beta-prop_BBS7	0.1745	0.0000	0.0307	0.0833	BBS7 beta-propeller
CFAP61_N	0.1745	0.0000	0.0307	0.0833	Cilia- and flagella-associated protein 61, N-terminal domain
SBF_like	0.1728	0.0000	0.0176	0.0833	SBF-like CPA transporter family (DUF4137)
CotH	0.1728	0.0000	0.0176	0.0833	CotH kinase protein
TMEM170A_B	0.1726	0.0000	0.1499	0.6667	Transmembrane protein 170A/B-like
Dynactin_p22	0.1726	0.0000	0.1499	0.6667	Dynactin subunit p22
Pkinase_fungal	0.1725	0.0000	0.0057	0.1667	Fungal protein kinase
DUF6010	0.1721	0.0000	0.0044	0.3333	Family of unknown function (DUF6010)
CEP131_CC	0.1720	0.0000	0.0047	0.0833	CEP131 coiled-coil domain
BRE	0.1719	0.0000	0.0045	0.0833	Brain and reproductive organ-expressed protein (BRE)
Ig_Dlec1_1	0.1719	0.0000	0.0045	0.0833	Deleted in lung and esophageal cancer protein 1 Ig domain
RNF34L-like_3rd	0.1710	0.0000	0.0038	0.0833	E3 ubiquitin-protein ligase rififylin-like domain
DUF4455	0.1703	0.0000	0.0037	0.0833	Domain of unknown function (DUF4455)
PSI	0.1697	0.0000	0.0335	0.2500	Plexin repeat
Il2rg	0.1696	0.0000	0.0039	0.0833	Putative Interleukin 2 receptor, gamma chain
ArgoN	0.1696	0.0000	0.0185	0.1667	N-terminal domain of argonaute
PIGBOS1	0.1688	0.0000	0.0201	0.4167	PIGBOS1-like
Ala_racemase_C	0.1687	0.0000	0.0478	0.0833	Alanine racemase, C-terminal domain
TPR_14	0.1667	0.0000	0.0000	0.0833	Tetratricopeptide repeat
IPT	0.1667	0.0000	0.0057	0.2500	Isopentenyl transferase
COX1	0.1667	0.0000	0.0000	0.2500	Cytochrome C and Quinol oxidase polypeptide I
Y80K_N	0.1667	0.0000	0.0028	0.2500	Uncharacterised 80 kDa protein N-terminal domain
LRR_Zer-1	0.1667	0.0000	0.0000	0.0833	Zer-1-like, Leucine-rich repeats
Collagen	0.1667	0.0000	0.0000	0.1667	Collagen triple helix repeat (20 copies)
Collar	0.1667	0.0000	0.0000	0.2500	Phage Tail Collar Domain
Ribosomal_L41	0.1667	0.0000	0.0000	0.0000	Ribosomal protein L41
DUF7630	0.1667	0.0000	0.0000	0.0833	Domain of unknown function (DUF7630)
LRR_EndoS	0.1667	0.0000	0.0000	0.1667	Endo-beta-N-acetylglucosaminidase EndoS LRR domain
Herpes_Helicase	0.1667	0.0000	0.0319	0.0833	Helicase
MS_channel_1st	0.1667	0.0000	0.0000	0.0000	Mechanosensitive ion channel, transmembrane helices 2/3
Alb1	0.1667	0.0000	0.0000	0.0000	Alb1
RVT_3	0.1667	0.0000	0.0000	0.0000	Reverse transcriptase-like
CX9C	0.1667	0.0000	0.0000	0.0000	CHCH-CHCH-like Cx9C, IMS import disulfide relay-system,
Peptidase_S41	0.1664	0.0000	0.0141	0.0833	Peptidase family S41
ODC_AZ	0.1664	0.0000	0.0141	0.0833	Ornithine decarboxylase antizyme
Temptin_C	0.1664	0.0000	0.0141	0.0833	Temptin C-terminal
PP2	0.1664	0.0000	0.0141	0.0833	Phloem protein 2
CCDC15_C	0.1664	0.0000	0.0141	0.0833	Coiled-coil domain-containing protein 15 C-terminal domain
IF3_C	0.1664	0.0000	0.0141	0.0833	Translation initiation factor IF-3, C-terminal domain
AAA_RNF213_1	0.1664	0.0000	0.0141	0.0833	RNF213 AAA domain
CEP83_CC_1st	0.1664	0.0000	0.0141	0.0833	CEP83 first coiled-coil
WD40_MABP1-WDR62_2nd	0.1664	0.0000	0.0141	0.0833	MABP1/WDR62 second WD40 domain
CSN7a_helixI	0.1664	0.0000	0.0141	0.0833	COP9 signalosome complex subunit 7a helix I domain
HTH_28	0.1661	0.0000	0.0062	0.2500	Helix-turn-helix domain
Coilin_N	0.1661	0.0000	0.0062	0.2500	Coilin N-terminus
ORC5_lid	0.1661	0.0000	0.0047	0.3333	ORC5, lid domain
Beta-prop_RIG_1st	0.1661	0.0000	0.0047	0.3333	RIG first beta-propeller
Apolipoprotein	0.1661	0.0000	0.0270	0.0833	Apolipoprotein A1/A4/E domain
CCDC61_N	0.1660	0.0000	0.0127	0.0833	CCDC61 N-terminal domain
Big_5	0.1658	0.0000	0.0031	0.1667	Bacterial Ig-like domain
CFAP70_C2	0.1651	0.0000	0.0118	0.0833	Cilia and flagella-associated protein 70 C2 domain
UPF0515	0.1645	0.0000	0.0028	0.0833	Uncharacterised protein UPF0515
Membralin	0.1644	0.0000	0.0049	0.2500	Tumour-associated protein
UPF0193	0.1635	0.0000	0.0314	0.0000	Uncharacterised protein family (UPF0193)
Trypsin	0.1625	0.0000	0.0188	0.0833	Trypsin
TAF1_subA	0.1623	0.0000	0.0337	0.2500	TAF RNA Polymerase I subunit A
Fer4_NDSU1	0.1622	0.0000	0.0039	0.2500	NADH-ubiquinone oxidoreductase NDSU1/NuoG-like, 4Fe-4S domain
DUF8614	0.1608	0.0000	0.0463	0.1667	Domain of unknown function (DUF8614)
Complex1_LYR_1	0.1608	0.0000	0.0353	0.0000	Complex1_LYR-like
Pr_beta_C	0.1599	0.0000	0.0030	0.2500	Proteasome beta subunits C terminal
ATP-grasp_IQCH	0.1572	0.0000	0.0714	0.0000	IQCH-like, ATP-grasp
C2-C2_1	0.1572	0.0000	0.0714	0.0000	First C2 domain of RPGR-interacting protein 1
ESSS	0.1572	0.0000	0.0941	0.0000	ESSS subunit of NADH:ubiquinone oxidoreductase (complex I)
PTHB1_pf	0.1572	0.0000	0.0714	0.0000	PTHB1 platform domain
CFAP96-like	0.1572	0.0000	0.0714	0.0000	Cilia-and flagella-associated protein 96
PCIF1_WW	0.1572	0.0000	0.0714	0.0000	Phosphorylated CTD interacting factor 1 WW domain
ODAD1_CC	0.1572	0.0000	0.0714	0.0000	ODAD1 central coiled coil region
PARP_regulatory	0.1572	0.0000	0.0714	0.0000	Poly A polymerase regulatory subunit
DUF501	0.1572	0.0000	0.0714	0.0000	Protein of unknown function (DUF501)
DUF8079	0.1572	0.0000	0.0714	0.0000	Repeat of unknown function (DUF8079)
CEP76_N	0.1572	0.0000	0.0714	0.0000	CEP76 N-terminal domain
PAP-OAS1	0.1572	0.0000	0.0940	0.0000	PAP/OAS1 substrate-binding domain
CoA_binding_2	0.1524	0.0000	0.0061	0.1667	CoA binding domain
AAA_31	0.1524	0.0000	0.0161	0.3333	AAA domain
ART	0.1523	0.0000	0.0233	0.0000	NAD:arginine ADP-ribosyltransferase
Mlf1IP	0.1523	0.0000	0.0233	0.0000	Myelodysplasia-myeloid leukemia factor 1-interacting protein
ARM_KNTC1_1st	0.1516	0.0000	0.0031	0.0833	KNTC1 first ARM-repeats domain
Stm1_N	0.1516	0.0000	0.0031	0.0833	Stm1
DUF1349	0.1512	0.0000	0.1143	0.1667	Protein of unknown function (DUF1349)
Tcp10_C	0.1506	0.0000	0.0232	0.0000	T-complex protein 10 C-terminus
DUF2678	0.1501	0.0000	0.0174	0.4167	Protein of unknown function (DUF2678)
SPMIP1	0.1496	0.0000	0.0082	0.0000	Sperm microtubule inner protein 1
BtpA	0.1491	0.0000	0.0074	0.1667	BtpA family
MRP_L53	0.1488	0.0000	0.0227	0.3333	39S ribosomal protein L53/MRP-L53
Thioesterase	0.1485	0.0000	0.0108	0.0833	Thioesterase domain
SBP56	0.1485	0.0000	0.0108	0.0833	56kDa selenium binding protein (SBP56)
Znf_XAF1_N	0.1485	0.0000	0.0108	0.0833	XIAP-associated factor 1-like, N-terminal zinc finger
RXYLT1_C	0.1485	0.0000	0.0108	0.0833	RXYLT1 C-terminal domain
Fz	0.1485	0.0000	0.0108	0.0833	Fz domain
TFIIE_beta	0.1484	0.0000	0.0488	0.8333	TFIIE beta subunit core domain
AAA_assoc_2	0.1484	0.0000	0.0488	0.8333	AAA C-terminal domain
Expansin_N	0.1484	0.0000	0.0488	0.8333	Expansin N-terminal domain
DUF900	0.1484	0.0000	0.0488	0.8333	Alpha/beta hydrolase of unknown function (DUF900)
Rad60-SLD_2	0.1483	0.0000	0.0063	0.0833	Ubiquitin-2 like Rad60 SUMO-like
UvdE	0.1481	0.0000	0.0232	0.0833	UV-endonuclease UvdE
CEP89	0.1481	0.0000	0.0232	0.0833	Centrosomal protein of 89 kDa
YrhK	0.1481	0.0000	0.0232	0.0833	YrhK-like protein
Rax2	0.1481	0.0000	0.0232	0.0833	Rax2 C-terminal beta propeller domain
SnAC	0.1481	0.0000	0.0232	0.0833	Snf2-ATP coupling, chromatin remodelling complex
At4g15545_C	0.1481	0.0000	0.0232	0.0833	At4g15545-like, C-terminal domain
ARMC9_ARM	0.1481	0.0000	0.0232	0.0833	LisH domain-containing protein ARMC9, ARM repeats
PIRC1_2	0.1481	0.0000	0.0232	0.0833	Piercer of microtubule wall 1/2
TB2_DP1_HVA22	0.1481	0.0000	0.0232	0.0833	TB2/DP1, HVA22 family
Pecanex_C	0.1481	0.0000	0.0232	0.0833	Pecanex protein (C-terminus)
Sec3-PIP2_bind	0.1481	0.0000	0.0232	0.0833	Exocyst complex component SEC3 N-terminal PIP2 binding PH
CMD	0.1481	0.0000	0.0232	0.0833	Carboxymuconolactone decarboxylase family
2H-SAK	0.1481	0.0000	0.0232	0.0833	Swiss Army Knife, 2H phosphoesterase domain
DUF2306	0.1481	0.0000	0.0232	0.0833	Predicted membrane protein (DUF2306)
CC2D2AN-C2	0.1481	0.0000	0.0232	0.0833	CC2D2A N-terminal C2 domain
HAUS2	0.1481	0.0000	0.0232	0.0833	HAUS augmin-like complex subunit 2
TrmO_C	0.1479	0.0000	0.0389	0.2500	TrmO C-terminal domain
Coa3_cc	0.1464	0.0000	0.0280	0.0833	Cytochrome c oxidase assembly factor 3
FAM184	0.1457	0.0000	0.0068	0.0000	Family with sequence similarity 184, A and B
RMI1_N_N	0.1433	0.0000	0.0114	0.3333	RMI1, N-terminal helical domain
zf-CCHC_6	0.1433	0.0000	0.1185	0.1667	Zinc knuckle
NpwBP	0.1432	0.0000	0.0254	0.2500	mRNA biogenesis factor
MinC_N	0.1428	0.0000	0.0144	0.2500	Septum formation inhibitor MinC, N-terminal domain
Val_tRNA-synt_C	0.1426	0.0000	0.0523	0.0833	Valyl tRNA synthetase tRNA binding arm
AsnA	0.1423	0.0000	0.0642	0.1667	Aspartate-ammonia ligase
PT	0.1422	0.0000	0.0169	0.3333	PT disordered repeat
Tom7	0.1409	0.0000	0.0133	0.2500	TOM7 family
RHG20_PH	0.1409	0.0000	0.0133	0.2500	Rho GTPase-activating protein 20, PH domain
TIM21	0.1409	0.0000	0.0133	0.2500	TIM21
UBL_USP40	0.1409	0.0000	0.0133	0.2500	USP40 ubiquitin-like domain
Anamorsin_N	0.1409	0.0000	0.0133	0.2500	Anamorsin, N-terminal
MPSS1_M	0.1407	0.0000	0.0322	0.0000	Mitochondrial 3' processome subunit 1 middle domain
SPRTN_ZBD	0.1407	0.0000	0.0215	0.3333	Spartan-like zinc binding domain
2-thiour_desulf	0.1406	0.0000	0.0157	0.0000	2-thiouracil desulfurase
WAP	0.1386	0.0000	0.0140	0.3333	WAP-type (Whey Acidic Protein) 'four-disulfide core'
DUF7107	0.1386	0.0000	0.0140	0.3333	Domain of unknown function (DUF7107)
Cep192_D8	0.1386	0.0000	0.0140	0.3333	Cep192 domain 8
FAM228	0.1386	0.0000	0.0334	0.0000	FAM228
Pox_A32	0.1382	0.0000	0.0261	0.3333	Poxvirus A32 protein
TtuA_LIM_N	0.1381	0.0000	0.0341	0.0000	2-thiouridine synthetase TtuA, N-terminal LIM domain
zf_RING_Vps8	0.1365	0.0000	0.0224	0.1667	Vps8 RING zinc finger
Uma2	0.1338	0.0000	0.0136	0.2500	Putative restriction endonuclease
JHY	0.1334	0.0000	0.0317	0.0000	Jhy protein
PH_36	0.1334	0.0000	0.0317	0.0000	PH domain-like
WHD_NWD1	0.1330	0.0000	0.0132	0.2500	NWD1-like, winged helix-turn-helix domain
Vir1p	0.1330	0.0000	0.0132	0.2500	Virilizer, yeast
DUF4505	0.1327	0.0000	0.0105	0.0833	Domain of unknown function (DUF4505)
Chromate_transp	0.1321	0.0000	0.0217	0.1667	Chromate transporter
RA	0.1307	0.0000	0.0120	0.3333	Ras association (RalGDS/AF-6) domain
GBP_C	0.1301	0.0000	0.0235	0.1667	Guanylate-binding protein, C-terminal domain
cpSF2-GREB1	0.1301	0.0000	0.0235	0.1667	Circularly permuted SF2 helicase found in GREB1 proteins
Ribosomal_S6	0.1292	0.0000	0.0398	0.0000	Ribosomal protein S6
T2SSE	0.1292	0.0000	0.0398	0.0000	Type II/IV secretion system protein
Expansin_middle	0.1289	0.0000	0.0228	0.8333	Expansin-like protein middle domain
Expansin_C_term	0.1287	0.0000	0.0227	0.7500	Expansin-like protein C-terminal domain
RAMA	0.1278	0.0000	0.0180	0.4167	Restriction Enzyme Adenine Methylase Associated
Piwi_N	0.1278	0.0000	0.0180	0.4167	Piwi, N-terminal domain
VID27_N	0.1274	0.0000	0.0179	0.4167	VID27 N-terminal region
Man-6-P_recep	0.1273	0.0000	0.0392	0.2500	Mannose-6-phosphate receptor
DDB_G0273701_N	0.1271	0.0000	0.0251	0.3333	DDB_G0273701 N-terminal domain
Sina_ZnF	0.1264	0.0000	0.0112	0.2500	Sina, zinc finger
Ig_NUP210_3rd	0.1258	0.0000	0.0186	0.4167	NUP210 Ig-like domain 3
Menorin_N	0.1250	0.0000	0.0111	0.0833	Menorin N-terminal domain
Ecotin	0.1245	0.0000	0.0217	0.1667	Ecotin
FUT8_N_cat	0.1243	0.0000	0.0177	0.3333	Alpha-(1,6)-fucosyltransferase N- and catalytic domains
Gln-synt_N	0.1242	0.0000	0.0111	0.0833	Glutamine synthetase, beta-Grasp domain
M60-like_N	0.1239	0.0000	0.0155	0.0000	N-terminal domain of M60-like peptidases
ACT_4	0.1229	0.0000	0.0384	0.1667	ACT domain
zf-C2H2_AHC1	0.1229	0.0000	0.0175	0.3333	AHC1 C2H2 zinc-finger domain
HEAT_GCN1_C	0.1202	0.0000	0.0306	0.3333	GCN1-like, C-terminal HEAT repeats
Asp_protease_2	0.1198	0.0000	0.0100	0.2500	Aspartyl protease
Perilipin	0.1198	0.0000	0.0100	0.2500	Perilipin family
zf-CCCH_PAN3	0.1198	0.0000	0.0100	0.2500	PAN3 CCCH zinc finger domain
MIX23	0.1198	0.0000	0.0100	0.2500	Intermembrane space protein MIX23
Cytochrome_B	0.1198	0.0000	0.0100	0.2500	Cytochrome b/b6/petB
Cytochrom_B_C	0.1198	0.0000	0.0100	0.2500	Cytochrome b(C-terminal)/b6/petD
TMEM237	0.1185	0.0000	0.0127	0.0833	Transmembrane protein 237
ATC_hydrolase	0.1185	0.0000	0.0127	0.0833	L-2-amino-thiazoline-4-carboxylic acid hydrolase
tSH3-B_UBE2O	0.1185	0.0000	0.0127	0.0833	UBE2O, tandem tSH3-B domain
TRIC	0.1185	0.0000	0.0127	0.0833	TRIC channel
Lebercilin	0.1185	0.0000	0.0127	0.0833	Ciliary protein causing Leber congenital amaurosis disease
GT_PLOD	0.1185	0.0000	0.0127	0.0833	PLOD GT domain
RTTN_N	0.1185	0.0000	0.0127	0.0833	Rotatin, an armadillo repeat protein, centriole functioning
PI-PLC-C1	0.1177	0.0000	0.0149	0.0000	Phosphoinositide phospholipase C, Ca2+-dependent
Polbeta	0.1177	0.0000	0.0149	0.0000	Polymerase beta, Nucleotidyltransferase
UPF0669	0.1177	0.0000	0.0149	0.0000	Putative cytokine, C6ORF120
PrsW-protease	0.1177	0.0000	0.0149	0.0000	PrsW family intramembrane metalloprotease
Jacalin	0.1177	0.0000	0.0149	0.0000	Jacalin-like lectin domain
HCS_D2	0.1177	0.0000	0.0149	0.0000	Homocitrate synthase post-HMGL domain-like
Dicty_REP	0.1164	0.0000	0.0095	0.2500	Dictyostelium (Slime Mold) REP protein
GIGANTEA_N	0.1164	0.0000	0.0095	0.2500	GIGANTEA N-terminal domain
SHNi-TPR	0.1158	0.0000	0.0144	0.0833	SHNi-TPR
SAM_7	0.1153	0.0000	0.0151	0.1667	SAM-like domain
OB_DPOA2	0.1153	0.0000	0.0151	0.1667	DNA polymerase alpha subunit B, OB domain
Zn_ribbon_Top1	0.1148	0.0000	0.0890	0.0833	Topoisomerase DNA binding C4 zinc finger
Zeta_toxin	0.1147	0.0000	0.0529	0.0833	Zeta toxin
Sina_RING	0.1145	0.0000	0.0104	0.2500	E3 ubiquitin-protein ligase sina/sinah, RING finger
LRR_MHP1-HER1-GIP3	0.1138	0.0000	0.0201	0.1667	MHP1/HER1/GIP3 LRR domain
zf-C3H2C3	0.1138	0.0000	0.0315	0.0833	Zinc-finger
Peptidase_S51	0.1134	0.0000	0.0488	0.0000	Peptidase family S51
Cytochrom_B558a	0.1128	0.0000	0.0147	0.4167	Cytochrome Cytochrome b558 alpha-subunit
PH_29	0.1123	0.0000	0.0326	0.0000	PH-like domain
DUF8206	0.1121	0.0000	0.0077	0.2500	Domain of unknown function (DUF8206)
6TM_2nd_PGAP2IP	0.1119	0.0000	0.0174	0.5833	PGAP2IP, second transmembrane domain
TPR_GEMI5	0.1119	0.0000	0.0174	0.5833	GEMI5 TPR domain
SR-25	0.1114	0.0000	0.0202	0.4167	Nuclear RNA-splicing-associated protein
NuBaID_C	0.1114	0.0000	0.0211	0.4167	NuBaID, C-terminal domain
Beta-prop_RIG_2nd	0.1114	0.0000	0.0211	0.4167	RIG second beta-propeller
Beta-prop_Aladin	0.1112	0.0000	0.0213	0.4167	Aladin seven-bladed propeller
KMS1_N	0.1104	0.0000	0.0321	0.7500	KMS1 N-terminal domain
TPR_HPS5	0.1095	0.0000	0.0192	0.3333	HPS5 TPR domain
RNF220	0.1095	0.0000	0.0192	0.3333	E3 ubiquitin-protein ligase RNF220
PHP	0.1093	0.0000	0.0145	0.3333	PHP domain
IucA_IucC	0.1091	0.0000	0.0164	0.4167	IucA / IucC family
FXa_inhibition	0.1091	0.0000	0.0164	0.4167	Coagulation Factor Xa inhibitory site
Yme1-like_N	0.1091	0.0000	0.0164	0.4167	Yme1-like, N-terminal
Neugrin	0.1091	0.0000	0.0164	0.4167	Neugrin
WDR54	0.1090	0.0000	0.0241	0.0000	WDR54
YMF19	0.1089	0.0000	0.0081	0.2500	Plant ATP synthase F0
zf-C3HC4_5	0.1089	0.0000	0.0081	0.2500	Zinc finger, C3HC4 type (RING finger)
RNA_pol_3_Rpc31	0.1089	0.0000	0.0081	0.2500	DNA-directed RNA polymerase III subunit Rpc31
Spy1	0.1088	0.0000	0.0182	0.4167	Cell cycle regulatory protein
Dpoe2NT	0.1088	0.0000	0.0182	0.4167	DNA polymerases epsilon N terminal
UBR7_C	0.1086	0.0000	0.0176	0.4167	UBR7 C-terminal region
WHD_ORC1	0.1085	0.0000	0.0160	0.4167	Origin recognition complex subunit 1 C-terminal winged HTH domain
MafB19-deam	0.1085	0.0000	0.0262	0.3333	MafB19-like deaminase
Trp_halogenase	0.1085	0.0000	0.0176	0.3333	Tryptophan halogenase
DDB_G0287209_beta-sheet	0.1082	0.0000	0.0176	0.4167	DDB_G0287209 beta sheet domain
Carm_PH	0.1082	0.0000	0.0176	0.4167	Carmil pleckstrin homology domain
DDB_G0287209_C	0.1082	0.0000	0.0176	0.4167	DDB_G0287209 C-terminal domain
Acyl-ACP_TE_C	0.1065	0.0000	0.0068	0.0833	Acyl-ACP thioesterase C-terminal domain
Tmemb_40	0.1063	0.0000	0.0134	0.0000	Predicted membrane protein
Septknot	0.1063	0.0000	0.0134	0.0000	7(1) septoil knot domain
NPHP4_C2_3rd	0.1063	0.0000	0.0134	0.0000	Nephrocystin-4 C2 third domain
CCDC148	0.1063	0.0000	0.0134	0.0000	CCDC148 coiled-coil domain
TLE_N	0.1063	0.0000	0.0134	0.0000	Groucho/TLE N-terminal Q-rich domain
TRIP13_N	0.1063	0.0000	0.0134	0.0000	TRIP13 N-terminal domain
Legum_prodom	0.1063	0.0000	0.0134	0.0000	Legumain, prodomain
NPHP4_C2_2nd	0.1063	0.0000	0.0134	0.0000	Nephrocystin-4 second C2-like domain
ATP_synth_6	0.1055	0.0000	0.0063	0.2500	Mitochondrial ATP synthase 6 kDa subunit
NADH5_C	0.1055	0.0000	0.0063	0.2500	NADH dehydrogenase subunit 5 C-terminus
COX2_TM	0.1055	0.0000	0.0063	0.2500	Cytochrome C oxidase subunit II, transmembrane domain
RENR_N	0.1055	0.0000	0.0063	0.2500	Renin receptor N-terminal domain
ZNFX1	0.1019	0.0000	0.0149	0.5833	ZNFX1 domain
DUF8771	0.1019	0.0000	0.0149	0.5833	Family of unknown function (DUF8771)
AnmK	0.1019	0.0000	0.0149	0.5833	Anhydro-N-acetylmuramic acid kinase
RIIa	0.0988	0.0000	0.0230	0.0000	Regulatory subunit of type II PKA R-subunit
PCO_ADO	0.0985	0.0000	0.0411	0.5833	PCO_ADO
CHORD	0.0985	0.0000	0.0248	0.5000	CHORD
BPSS1860	0.0976	0.0000	0.0155	0.2500	Surface attachment protein BPSS1860
CurL-like_PKS_C	0.0976	0.0000	0.0155	0.2500	CurL-like, PKS C-terminal
Methyltransf_1N	0.0974	0.0000	0.0180	0.3333	6-O-methylguanine DNA methyltransferase, ribonuclease-like domain
Mdm12	0.0965	0.0000	0.0047	0.2500	Mitochondrial distribution and morphology protein 12
Rubredoxin_C	0.0965	0.0000	0.0047	0.2500	Rubredoxin NAD+ reductase C-terminal domain
EF-1_beta_acid	0.0965	0.0000	0.0047	0.2500	Eukaryotic elongation factor 1 beta central acidic region
DIA2_	0.0960	0.0000	0.0183	0.3333	Differentiation-associated protein 2
PH-GRAM_MTMR6-like	0.0960	0.0000	0.0183	0.3333	MTMR6-9, GRAM domain
DUF8244	0.0960	0.0000	0.0183	0.3333	Family of unknown function (DUF8244)
PDR_assoc	0.0960	0.0000	0.0183	0.3333	Plant PDR ABC transporter associated
PH_S11IP_C	0.0920	0.0000	0.0058	0.2500	STK11-interacting protein, C-terminal PH domain
EF-Ts_N	0.0920	0.0000	0.0058	0.2500	Elongation factor Ts, mitochondrial, N-terminal
DDB_G0284425_helix	0.0920	0.0000	0.0058	0.2500	DDB_G0284425 helix
HcaD_C	0.0920	0.0000	0.0058	0.2500	HcaD C-terminal domain
AFF4_CHD	0.0910	0.0000	0.0001	0.2500	AFF4, C-terminal homology domain
Glyco_hydro_42	0.0910	0.0000	0.0525	0.1667	Beta-galactosidase
CSTF1_dimer	0.0910	0.0000	0.0001	0.1667	Cleavage stimulation factor subunit 1, dimerisation domain
YTH	0.0910	0.0000	0.0001	0.0833	YT521-B-like domain
ASL_C2	0.0910	0.0000	0.0001	0.0833	Argininosuccinate lyase C-terminal
SPT16_C	0.0910	0.0000	0.0001	0.0833	FACT complex subunit SPT16, C-terminal domain
DUF8803	0.0909	0.0000	0.0000	0.2500	Domain of unknown function (DUF8803)
DUF4807	0.0909	0.0000	0.0000	0.0833	Domain of unknown function (DUF4807)
GH16_PorA-D	0.0909	0.0000	0.0000	0.0833	Beta-porphyranase A-D, GH16 domain
Lys_Orn_oxgnase	0.0909	0.0000	0.0000	0.0833	L-lysine 6-monooxygenase/L-ornithine 5-monooxygenase
Pyr_redox	0.0909	0.0000	0.0000	0.0833	Pyridine nucleotide-disulphide oxidoreductase
CG45076_Coiled-coil	0.0909	0.0000	0.0000	0.2500	CG45076 Coiled-coil
DUF1045	0.0909	0.0000	0.0000	0.1667	Protein of unknown function (DUF1045)
gag-asp_proteas	0.0909	0.0000	0.0257	0.2500	gag-polyprotein putative aspartyl protease
Dicty_CAD	0.0909	0.0000	0.0000	0.2500	Cell-cell adhesion domain
SecA_PP_bind	0.0909	0.0000	0.0000	0.2500	SecA preprotein cross-linking domain
EVI5	0.0909	0.0000	0.0000	0.1667	EVI5-like domain
NADHdh	0.0909	0.0000	0.0000	0.1667	NADH dehydrogenase
AAA_35	0.0909	0.0000	0.0000	0.1667	AAA-like domain
TFIP11_C	0.0909	0.0000	0.0295	0.0833	TFIP11 C-terminal domain
hEGF	0.0909	0.0000	0.0000	0.0833	Human growth factor-like EGF
PRC2_EED_ins	0.0909	0.0000	0.0000	0.1667	Polycomb protein EED insertion domain
Beta-prop_TEP1_C	0.0909	0.0000	0.0000	0.1667	TEP-1 C-terminal beta-propeller
DUF3824	0.0909	0.0000	0.0000	0.0833	Domain of unknwon function (DUF3824)
Ig-like_KY	0.0909	0.0000	0.0000	0.0000	KY-like, immunoglobulin-like domain
zf-C2H2_10	0.0909	0.0000	0.0070	0.0000	C2H2 zinc-finger
zf-CCCH_Mcm10	0.0909	0.0000	0.0000	0.0000	Mcm10, CCCH-type zinc motif
NAD-GH	0.0909	0.0000	0.0000	0.0000	NAD-specific glutamate dehydrogenase
C-C_Bond_Lyase	0.0909	0.0000	0.0227	0.0000	C-C_Bond_Lyase of the TIM-Barrel fold
Q4D6Q6	0.0909	0.0000	0.0000	0.0000	Q4D6Q6 domain
ATPase	0.0909	0.0000	0.0000	0.0000	KaiC
AMH_N	0.0909	0.0000	0.0000	0.0000	Anti-Mullerian hormone, N terminal region
TSNAXIP1_N	0.0880	0.0000	0.0391	0.0000	Translin-associated factor X-interacting N-terminus
PapD-like	0.0865	0.0000	0.0260	0.0833	Flagellar-associated PapD-like
C5orf34_C	0.0865	0.0000	0.0260	0.0833	C5orf34 C-terminal domain
Pur_DNA_glyco	0.0862	0.0000	0.0167	0.0000	Methylpurine-DNA glycosylase (MPG)
DUF818	0.0850	0.0000	0.0033	0.0000	Chlamydia CHLPS protein (DUF818)
RIF5_SNase_2	0.0850	0.0000	0.0162	0.0000	TbRIF5 SNase domain 2
La_HTH_kDCL	0.0849	0.0000	0.0093	0.0000	La HTH in kinetoplastid DICER domain
KptA_kDCL	0.0849	0.0000	0.0093	0.0000	KptA in kinetoplastid DICER domain
WHD_GTF3C1_N	0.0849	0.0000	0.0030	0.1667	General transcription factor 3C polypeptide 1, winged-helix domain
HU-CCDC81_euk_1	0.0847	0.0000	0.0450	0.0000	CCDC81 eukaryotic HU domain 1
IDM1_C	0.0846	0.0000	0.0154	0.0000	Increased DNA methylation 1, C-terminal domain
zf-C3HC4_4	0.0838	0.0000	0.0271	0.0000	zinc finger of C3HC4-type, RING
GSH-S_ATP	0.0830	0.0000	0.0190	0.2500	Prokaryotic glutathione synthetase, ATP-grasp domain
Microtub_bd	0.0816	0.0000	0.0036	0.0000	Microtubule binding
Abhydrolase_4	0.0816	0.0000	0.0036	0.0000	TAP-like protein
Thi4	0.0816	0.0000	0.0036	0.0000	Thi4 family
Discoidin-inducing_B	0.0805	0.0000	0.0184	0.6667	Discoidin-inducing complex subunit B
YceI	0.0790	0.0000	0.0067	0.0000	YceI-like domain
Beta-prop_TYW4	0.0790	0.0000	0.0067	0.0000	tRNA wybutosine-synthesizing protein 4, beta-propeller
RIF5_SNase_1	0.0786	0.0000	0.0066	0.0000	TbRIF5 SNase domain 1
COX3	0.0784	0.0000	0.0068	0.1667	Cytochrome c oxidase subunit III
DUF1697	0.0781	0.0000	0.0119	0.4167	Protein of unknown function (DUF1697)
HPF1	0.0776	0.0000	0.0068	0.0000	Histone PARylation factor 1
DUF4116	0.0772	0.0000	0.0159	0.0833	Domain of unknown function (DUF4116)
CCDC13	0.0769	0.0000	0.0153	0.0000	Coiled-coil domain-containing protein 13
DAAD	0.0766	0.0000	0.0175	0.2500	Dictyosteliid AID/APOBEC-like Deaminase
TBP-binding	0.0766	0.0000	0.0175	0.2500	TATA box-binding protein binding
CECR6_TMEM121	0.0753	0.0000	0.0054	0.0000	CECR6/TMEM121 family
GRA5	0.0751	0.0000	0.0295	0.0833	Gramillins biosynthetic cluster protein GRA5
POR_N	0.0750	0.0000	0.0936	0.3333	Pyruvate flavodoxin/ferredoxin oxidoreductase, thiamine diP-bdg
SLX1_C	0.0750	0.0000	0.0936	0.3333	Structure-specific endonuclease subunit SLX1, C-terminal
POR	0.0750	0.0000	0.0936	0.3333	Pyruvate ferredoxin/flavodoxin oxidoreductase
OKR_DC_1	0.0750	0.0000	0.0936	0.3333	Orn/Lys/Arg decarboxylase, major domain
EKR	0.0750	0.0000	0.0936	0.3333	Domain of unknown function
PFOR_II	0.0750	0.0000	0.0936	0.3333	Pyruvate:ferredoxin oxidoreductase core domain II
Ldh_2	0.0750	0.0000	0.0936	0.3333	Malate/L-lactate dehydrogenase
MPSS1_N	0.0744	0.0000	0.0051	0.0000	Mitochondrial 3' processome subunit 1 N-terminal domain
iPGM_N	0.0743	0.0000	0.1577	0.1667	BPG-independent PGAM N-terminus (iPGM_N)
VID28_C	0.0737	0.0000	0.0145	0.3333	VID28/GID5 C-terminal domain
Inhibitor_I36	0.0737	0.0000	0.0145	0.3333	Peptidase inhibitor family I36
FhuF	0.0737	0.0000	0.0145	0.3333	Ferric iron reductase FhuF-like transporter
ArdcN	0.0732	0.0000	0.0046	0.0000	N-terminal domain of anti-restriction factor ArdC
PDZ_6	0.0727	0.0000	0.1164	0.2500	PDZ domain
DGF-1_4	0.0726	0.0000	0.0043	0.0000	Dispersed gene family protein 1 of Trypanosoma cruzi region 4
PC-Esterase	0.0726	0.0000	0.0043	0.0000	GDSL/SGNH-like Acyl-Esterase family found in Pmr5 and Cas1p
DGF-1_5	0.0726	0.0000	0.0043	0.0000	Dispersed gene family protein 1, region 4
Zf_IFT144_1st	0.0726	0.0000	0.0043	0.0000	IFT144, first zinc finger domain
Cu-binding_MopE	0.0726	0.0000	0.0043	0.0000	Putative metal-binding motif
Tr-sialidase_C	0.0726	0.0000	0.0043	0.0000	Trans-sialidase of Trypanosoma hydrophobic C-terminal
GlcNAc_2-epim	0.0726	0.0000	0.0043	0.0000	N-acylglucosamine 2-epimerase (GlcNAc 2-epimerase)
Arginosuc_synth	0.0723	0.0000	0.0042	0.0000	Arginosuccinate synthase N-terminal HUP domain
BV97_02767	0.0723	0.0000	0.0057	0.0000	BV97_02767-like
FGE-sulfatase	0.0719	0.0000	0.1270	0.2500	Sulfatase-modifying factor enzyme 1-like domain
YjgF_endoribonc	0.0719	0.0000	0.0228	0.1667	YjgF/chorismate_mutase-like, putative endoribonuclease
PAC1	0.0718	0.0000	0.0115	0.5833	Proteasome assembly chaperone 4
TIR_2	0.0718	0.0000	0.0115	0.5833	TIR domain
N1221	0.0718	0.0000	0.0115	0.5833	N1221-like protein
Glyco_hydro_7	0.0718	0.0000	0.0115	0.5833	Glycosyl hydrolase family 7
SWIRM-assoc_2	0.0718	0.0000	0.0115	0.5833	SWIRM-associated domain at the N-terminal
LPMO_10	0.0718	0.0000	0.0115	0.5833	Lytic polysaccharide mono-oxygenase, cellulose-degrading
CHASE	0.0718	0.0000	0.0115	0.5833	CHASE domain
DUF6314	0.0718	0.0000	0.0115	0.5833	Family of unknown function (DUF6314)
rhaM	0.0718	0.0000	0.0115	0.5833	L-rhamnose mutarotase
A_deaminase_N	0.0718	0.0000	0.0115	0.5833	Adenosine/AMP deaminase N-terminal
QueC	0.0717	0.0000	0.0176	0.0000	Queuosine biosynthesis protein QueC
GP46_beta	0.0705	0.0000	0.0036	0.0000	Surface membrane glycoprotein GP46/M-2, beta-sheet domain
DUF1810	0.0703	0.0000	0.0277	0.1667	Protein of unknown function (DUF1810)
zf-LSD1	0.0703	0.0000	0.0326	0.0000	LSD1 zinc finger
Tet_JBP	0.0703	0.0000	0.0326	0.0000	Oxygenase domain of the 2OGFeDO superfamily
ARMET_C	0.0703	0.0000	0.0326	0.0000	ARMET, C-terminal
Peripla_BP_A-cyclase	0.0703	0.0000	0.0326	0.0000	Adenylate cyclase, periplasmic binding protein-like domain
EF-hand_9	0.0703	0.0000	0.0326	0.0000	EF-hand domain
DUF7920	0.0703	0.0000	0.0334	0.0000	Domain of unknown function (DUF7920)
DUF8772	0.0703	0.0000	0.0334	0.0000	Domain of unknown function (DUF8772)
Peptidase_C11	0.0703	0.0000	0.0326	0.0000	Clostripain family
ACT_3	0.0703	0.0000	0.0056	0.0000	ACT domain
SnoaL_3	0.0703	0.0000	0.0056	0.0000	SnoaL-like domain
SpoV	0.0700	0.0000	0.0035	0.0000	Stage V sporulation protein family
zf-CCCH_10	0.0697	0.0000	0.0033	0.0000	ZAP-like CCCH zinc finger
CaATP_NAI	0.0696	0.0000	0.0239	0.0000	Ca2+-ATPase N terminal autoinhibitory domain
TMC	0.0692	0.0000	0.0219	0.0000	TMC domain
CCDC162_C	0.0692	0.0000	0.0219	0.0000	CCDC162 C-terminal region
VWD	0.0692	0.0000	0.0219	0.0000	von Willebrand factor type D domain
FAM183	0.0692	0.0000	0.0219	0.0000	FAM183A and FAM183B related
BLUF	0.0692	0.0000	0.0219	0.0000	Sensors of blue-light using FAD
GmrSD_N	0.0692	0.0000	0.0219	0.0000	GmrSD restriction endonuclease, N-terminal domain
CXorf58_MFI	0.0692	0.0000	0.0219	0.0000	CXorf58/MFI domain
NAGPA	0.0692	0.0000	0.0219	0.0000	Phosphodiester glycosidase
MFI_C	0.0692	0.0000	0.0219	0.0000	Mitochondrial fission factor interactor C-terminal domain
CAMSAP_CKK	0.0690	0.0000	0.0146	0.0000	Microtubule-binding calmodulin-regulated spectrin-associated
SF-assemblin	0.0690	0.0000	0.0146	0.0000	SF-assemblin/beta giardin
Glyco_hydro_19	0.0681	0.0000	0.0953	0.1667	Chitinase class I
Mcp5_PH	0.0679	0.0000	0.0653	0.0000	Meiotic cell cortex C-terminal pleckstrin homology
DUF4282	0.0672	0.0000	0.0096	0.5833	Domain of unknown function (DUF4282)
RNA_helicase	0.0662	0.0000	0.0254	0.3333	RNA helicase
ANKFN1_mid	0.0655	0.0000	0.0121	0.0000	Ankyrin repeat and fibronectin type-III domain protein middle region
DZR	0.0649	0.0000	0.0230	0.3333	Double zinc ribbon
AIG2_2	0.0639	0.0000	0.0097	0.0000	AIG2-like family
GyrI-like	0.0633	0.0000	0.0062	0.0833	GyrI-like small molecule binding domain
GUCT	0.0621	0.0000	0.0229	0.0833	GUCT (NUC152) domain
T5orf172	0.0621	0.0000	0.0229	0.0833	T5orf172 domain
DD_DDX21-DDX50	0.0621	0.0000	0.0229	0.0833	DDX21/DDX50 dimerisation domain
DinB_2	0.0621	0.0000	0.0229	0.0833	DinB superfamily
Tex_YqgF	0.0621	0.0000	0.0229	0.0833	Tex protein YqgF-like domain
DUF6909	0.0621	0.0000	0.0229	0.0833	Family of unknown function (DUF6909)
GST_C_5	0.0621	0.0000	0.0229	0.0833	Glutathione S-transferase, C-terminal domain
zf-primase	0.0621	0.0000	0.0229	0.0833	Primase zinc finger
Tex_N	0.0620	0.0000	0.0229	0.0833	Tex-like protein N-terminal domain
DNA_pol_B_2	0.0579	0.0000	0.0108	0.3333	DNA polymerase type B, organellar and viral
Glu_cyclase_2	0.0579	0.0000	0.0108	0.3333	Glutamine cyclotransferase
F_bP_aldolase	0.0579	0.0000	0.0108	0.3333	Fructose-bisphosphate aldolase class-II
ANM3_C2H2_Zf	0.0579	0.0000	0.0108	0.3333	Protein arginine N-methyltransferase 3, C2H2 zinc finger domain
CDC37_M	0.0579	0.0000	0.0108	0.3333	Cdc37 Hsp90 binding domain
CinA	0.0579	0.0000	0.0108	0.3333	CinA C-terminal domain
RME-8_2nd	0.0579	0.0000	0.0322	0.0833	DNAJ protein RME-8 2nd domain
ATG22	0.0578	0.0000	0.0108	0.2500	Vacuole effluxer Atg22 like
ComA	0.0577	0.0000	0.0366	0.1667	(2R)-phospho-3-sulfolactate synthase (ComA)
Peptidase_S13	0.0575	0.0000	0.0077	0.5833	D-Ala-D-Ala carboxypeptidase 3 (S13) family
RPAP1_N	0.0575	0.0000	0.0077	0.5833	RPAP1-like, N-terminal
MutS5_N	0.0575	0.0000	0.0077	0.5833	MutS5 N-terminal domain
E3_UbLigase_R4	0.0575	0.0000	0.0077	0.5833	E3 ubiquitin-protein ligase UBR4
UBR4_TPR	0.0575	0.0000	0.0077	0.5833	E3 ubiquitin-protein ligase UBR4 TPR-like domain
UBR4_Ub	0.0575	0.0000	0.0077	0.5833	E3 ubiquitin-protein ligase UBR4 ubiquitin-like domain
Ig-CFAP74_4th	0.0550	0.0000	0.0277	0.0000	CFAP74 forth Ig-like domain
DUF4833	0.0550	0.0000	0.0277	0.0000	Domain of unknown function (DUF4833)
EDRF1_N	0.0550	0.0000	0.0273	0.0000	EDRF1 N-terminal
Ig-CFAP74_3rd	0.0550	0.0000	0.0275	0.0000	CFAP74 third Ig-like domain
PH_38	0.0549	0.0000	0.0277	0.0000	Kinetoplastid PH-like domain
PH_NDK7_N	0.0525	0.0000	0.0325	0.0000	Nucleoside diphosphate kinase 7 N-terminal PH domain
HU-CCDC81_euk_2	0.0525	0.0000	0.0325	0.0000	CCDC81 eukaryotic HU domain 2
Vasohibin	0.0525	0.0000	0.0325	0.0000	Vasohibin
FLJ43738_C	0.0525	0.0000	0.0325	0.0000	Uncharacterised protein FLJ43738 C-terminal domain
DUF2817	0.0525	0.0000	0.0325	0.0000	Protein of unknown function (DUF2817)
DUF5578	0.0525	0.0000	0.0327	0.0000	Family of unknown function (DUF5578)
BTB_SANBR	0.0525	0.0000	0.0325	0.0000	SANT and BTB domain regulator of CSR, BTB domain
CEP164_N	0.0525	0.0000	0.0325	0.0000	CEP164 N-terminal domain
DSPn	0.0525	0.0000	0.0325	0.0000	Dual specificity protein phosphatase, N-terminal half
PepX_C	0.0523	0.0000	0.0324	0.0000	X-Pro dipeptidyl-peptidase C-terminal non-catalytic domain
PPi_PEPCK_C	0.0522	0.0000	0.0221	0.2500	PPi-PEPCK C-terminal domain
PEPCK-like_mid	0.0522	0.0000	0.0221	0.2500	PEPCK-like middle domain
PEPCK_PPi_lobe_2	0.0522	0.0000	0.0221	0.2500	PPi-type phosphoenolpyruvate carboxykinase lobe 2 domain
HipN	0.0522	0.0000	0.0221	0.2500	Hsp70-interacting protein N N-terminal domain
Rap1_C	0.0522	0.0000	0.0221	0.2500	TRF2-interacting telomeric protein/Rap1 - C terminal domain
PEPCK_PPi_N	0.0522	0.0000	0.0221	0.2500	PPi-type PEPCK N-terminal domain
Ig_SMCHD1_8th	0.0518	0.0000	0.0138	0.0833	SMCHD1 Ig-like domain 8
Cac1_C	0.0513	0.0000	0.0087	0.3333	Chromatin assembly factor 1 subunit Cac1, C-terminal domain
KMP11	0.0503	0.0000	0.0245	0.0000	Kinetoplastid membrane protein 11
Rrn7_cyclin_C	0.0498	0.0000	0.0087	0.3333	Rrn7/TAF1B, C-terminal cyclin domain
Beta-sand_ComC_2nd	0.0494	0.0000	0.0126	0.3333	EGF-like domain-containing protein ComC second beta-sandwich
CAP12-PCTIR_TIR	0.0494	0.0000	0.0126	0.3333	CAP12/Pycsar effector protein, TIR domain
GrpB	0.0494	0.0000	0.0126	0.3333	GrpB protein
RBSN_mid	0.0494	0.0000	0.0126	0.3333	Rabenosyn-5 middle domain
Ig_TgrO1	0.0494	0.0000	0.0126	0.3333	TgrO1-like, immunoglobulin-like domain
DUF7831	0.0494	0.0000	0.0126	0.3333	Family of unknown function (DUF7831)
Spheroidin	0.0488	0.0000	0.0327	0.2500	Entomopoxvirus spheroidin protein
Adenine_glyco	0.0488	0.0000	0.0178	0.5833	Methyladenine glycosylase
DUF4166	0.0473	0.0000	0.0071	0.0833	Domain of unknown function (DUF4166)
HIT-like	0.0473	0.0000	0.0071	0.0833	HIT-related
DUF7051	0.0443	0.0000	0.0255	0.0000	Domain of unknown function (DUF7051)
SMP_LBD	0.0443	0.0000	0.0465	0.0000	Synaptotagmin-like mitochondrial-lipid-binding domain
DUF1308	0.0443	0.0000	0.0250	0.0000	Protein of unknown function (DUF1308)
FAP206	0.0443	0.0000	0.0256	0.0000	Domain of unknown function
PH_27	0.0430	0.0000	0.0249	0.0000	Kinetoplastid PH-like domain
ATP-gua_Ptrans	0.0430	0.0000	0.0249	0.0000	ATP:guanido phosphotransferase, C-terminal catalytic domain
ATP-gua_PtransN	0.0430	0.0000	0.0249	0.0000	ATP:guanido phosphotransferase, N-terminal domain
PIN-like_DDX60	0.0421	0.0000	0.0237	0.1667	ATP-dependent RNA helicase DDX60, PIN-like domain
CCDC146_CC_N	0.0414	0.0000	0.0635	0.0833	CCDC146 N-terminal coiled-coil region
CEP104_N	0.0414	0.0000	0.0237	0.0833	Centrosomal protein CEP104, N-terminal domain
CSD	0.0414	0.0000	0.0237	0.0833	'Cold-shock' DNA-binding domain
DUF4110	0.0414	0.0000	0.0237	0.0833	Domain of unknown function (DUF4110)
TYW3	0.0414	0.0000	0.0237	0.0833	Methyltransferase TYW3
LSM_LSM12_Trypanos	0.0414	0.0000	0.0237	0.0833	LSM12, LSM domain, fungi/Trypanosomatids
Nudc_N	0.0414	0.0000	0.0237	0.0833	N-terminal conserved domain of Nudc.
Wyosine_form	0.0414	0.0000	0.0237	0.0833	Wyosine base formation
CEP104_ZnF	0.0414	0.0000	0.0237	0.0833	Centrosomal protein CEP104, ZnF
CFAP43_N	0.0414	0.0000	0.0227	0.0833	CFAP43 N-terminal domain
Ig_CFAP47	0.0414	0.0000	0.0227	0.0833	CFAP47-like, immunoglobulin-like domain
CFAP47	0.0414	0.0000	0.0227	0.0833	Cilia- and flagella-associated protein 47 domain
WLM	0.0414	0.0000	0.0227	0.0833	WLM domain
DUF72	0.0414	0.0000	0.0227	0.0833	Protein of unknown function DUF72
ETO1_C	0.0411	0.0000	0.0236	0.0000	ETO1 C-terminal domain
DUF7495	0.0411	0.0000	0.0236	0.0000	Domain of unknown function (DUF7495)
DUF7496	0.0411	0.0000	0.0236	0.0000	Domain of unknown function (DUF7496)
DGF-1_C	0.0411	0.0000	0.0236	0.0000	Dispersed gene family protein 1 C-terminal domain
DGF-1_N	0.0411	0.0000	0.0236	0.0000	DGF-1 N-terminal domain
DGF-1_beta-sheet	0.0411	0.0000	0.0236	0.0000	DGF-1 beta-sheet domain
ATP-grasp_5	0.0377	0.0000	0.0152	0.1667	ATP-grasp domain
Ligase_CoA_2	0.0377	0.0000	0.0152	0.1667	Ligase-CoA domain
Q4D059-like	0.0342	0.0000	0.0152	0.0000	Hypothetical protein Q4D059-like
ATP-grasp_4	0.0332	0.0000	0.0289	0.0000	ATP-grasp domain
A6-like_Thioredoxin-like_C	0.0332	0.0000	0.0289	0.0000	A6-like, middle domain
CEP162_C	0.0332	0.0000	0.0289	0.0000	CEP162 C-terminal coiled-coil domain
MIF	0.0301	0.0000	0.0136	0.0833	Macrophage migration inhibitory factor (MIF)
NAAA-beta	0.0299	0.0000	0.0079	0.0833	beta subunit of N-acylethanolamine-hydrolyzing acid amidase
Peripla_BP_A-cyclase_1	0.0298	0.0000	0.0162	0.0000	Adenylate cyclase, periplasmic binding protein-like domain
DUF7048	0.0298	0.0000	0.0361	0.0000	Domain of unknown function (DUF7048)
FAZ1_C	0.0297	0.0000	0.0160	0.0000	FAZ1, C-terminal
DUF3648	0.0295	0.0000	0.0160	0.0000	Protein of unknown function (DUF3648)
Adeno_L433K_22K	0.0291	0.0000	0.0000	0.0000	Adenovirus L4-33K/L4-22K
MPSS1_C	0.0289	0.0000	0.0146	0.0000	Mitochondrial 3' processome subunit 1 C-terminal domain
MPSS2_C	0.0289	0.0000	0.0151	0.0000	Mitochondrial 3' processome subunit 2 C-terminal domain
Nuc_deoxyrib_tr	0.0289	0.0000	0.0151	0.0000	Nucleoside 2-deoxyribosyltransferase
MPSS2_N	0.0289	0.0000	0.0151	0.0000	Mitochondrial 3' processome subunit 2 N-terminal domain
MPSS2_M	0.0289	0.0000	0.0151	0.0000	Mitochondrial 3' processome subunit 2 middle domain
RmlD_sub_bind	0.0285	0.0000	0.0052	0.5833	RmlD substrate binding domain
XPG_I_2	0.0284	0.0000	0.0085	0.0833	XPG domain containing
FMN_bind_2	0.0281	0.0000	0.0071	0.0000	Putative FMN-binding domain
SH3_3	0.0280	0.0000	0.0070	0.0000	Bacterial SH3 domain
DUF8395	0.0280	0.0000	0.0069	0.0833	Domain of unknown function (DUF8395)
Ribosomal_L37	0.0280	0.0000	0.0069	0.0833	Mitochondrial ribosomal protein L37
HTH_Tnp_Tc5	0.0276	0.0000	0.0047	0.5833	Tc5 transposase DNA-binding domain
Med11	0.0276	0.0000	0.0047	0.5833	Mediator complex protein
7tm_3	0.0276	0.0000	0.0047	0.5833	7 transmembrane sweet-taste receptor of 3 GCPR
SNF	0.0264	0.0000	0.0066	0.0000	Sodium:neurotransmitter symporter family
Ependymin	0.0264	0.0000	0.0066	0.0000	Ependymin
Plant_NMP1	0.0264	0.0000	0.0066	0.0000	Plant nuclear matrix protein 1 (NMP1)
DUF1304	0.0264	0.0000	0.0066	0.0000	Protein of unknown function (DUF1304)
Fibrinogen_C	0.0264	0.0000	0.0066	0.0000	Fibrinogen beta and gamma chains, C-terminal globular domain
ApoL	0.0264	0.0000	0.0066	0.0000	Apolipoprotein L
DUF4442	0.0264	0.0000	0.0066	0.0000	Domain of unknown function (DUF4442)
Mg_trans_NIPA	0.0264	0.0000	0.0066	0.0000	Magnesium transporter NIPA
DcpS	0.0264	0.0000	0.0066	0.0000	Scavenger mRNA decapping enzyme (DcpS) N-terminal
FAA_hydro_N_2	0.0264	0.0000	0.0066	0.0000	Fumarylacetoacetase N-terminal domain 2
Ntox11	0.0264	0.0000	0.0066	0.0000	Novel toxin 11
XendoU	0.0264	0.0000	0.0066	0.0000	Endoribonuclease XendoU
YdjM	0.0264	0.0000	0.0066	0.0000	YdjM inner membrane protein
Ribosomal_L35p	0.0264	0.0000	0.0066	0.0000	Ribosomal protein L35
Glyco_hydro_1	0.0264	0.0000	0.0066	0.0000	Glycosyl hydrolase family 1
Rimk_N	0.0264	0.0000	0.0066	0.0000	RimK PreATP-grasp domain
PrcB_C	0.0264	0.0000	0.0066	0.0000	PrcB C-terminal
Zn_ribbon_13	0.0264	0.0000	0.0066	0.0000	Nucleic-acid-binding protein containing Zn-ribbon domain (DUF2082)
Peptidase_M50B	0.0264	0.0000	0.0066	0.0000	Peptidase M50B-like
Porph_assoc	0.0264	0.0000	0.0066	0.0000	Porphyranase-associated domain
ELAPOR1_C	0.0264	0.0000	0.0066	0.0000	ELAPOR1-like, C-terminal domain
YABBY	0.0264	0.0000	0.0066	0.0000	YABBY protein, C-terminal
DUF2207	0.0264	0.0000	0.0066	0.0000	Predicted membrane protein (DUF2207) N-terminal domain
AS3MT_C	0.0264	0.0000	0.0066	0.0000	Arsenite methyltransferase C-terminal domain
Npun_R2479	0.0264	0.0000	0.0066	0.0000	Npun_R2479-like
Cadherin_5	0.0264	0.0000	0.0066	0.0000	Cadherin-like domain
CathepsinC_exc	0.0264	0.0000	0.0066	0.0000	Cathepsin C exclusion domain
Spec3	0.0264	0.0000	0.0066	0.0000	Ectodermal ciliogenesis protein
CHASE4	0.0264	0.0000	0.0066	0.0000	CHASE4 domain
DUF3268	0.0264	0.0000	0.0066	0.0000	zinc-finger-containing domain
DUF3160	0.0264	0.0000	0.0066	0.0000	Protein of unknown function (DUF3160)
IpgD	0.0264	0.0000	0.0066	0.0000	Enterobacterial virulence protein IpgD
TCAD9	0.0264	0.0000	0.0066	0.0000	Ternary complex associated domain 9
TPX2_importin	0.0264	0.0000	0.0066	0.0000	Cell cycle regulated microtubule associated protein
ACP_syn_III	0.0264	0.0000	0.0066	0.0000	3-Oxoacyl-[acyl-carrier-protein (ACP)] synthase III
Rxt3	0.0264	0.0000	0.0066	0.0000	Histone deacetylation protein Rxt3
Beta-prop_WDR90_POC16_2nd	0.0264	0.0000	0.0066	0.0000	WDR90/POC16, second beta-propeller
TEN_NHL	0.0264	0.0000	0.0066	0.0000	Teneurin NHL domain
CENP-C_C	0.0264	0.0000	0.0066	0.0000	Mif2/CENP-C like
Glyco_hydro_30C	0.0264	0.0000	0.0066	0.0000	Glycosyl hydrolase family 30 beta sandwich domain
Cyclophil_like	0.0264	0.0000	0.0066	0.0000	Cyclophilin-like
Glyco_transf_18	0.0264	0.0000	0.0066	0.0000	Glycosyltransferase family 18
Protoglobin	0.0264	0.0000	0.0066	0.0000	Protoglobin
Kazal_2	0.0264	0.0000	0.0066	0.0000	Kazal-type serine protease inhibitor domain
Glycoamylase	0.0264	0.0000	0.0066	0.0000	Putative glucoamylase
Cupin_3	0.0264	0.0000	0.0066	0.0000	EutQ-like cupin domain
DUF6919	0.0264	0.0000	0.0066	0.0000	Domain of unknown function (DUF6919)
NIT	0.0264	0.0000	0.0066	0.0000	Nitrate and nitrite sensing
TMEM260_N	0.0245	0.0000	0.0046	0.5833	Protein O-mannosyl-transferase TMEM260 N-terminal domain
Bmp	0.0245	0.0000	0.0046	0.5833	ABC transporter substrate-binding protein PnrA-like
RelA_SpoT	0.0245	0.0000	0.0046	0.5833	Region found in RelA / SpoT proteins
DUF4286	0.0245	0.0000	0.0046	0.5833	Domain of unknown function (DUF4286)
Trehalase	0.0245	0.0000	0.0046	0.5833	Trehalase
Xan_ur_permease	0.0245	0.0000	0.0046	0.5833	Permease family
CCG	0.0242	0.0000	0.0451	0.0000	Cysteine-rich domain
C2_PACS_N	0.0242	0.0000	0.0451	0.0000	N-terminal C2 domain of phosphofurin acidic cluster sorting protein
DUF3501	0.0242	0.0000	0.0451	0.0000	Protein of unknown function (DUF3501)
C2_C2CD3_N	0.0242	0.0000	0.0265	0.0000	N-terminal C2 domain of C2CD3 protein
Nup35_RRM_2	0.0234	0.0000	0.0094	0.0833	Nup53/35/40-type RNA recognition motif
RME-8_N	0.0177	0.0000	0.0411	0.5833	DNAJ protein RME-8 N-terminal domain
Ponticulin_N	0.0160	0.0000	0.0237	0.2500	Ponticulin N-terminal domain
DUF4269	0.0160	0.0000	0.0237	0.2500	Domain of unknown function (DUF4269)
DsrE	0.0160	0.0000	0.0237	0.2500	DsrE/DsrF-like family
Beta-sand_ComC_1st	0.0160	0.0000	0.0237	0.2500	EGF-like domain-containing protein ComC first beta-sandwich
LAGLIDADG_1	0.0160	0.0000	0.0237	0.2500	LAGLIDADG endonuclease
YycE-like_N	0.0160	0.0000	0.0237	0.2500	YycE-like N-terminal domain
DUF8503	0.0160	0.0000	0.0237	0.2500	Domain of unknown function (DUF8503)
DDB_G0281631_C	0.0160	0.0000	0.0237	0.2500	DDB_G0281631 C-terminal domain
YycE-like_C	0.0160	0.0000	0.0237	0.2500	YycE-like C-terminal domain
Ig_SIBA-E_3rd	0.0160	0.0000	0.0237	0.2500	Integrin beta-like protein A-E, third Ig-like domain
HNH_3	0.0160	0.0000	0.0237	0.2500	HNH endonuclease
BNR_3	0.0141	0.0000	0.0068	0.0000	BNR repeat-like domain
CFAP54_N	0.0141	0.0000	0.0068	0.0000	Cilia- and flagella-associated protein 54
TS_C	0.0141	0.0000	0.0068	0.0000	Trans-sialidase, C-terminal domain
DUF7163	0.0141	0.0000	0.0068	0.0000	Domain of unknown function (DUF7163)
RHSP	0.0141	0.0000	0.0068	0.0000	Retrotransposon hot spot protein, P-loop domain
DUF1663	0.0141	0.0000	0.0068	0.0000	Protein of unknown function (DUF1663)
DUF7578	0.0141	0.0000	0.0068	0.0000	Domain of unknown function (DUF7578)
RHS_N	0.0141	0.0000	0.0068	0.0000	Retrotransposon hot spot proteins N-terminal
DUF4470	0.0129	0.0000	0.0377	0.1667	Domain of unknown function (DUF4470)
Csf1_N	0.0129	0.0000	0.0036	0.5833	Csf1 N-terminal region
AbpF_1st_Ig	0.0127	0.0000	0.0036	0.5833	AbpF first immunoglobulin-like domain
ABPF_N	0.0127	0.0000	0.0036	0.5833	Actin-binding protein F N-terminal domain
AbpF_3rd_Ig	0.0127	0.0000	0.0036	0.5833	AbpF third immunoglobulin-like domain
AbpF_7th_Ig	0.0127	0.0000	0.0036	0.5833	AbpF seventh immunoglobulin-like domain
AbpF_C_Ig	0.0127	0.0000	0.0036	0.5833	AbpF C-terminal domain
2-ph_phosp	0.0118	0.0000	0.0186	0.3333	2-phosphosulpholactate phosphatase
PTE	0.0112	0.0000	0.0035	0.5000	Phosphotriesterase family
OHA	0.0112	0.0000	0.0035	0.5000	OST-HTH Associated domain
TSAUCER_N	0.0112	0.0000	0.0615	0.5000	TSET complex tstB/TSAUCER-like N-terminal domain
PHR	0.0112	0.0000	0.0035	0.5000	PHR domain
Vac_ImportDeg	0.0112	0.0000	0.0035	0.5000	Vacuolar import and degradation protein
GGDEF	0.0112	0.0000	0.0035	0.5000	Diguanylate cyclase, GGDEF domain
WHIM1	0.0112	0.0000	0.0035	0.5000	WSTF, HB1, Itc1p, MBD9 motif 1
Syntaxin-18_N	0.0112	0.0000	0.0035	0.5000	SNARE-complex protein Syntaxin-18 N-terminus
Imm33	0.0112	0.0000	0.0035	0.5000	Immunity protein Imm33 domain
Ima1_N	0.0112	0.0000	0.0035	0.5000	Ima1 N-terminal domain
Crystall_3	0.0112	0.0000	0.0035	0.5000	Beta/Gamma crystallin
BB_PF	0.0112	0.0000	0.0035	0.5000	Beta barrel Pore-forming domain
BP74_N	0.0112	0.0000	0.0035	0.5000	BP74 N-terminal domain
Granulin	0.0112	0.0000	0.0035	0.5000	Granulin
GRAB	0.0111	0.0000	0.0035	0.5000	GRAB domain
cEGF	0.0111	0.0000	0.0035	0.5000	Complement Clr-like EGF-like
KELAA	0.0111	0.0000	0.0035	0.5000	KELAA motif
Ribosomal_L12_N	0.0111	0.0000	0.0035	0.5000	Ribosomal protein L7/L12 dimerisation domain
SnoaL_5	0.0111	0.0000	0.0035	0.5000	SnoaL-like domain
Flavodoxin_5	0.0111	0.0000	0.0060	0.0000	Flavodoxin domain
MINDY-3_4_CD	0.0108	0.0000	0.0214	0.0000	Deubiquitinating enzyme MINDY-3/4, conserved domain
Dimer_MINDY4_N	0.0108	0.0000	0.0214	0.0000	MINDY4, N-terminal dimerisation domain
Glyco_hydro_57	0.0107	0.0000	0.0356	0.5000	Glycosyl hydrolase family 57
DDB_G0280785_1st_TPR	0.0107	0.0000	0.0356	0.5000	DDB_G0280785 first TPR domain
DUF8390	0.0107	0.0000	0.0356	0.5000	Domain of unknown function (DUF8390)
TIP_N	0.0107	0.0000	0.0356	0.5000	Tuftelin interacting protein N terminal
LSM11_N	0.0107	0.0000	0.0356	0.5000	U7 snRNA-associated Sm-like protein LSM11 N-terminal domain
LUD_dom	0.0107	0.0000	0.0356	0.5000	LUD domain
ESF2_C	0.0107	0.0000	0.0356	0.5000	Pre-rRNA-processing protein ESF2 C-terminal domain
vWA-TerF-like	0.0107	0.0000	0.0356	0.5000	vWA found in TerF C terminus
ACTMAP-like_C	0.0107	0.0000	0.0356	0.5000	Actin maturation protease-like, C-terminal domain
Myb_DNA-binding_7	0.0101	0.0000	0.0031	0.5000	Myb-like DNA-binding domain
Cep192_D4	0.0101	0.0000	0.0031	0.5000	Cep192 domain 4
ELG1_C	0.0101	0.0000	0.0031	0.5000	Enhanced level of genomic instability 1 C-terminal domain
TAXi_C	0.0101	0.0000	0.0031	0.5000	Xylanase inhibitor C-terminal
Cupin_NOL9	0.0101	0.0000	0.0031	0.5000	Polynucleotide 5'-hydroxyl-kinase NOL9, N-terminal domain
DUF4922	0.0101	0.0000	0.0031	0.5000	Domain of unknown function (DUF4922)
DUF1289	0.0101	0.0000	0.0031	0.5000	Protein of unknown function (DUF1289)
RRM_SRRT	0.0101	0.0000	0.0031	0.5000	Serrate RNA effector molecule homolog, RNA-recognition domain
zf-CCHC_4	0.0100	0.0000	0.0374	0.1667	Zinc knuckle
Lactamase_B_3	0.0100	0.0000	0.0353	0.1667	Beta-lactamase superfamily domain
MIB_HERC2	0.0093	0.0000	0.0117	0.2500	Mib_herc2
SAM_HAT_N	0.0093	0.0000	0.0117	0.2500	SAM hydroxide adenosyltransferase N-terminal domain
Chitin_synth_2	0.0093	0.0000	0.0117	0.2500	Chitin synthase
vWA_HGL2	0.0093	0.0000	0.0117	0.2500	HGL2, vWA domain
SAM_HAT_C	0.0093	0.0000	0.0117	0.2500	SAM hydroxide adenosyltransferase C-terminal domain
Myb_DNA-bind_4	0.0093	0.0000	0.0117	0.2500	Myb/SANT-like DNA-binding domain
Fer4_10	0.0093	0.0000	0.0117	0.2500	4Fe-4S dicluster domain
HGL2_4th	0.0093	0.0000	0.0117	0.2500	HGL2, fourth domain
HGL2_N	0.0093	0.0000	0.0117	0.2500	HGL2, N-terminal domain
HGL2_M	0.0093	0.0000	0.0117	0.2500	HGL2, middle region
MamF_MmsF	0.0093	0.0000	0.0117	0.2500	Magnetosome magnetite crystal formation protein family
ManC_GMP_beta-helix	0.0093	0.0000	0.0117	0.2500	MannoseP isomerase/GMP-like beta-helix domain
HGL2_5th	0.0093	0.0000	0.0117	0.2500	HGL2, fifth domain
RUBY_RBDX	0.0093	0.0000	0.0117	0.2500	Rubrerythrin, rubredoxin-like domain
HGL2_small	0.0093	0.0000	0.0117	0.2500	HGL2, small domain
Gal_GalNac_35kD	0.0093	0.0000	0.0117	0.2500	Galactose-inhibitable lectin 35 kDa subunit
Sigma54_activ_2	0.0093	0.0000	0.0117	0.2500	Sigma-54 interaction domain
EhRGS-RhoGEF_PH-like	0.0093	0.0000	0.0117	0.2500	EhRGS-RhoGEF PH domain-like
Methyltr_RsmF_N	0.0093	0.0000	0.0117	0.2500	N-terminal domain of 16S rRNA methyltransferase RsmF
DUF1667	0.0093	0.0000	0.0117	0.2500	Protein of unknown function (DUF1667)
Rcat_RNF216	0.0093	0.0000	0.0117	0.2500	RNF216 Rcat domain
Fer2_BFD	0.0093	0.0000	0.0117	0.2500	BFD-like [2Fe-2S] binding domain
ODP	0.0093	0.0000	0.0117	0.2500	ODP family beta lactamase
OKR_DC_1_C	0.0093	0.0000	0.0117	0.2500	Orn/Lys/Arg decarboxylase, C-terminal domain
Alkyl_sulf_C	0.0093	0.0000	0.0117	0.2500	Alkyl sulfatase C-terminal
Alkyl_sulf_dimr	0.0093	0.0000	0.0117	0.2500	Alkyl sulfatase dimerisation
AFT	0.0093	0.0000	0.0117	0.2500	Transcription factor AFT
TM1586_NiRdase	0.0093	0.0000	0.0117	0.2500	Putative TM nitroreductase
ACCA	0.0093	0.0000	0.0117	0.2500	Acetyl co-enzyme A carboxylase carboxyltransferase-like
CBM_4_9	0.0093	0.0000	0.0117	0.2500	Carbohydrate binding domain
FAR1	0.0093	0.0000	0.0117	0.2500	FAR1 DNA-binding domain
HGL2_C	0.0093	0.0000	0.0117	0.2500	HGL2, C-terminal domain
GSP_synth	0.0090	0.0000	0.0809	0.0000	Glutathionylspermidine synthase preATP-grasp
Dala_Dala_lig_C	0.0083	0.0000	0.0209	0.0833	D-ala D-ala ligase C-terminus
TPR_CFAP46_N	0.0072	0.0000	0.0197	0.0000	CFAP46, N-terminal TPR repeats
DB_JBP1	0.0072	0.0000	0.0190	0.0000	Thymine dioxygenase JBP1 DNA-binding domain
NTF2_6	0.0072	0.0000	0.0198	0.0000	NTF2-like domain
Ig_CFAP74_1st	0.0072	0.0000	0.0198	0.0000	CFAP74 first Ig-like domain
DUF3586	0.0072	0.0000	0.0198	0.0000	Protein of unknown function (DUF3586)
CBP66_2nd	0.0072	0.0000	0.0198	0.0000	Nuclear cap binding complex subunit CBP66 second domain
tRNA_lig_CPD	0.0072	0.0000	0.0198	0.0000	Fungal tRNA ligase phosphodiesterase domain
AttH	0.0072	0.0000	0.0198	0.0000	AttH-like
CBP66	0.0072	0.0000	0.0198	0.0000	Nuclear cap binding complex subunit CBP66 C-terminal region
DUF7498	0.0072	0.0000	0.0198	0.0000	Domain of unknown function (DUF7498)
DUF7497	0.0072	0.0000	0.0198	0.0000	Domain of unknown function (DUF7497)
zf-CW	0.0072	0.0000	0.0198	0.0000	CW-type Zinc Finger
Kringle	0.0072	0.0000	0.0198	0.0000	Kringle domain
GDT1	0.0072	0.0000	0.0198	0.0000	Divalent cation/proton antiporter GDT1
CBP66_1st	0.0072	0.0000	0.0198	0.0000	Nuclear cap binding complex subunit CBP66 N-terminal domain
ACAD9-ACADV_C	0.0072	0.0000	0.0198	0.0000	ACAD9/ACADV, C-terminal domain
DUF4456	0.0072	0.0000	0.0198	0.0000	Domain of unknown function (DUF4456)
PH_PIF6	0.0072	0.0000	0.0198	0.0000	PIF6 PH domain
BILBO1_N	0.0072	0.0000	0.0198	0.0000	BILBO1 N-terminal domain
Cwc21_C	0.0072	0.0000	0.0198	0.0000	Pre-mRNA-splicing factor Cwc21 C-terminal
DUF8489	0.0072	0.0000	0.0198	0.0000	Domain of unknown function (DUF8489)
RESC9_M	0.0072	0.0000	0.0198	0.0000	RESC9 middle region
DAGL_N	0.0072	0.0000	0.0198	0.0000	Diacylglycerol lipase N-terminal transmembrane region
RESC9_N	0.0072	0.0000	0.0198	0.0000	RESC9 N-terminal region
NERD	0.0072	0.0000	0.0198	0.0000	Nuclease-related domain
RESC7	0.0072	0.0000	0.0198	0.0000	RNA-editing substrate-binding complex 7 protein
PH_22	0.0072	0.0000	0.0198	0.0000	PH domain
EF-hand_EFHB_C	0.0072	0.0000	0.0198	0.0000	EFHB C-terminal EF-hand domain
SbcC_Walker_B	0.0072	0.0000	0.0198	0.0000	SbcC/RAD50-like, Walker B motif
CesT	0.0072	0.0000	0.0198	0.0000	Tir chaperone protein (CesT) family
XPB_C	0.0072	0.0000	0.0198	0.0000	XPB-like, C-terminal domain
CBP110	0.0072	0.0000	0.0198	0.0000	Nuclear cap binding complex subunit CBP110
zf_MP81	0.0072	0.0000	0.0198	0.0000	RNA editing complex structural subunit MP81, C2H2 zinc finger
Tcp11	0.0072	0.0000	0.0198	0.0000	T-complex protein 11
DUF8384	0.0072	0.0000	0.0198	0.0000	Domain of unknown function (DUF8384)
Lipocalin_5	0.0072	0.0000	0.0198	0.0000	Lipocalin-like domain
QSOX_pErv	0.0072	0.0000	0.0198	0.0000	Quiescin sulphydryl oxidase pseudo-Erv domain
CBP30	0.0072	0.0000	0.0198	0.0000	Nuclear cap binding complex subunit CBP30
PH_28	0.0072	0.0000	0.0198	0.0000	Kinetoplastid PH-like domain
DUF5393	0.0072	0.0000	0.0198	0.0000	Family of unknown function (DUF5393)
Zn_ribbon_3CxxC	0.0072	0.0000	0.0212	0.0000	Zinc-binding domain
ThiI	0.0064	0.0000	0.0172	0.0000	Thiamine biosynthesis protein (ThiI)
RGM_C	0.0033	0.0000	0.0011	0.0000	Repulsive guidance molecule (RGM) C-terminal domain
PAPPA	0.0033	0.0000	0.0011	0.0000	Pappalysin-1, SD scarf domain, C-terminal
INTS7_C	0.0033	0.0000	0.0011	0.0000	Integrator complex subunit 7, C-terminal domain
Glyco_hydro_108	0.0033	0.0000	0.0011	0.0000	Glycosyl hydrolase 108
TPR-like_Epg5	0.0033	0.0000	0.0011	0.0000	Epg5-like TPR-like
TMEM43	0.0033	0.0000	0.0011	0.0000	Transmembrane protein 43
TPR_Epg5_2	0.0033	0.0000	0.0011	0.0000	Epg5-like, TPR repeats
AMP-dom_DIP2-like	0.0033	0.0000	0.0011	0.0000	Disco-interacting protein 2-like, AMP domain
GH94_b-supersand	0.0033	0.0000	0.0011	0.0000	Glycosyl hydrolase 94, supersandwich domain
CEP135_TSGA10_CC	0.0033	0.0000	0.0011	0.0000	CEP135/TSGA10 coiled-coil
Glyco_hydro_94	0.0033	0.0000	0.0011	0.0000	Glycosyl hydrolase 94 superfamily, catalytic domain
DUF6691	0.0033	0.0000	0.0011	0.0000	Family of unknown function (DUF6691)
Frtz	0.0033	0.0000	0.0011	0.0000	WD repeat-containing and planar cell polarity effector protein Fritz
Fuseless	0.0033	0.0000	0.0011	0.0000	Fuseless
OpuAC	0.0033	0.0000	0.0011	0.0000	Substrate binding domain of ABC-type glycine betaine transport system
Thiaminase_I-like_N	0.0033	0.0000	0.0011	0.0000	Thiaminase I-like, N-terminal domain
DUF6581	0.0033	0.0000	0.0011	0.0000	Family of unknown function (DUF6581)
DZIP1	0.0033	0.0000	0.0011	0.0000	Cilium assembly protein DZIP1 domain
BROMI_C	0.0033	0.0000	0.0011	0.0000	Broad-minded protein Rab TBC domain
Zn_ribbon_SprT	0.0033	0.0000	0.0011	0.0000	SprT-like zinc ribbon domain
BIR	0.0033	0.0000	0.0011	0.0000	Inhibitor of Apoptosis domain
Nuc_deoxyri_tr2	0.0033	0.0000	0.0011	0.0000	Nucleoside 2-deoxyribosyltransferase like
RimB-like	0.0033	0.0000	0.0011	0.0000	Retropepsin-like aspartic endopeptidase RimB
Cadherin_3	0.0033	0.0000	0.0011	0.0000	Cadherin-like
CFAP77	0.0033	0.0000	0.0011	0.0000	Cilia- and flagella-associated protein 77
CHDII_SANT-like	0.0033	0.0000	0.0011	0.0000	CHD subfamily II, SANT-like domain
ARM_PUB	0.0033	0.0000	0.0011	0.0000	Plant U-box protein ARM repeat region
DUF1757	0.0033	0.0000	0.0011	0.0000	Protein of unknown function (DUF1757)
DnaB_C	0.0033	0.0000	0.0011	0.0000	DnaB-like helicase C terminal domain
Exo_endo_phos_3	0.0033	0.0000	0.0011	0.0000	Endonuclease/Exonuclease/phosphatase family
Epg5_M_TPR	0.0033	0.0000	0.0011	0.0000	Epg5 middle TPR-like domain
Peptidase_S58	0.0033	0.0000	0.0011	0.0000	Peptidase family S58
MAP10_N	0.0033	0.0000	0.0011	0.0000	Microtubule associated protein 10, N-terminal domain
DUF1152	0.0033	0.0000	0.0011	0.0000	Protein of unknown function (DUF1152)
Cadherin_4	0.0033	0.0000	0.0011	0.0000	Bacterial cadherin-like domain
UPF0227	0.0033	0.0000	0.0011	0.0000	Uncharacterised protein family (UPF0227)
AsnRS_N	0.0033	0.0000	0.0011	0.0000	Asparaginal-tRNA synthetase, N-terminal domain
DUF3025	0.0033	0.0000	0.0011	0.0000	Protein of unknown function (DUF3025)
HXXEE	0.0033	0.0000	0.0011	0.0000	Protein of unknown function with HXXEE motif
Cytokin-bind	0.0033	0.0000	0.0011	0.0000	Cytokinin dehydrogenase 1, FAD and cytokinin binding
BIM1-like_dom	0.0033	0.0000	0.0011	0.0000	Copper acquisition factor BIM1-like
RLIG1	0.0033	0.0000	0.0011	0.0000	RNA ligase 1
BKACE	0.0033	0.0000	0.0011	0.0000	beta-keto acid cleavage enzyme
WDR90_beta-prop_4th	0.0033	0.0000	0.0011	0.0000	WDR90, 4th beta-propeller
TreT_GT1	0.0033	0.0000	0.0011	0.0000	Trehalose synthase, N-terminal domain
SPEF2_C	0.0033	0.0000	0.0011	0.0000	SPEF2 C-terminal domain
SLC12	0.0033	0.0000	0.0011	0.0000	Solute carrier family 12
Antistasin	0.0033	0.0000	0.0011	0.0000	Antistasin family
DUF4396	0.0033	0.0000	0.0011	0.0000	Domain of unknown function (DUF4396)
DUF5128	0.0033	0.0000	0.0011	0.0000	6-bladed beta-propeller
ALK_LTK_GRD	0.0033	0.0000	0.0011	0.0000	ALK/LTK, Glycine-rich domain
Microtub_bind	0.0033	0.0000	0.0011	0.0000	Kinesin-associated microtubule-binding
PapZ_C	0.0033	0.0000	0.0011	0.0000	RapZ C-terminal domain
PduV-EutP	0.0033	0.0000	0.0011	0.0000	Ethanolamine utilisation - propanediol utilisation
DUF4241	0.0033	0.0000	0.0011	0.0000	Protein of unknown function (DUF4241)
DUF4386	0.0033	0.0000	0.0011	0.0000	Domain of unknown function (DUF4386)
DUF7881_C	0.0033	0.0000	0.0084	0.0000	Domain of unknown function (DUF7881) C-terminal domain
TFIIB_C_2	0.0033	0.0000	0.0084	0.0000	Transcription factor IIB C-terminal module 2
LRR_16	0.0033	0.0000	0.0084	0.0000	Leucine-rich repeat domain
KAP_N	0.0033	0.0000	0.0084	0.0000	Kinetoplast-associated protein, N-terminal domain
DUF4471	0.0033	0.0000	0.0084	0.0000	Domain of unknown function (DUF4471)
DUF1930	0.0033	0.0000	0.0084	0.0000	Domain of unknown function (DUF1930)
DUF8271	0.0033	0.0000	0.0084	0.0000	Domain of unknown function (DUF8271)
DUF7881_N	0.0033	0.0000	0.0084	0.0000	Domain of unknown function (DUF7881) N-terminal domain
DUF7883	0.0033	0.0000	0.0084	0.0000	Domain of unknown function (DUF7883)
META	0.0033	0.0000	0.0084	0.0000	META domain
DUF7759	0.0033	0.0000	0.0084	0.0000	Domain of unknown function (DUF7759)
X92_C	0.0033	0.0000	0.0084	0.0000	X92 C-terminal domain
Arginosuc_syn_C	0.0033	0.0000	0.0084	0.0000	Arginosuccinate synthase C-terminal domain
DUF7914	0.0033	0.0000	0.0084	0.0000	Domain of unknown function (DUF7914)
DUF5075	0.0032	0.0000	0.0083	0.0000	IGP family C-type lectin domain
pATOM36	0.0032	0.0000	0.0083	0.0000	pATOM36 family
DUF7761	0.0032	0.0000	0.0083	0.0000	Domain of unknown function (DUF7761)
SAS-6_C_CC_2	0.0032	0.0000	0.0083	0.0000	SAS-6, C-terminal coiled coil
DUF7760	0.0032	0.0000	0.0083	0.0000	Domain of unknown function (DUF7760)
DUF7762	0.0032	0.0000	0.0083	0.0000	Domain of unknown function (DUF7762)
X92_N	0.0032	0.0000	0.0083	0.0000	X92 N-terminal domain
XAC1	0.0032	0.0000	0.0083	0.0000	PBP1-interacting protein XAC1
Brr6_like_C_C	0.0021	0.0000	0.0006	0.4167	Di-sulfide bridge nucleocytoplasmic transport domain
ATG29_N	0.0021	0.0000	0.0006	0.4167	Atg29 N-terminal domain
PAM2	0.0021	0.0000	0.0006	0.4167	Ataxin-2 C-terminal region
TM7S3_TM198	0.0021	0.0000	0.0006	0.4167	TM7S3/TM198-like domain
Dickkopf_N	0.0021	0.0000	0.0006	0.4167	Dickkopf N-terminal cysteine-rich region
EGF_Tenascin	0.0021	0.0000	0.0006	0.4167	Tenascin EGF domain
NTF2_MEX67	0.0013	0.0000	0.0132	0.0000	MEX67-like, NTF2-like domain
Tc-38	0.0013	0.0000	0.0132	0.0000	Trypanosoma Tc-38 (p38) protein
zf-KKT2_KKT3	0.0013	0.0000	0.0132	0.0000	KKT2/KKT3 zinc finger domain
PPL5	0.0013	0.0000	0.0132	0.0000	Prim-pol family 5
PIF8_N	0.0013	0.0000	0.0132	0.0000	PIF8 N-terminal domain
PIF8_C	0.0013	0.0000	0.0132	0.0000	ATP-dependent DNA helicase-like PIF8, C-terminal domain
TPM_phosphatase	0.0013	0.0000	0.0132	0.0000	TPM domain
TMEM65	0.0013	0.0000	0.0132	0.0000	Transmembrane protein 65
FCaBP_EF-hand	0.0013	0.0000	0.0132	0.0000	FCaBP EF-hand domain
PRORP	0.0013	0.0000	0.0132	0.0000	Protein-only RNase P
YALI	0.0013	0.0000	0.0132	0.0000	Uncharacterised Trypanosomatid YALI
PSP1	0.0013	0.0000	0.0132	0.0000	PSP1 C-terminal conserved region
Pdase_M17_N2	0.0013	0.0000	0.0132	0.0000	M17 aminopeptidase N-terminal domain 2
VTC	0.0013	0.0000	0.0132	0.0000	VTC domain
RESC8	0.0013	0.0000	0.0132	0.0000	RNA-editing substrate-binding complex 8 protein
DUF7353	0.0013	0.0000	0.0132	0.0000	Domain of unknown function (DUF7353)
WD40_CFAP43	0.0013	0.0000	0.0132	0.0000	CFAP43, WD40 domain
RESC10	0.0013	0.0000	0.0132	0.0000	RNA-editing substrate-binding complex 10 protein
RESC11	0.0013	0.0000	0.0184	0.0000	RESC11
RESC6	0.0013	0.0000	0.0132	0.0000	RNA-editing substrate-binding complex 6 protein
RESC5	0.0013	0.0000	0.0132	0.0000	RNA-editing substrate-binding complex 5 protein
RESC1_2	0.0013	0.0000	0.0132	0.0000	RESC1/2 CYTH-like domain
PriCT_2	0.0013	0.0000	0.0132	0.0000	Primase C terminal 2 (PriCT-2)
Acyl-CoA_dh_C	0.0013	0.0000	0.0132	0.0000	Acetyl-CoA dehydrogenase C-terminal like
FAZ1_cons	0.0013	0.0000	0.0132	0.0000	FAZ1, conserved domain
HAD_SAK_2	0.0013	0.0000	0.0132	0.0000	HAD domain in Swiss Army Knife RNA repair proteins
DUF8342	0.0013	0.0000	0.0132	0.0000	Domain of unknown function (DUF8342)
ATP18_TPR	0.0013	0.0000	0.0132	0.0000	ATP synthase subunit p18 TPR-like domain
DUF8554	0.0013	0.0000	0.0132	0.0000	Domain of unknown function (DUF8554)
DUF8343	0.0013	0.0000	0.0132	0.0000	Domain of unknown function (DUF8343)
PH_31	0.0013	0.0000	0.0132	0.0000	PH-like domain
PH_30	0.0013	0.0000	0.0132	0.0000	Kinetoplastid PH-like domain
Amastin	0.0013	0.0000	0.0132	0.0000	Amastin surface glycoprotein
AKLP2_N	0.0013	0.0000	0.0132	0.0000	Inactive adenylate kinase_N
dUTPase_2	0.0013	0.0000	0.0132	0.0000	dUTPase
DUF1796	0.0013	0.0000	0.0132	0.0000	Putative papain-like cysteine peptidase (DUF1796)
HNH	0.0013	0.0000	0.0132	0.0000	HNH endonuclease
LSM12_C	0.0013	0.0000	0.0132	0.0000	LSM12 C-terminal domain
DSRM_REH2	0.0013	0.0000	0.0132	0.0000	REH2 DRSM domain
Ret2_MD	0.0013	0.0000	0.0132	0.0000	RNA editing 3' terminal uridylyl transferase 2 middle domain
DUF3456	0.0013	0.0000	0.0132	0.0000	TLR4 regulator and MIR-interacting MSAP
DUF2779	0.0013	0.0000	0.0132	0.0000	Domain of unknown function (DUF2779)
LmjF365940-deam	0.0013	0.0000	0.0132	0.0000	LmjF365940 subfamily CDD/CDA-like deaminase
Glyco_transf_11	0.0013	0.0000	0.0132	0.0000	Glycosyl transferase family 11
MRP	0.0013	0.0000	0.0132	0.0000	Mitochondrial RNA binding protein MRP
BT1	0.0013	0.0000	0.0132	0.0000	BT1 family
Citrulline_exp	0.0013	0.0000	0.0132	0.0000	Probable citrulline exporter
MIX	0.0013	0.0000	0.0132	0.0000	Mitochondrial membrane-anchored proteins
TylF	0.0013	0.0000	0.0132	0.0000	Macrocin-O-methyltransferase (TylF)
Zn_ribbon_tTFIIB	0.0013	0.0000	0.0132	0.0000	Transcription factor IIB, zinc ribbon, Trypanosome
DUF1935	0.0013	0.0000	0.0132	0.0000	Domain of unknown function (DUF1935)
DUF4379	0.0013	0.0000	0.0132	0.0000	Probable Treble clef zinc finger domain
ApbE	0.0013	0.0000	0.0132	0.0000	ApbE family
DUF7623	0.0013	0.0000	0.0132	0.0000	Domain of unknown function (DUF7623)
Flagellar_rod	0.0013	0.0000	0.0132	0.0000	Paraflagellar rod protein
NTF2_5	0.0013	0.0000	0.0132	0.0000	NTF2-like domain
OB_MP81	0.0013	0.0000	0.0132	0.0000	MP81-like, OB fold domain
Sulfotransfer_4	0.0013	0.0000	0.0184	0.0000	Sulfotransferase domain
TFIIB_C_1	0.0013	0.0000	0.0132	0.0000	Transcription factor IIB C-terminal module 1
CFAP410_C	0.0013	0.0000	0.0132	0.0000	CFAP410 C-terminal domain
mS65	0.0013	0.0000	0.0132	0.0000	mS65 domain
CHAP	0.0013	0.0000	0.0132	0.0000	CHAP domain
PP_kinase_C	0.0011	0.0000	0.0006	0.5833	Polyphosphate kinase C-terminal domain 2
Det1	0.0011	0.0000	0.0006	0.5833	De-etiolated protein 1 Det1
DUF7035	0.0011	0.0000	0.0006	0.5833	Domain of unknown function (DUF7035)
AlyA	0.0011	0.0000	0.0006	0.5833	Lysozyme A
DUF7034	0.0011	0.0000	0.0006	0.5833	Domain of unknown function (DUF7034)
Vanin_C	0.0011	0.0000	0.0006	0.5833	Vanin C-terminal domain
DUF6748	0.0011	0.0000	0.0006	0.5833	Domain of unknown function (DUF6748)
DUF7949	0.0011	0.0000	0.0006	0.5833	Domain of unknown function (DUF7949)
FTCD	0.0011	0.0000	0.0006	0.5833	Formiminotransferase domain
PH_42	0.0011	0.0000	0.0006	0.5833	Dictyostelia PH domain-like
FNIP	0.0011	0.0000	0.0006	0.5833	FNIP Repeat
F_actin_bind	0.0011	0.0000	0.0006	0.5833	F-actin binding
FTCD_N	0.0011	0.0000	0.0006	0.5833	Formiminotransferase domain, N-terminal subdomain
FTCD_C	0.0011	0.0000	0.0006	0.5833	Formiminotransferase-cyclodeaminase
DdMyo7_FERM	0.0011	0.0000	0.0006	0.5833	DdMyo7 FERM domain
Leg1	0.0011	0.0000	0.0006	0.5833	Leg1
vWA_SIBA-E	0.0011	0.0000	0.0006	0.5833	Integrin beta-like protein A-E, vWA-like
zf-C2H2_15	0.0011	0.0000	0.0006	0.5833	C2H2 zinc finger
PP_kinase	0.0011	0.0000	0.0006	0.5833	Polyphosphate kinase middle domain
THAP4_heme-bd	0.0011	0.0000	0.0006	0.5833	THAP4-like, heme-binding beta-barrel domain
6TM_1st_PGAP2IP	0.0011	0.0000	0.0006	0.5833	PGAP2IP, first transmembrane domain
NAT	0.0011	0.0000	0.0006	0.5833	NAT, N-acetyltransferase, of N-acetylglutamate synthase
Ependymin_amoebozoa	0.0011	0.0000	0.0006	0.5833	Ependymin domain, amoebozoa
Endotoxin_N	0.0011	0.0000	0.0006	0.5833	delta endotoxin, N-terminal domain
ALMT	0.0011	0.0000	0.0006	0.5833	Aluminium activated malate transporter
PH_TFIIH	0.0011	0.0000	0.0006	0.5833	TFIIH p62 subunit, N-terminal domain
UBR4	0.0011	0.0000	0.0006	0.5833	E3 ubiquitin-protein ligase UBR4-like domain
MYRF_ICA	0.0011	0.0000	0.0006	0.5833	Myelin regulatory factor ICA domain
UnbV_ASPIC	0.0011	0.0000	0.0006	0.5833	ASPIC and UnbV
ArgJ	0.0011	0.0000	0.0006	0.5833	ArgJ family
PHDvar_NSD	0.0011	0.0000	0.0006	0.5833	Histone-lysine N-methyltransferase NSD-like, variant PHD zinc finger
DUF6081	0.0011	0.0000	0.0006	0.5833	Family of unknown function (DUF6081)
ForC_N	0.0011	0.0000	0.0006	0.5833	Formin C, N-terminal domain
DUF7743	0.0011	0.0000	0.0006	0.5833	Domain of unknown function (DUF7743)
UBA_DHX29	0.0011	0.0000	0.0006	0.5833	ATP-dependent RNA helicase DHX29, UBA domain
DD3_C	0.0011	0.0000	0.0006	0.5833	DD3-3 C-terminal transmembrane region
Fz_Smo_sans_CRD_N	0.0011	0.0000	0.0006	0.5833	Frizzled/Smoothened-like sans CRD N-terminal domain
LIM_bind	0.0011	0.0000	0.0006	0.5833	LIM-domain binding protein
UCP031277	0.0011	0.0000	0.0006	0.5833	Uncharacterised conserved protein UCP031277
DUF4210	0.0011	0.0000	0.0006	0.5833	Domain of unknown function (DUF4210)
DUF2043	0.0011	0.0000	0.0006	0.5833	Uncharacterized conserved protein (DUF2043)
DUF1365	0.0011	0.0000	0.0006	0.5833	Protein of unknown function (DUF1365)
FlK	0.0011	0.0000	0.0006	0.5833	Fluoroacetyl-CoA-specific thioesterase
DDB_G0285495_M	0.0011	0.0000	0.0006	0.5833	DDB_G0285495 middle domain
DDB_G0293016	0.0011	0.0000	0.0006	0.5833	Uncharacterised protein DDB_G0293016
Nucleolin_bd	0.0011	0.0000	0.0006	0.5833	Nucleolin binding domain
Ocnus	0.0011	0.0000	0.0006	0.5833	Janus/Ocnus family (Ocnus)
Nnf1	0.0011	0.0000	0.0006	0.5833	Nnf1
DDB_G0285495_C	0.0011	0.0000	0.0006	0.5833	DDB_G0285495 C-terminal domain
DDB_G0289901_N	0.0011	0.0000	0.0006	0.5833	DDB_G0289901 N-terminal domain
Chromosome_seg	0.0011	0.0000	0.0006	0.5833	Chromosome segregation during meiosis
SP85_N	0.0011	0.0000	0.0006	0.5833	SP85-like N-terminal domain
Cep192_D5	0.0011	0.0000	0.0006	0.5833	Cep192 domain 5
Cybc1_Eros	0.0011	0.0000	0.0006	0.5833	Cytochrome b-245 chaperone 1 / Eros
ComC_SSD	0.0011	0.0000	0.0006	0.5833	ComC, supersandwich domain
SLT	0.0011	0.0000	0.0006	0.5833	Transglycosylase SLT domain
ColD_2nd_Ig	0.0011	0.0000	0.0006	0.5833	Colossin-D second immunoglobulin-like domain
Coiled	0.0011	0.0000	0.0006	0.5833	Coiled coil
ChAPs	0.0011	0.0000	0.0006	0.5833	ChAPs (Chs5p-Arf1p-binding proteins)
PP_kinase_C_1	0.0011	0.0000	0.0006	0.5833	Polyphosphate kinase C-terminal domain 1
Piezo_TM1-24	0.0011	0.0000	0.0006	0.5833	Piezo TM1-24
Dicty_spore_N	0.0011	0.0000	0.0006	0.5833	Dictyostelium spore coat protein, N terminus
Peptidase_M66	0.0011	0.0000	0.0006	0.5833	Peptidase M66
Membrane_bind	0.0011	0.0000	0.0006	0.5833	Membrane binding
Dynein_IC2	0.0011	0.0000	0.0006	0.5833	Cytoplasmic dynein 1 intermediate chain 2
PP_kinase_N	0.0011	0.0000	0.0006	0.5833	Polyphosphate kinase N-terminal domain
Glyco_hydro_9	0.0011	0.0000	0.0006	0.5833	Glycosyl hydrolase family 9
ILEI	0.0011	0.0000	0.0006	0.5833	Interleukin-like EMT inducer
IML1_N	0.0011	0.0000	0.0006	0.5833	IML1 N-terminal double psi beta barrel domain
Semialdhyde_dhC_1	0.0011	0.0000	0.0006	0.5833	Semialdehyde dehydrogenase, dimerisation domain
Cortex-I_coil	0.0011	0.0000	0.0006	0.5833	Cortexillin coiled-coil region
TSP1_ADAMTS	0.0011	0.0000	0.0006	0.5833	Thrombospondin type 1 domain
Helical_RasGEFs	0.0011	0.0000	0.0006	0.5833	RasGEFs all helical domain
Lunapark_N	0.0011	0.0000	0.0006	0.5833	Lunapark N-terminal membrane domain
Sulfotransfer_2	0.0011	0.0000	0.0006	0.5833	Sulfotransferase family
Nse4-Nse3_bdg	0.0011	0.0000	0.0006	0.5833	Binding domain of Nse4/EID3 to Nse3-MAGE
TPR_RPAP1	0.0011	0.0000	0.0006	0.5833	RNA polymerase II-associated protein 1, TPR repeats
ShkE_N	0.0011	0.0000	0.0006	0.5833	ShkE, N-terminal domain
zf-C4H2	0.0011	0.0000	0.0006	0.5833	Zinc finger-containing protein
DUF4996	0.0005	0.0000	0.0008	0.0000	Domain of unknown function
DUF1861	0.0005	0.0000	0.0008	0.0000	Protein of unknown function (DUF1861)
DUF2871	0.0005	0.0000	0.0008	0.0000	Protein of unknown function (DUF2871)
3-PAP	0.0004	0.0000	0.0005	0.0000	Myotubularin-associated protein
